latitude,longitude,bright_ti4,scan,track,acq_date,acq_time,satellite,instrument,confidence,version,bright_ti5,frp,daynight,type
41.40449,-7.50605,295.16,0.34,0.56,2024-01-01,0140,N20,VIIRS,n,2,272.48,0.35,N,0
38.01472,-7.41553,354.3,0.33,0.55,2024-01-02,1244,N20,VIIRS,n,2,290.22,10.58,D,0
38.00985,-7.41353,328.89,0.33,0.55,2024-01-02,1244,N20,VIIRS,n,2,288.44,2.71,D,0
38.01191,-7.41025,345.93,0.33,0.55,2024-01-02,1244,N20,VIIRS,n,2,287.53,10.38,D,0
38.01099,-7.41392,352.85,0.33,0.55,2024-01-02,1244,N20,VIIRS,n,2,293.5,13.07,D,0
38.01566,-7.41189,327.8,0.33,0.55,2024-01-02,1244,N20,VIIRS,n,2,287.15,6.93,D,0
37.5617,-8.12146,341.77,0.42,0.45,2024-01-17,1302,N20,VIIRS,n,2,288.83,6.63,D,0
37.95552,-8.79599,301.15,0.53,0.5,2024-01-18,0303,N20,VIIRS,n,2,262.2,0.66,N,2
38.62959,-9.07852,314.36,0.39,0.36,2024-01-20,0225,N20,VIIRS,n,2,284.16,1.59,N,2
38.62969,-9.08146,295.6,0.32,0.55,2024-01-22,0147,N20,VIIRS,n,2,279.47,0.79,N,2
38.84112,-9.39754,344.2,0.33,0.56,2024-01-23,1250,N20,VIIRS,n,2,290.42,3.18,D,0
37.55595,-8.10835,334.85,0.61,0.54,2024-01-23,1250,N20,VIIRS,n,2,289.65,3.97,D,0
38.04154,-7.35799,337.33,0.55,0.51,2024-01-23,1250,N20,VIIRS,n,2,287.8,4.42,D,0
37.55876,-8.11471,326.37,0.6,0.7,2024-01-23,1431,N20,VIIRS,n,2,291.75,4.77,D,0
39.047,-7.86169,298.32,0.39,0.44,2024-01-24,0250,N20,VIIRS,n,2,281.92,0.19,N,0
38.63088,-9.07948,298.48,0.52,0.42,2024-01-24,0250,N20,VIIRS,n,2,284.82,0.74,N,2
37.56429,-8.11697,302.73,0.4,0.44,2024-01-24,0250,N20,VIIRS,n,2,280.13,0.76,N,0
37.55444,-8.11087,299.04,0.4,0.45,2024-01-24,0250,N20,VIIRS,n,2,280.85,0.42,N,0
38.58968,-7.77282,325.93,0.49,0.65,2024-01-24,1232,N20,VIIRS,n,2,290.95,2.02,D,0
37.9585,-8.80369,299.57,0.39,0.36,2024-01-25,0232,N20,VIIRS,n,2,287.31,1.04,N,2
40.83211,-8.27459,338.26,0.39,0.44,2024-01-25,1354,N20,VIIRS,n,2,282.1,5.4,D,0
40.83652,-8.27135,331.64,0.39,0.44,2024-01-25,1354,N20,VIIRS,n,2,278.76,3.79,D,0
41.9763,-8.29698,302.2,0.47,0.4,2024-01-26,0212,N20,VIIRS,n,2,262.92,0.61,N,0
41.01143,-8.11286,325.53,0.4,0.37,2024-01-26,1335,N20,VIIRS,n,2,289.49,2.71,D,0
41.00869,-8.10747,334.03,0.4,0.37,2024-01-26,1335,N20,VIIRS,n,2,290.02,3.19,D,0
40.88276,-8.23561,329.84,0.4,0.37,2024-01-26,1335,N20,VIIRS,n,2,287.09,12.04,D,0
40.45769,-7.52153,356.13,0.35,0.57,2024-01-29,1238,N20,VIIRS,l,2,286.23,6.01,D,0
40.45243,-7.52038,338,0.35,0.57,2024-01-29,1238,N20,VIIRS,n,2,284.97,6.01,D,0
40.4556,-7.52255,352.5,0.35,0.57,2024-01-29,1238,N20,VIIRS,n,2,291.87,14.1,D,0
40.45651,-7.51909,333.15,0.35,0.57,2024-01-29,1238,N20,VIIRS,n,2,283.16,9.55,D,0
40.45677,-7.52495,326.69,0.35,0.57,2024-01-29,1238,N20,VIIRS,n,2,284.43,6.01,D,0
41.02297,-8.11288,354,0.43,0.62,2024-01-29,1419,N20,VIIRS,n,2,285.22,6.79,D,0
40.8588,-8.2557,350.26,0.42,0.61,2024-01-29,1419,N20,VIIRS,n,2,281.63,6,D,0
42.03162,-8.24531,332.2,0.4,0.37,2024-01-30,0237,N20,VIIRS,n,2,279.92,3.99,N,0
42.03571,-8.24875,326.62,0.4,0.37,2024-01-30,0237,N20,VIIRS,n,2,279.86,2.39,N,0
41.59017,-8.17587,308.81,0.4,0.37,2024-01-30,0237,N20,VIIRS,n,2,281.49,1.02,N,0
38.62646,-9.08038,296.17,0.41,0.37,2024-01-30,0238,N20,VIIRS,n,2,279.79,0.62,N,2
38.62981,-9.07941,299.5,0.41,0.37,2024-01-30,0238,N20,VIIRS,n,2,281.33,0.62,N,2
40.97924,-8.03202,342.79,0.62,0.71,2024-01-30,1220,N20,VIIRS,n,2,277.26,6.29,D,0
41.00442,-8.08792,325.49,0.62,0.71,2024-01-30,1220,N20,VIIRS,n,2,281.99,5.28,D,0
41.00602,-8.08394,338.28,0.62,0.71,2024-01-30,1220,N20,VIIRS,n,2,282.01,8.4,D,0
40.04558,-8.2702,338.05,0.68,0.74,2024-01-30,1220,N20,VIIRS,n,2,278.45,9.17,D,0
40.04253,-8.2681,329.93,0.68,0.74,2024-01-30,1220,N20,VIIRS,n,2,277.4,5.77,D,0
40.97509,-8.02917,338.27,0.48,0.48,2024-01-30,1400,N20,VIIRS,n,2,282.41,7.15,D,0
40.97461,-8.03541,329.37,0.48,0.48,2024-01-30,1400,N20,VIIRS,n,2,284.15,7.15,D,0
40.97613,-8.03382,337.66,0.48,0.48,2024-01-30,1400,N20,VIIRS,n,2,285.18,7.44,D,0
41.01329,-8.09905,303.28,0.41,0.37,2024-01-31,0218,N20,VIIRS,n,2,260.85,0.56,N,0
41.71073,-8.23684,315.27,0.42,0.37,2024-01-31,0218,N20,VIIRS,n,2,263.06,1.21,N,0
37.95927,-8.80337,295.92,0.41,0.37,2024-01-31,0219,N20,VIIRS,n,2,284.15,0.52,N,2
41.80791,-8.73488,332.26,0.43,0.38,2024-01-31,1341,N20,VIIRS,n,2,291.21,6.39,D,0
41.85992,-8.57544,346.77,0.44,0.38,2024-01-31,1341,N20,VIIRS,n,2,294.17,10.6,D,0
40.04158,-8.27486,334.27,0.43,0.38,2024-01-31,1341,N20,VIIRS,n,2,298.38,13.73,D,0
41.01147,-8.09205,325.02,0.44,0.39,2024-01-31,1341,N20,VIIRS,n,2,289.83,2.16,D,0
41.62108,-8.25873,333.86,0.44,0.39,2024-01-31,1341,N20,VIIRS,n,2,292.72,4.54,D,0
41.80729,-8.73985,328.98,0.43,0.38,2024-01-31,1341,N20,VIIRS,n,2,293.08,5.25,D,0
41.79963,-8.71594,299.35,0.45,0.47,2024-02-01,0159,N20,VIIRS,n,2,281.46,0.64,N,0
41.00041,-8.10115,298.5,0.42,0.45,2024-02-01,0159,N20,VIIRS,n,2,280.82,0.54,N,0
41.8039,-8.71466,313.64,0.45,0.47,2024-02-01,0159,N20,VIIRS,n,2,280.51,1.79,N,0
41.80338,-8.70864,317.39,0.45,0.47,2024-02-01,0159,N20,VIIRS,n,2,280.41,1.79,N,0
41.80445,-8.72102,319.67,0.45,0.47,2024-02-01,0159,N20,VIIRS,n,2,281.9,2.32,N,0
42.06619,-8.20805,346.05,0.43,0.46,2024-02-01,0159,N20,VIIRS,n,2,280.21,7.64,N,0
40.29081,-8.42124,298.3,0.42,0.45,2024-02-01,0200,N20,VIIRS,n,2,281.86,0.72,N,2
42.0598,-8.20677,313.4,0.65,0.73,2024-02-01,0339,N20,VIIRS,n,2,267.35,3.58,N,0
41.80196,-8.71687,347.4,0.63,0.72,2024-02-01,0339,N20,VIIRS,n,2,276.28,8.09,N,0
41.80322,-8.72165,309.26,0.63,0.72,2024-02-01,0339,N20,VIIRS,n,2,274.55,5.05,N,0
42.06239,-8.21454,312.08,0.65,0.73,2024-02-01,0339,N20,VIIRS,n,2,266.41,3.45,N,0
41.8014,-8.71613,342.29,0.63,0.72,2024-02-01,0339,N20,VIIRS,n,2,276.71,5.05,N,0
41.79501,-8.71778,303.82,0.63,0.72,2024-02-01,0339,N20,VIIRS,n,2,275.95,1.56,N,0
42.06848,-8.21071,300.81,0.65,0.73,2024-02-01,0339,N20,VIIRS,n,2,265.37,1.49,N,0
38.0106,-8.4346,327.6,0.41,0.37,2024-02-01,1321,N20,VIIRS,n,2,291.41,2.19,D,0
37.67706,-8.19466,327.16,0.41,0.37,2024-02-01,1321,N20,VIIRS,n,2,291.13,1.26,D,0
41.69404,-8.26609,332.59,0.39,0.36,2024-02-01,1322,N20,VIIRS,n,2,289.87,8.54,D,0
38.51002,-7.89685,335.57,0.4,0.37,2024-02-01,1322,N20,VIIRS,n,2,290.48,6.42,D,0
38.51334,-7.89774,336.96,0.4,0.37,2024-02-01,1322,N20,VIIRS,n,2,296.55,44.41,D,0
39.50919,-8.83272,329.8,0.41,0.37,2024-02-01,1322,N20,VIIRS,n,2,291.84,1.39,D,0
40.84734,-8.27593,328.98,0.39,0.36,2024-02-01,1322,N20,VIIRS,n,2,286.6,10.11,D,0
38.51731,-7.83301,336.04,0.4,0.37,2024-02-01,1322,N20,VIIRS,n,2,291.78,2.89,D,0
41.29905,-7.91538,345.23,0.39,0.36,2024-02-01,1322,N20,VIIRS,n,2,288.22,8.65,D,0
41.29832,-7.91992,340.8,0.39,0.36,2024-02-01,1322,N20,VIIRS,n,2,291.93,12.59,D,0
41.30739,-7.92746,332.14,0.39,0.36,2024-02-01,1322,N20,VIIRS,n,2,288.52,14.45,D,0
41.31065,-7.92847,351.35,0.39,0.36,2024-02-01,1322,N20,VIIRS,n,2,297.95,14.45,D,0
41.30991,-7.93307,326.5,0.39,0.36,2024-02-01,1322,N20,VIIRS,n,2,288.7,3.83,D,0
41.40861,-7.76371,333.66,0.39,0.36,2024-02-01,1322,N20,VIIRS,n,2,288.53,6.67,D,0
41.40789,-7.76826,331.81,0.39,0.36,2024-02-01,1322,N20,VIIRS,n,2,290.41,10.92,D,0
41.41115,-7.76919,337.01,0.39,0.36,2024-02-01,1322,N20,VIIRS,n,2,290.75,10.92,D,0
41.54647,-7.64841,330.12,0.38,0.36,2024-02-01,1322,N20,VIIRS,n,2,287.65,2.6,D,0
41.69076,-8.26518,339.86,0.39,0.36,2024-02-01,1322,N20,VIIRS,n,2,292.97,8.54,D,0
41.74205,-8.32702,329.47,0.39,0.36,2024-02-01,1322,N20,VIIRS,n,2,292.52,5.71,D,0
41.84691,-8.52444,329.89,0.39,0.36,2024-02-01,1323,N20,VIIRS,n,2,285.58,2.19,D,0
41.01162,-8.08803,301.82,0.37,0.58,2024-02-02,0140,N20,VIIRS,n,2,275.5,0.51,N,0
41.01676,-8.08391,296.89,0.37,0.58,2024-02-02,0140,N20,VIIRS,n,2,276.05,0.54,N,0
41.01472,-8.0865,315.63,0.37,0.58,2024-02-02,0140,N20,VIIRS,n,2,276.2,1.32,N,0
41.66714,-8.19627,304.98,0.38,0.58,2024-02-02,0140,N20,VIIRS,n,2,281.02,1.43,N,0
41.75572,-8.33626,308.88,0.38,0.59,2024-02-02,0140,N20,VIIRS,n,2,279.49,0.92,N,0
41.75708,-8.33808,303.66,0.38,0.59,2024-02-02,0140,N20,VIIRS,n,2,279.98,0.99,N,0
41.77193,-8.30423,311.63,0.38,0.59,2024-02-02,0140,N20,VIIRS,n,2,278.18,1.13,N,0
41.88175,-7.74176,295.83,0.36,0.57,2024-02-02,0140,N20,VIIRS,n,2,275.17,0.32,N,0
37.9547,-8.80074,297.23,0.38,0.58,2024-02-02,0141,N20,VIIRS,n,2,281.81,0.84,N,2
41.66299,-8.19708,303.59,0.4,0.6,2024-02-02,0321,N20,VIIRS,n,2,276.9,1.16,N,0
41.87259,-7.7574,296.24,0.41,0.61,2024-02-02,0321,N20,VIIRS,n,2,275.64,0.66,N,0
41.01371,-8.08448,313.11,0.42,0.61,2024-02-02,0321,N20,VIIRS,n,2,275.3,2.05,N,0
41.66098,-8.19567,308.21,0.4,0.6,2024-02-02,0321,N20,VIIRS,n,2,277.74,1.12,N,0
41.70487,-8.28974,295.23,0.39,0.6,2024-02-02,0321,N20,VIIRS,n,2,278.52,0.4,N,0
41.70198,-8.29235,304.29,0.39,0.59,2024-02-02,0321,N20,VIIRS,n,2,279.02,0.72,N,0
41.74942,-8.3355,299.52,0.39,0.59,2024-02-02,0321,N20,VIIRS,n,2,279.97,2.15,N,0
41.75083,-8.34053,304.91,0.39,0.59,2024-02-02,0321,N20,VIIRS,n,2,278.7,2.15,N,0
41.75496,-8.33439,346.88,0.39,0.59,2024-02-02,0321,N20,VIIRS,n,2,281.24,2.15,N,0
40.97298,-7.9704,347.37,0.53,0.42,2024-02-02,1303,N20,VIIRS,n,2,291.56,34.27,D,0
40.96793,-7.97538,350.46,0.53,0.42,2024-02-02,1303,N20,VIIRS,n,2,299.5,49.87,D,0
40.96919,-7.96932,330.75,0.53,0.42,2024-02-02,1303,N20,VIIRS,n,2,289.1,5.8,D,0
40.9641,-7.97446,330.23,0.53,0.42,2024-02-02,1303,N20,VIIRS,n,2,287.96,49.87,D,0
40.96974,-7.9745,337.93,0.53,0.42,2024-02-02,1303,N20,VIIRS,n,2,297.04,22.49,D,0
40.97097,-7.96846,345.6,0.53,0.42,2024-02-02,1303,N20,VIIRS,n,2,289.68,22.49,D,0
40.9647,-7.97958,341.39,0.53,0.42,2024-02-02,1303,N20,VIIRS,n,2,295.12,34.12,D,0
40.96592,-7.97356,340.15,0.53,0.42,2024-02-02,1303,N20,VIIRS,n,2,288.45,22.49,D,0
40.96086,-7.97874,329.14,0.53,0.42,2024-02-02,1303,N20,VIIRS,n,2,288.23,3.39,D,0
41.83282,-7.93388,336.31,0.51,0.41,2024-02-02,1304,N20,VIIRS,n,2,287.36,3.58,D,0
41.67648,-8.00136,334.1,0.52,0.41,2024-02-02,1304,N20,VIIRS,n,2,286.17,8.03,D,0
41.68663,-8.29696,331.45,0.53,0.42,2024-02-02,1304,N20,VIIRS,n,2,291.37,5.18,D,0
41.83416,-7.986,328.3,0.51,0.41,2024-02-02,1304,N20,VIIRS,n,2,290.02,3.03,D,0
41.8586,-7.94286,344.89,0.51,0.41,2024-02-02,1304,N20,VIIRS,n,2,292.06,10.22,D,0
41.85867,-7.94458,334.14,0.51,0.41,2024-02-02,1304,N20,VIIRS,n,2,289.74,5.77,D,0
41.80136,-8.7074,345.12,0.55,0.43,2024-02-02,1304,N20,VIIRS,n,2,292.04,11.37,D,0
41.80172,-8.70922,328.67,0.55,0.43,2024-02-02,1304,N20,VIIRS,n,2,288.86,2.55,D,0
42.01327,-8.32903,343.76,0.53,0.42,2024-02-02,1304,N20,VIIRS,n,2,292.06,8.54,D,0
40.96279,-8.04482,325.51,0.49,0.49,2024-02-03,0302,N20,VIIRS,n,2,278.48,3.68,N,0
41.70484,-8.28287,301.11,0.46,0.47,2024-02-03,0302,N20,VIIRS,n,2,281.31,1.87,N,0
41.70379,-8.27835,298.13,0.46,0.47,2024-02-03,0302,N20,VIIRS,n,2,280.98,1.62,N,0
41.7007,-8.28468,335.6,0.46,0.47,2024-02-03,0302,N20,VIIRS,n,2,282.53,1.87,N,0
41.69965,-8.2802,307.9,0.46,0.47,2024-02-03,0302,N20,VIIRS,n,2,281.22,1.62,N,0
40.99653,-7.99242,307.74,0.49,0.49,2024-02-03,0302,N20,VIIRS,n,2,275.37,1.41,N,0
40.99654,-7.98846,309.77,0.49,0.49,2024-02-03,0302,N20,VIIRS,n,2,275.27,0.77,N,0
41.80282,-7.79509,353.25,0.56,0.51,2024-02-03,1245,N20,VIIRS,n,2,294.67,29.67,D,0
40.99339,-7.98394,327.63,0.6,0.53,2024-02-03,1245,N20,VIIRS,n,2,286.57,6.89,D,0
40.99794,-7.98636,338.97,0.6,0.53,2024-02-03,1245,N20,VIIRS,n,2,285.94,6.89,D,0
41.79813,-7.79381,339.23,0.56,0.51,2024-02-03,1245,N20,VIIRS,n,2,289.68,29.67,D,0
41.80129,-7.80122,333.08,0.56,0.51,2024-02-03,1245,N20,VIIRS,n,2,290.43,24.76,D,0
40.99822,-7.98848,329.19,0.53,0.67,2024-02-03,1425,N20,VIIRS,n,2,285.45,3.98,D,0
40.99368,-7.98546,347.03,0.53,0.67,2024-02-03,1425,N20,VIIRS,n,2,287.74,9.64,D,0
42.01863,-8.13305,337.56,0.52,0.67,2024-02-03,1426,N20,VIIRS,n,2,288.85,3.65,D,0
39.24303,-7.83749,326.95,0.38,0.36,2024-02-06,1328,N20,VIIRS,n,2,289.82,1.77,D,0
37.15014,-8.70902,339.62,0.39,0.36,2024-02-06,1328,N20,VIIRS,n,2,293.41,7.55,D,0
37.65605,-8.19902,340.25,0.39,0.36,2024-02-06,1328,N20,VIIRS,n,2,293.1,3.56,D,0
37.6633,-8.19634,342.36,0.39,0.36,2024-02-06,1328,N20,VIIRS,n,2,293.3,2.59,D,0
37.67055,-8.19366,342.53,0.39,0.36,2024-02-06,1328,N20,VIIRS,n,2,292.86,3.83,D,0
37.81347,-8.26022,336.88,0.39,0.36,2024-02-06,1328,N20,VIIRS,n,2,292.15,2.2,D,0
40.45134,-7.51395,351.18,0.39,0.36,2024-02-06,1328,N20,VIIRS,n,2,320.61,104.9,D,0
41.18366,-8.22916,328.86,0.38,0.36,2024-02-06,1329,N20,VIIRS,n,2,290.44,6.39,D,0
41.86993,-7.93725,331.32,0.39,0.36,2024-02-06,1329,N20,VIIRS,n,2,292.79,8.79,D,0
41.8706,-7.93263,343.62,0.39,0.36,2024-02-06,1329,N20,VIIRS,n,2,292.25,8.79,D,0
41.74348,-8.17377,330.19,0.39,0.36,2024-02-06,1329,N20,VIIRS,n,2,288.49,7.86,D,0
41.40903,-7.75945,328.59,0.39,0.36,2024-02-06,1329,N20,VIIRS,n,2,286.3,4.24,D,0
41.29108,-7.9391,343.23,0.39,0.36,2024-02-06,1329,N20,VIIRS,n,2,290.24,17.76,D,0
41.28779,-7.93828,329.55,0.39,0.36,2024-02-06,1329,N20,VIIRS,n,2,296.03,17.76,D,0
41.18298,-8.2337,345.28,0.38,0.36,2024-02-06,1329,N20,VIIRS,n,2,293.85,6.39,D,0
41.00966,-8.09354,332.55,0.39,0.36,2024-02-06,1329,N20,VIIRS,n,2,291.82,3.85,D,0
40.97724,-7.9678,344.1,0.39,0.36,2024-02-06,1329,N20,VIIRS,n,2,288.67,7.2,D,0
40.97396,-7.96696,329.6,0.39,0.36,2024-02-06,1329,N20,VIIRS,n,2,286.59,3.42,D,0
40.94915,-7.92732,327.04,0.39,0.36,2024-02-06,1329,N20,VIIRS,n,2,288.44,3.91,D,0
40.91199,-8.08678,333.5,0.39,0.36,2024-02-06,1329,N20,VIIRS,n,2,294.93,9.78,D,0
39.54107,-7.68795,339.42,0.42,0.38,2024-02-12,1316,N20,VIIRS,n,2,292.89,3.41,D,0
40.28807,-8.42037,302.52,0.41,0.37,2024-02-15,0237,N20,VIIRS,n,2,285.61,0.79,N,2
37.95395,-8.79647,297,0.42,0.38,2024-02-15,0238,N20,VIIRS,n,2,271.17,0.54,N,2
40.28939,-8.41949,295.91,0.42,0.45,2024-02-17,0200,N20,VIIRS,n,2,281.29,0.59,N,2
38.63238,-9.08027,298.77,0.44,0.46,2024-02-17,0200,N20,VIIRS,n,2,282.84,0.79,N,2
39.20323,-8.81423,340.96,0.41,0.37,2024-02-17,1322,N20,VIIRS,n,2,295.89,4.39,D,0
38.05909,-8.04151,337.21,0.4,0.37,2024-02-17,1322,N20,VIIRS,n,2,292.11,2.56,D,0
38.5373,-7.92866,327.33,0.4,0.37,2024-02-17,1322,N20,VIIRS,n,2,289.54,2.17,D,0
39.20904,-8.80121,338.75,0.41,0.37,2024-02-17,1322,N20,VIIRS,n,2,294.81,3.11,D,0
39.21331,-8.81713,337.79,0.41,0.37,2024-02-17,1322,N20,VIIRS,n,2,294.29,2.21,D,0
39.35746,-8.66056,343.02,0.41,0.37,2024-02-17,1322,N20,VIIRS,n,2,292.69,2.66,D,0
39.53276,-7.67982,346.93,0.39,0.36,2024-02-17,1322,N20,VIIRS,n,2,291.09,6.76,D,0
39.53679,-7.67623,356.08,0.39,0.36,2024-02-17,1322,N20,VIIRS,l,2,292.89,8.35,D,0
39.56022,-8.40191,335.69,0.4,0.37,2024-02-17,1322,N20,VIIRS,n,2,290.6,2.49,D,0
40.29,-8.42111,296.77,0.42,0.61,2024-02-18,0321,N20,VIIRS,n,2,278.02,0.72,N,2
38.13736,-7.4991,326.68,0.33,0.56,2024-02-19,1244,N20,VIIRS,n,2,291.52,2.17,D,0
40.28909,-8.42212,300.09,0.45,0.39,2024-02-20,0244,N20,VIIRS,n,2,284.99,0.4,N,2
38.62999,-9.07756,297.45,0.45,0.39,2024-02-20,0244,N20,VIIRS,n,2,284.91,0.52,N,2
40.28901,-8.41786,295.36,0.39,0.36,2024-02-21,0225,N20,VIIRS,n,2,281.42,0.77,N,2
39.04254,-9.23446,331.86,0.44,0.38,2024-02-21,1347,N20,VIIRS,n,2,268.99,3.44,D,0
38.49055,-28.51237,298.34,0.38,0.36,2024-02-22,0348,N20,VIIRS,n,2,283.24,0.75,N,0
38.63008,-9.07806,298.68,0.32,0.55,2024-02-23,0148,N20,VIIRS,n,2,283.54,0.38,N,2
37.54293,-8.77953,325.86,0.57,0.43,2024-02-23,1309,N20,VIIRS,n,2,281.76,3.1,D,0
37.95867,-8.80755,296.66,0.45,0.39,2024-02-27,0213,N20,VIIRS,n,2,279.19,0.36,N,0
37.95383,-8.79801,329.55,0.45,0.39,2024-02-27,0213,N20,VIIRS,n,2,283.35,4.19,N,2
37.9552,-8.80183,319.49,0.5,0.49,2024-02-28,0154,N20,VIIRS,n,2,282.67,2.14,N,2
37.9543,-8.79694,303.55,0.68,0.74,2024-02-28,0334,N20,VIIRS,n,2,278.39,1.99,N,2
37.95153,-8.79736,301.2,0.68,0.74,2024-02-28,0334,N20,VIIRS,n,2,278.29,1.94,N,2
41.34114,-6.55864,347.01,0.39,0.36,2024-02-28,1316,N20,VIIRS,n,2,289.23,10.08,D,0
41.5521,-7.97852,329.65,0.41,0.37,2024-02-28,1316,N20,VIIRS,n,2,287.52,4.55,D,0
41.3404,-6.56322,344.25,0.39,0.36,2024-02-28,1316,N20,VIIRS,n,2,289.35,10.08,D,0
37.95581,-8.80356,324.83,0.46,0.64,2024-02-29,0135,N20,VIIRS,n,2,282.85,3.12,N,0
37.95724,-8.84659,300.21,0.44,0.46,2024-03-01,0257,N20,VIIRS,n,2,279.47,0.88,N,0
37.95667,-8.80494,297.85,0.44,0.46,2024-03-01,0257,N20,VIIRS,n,2,281.38,1.44,N,2
37.95558,-8.80014,298.82,0.44,0.46,2024-03-01,0257,N20,VIIRS,n,2,281.48,1.33,N,2
37.95477,-8.79798,296.04,0.44,0.46,2024-03-01,0257,N20,VIIRS,n,2,278.9,1.08,N,2
37.96132,-8.84783,296.09,0.44,0.46,2024-03-01,0257,N20,VIIRS,n,2,279.59,0.81,N,0
37.22487,-7.53121,327.92,0.43,0.62,2024-03-01,1418,N20,VIIRS,n,2,291.46,2.83,D,0
40.28951,-8.41765,297.44,0.41,0.37,2024-03-02,0237,N20,VIIRS,n,2,281.7,0.74,N,2
37.45329,-7.66468,335.27,0.4,0.37,2024-03-04,1321,N20,VIIRS,n,2,288.51,7.8,D,0
40.28898,-8.42155,295.11,0.38,0.58,2024-03-05,0141,N20,VIIRS,n,2,278.78,0.43,N,2
38.63002,-9.07846,295.21,0.4,0.6,2024-03-05,0141,N20,VIIRS,n,2,282.53,0.82,N,2
38.26503,-8.6924,341.19,0.47,0.64,2024-03-05,0322,N20,VIIRS,n,2,277.2,4.86,N,0
38.26358,-8.68733,296.87,0.47,0.64,2024-03-05,0322,N20,VIIRS,n,2,276.53,3.32,N,0
38.62948,-9.07821,302.02,0.32,0.55,2024-03-10,0147,N20,VIIRS,n,2,282.06,0.53,N,2
38.63113,-9.0772,297.3,0.39,0.36,2024-03-13,0231,N20,VIIRS,n,2,282.39,0.8,N,2
41.08087,-8.43916,339.46,0.39,0.44,2024-03-13,1354,N20,VIIRS,n,2,294.68,10.56,D,0
37.67572,-7.55381,332.47,0.39,0.37,2024-03-14,1334,N20,VIIRS,n,2,295.68,3.41,D,0
41.3132,-7.82677,346.16,0.41,0.45,2024-03-16,1257,N20,VIIRS,n,2,285.55,11.89,D,0
40.29036,-8.42041,295.31,0.41,0.37,2024-03-18,0237,N20,VIIRS,n,2,279.92,0.59,N,2
39.10966,-9.27043,334.31,0.4,0.44,2024-03-18,1400,N20,VIIRS,n,2,295.34,3.81,D,0
39.11012,-9.26587,339.16,0.4,0.44,2024-03-18,1400,N20,VIIRS,n,2,294.17,3.81,D,0
39.68741,-8.90808,298.32,0.42,0.38,2024-03-19,0219,N20,VIIRS,n,2,285.38,0.93,N,2
37.95593,-8.80166,296.65,0.42,0.45,2024-03-20,0200,N20,VIIRS,n,2,286.24,0.75,N,2
40.18951,-7.45103,338.17,0.39,0.36,2024-03-20,1322,N20,VIIRS,n,2,293.79,2.58,D,0
40.19576,-7.4761,342.65,0.39,0.36,2024-03-20,1322,N20,VIIRS,n,2,298.18,5.42,D,0
40.19104,-7.48421,343.33,0.39,0.36,2024-03-20,1322,N20,VIIRS,n,2,297.34,4.02,D,0
40.18848,-7.47884,343.73,0.39,0.36,2024-03-20,1322,N20,VIIRS,n,2,297.83,3.86,D,0
40.19432,-7.4851,334.09,0.39,0.36,2024-03-20,1322,N20,VIIRS,n,2,296.21,3.38,D,0
40.19248,-7.47522,348.06,0.39,0.36,2024-03-20,1322,N20,VIIRS,n,2,296.33,3.86,D,0
40.19176,-7.47972,349.14,0.39,0.36,2024-03-20,1322,N20,VIIRS,n,2,297.64,3.86,D,0
40.1892,-7.47435,342.39,0.39,0.36,2024-03-20,1322,N20,VIIRS,n,2,298.17,3.86,D,0
41.90319,-8.44629,337.1,0.39,0.36,2024-03-20,1322,N20,VIIRS,n,2,291.89,2.83,D,0
41.89991,-8.44533,330.48,0.39,0.36,2024-03-20,1322,N20,VIIRS,n,2,293.08,2.83,D,0
41.89663,-8.44438,339.08,0.39,0.36,2024-03-20,1322,N20,VIIRS,n,2,295.15,5.34,D,0
40.19831,-7.48147,335.74,0.39,0.36,2024-03-20,1322,N20,VIIRS,n,2,298.16,5.42,D,0
40.19904,-7.47697,344.23,0.39,0.36,2024-03-20,1322,N20,VIIRS,n,2,297.8,5.42,D,0
40.28741,-8.4216,299.75,0.41,0.61,2024-03-21,0320,N20,VIIRS,n,2,281.29,0.8,N,0
41.30793,-8.31738,302.23,0.72,0.76,2024-03-22,0119,N20,VIIRS,n,2,286.75,1.7,N,0
41.31268,-8.32194,304.54,0.73,0.76,2024-03-22,0119,N20,VIIRS,n,2,286.73,1.16,N,0
41.74349,-7.95585,355.37,0.44,0.46,2024-03-22,0259,N20,VIIRS,n,2,287.76,12.3,N,0
41.70334,-8.50045,328,0.42,0.45,2024-03-22,0259,N20,VIIRS,n,2,288.79,2.24,N,0
41.70135,-8.50289,298.63,0.42,0.45,2024-03-22,0300,N20,VIIRS,n,2,288.15,1.16,N,0
41.70438,-8.4969,303.99,0.42,0.45,2024-03-22,0300,N20,VIIRS,n,2,288.44,1.31,N,0
41.70023,-8.49782,316.99,0.42,0.45,2024-03-22,0300,N20,VIIRS,n,2,287.9,1.16,N,0
41.73742,-7.95572,340.85,0.32,0.55,2024-03-22,1242,N20,VIIRS,n,2,296.14,7.03,D,0
41.43631,-7.80773,367,0.32,0.55,2024-03-22,1242,N20,VIIRS,h,2,294.32,8.05,D,0
41.52468,-8.08742,340.28,0.33,0.55,2024-03-22,1242,N20,VIIRS,n,2,295.44,4.68,D,0
41.36171,-7.82299,367,0.32,0.55,2024-03-22,1242,N20,VIIRS,h,2,294.04,7.23,D,0
41.17068,-7.97921,367,0.33,0.55,2024-03-22,1242,N20,VIIRS,h,2,291.37,5.47,D,0
41.7385,-7.95155,367,0.32,0.55,2024-03-22,1242,N20,VIIRS,h,2,300.74,7.03,D,0
41.73402,-7.95045,346.43,0.49,0.65,2024-03-22,1422,N20,VIIRS,n,2,297.23,9.64,D,0
41.54279,-7.52012,337.32,0.51,0.66,2024-03-22,1422,N20,VIIRS,n,2,289.24,6.23,D,0
41.73999,-7.95056,346.52,0.49,0.65,2024-03-22,1422,N20,VIIRS,n,2,300.97,9.64,D,0
41.74015,-7.94505,353.33,0.49,0.65,2024-03-22,1422,N20,VIIRS,n,2,294.58,12.14,D,0
41.90573,-8.48282,312.19,0.4,0.37,2024-03-23,0239,N20,VIIRS,n,2,272.23,1.46,N,0
41.71526,-8.23371,295.58,0.41,0.37,2024-03-23,0239,N20,VIIRS,n,2,271.46,0.74,N,0
40.28944,-8.41938,302.5,0.42,0.38,2024-03-23,0239,N20,VIIRS,n,2,287.56,0.75,N,2
40.97967,-8.1148,330.21,0.42,0.38,2024-03-23,0239,N20,VIIRS,n,2,286.3,8.46,N,0
40.98392,-8.11847,303.54,0.42,0.38,2024-03-23,0239,N20,VIIRS,n,2,284.78,8.46,N,0
40.98221,-8.1091,328.93,0.42,0.38,2024-03-23,0239,N20,VIIRS,n,2,285.78,4.4,N,0
40.98306,-8.11373,355.21,0.42,0.38,2024-03-23,0239,N20,VIIRS,n,2,293.88,8.46,N,0
40.98644,-8.11266,305.31,0.42,0.38,2024-03-23,0239,N20,VIIRS,n,2,284.66,1.04,N,0
41.58422,-7.96118,314.47,0.42,0.38,2024-03-23,0239,N20,VIIRS,n,2,266.66,1.36,N,0
41.58761,-7.9602,311.02,0.42,0.38,2024-03-23,0239,N20,VIIRS,n,2,266.19,1.36,N,0
41.71434,-8.22857,305.15,0.41,0.37,2024-03-23,0239,N20,VIIRS,n,2,272.8,0.74,N,0
41.93071,-8.48512,311.6,0.4,0.37,2024-03-23,0239,N20,VIIRS,n,2,271.35,1.22,N,0
41.92982,-8.48013,312.81,0.4,0.37,2024-03-23,0239,N20,VIIRS,n,2,270.68,1.22,N,0
41.92741,-8.4863,309.54,0.4,0.37,2024-03-23,0239,N20,VIIRS,n,2,271.73,1.22,N,0
41.9024,-8.48387,328.05,0.4,0.37,2024-03-23,0239,N20,VIIRS,n,2,273.52,2.71,N,0
41.57498,-8.20823,335.87,0.5,0.49,2024-03-23,1402,N20,VIIRS,n,2,297.55,6.71,D,0
42.05794,-8.19864,333.37,0.42,0.37,2024-03-24,0218,N20,VIIRS,n,2,285.86,8.85,N,0
41.70337,-8.2681,295.01,0.42,0.37,2024-03-24,0218,N20,VIIRS,n,2,282.88,0.34,N,0
41.54094,-8.0976,340.1,0.41,0.37,2024-03-24,0219,N20,VIIRS,n,2,286.62,5.05,N,0
41.53754,-8.09834,331.74,0.41,0.37,2024-03-24,0219,N20,VIIRS,n,2,284.35,2.52,N,0
40.61917,-8.73766,329.55,0.42,0.38,2024-03-24,0219,N20,VIIRS,n,2,285.13,2.83,N,3
41.37143,-7.83011,295.31,0.4,0.37,2024-03-24,0219,N20,VIIRS,n,2,281.14,0.44,N,0
41.3748,-7.82937,308.4,0.4,0.37,2024-03-24,0219,N20,VIIRS,n,2,281.58,0.68,N,0
41.5747,-8.21772,335.12,0.41,0.37,2024-03-24,0219,N20,VIIRS,n,2,292.21,9.86,N,0
41.01894,-8.15676,335.47,0.44,0.38,2024-03-24,1341,N20,VIIRS,n,2,298.62,2.89,D,0
41.40373,-8.07486,351.01,0.44,0.39,2024-03-24,1341,N20,VIIRS,n,2,298.98,9.17,D,0
41.40722,-8.0756,328.09,0.44,0.39,2024-03-24,1341,N20,VIIRS,n,2,295.42,2.29,D,0
41.76936,-8.25277,304.88,0.64,0.72,2024-03-25,0338,N20,VIIRS,n,2,260.63,1.62,N,0
39.68567,-8.90837,295.98,0.39,0.44,2024-04-01,0256,N20,VIIRS,n,2,280.14,0.71,N,2
38.62971,-9.07675,306.81,0.45,0.39,2024-04-03,0215,N20,VIIRS,n,2,287.25,1.57,N,2
38.17385,-7.53532,333.8,0.4,0.37,2024-04-03,1335,N20,VIIRS,n,2,298.48,3.83,D,0
40.97543,-8.14459,305.93,0.41,0.37,2024-04-07,0237,N20,VIIRS,n,2,276.81,0.54,N,0
38.62987,-9.07745,306.91,0.43,0.46,2024-04-09,0200,N20,VIIRS,n,2,284.26,1.06,N,2
39.53376,-8.74309,329.04,0.41,0.37,2024-04-09,1322,N20,VIIRS,n,2,289.87,1.53,D,0
38.06404,-7.80099,331.91,0.4,0.37,2024-04-09,1322,N20,VIIRS,n,2,295.46,1.49,D,0
40.60948,-8.71669,337.35,0.4,0.37,2024-04-09,1322,N20,VIIRS,n,2,296.45,2.77,D,0
40.54993,-8.71884,332.33,0.4,0.37,2024-04-09,1322,N20,VIIRS,n,2,298.72,3.92,D,0
39.9945,-8.39975,350.13,0.4,0.37,2024-04-09,1322,N20,VIIRS,n,2,294.27,10.17,D,0
39.99857,-8.39611,356.09,0.4,0.37,2024-04-09,1322,N20,VIIRS,l,2,295.21,10.22,D,0
40.00142,-8.65713,333.74,0.4,0.37,2024-04-09,1322,N20,VIIRS,n,2,295.23,1.78,D,0
38.93848,-8.05984,329.67,0.4,0.37,2024-04-09,1322,N20,VIIRS,n,2,293.52,3.46,D,0
40.06433,-8.84901,344.4,0.41,0.37,2024-04-09,1322,N20,VIIRS,n,2,295.44,3.3,D,0
38.11123,-7.58056,331.01,0.4,0.37,2024-04-09,1322,N20,VIIRS,n,2,298.03,1.52,D,0
41.06036,-8.62164,331.42,0.4,0.37,2024-04-09,1323,N20,VIIRS,n,2,296.03,1.82,D,0
40.84478,-8.412,325.5,0.39,0.36,2024-04-09,1323,N20,VIIRS,n,2,295.02,2.22,D,0
39.68894,-8.90672,300.36,0.39,0.59,2024-04-10,0141,N20,VIIRS,n,2,281.54,0.96,N,2
38.63007,-9.07883,297.97,0.39,0.59,2024-04-10,0141,N20,VIIRS,n,2,282.82,0.67,N,2
38.63013,-9.0802,295.2,0.39,0.59,2024-04-10,0141,N20,VIIRS,n,2,281.61,0.7,N,2
39.68638,-8.90791,295.41,0.42,0.61,2024-04-10,0321,N20,VIIRS,n,2,279.18,1.01,N,2
40.28745,-8.42021,296.01,0.43,0.62,2024-04-10,0321,N20,VIIRS,n,2,276.35,0.63,N,0
38.85921,-7.207,327.66,0.54,0.42,2024-04-10,1303,N20,VIIRS,n,2,292.17,3.22,D,0
38.12869,-7.64477,332.77,0.39,0.44,2024-04-10,1303,N20,VIIRS,n,2,298.27,3.07,D,0
40.08767,-8.17387,367,0.32,0.55,2024-04-11,1245,N20,VIIRS,h,2,299.67,7.35,D,0
39.68545,-8.90749,306.66,0.45,0.39,2024-04-12,0244,N20,VIIRS,n,2,290.19,1.15,N,2
40.28832,-8.42183,299.86,0.46,0.39,2024-04-12,0244,N20,VIIRS,n,2,285.9,0.8,N,2
38.62957,-9.07759,314.94,0.46,0.39,2024-04-12,0245,N20,VIIRS,n,2,290.72,1.48,N,2
41.46195,-7.73114,328.94,0.48,0.65,2024-04-12,1227,N20,VIIRS,n,2,296.16,6.14,D,0
41.44252,-7.73173,325.19,0.48,0.65,2024-04-12,1227,N20,VIIRS,n,2,297.2,4.25,D,0
41.451,-7.72478,331.12,0.48,0.65,2024-04-12,1227,N20,VIIRS,n,2,296.57,3.91,D,0
41.45649,-7.72791,367,0.48,0.65,2024-04-12,1227,N20,VIIRS,h,2,300.02,6.14,D,0
41.4578,-7.72348,328.68,0.48,0.65,2024-04-12,1227,N20,VIIRS,n,2,295.73,6.14,D,0
32.8449,-17.20537,330.6,0.4,0.37,2024-04-12,1405,N20,VIIRS,n,2,300.55,1.42,D,0
41.46335,-7.73158,333.32,0.62,0.54,2024-04-12,1407,N20,VIIRS,n,2,297.1,3.06,D,0
41.45835,-7.73156,335.06,0.62,0.54,2024-04-12,1407,N20,VIIRS,n,2,301.08,6.28,D,0
40.28894,-8.4209,301.52,0.39,0.36,2024-04-13,0225,N20,VIIRS,n,2,282.26,0.61,N,2
39.68745,-8.90673,299.31,0.39,0.36,2024-04-13,0226,N20,VIIRS,n,2,285.25,1.02,N,2
37.95902,-8.80333,302.81,0.38,0.36,2024-04-13,0226,N20,VIIRS,n,2,291.57,0.98,N,2
38.06433,-7.79933,331.19,0.49,0.4,2024-04-13,1347,N20,VIIRS,n,2,300.66,2.92,D,0
39.03738,-9.20173,333.96,0.45,0.39,2024-04-13,1348,N20,VIIRS,n,2,303.91,2.15,D,0
41.42301,-8.02088,343.17,0.52,0.42,2024-04-13,1348,N20,VIIRS,n,2,297.25,7.91,D,0
40.6904,-7.68738,330.5,0.53,0.42,2024-04-13,1348,N20,VIIRS,n,2,300.52,2.95,D,0
38.62989,-9.07823,303.39,0.54,0.42,2024-04-14,0207,N20,VIIRS,n,2,290.73,0.82,N,2
39.68625,-8.90889,299.27,0.54,0.42,2024-04-14,0207,N20,VIIRS,n,2,285.97,1.29,N,2
38.63073,-9.07776,304.12,0.54,0.42,2024-04-14,0207,N20,VIIRS,n,2,290.51,1.23,N,2
39.99671,-8.4015,346.96,0.38,0.36,2024-04-14,1329,N20,VIIRS,n,2,305.22,3.26,D,0
39.28647,-8.5625,335.73,0.38,0.36,2024-04-14,1329,N20,VIIRS,n,2,304.49,3.7,D,0
38.87262,-9.26014,314.64,0.32,0.55,2024-04-15,0148,N20,VIIRS,n,2,282.77,0.77,N,0
38.62962,-9.0757,295.98,0.63,0.54,2024-04-15,0148,N20,VIIRS,n,2,283.96,0.59,N,2
38.62941,-9.07686,297.03,0.63,0.54,2024-04-15,0148,N20,VIIRS,n,2,283.81,0.9,N,2
39.19896,-7.81024,332.49,0.48,0.4,2024-04-15,1310,N20,VIIRS,n,2,302.76,3.89,D,0
38.08823,-7.43528,330.38,0.48,0.4,2024-04-15,1310,N20,VIIRS,n,2,303.05,2,D,0
38.96427,-7.76483,334,0.48,0.4,2024-04-15,1310,N20,VIIRS,l,2,305.43,5.3,D,0
41.12892,-8.08347,331.74,0.46,0.39,2024-04-15,1311,N20,VIIRS,n,2,300.79,4.01,D,0
41.79817,-7.66884,341.74,0.43,0.38,2024-04-15,1311,N20,VIIRS,n,2,301.57,63.47,D,0
41.57753,-7.66871,330.13,0.44,0.38,2024-04-15,1311,N20,VIIRS,n,2,296.56,19.63,D,0
39.68584,-8.90903,295.15,0.57,0.69,2024-04-16,0129,N20,VIIRS,n,2,284.99,0.85,N,2
38.62907,-9.07591,296.63,0.61,0.54,2024-04-16,0310,N20,VIIRS,n,2,286.16,0.92,N,2
38.14784,-7.68307,328.74,0.55,0.51,2024-04-16,1251,N20,VIIRS,l,2,301.75,5.94,D,0
41.72523,-8.23892,313.51,0.51,0.41,2024-04-17,0250,N20,VIIRS,n,2,281.87,1.48,N,0
41.72282,-8.24627,304.83,0.51,0.41,2024-04-17,0250,N20,VIIRS,n,2,281.83,1.65,N,0
41.46648,-7.75852,341.82,0.54,0.42,2024-04-17,0250,N20,VIIRS,n,2,282.19,8.69,N,0
41.72167,-8.24076,305.84,0.51,0.41,2024-04-17,0250,N20,VIIRS,n,2,282.02,1.48,N,0
41.94821,-8.42009,329.72,0.5,0.41,2024-04-17,0250,N20,VIIRS,n,2,282.64,4.47,N,0
39.68734,-8.90718,299.99,0.52,0.42,2024-04-17,0251,N20,VIIRS,n,2,284.98,1.09,N,2
40.28837,-8.42098,296.93,0.53,0.42,2024-04-17,0251,N20,VIIRS,n,2,284.2,0.56,N,2
41.57625,-7.92275,333.47,0.4,0.6,2024-04-17,1233,N20,VIIRS,n,2,293.07,4.09,D,0
41.93965,-8.42304,326.43,0.35,0.57,2024-04-17,1414,N20,VIIRS,n,2,294.36,4.89,D,0
41.93986,-8.41891,367,0.35,0.57,2024-04-17,1414,N20,VIIRS,h,2,295.3,6.54,D,0
41.94511,-8.41979,329.03,0.35,0.57,2024-04-17,1414,N20,VIIRS,n,2,298.47,2.9,D,0
39.68593,-8.90456,302.57,0.39,0.36,2024-04-18,0232,N20,VIIRS,n,2,288.5,0.94,N,2
38.133,-8.78252,298.75,0.39,0.36,2024-04-18,0233,N20,VIIRS,n,2,274.47,0.59,N,0
38.63008,-9.07609,302.46,0.39,0.36,2024-04-18,0233,N20,VIIRS,n,2,278.15,0.83,N,2
39.82268,-7.17932,340.22,0.71,0.75,2024-04-18,1214,N20,VIIRS,n,2,292.85,5.74,D,0
39.82489,-7.17774,328.07,0.71,0.75,2024-04-18,1214,N20,VIIRS,n,2,292.82,5.88,D,0
38.95219,-7.23646,350.96,0.43,0.46,2024-04-18,1354,N20,VIIRS,n,2,285.46,7.41,D,0
41.99466,-8.23392,346.21,0.42,0.45,2024-04-18,1355,N20,VIIRS,n,2,303.65,11.12,D,0
41.92309,-8.40049,329.63,0.41,0.45,2024-04-18,1355,N20,VIIRS,n,2,299.06,2.84,D,0
41.92679,-8.71455,344.41,0.39,0.44,2024-04-18,1355,N20,VIIRS,n,2,296.92,10.3,D,0
41.92638,-8.71882,332.59,0.39,0.44,2024-04-18,1355,N20,VIIRS,n,2,302.09,10.87,D,0
41.99052,-8.2332,340.77,0.42,0.45,2024-04-18,1355,N20,VIIRS,n,2,301.95,4.39,D,0
41.99008,-8.23827,333.26,0.42,0.45,2024-04-18,1355,N20,VIIRS,n,2,300.01,4.58,D,0
41.99423,-8.23878,338.96,0.42,0.45,2024-04-18,1355,N20,VIIRS,n,2,299.71,5.49,D,0
41.68842,-7.86402,330.14,0.44,0.39,2024-04-19,0213,N20,VIIRS,n,2,279.6,6.71,N,0
41.68775,-7.85867,316.17,0.44,0.39,2024-04-19,0213,N20,VIIRS,n,2,278.32,1.56,N,0
41.69616,-7.86803,328.28,0.44,0.39,2024-04-19,0213,N20,VIIRS,n,2,280.16,2.9,N,0
41.34023,-6.69567,331.8,0.45,0.39,2024-04-19,1336,N20,VIIRS,n,2,299.04,2.81,D,0
41.67612,-8.28967,331.39,0.41,0.37,2024-04-19,1336,N20,VIIRS,n,2,298.17,4.51,D,0
41.59385,-7.90609,303.07,0.48,0.48,2024-04-20,0154,N20,VIIRS,n,2,273.06,1.56,N,0
41.67352,-8.29276,348.79,0.41,0.37,2024-04-20,1317,N20,VIIRS,n,2,303.24,13.64,D,0
40.97876,-7.65676,337.29,0.4,0.37,2024-04-20,1317,N20,VIIRS,n,2,293.47,4,D,0
41.67015,-8.29188,342.26,0.41,0.37,2024-04-20,1317,N20,VIIRS,n,2,298.63,13.64,D,0
41.55096,-8.07927,308.23,0.43,0.62,2024-04-21,0135,N20,VIIRS,n,2,281.95,1.09,N,0
41.54948,-8.08168,329.85,0.43,0.62,2024-04-21,0135,N20,VIIRS,n,2,282.77,2.26,N,0
41.74026,-8.34042,312.68,0.44,0.63,2024-04-21,0135,N20,VIIRS,n,2,285.14,2.28,N,0
41.7401,-8.33613,320.09,0.44,0.63,2024-04-21,0135,N20,VIIRS,n,2,286.87,3.32,N,0
41.55118,-8.08539,306.6,0.43,0.62,2024-04-21,0135,N20,VIIRS,n,2,282.56,1.09,N,0
41.73928,-8.34103,329.48,0.34,0.56,2024-04-21,0316,N20,VIIRS,n,2,285.09,1.17,N,0
41.73792,-8.33596,295.64,0.34,0.56,2024-04-21,0316,N20,VIIRS,n,2,284.38,1.17,N,0
40.29039,-8.42097,295.72,0.37,0.58,2024-04-21,0316,N20,VIIRS,n,2,282.88,0.7,N,2
39.68704,-8.90605,303.32,0.36,0.57,2024-04-21,0316,N20,VIIRS,n,2,284.82,0.92,N,2
38.62902,-9.07937,306.15,0.38,0.58,2024-04-21,0316,N20,VIIRS,n,2,286.08,0.57,N,2
38.63029,-9.0782,305.78,0.38,0.58,2024-04-21,0317,N20,VIIRS,n,2,286.15,0.86,N,2
41.89075,-8.4554,339.94,0.41,0.45,2024-04-21,1259,N20,VIIRS,n,2,301.3,10.67,D,0
41.73792,-8.33081,339.76,0.4,0.45,2024-04-21,1259,N20,VIIRS,n,2,300,4.13,D,0
41.50514,-8.17763,332.74,0.79,0.78,2024-04-21,1439,N20,VIIRS,n,2,292.15,4.4,D,0
41.50366,-8.18105,351.64,0.78,0.78,2024-04-21,1439,N20,VIIRS,n,2,294.49,9.68,D,0
41.49788,-8.17618,326.85,0.79,0.78,2024-04-21,1439,N20,VIIRS,n,2,293.63,4.4,D,0
40.2884,-8.41946,298.79,0.43,0.46,2024-04-22,0257,N20,VIIRS,n,2,285.22,0.59,N,2
39.68422,-8.90478,297.66,0.42,0.45,2024-04-22,0258,N20,VIIRS,n,2,287.1,1.27,N,2
38.62724,-9.07716,297.69,0.43,0.46,2024-04-22,0258,N20,VIIRS,n,2,286.32,0.84,N,2
39.13715,-9.26802,367,0.45,0.63,2024-04-22,1240,N20,VIIRS,h,2,297.78,8.36,D,0
41.88389,-8.47165,327.73,0.35,0.56,2024-04-22,1240,N20,VIIRS,n,2,293.28,1.35,D,0
41.50127,-7.96022,337.06,0.33,0.56,2024-04-22,1240,N20,VIIRS,n,2,293.59,2.2,D,0
41.43951,-7.72396,325.92,0.47,0.64,2024-04-22,1421,N20,VIIRS,n,2,295.13,4.45,D,0
42.00526,-8.56955,342.75,0.4,0.37,2024-04-23,0238,N20,VIIRS,n,2,280.42,3.39,N,0
41.25319,-8.55269,296.97,0.41,0.37,2024-04-23,0238,N20,VIIRS,n,2,285.21,0.33,N,0
41.99572,-8.56464,318.22,0.4,0.37,2024-04-23,0238,N20,VIIRS,n,2,277.09,2.02,N,0
42.00443,-8.56476,296.34,0.4,0.37,2024-04-23,0238,N20,VIIRS,n,2,279.84,3.39,N,0
39.68781,-8.90685,299.54,0.41,0.37,2024-04-23,0239,N20,VIIRS,n,2,287.06,1.22,N,2
40.28889,-8.42037,297.53,0.42,0.37,2024-04-23,0239,N20,VIIRS,n,2,286.85,0.6,N,2
38.62974,-9.07748,301.23,0.42,0.37,2024-04-23,0239,N20,VIIRS,n,2,290.2,0.63,N,2
38.62215,-9.07477,300.48,0.42,0.37,2024-04-23,0239,N20,VIIRS,n,2,287.54,0.65,N,0
41.69882,-7.88202,327.63,0.56,0.69,2024-04-23,1221,N20,VIIRS,n,2,290.72,2.6,D,0
41.61054,-6.8068,333.91,0.5,0.66,2024-04-23,1221,N20,VIIRS,n,2,292.56,5.89,D,0
42.00195,-8.56908,367,0.59,0.7,2024-04-23,1222,N20,VIIRS,h,2,295.48,54.41,D,0
42.00753,-8.5736,367,0.59,0.7,2024-04-23,1222,N20,VIIRS,h,2,291.83,36.59,D,0
42.00592,-8.57867,347.98,0.59,0.7,2024-04-23,1222,N20,VIIRS,n,2,289.52,23.68,D,0
38.92289,-7.65653,330.9,0.5,0.49,2024-04-23,1401,N20,VIIRS,n,2,296.12,3.4,D,0
38.17595,-7.78989,331.02,0.48,0.48,2024-04-23,1401,N20,VIIRS,n,2,300.47,3.17,D,0
41.99875,-8.57339,367,0.48,0.48,2024-04-23,1402,N20,VIIRS,h,2,298.6,7.39,D,0
42.00598,-8.57552,355.35,0.48,0.48,2024-04-23,1402,N20,VIIRS,n,2,301.47,12.21,D,0
42.00103,-8.58149,350.3,0.48,0.48,2024-04-23,1402,N20,VIIRS,n,2,296.87,17.22,D,0
42.00148,-8.57557,350.03,0.48,0.48,2024-04-23,1402,N20,VIIRS,n,2,302.21,12.21,D,0
42.00196,-8.56915,340.62,0.49,0.48,2024-04-23,1402,N20,VIIRS,n,2,301.62,12.21,D,0
41.99699,-8.5755,345.14,0.48,0.48,2024-04-23,1402,N20,VIIRS,n,2,296.72,6.41,D,0
41.99829,-8.57907,331.27,0.48,0.48,2024-04-23,1402,N20,VIIRS,n,2,296.06,7.39,D,0
41.61196,-6.80699,351.5,0.59,0.53,2024-04-23,1402,N20,VIIRS,n,2,302.11,54.82,D,0
41.60711,-6.80616,339.89,0.59,0.53,2024-04-23,1402,N20,VIIRS,n,2,295.72,7.85,D,0
41.32111,-8.212,334.02,0.5,0.49,2024-04-23,1402,N20,VIIRS,n,2,298.59,2.84,D,0
41.54449,-8.13753,308.02,0.41,0.37,2024-04-24,0219,N20,VIIRS,n,2,278.61,0.95,N,0
41.69267,-7.89437,320.36,0.4,0.37,2024-04-24,0219,N20,VIIRS,n,2,275.97,1.16,N,0
41.67858,-7.89272,351.44,0.4,0.37,2024-04-24,0219,N20,VIIRS,n,2,283.92,7.8,N,0
41.67523,-7.89359,326.93,0.4,0.37,2024-04-24,0219,N20,VIIRS,n,2,279.48,7.8,N,0
41.67591,-7.89846,315.06,0.4,0.37,2024-04-24,0219,N20,VIIRS,n,2,276.88,3.84,N,0
41.35369,-8.66972,330.56,0.42,0.37,2024-04-24,0220,N20,VIIRS,n,2,281.88,2.94,N,0
41.35028,-8.67054,342.84,0.42,0.37,2024-04-24,0220,N20,VIIRS,n,2,284.04,5.41,N,0
38.98692,-7.29402,325.91,0.47,0.39,2024-04-24,1342,N20,VIIRS,n,2,289.85,2.74,D,0
41.71244,-7.86552,338.67,0.47,0.4,2024-04-24,1343,N20,VIIRS,n,2,294.11,8.29,D,0
41.35139,-8.67198,333.33,0.44,0.38,2024-04-24,1343,N20,VIIRS,n,2,299.73,3.05,D,0
41.35829,-8.28565,328.84,0.45,0.39,2024-04-24,1343,N20,VIIRS,n,2,302.87,2.57,D,0
41.74503,-7.26344,327.83,0.5,0.41,2024-04-24,1343,N20,VIIRS,n,2,297.65,3.03,D,0
38.63008,-9.07831,301.61,0.42,0.45,2024-04-25,0201,N20,VIIRS,n,2,286.86,0.86,N,2
37.9589,-8.80484,295.19,0.36,0.57,2024-04-26,0143,N20,VIIRS,n,2,285.09,0.92,N,2
39.68713,-8.90524,300.11,0.46,0.39,2024-04-28,0245,N20,VIIRS,n,2,282.33,1.22,N,2
40.28726,-8.41815,297.08,0.39,0.36,2024-04-29,0226,N20,VIIRS,n,2,279.56,0.79,N,0
38.62951,-9.07752,308.49,0.39,0.36,2024-04-29,0226,N20,VIIRS,n,2,285.39,0.97,N,2
38.40596,-7.54406,332.69,0.52,0.42,2024-04-29,1348,N20,VIIRS,n,2,298.44,4.54,D,0
38.40742,-7.54237,333.13,0.52,0.42,2024-04-29,1348,N20,VIIRS,n,2,299.8,3.55,D,0
37.96003,-8.80252,295.83,0.34,0.56,2024-05-02,0310,N20,VIIRS,n,2,284.6,0.75,N,2
38.47854,-7.50217,327.31,0.52,0.5,2024-05-02,1251,N20,VIIRS,n,2,292.57,3.32,D,0
38.63017,-9.07551,298.01,0.54,0.42,2024-05-03,0251,N20,VIIRS,n,2,282.78,0.66,N,0
37.95797,-8.80263,298.42,0.38,0.43,2024-05-03,0252,N20,VIIRS,n,2,285.46,2.07,N,2
40.2881,-8.42104,302.54,0.39,0.36,2024-05-04,0232,N20,VIIRS,n,2,280.91,0.87,N,2
38.631,-9.07609,305.34,0.39,0.36,2024-05-04,0233,N20,VIIRS,n,2,286.07,0.73,N,2
38.62771,-9.07697,296.77,0.39,0.36,2024-05-04,0233,N20,VIIRS,n,2,284.07,0.86,N,2
37.95934,-8.80212,299.94,0.39,0.36,2024-05-04,0233,N20,VIIRS,n,2,288.95,1.66,N,2
39.49369,-7.46128,328.07,0.41,0.37,2024-05-06,1317,N20,VIIRS,l,2,298.21,3.28,D,0
37.95812,-8.80295,297.82,0.44,0.62,2024-05-07,0136,N20,VIIRS,n,2,287.19,0.88,N,2
38.6323,-9.07866,297.27,0.38,0.58,2024-05-07,0316,N20,VIIRS,n,2,283.25,0.64,N,2
40.28759,-8.42056,304.57,0.37,0.58,2024-05-07,0316,N20,VIIRS,n,2,282.16,0.77,N,0
41.63968,-8.06011,330.83,0.4,0.44,2024-05-07,1258,N20,VIIRS,n,2,283.65,3.54,D,0
41.34378,-8.13488,343.6,0.44,0.63,2024-05-08,1420,N20,VIIRS,n,2,295.52,3.2,D,0
41.34362,-8.13953,325.99,0.44,0.63,2024-05-08,1420,N20,VIIRS,n,2,297.51,3.2,D,0
40.28776,-8.41971,298.34,0.42,0.37,2024-05-09,0238,N20,VIIRS,n,2,287.09,0.45,N,0
39.18707,-9.14685,335.58,0.41,0.37,2024-05-09,0239,N20,VIIRS,n,2,286.7,4.48,N,0
38.62089,-9.07286,297.93,0.41,0.37,2024-05-09,0239,N20,VIIRS,n,2,278.49,0.97,N,0
38.62956,-9.07567,302.83,0.41,0.37,2024-05-10,0220,N20,VIIRS,n,2,288.28,0.4,N,2
37.18736,-8.28184,334.47,0.42,0.37,2024-05-10,1341,N20,VIIRS,l,2,308.6,1.91,D,0
39.19017,-8.56088,333.4,0.42,0.38,2024-05-10,1342,N20,VIIRS,l,2,308.1,2.1,D,0
39.19078,-8.55603,331.81,0.42,0.38,2024-05-10,1342,N20,VIIRS,l,2,305.25,1.54,D,0
41.65687,-6.77653,332.07,0.52,0.41,2024-05-10,1342,N20,VIIRS,n,2,300.48,1.92,D,0
41.5698,-6.547,333.38,0.39,0.36,2024-05-11,1323,N20,VIIRS,l,2,305.84,5.17,D,0
37.9578,-8.80397,298.57,0.36,0.57,2024-05-12,0142,N20,VIIRS,n,2,288.22,0.97,N,2
38.63006,-9.07721,299.43,0.45,0.63,2024-05-12,0322,N20,VIIRS,n,2,286.66,0.66,N,2
32.69952,-17.0319,305.87,0.47,0.48,2024-05-12,0325,N20,VIIRS,n,2,284.96,0.92,N,0
38.27508,-7.81732,296.3,0.39,0.36,2024-05-15,0226,N20,VIIRS,n,2,280,0.53,N,0
38.6222,-9.07287,301.13,0.39,0.36,2024-05-15,0226,N20,VIIRS,n,2,285.56,0.52,N,0
37.13568,-8.09929,300.48,0.39,0.36,2024-05-15,0226,N20,VIIRS,n,2,284.77,0.51,N,0
38.62944,-9.07565,307.91,0.39,0.36,2024-05-15,0226,N20,VIIRS,n,2,286.85,1.27,N,2
41.25188,-8.55248,302.65,0.39,0.36,2024-05-20,0231,N20,VIIRS,n,2,282.72,0.71,N,0
38.62888,-9.07629,304.95,0.39,0.36,2024-05-20,0232,N20,VIIRS,n,2,287.11,0.79,N,2
38.62559,-9.07717,305.65,0.39,0.36,2024-05-20,0232,N20,VIIRS,n,2,285.34,0.79,N,0
39.68515,-8.90751,296.67,0.39,0.36,2024-05-20,0232,N20,VIIRS,n,2,284.18,0.71,N,2
41.48726,-7.5821,337.62,0.44,0.46,2024-05-20,1355,N20,VIIRS,n,2,292.05,3.55,D,0
39.68483,-8.90414,295.74,0.46,0.39,2024-05-21,0213,N20,VIIRS,n,2,284.83,0.88,N,2
38.63038,-9.07859,297.01,0.46,0.39,2024-05-21,0213,N20,VIIRS,n,2,286.03,0.56,N,2
38.62995,-9.07631,300.17,0.51,0.5,2024-05-22,0154,N20,VIIRS,n,2,285.77,0.89,N,2
41.48296,-7.58128,330.42,0.4,0.37,2024-05-22,1317,N20,VIIRS,n,2,292.08,2.41,D,0
40.29514,-7.49347,302.35,0.39,0.6,2024-05-23,0135,N20,VIIRS,n,2,278.78,0.58,N,0
40.28928,-8.42066,297.44,0.36,0.58,2024-05-23,0315,N20,VIIRS,n,2,280.51,0.69,N,2
39.68604,-8.90647,299.66,0.36,0.57,2024-05-23,0316,N20,VIIRS,n,2,283.37,0.81,N,2
37.77721,-8.79155,335.82,0.53,0.5,2024-05-23,1257,N20,VIIRS,n,2,297.13,5.07,D,0
38.63161,-9.07822,308.7,0.42,0.45,2024-05-24,0257,N20,VIIRS,n,2,287.36,1.58,N,2
38.62143,-9.07171,295.81,0.42,0.45,2024-05-24,0257,N20,VIIRS,n,2,285.65,0.6,N,0
39.68801,-8.90387,296.77,0.41,0.45,2024-05-24,0257,N20,VIIRS,n,2,285.59,0.88,N,2
39.82534,-7.18863,349.29,0.48,0.65,2024-05-24,1419,N20,VIIRS,n,2,309.37,5.63,D,0
39.8232,-7.18557,353.53,0.48,0.65,2024-05-24,1419,N20,VIIRS,n,2,307.65,7.12,D,0
38.62861,-9.07641,301.81,0.41,0.37,2024-05-25,0238,N20,VIIRS,n,2,288.07,0.98,N,2
39.13333,-9.2019,331.11,0.41,0.45,2024-05-25,1400,N20,VIIRS,n,2,299.63,1.79,D,0
39.82637,-7.18174,339.55,0.47,0.4,2024-05-26,1341,N20,VIIRS,n,2,309.21,6.09,D,0
38.62805,-9.07958,302.73,0.43,0.46,2024-05-27,0200,N20,VIIRS,n,2,286.7,1.4,N,2
41.31614,-8.53226,332.57,0.39,0.36,2024-05-27,1323,N20,VIIRS,n,2,276.62,5.36,D,0
41.31538,-8.53686,341.09,0.39,0.36,2024-05-27,1323,N20,VIIRS,n,2,286.21,23.42,D,0
40.28707,-8.42029,298.12,0.43,0.62,2024-05-28,0321,N20,VIIRS,n,2,283.51,0.78,N,0
41.10563,-7.80112,345.45,0.57,0.52,2024-05-29,1245,N20,VIIRS,n,2,302.66,8.12,D,0
41.10524,-7.79845,340.89,0.57,0.52,2024-05-29,1245,N20,VIIRS,n,2,303.87,6.44,D,0
41.54331,-8.35829,329.08,0.59,0.53,2024-05-29,1245,N20,VIIRS,n,2,300.05,2.84,D,0
39.01064,-7.79061,350.27,0.53,0.67,2024-05-29,1425,N20,VIIRS,n,2,304.26,6.54,D,0
39.01316,-7.78875,340.66,0.53,0.67,2024-05-29,1425,N20,VIIRS,n,2,304.32,6.47,D,0
39.1343,-9.34656,339.76,0.67,0.74,2024-05-30,1226,N20,VIIRS,n,2,292.14,6.95,D,0
39.30527,-9.18724,336.44,0.5,0.49,2024-05-30,1406,N20,VIIRS,n,2,299.47,5.46,D,0
40.28932,-8.41854,303.19,0.39,0.36,2024-05-31,0225,N20,VIIRS,n,2,291.04,0.98,N,2
38.63095,-9.07591,309.29,0.39,0.36,2024-05-31,0225,N20,VIIRS,n,2,293.59,0.73,N,2
41.29885,-8.30376,339.33,0.51,0.41,2024-05-31,1348,N20,VIIRS,n,2,307.86,6.08,D,0
41.32041,-8.27605,334.03,0.39,0.36,2024-06-01,1329,N20,VIIRS,n,2,308.58,2.33,D,0
40.74746,-8.46199,324.02,0.5,0.66,2024-06-02,0327,N20,VIIRS,n,2,289.7,2.11,N,0
40.74176,-8.46475,323.62,0.5,0.66,2024-06-02,0327,N20,VIIRS,n,2,290.18,2.43,N,0
40.74496,-8.46591,328.09,0.5,0.66,2024-06-02,0327,N20,VIIRS,n,2,289.45,2.83,N,0
40.74299,-8.45944,311.19,0.5,0.66,2024-06-02,0327,N20,VIIRS,n,2,290.47,2.83,N,0
38.61892,-8.18993,337.55,0.51,0.41,2024-06-02,1309,N20,VIIRS,n,2,307.72,4.62,D,0
40.29037,-8.41659,301.38,0.53,0.42,2024-06-04,0250,N20,VIIRS,n,2,289.32,1.15,N,0
41.25391,-8.55111,301.03,0.5,0.41,2024-06-04,0250,N20,VIIRS,n,2,287.66,1.33,N,0
40.28804,-8.41878,298.89,0.53,0.42,2024-06-04,0250,N20,VIIRS,n,2,288.28,0.75,N,2
38.99488,-8.30847,336.04,0.33,0.56,2024-06-04,1412,N20,VIIRS,n,2,299.78,1.52,D,0
38.9972,-8.30798,330.94,0.33,0.56,2024-06-04,1412,N20,VIIRS,n,2,298.1,1.67,D,0
41.57595,-8.48341,311.59,0.38,0.36,2024-06-05,0231,N20,VIIRS,n,2,284.82,0.57,N,0
41.57269,-8.48433,296.71,0.38,0.36,2024-06-05,0231,N20,VIIRS,n,2,285.32,0.3,N,0
39.08439,-7.56088,335.33,0.41,0.45,2024-06-05,1353,N20,VIIRS,n,2,282.09,23.77,D,0
38.55027,-7.89258,346,0.39,0.44,2024-06-05,1353,N20,VIIRS,n,2,300.27,12.05,D,0
38.54982,-7.89705,338.73,0.39,0.44,2024-06-05,1353,N20,VIIRS,n,2,296.63,12.05,D,0
39.08483,-7.55615,348.94,0.41,0.45,2024-06-05,1353,N20,VIIRS,n,2,287.79,23.77,D,0
39.13688,-9.31132,302.52,0.54,0.51,2024-06-07,0154,N20,VIIRS,n,2,271.45,1.9,N,0
39.13641,-9.30513,297.51,0.54,0.51,2024-06-07,0154,N20,VIIRS,n,2,271.79,1.96,N,0
39.13604,-9.30746,304.82,0.6,0.71,2024-06-07,0334,N20,VIIRS,n,2,280.4,2.22,N,0
39.13702,-9.30724,303.53,0.6,0.71,2024-06-07,0334,N20,VIIRS,n,2,281.72,1.87,N,0
40.28831,-8.42093,300.67,0.41,0.37,2024-06-11,0218,N20,VIIRS,n,2,287.36,0.57,N,2
38.63176,-9.07886,298.44,0.41,0.37,2024-06-11,0219,N20,VIIRS,n,2,287.91,0.66,N,2
38.62836,-9.0796,297.96,0.41,0.37,2024-06-11,0219,N20,VIIRS,n,2,287.94,0.66,N,2
38.63057,-9.07523,299.13,0.43,0.46,2024-06-12,0200,N20,VIIRS,n,2,288.18,0.6,N,0
37.9585,-8.80222,300.56,0.37,0.58,2024-06-13,0141,N20,VIIRS,n,2,290.34,1.19,N,2
38.63494,-9.03048,331.11,0.44,0.46,2024-06-13,1303,N20,VIIRS,l,2,304.8,1.89,D,0
38.62762,-9.07892,298.24,0.5,0.49,2024-06-14,0302,N20,VIIRS,n,2,286.62,0.69,N,2
40.28799,-8.41761,298.98,0.49,0.49,2024-06-14,0302,N20,VIIRS,n,2,285.27,1.19,N,2
38.88986,-8.74704,354.21,0.46,0.64,2024-06-14,1424,N20,VIIRS,n,2,296.35,27.5,D,0
38.88798,-8.74259,351.21,0.46,0.64,2024-06-14,1424,N20,VIIRS,n,2,299.94,26.86,D,0
38.8939,-8.74279,334.91,0.46,0.64,2024-06-14,1424,N20,VIIRS,n,2,292.19,26.86,D,0
38.89008,-8.74172,367,0.46,0.64,2024-06-14,1424,N20,VIIRS,h,2,297.06,27.5,D,0
39.61531,-7.66105,353.43,0.54,0.68,2024-06-14,1425,N20,VIIRS,n,2,297.29,12.55,D,0
40.28894,-8.42143,296.71,0.45,0.39,2024-06-15,0243,N20,VIIRS,n,2,284.29,0.81,N,2
38.62644,-9.07812,300.58,0.45,0.39,2024-06-15,0244,N20,VIIRS,n,2,287.26,1.11,N,2
41.17916,-7.12523,337.04,0.33,0.55,2024-06-15,1406,N20,VIIRS,n,2,296.63,1.72,D,0
40.28807,-8.42126,298.87,0.39,0.36,2024-06-16,0224,N20,VIIRS,n,2,284.39,0.85,N,2
38.62166,-9.07272,302.18,0.39,0.36,2024-06-16,0225,N20,VIIRS,n,2,287.86,0.84,N,0
41.09076,-8.22533,331.47,0.47,0.4,2024-06-18,1309,N20,VIIRS,n,2,293.3,4.84,D,0
38.86758,-9.37947,346.98,0.33,0.55,2024-06-19,1250,N20,VIIRS,n,2,291.89,3.17,D,0
37.97619,-8.82723,301.44,0.55,0.43,2024-06-20,0250,N20,VIIRS,n,2,284.49,1.24,N,0
38.62947,-9.07955,304.32,0.39,0.36,2024-06-21,0231,N20,VIIRS,n,2,287.47,0.43,N,2
41.44635,-7.67102,344.44,0.42,0.45,2024-06-21,1353,N20,VIIRS,n,2,296.79,4.28,D,0
40.28951,-8.4205,295.6,0.46,0.39,2024-06-22,0211,N20,VIIRS,n,2,284.94,0.99,N,2
39.82456,-7.19879,347.1,0.41,0.37,2024-06-22,1334,N20,VIIRS,n,2,287.89,43.96,D,0
41.17173,-8.15369,300.42,0.51,0.49,2024-06-23,0152,N20,VIIRS,n,2,285.57,0.69,N,0
38.62893,-9.07816,299.28,0.63,0.72,2024-06-23,0333,N20,VIIRS,n,2,288.12,0.78,N,2
40.29124,-8.41741,300.86,0.35,0.57,2024-06-24,0314,N20,VIIRS,n,2,289.97,0.69,N,2
38.44112,-7.45796,306.29,0.72,0.75,2024-06-25,0115,N20,VIIRS,n,2,289.17,2.13,N,0
38.44307,-7.45913,315.43,0.72,0.75,2024-06-25,0115,N20,VIIRS,n,2,289.52,2.53,N,0
38.44121,-7.46637,302.99,0.72,0.75,2024-06-25,0115,N20,VIIRS,n,2,288.86,2.2,N,0
38.43893,-7.45968,325.47,0.5,0.49,2024-06-25,0256,N20,VIIRS,n,2,290.41,3.49,N,0
38.44127,-7.4575,326.14,0.5,0.49,2024-06-25,0256,N20,VIIRS,n,2,290.54,1.94,N,0
38.4369,-7.45905,301.53,0.5,0.49,2024-06-25,0256,N20,VIIRS,n,2,290.15,1.94,N,0
38.49139,-28.50904,332.89,0.48,0.48,2024-06-25,1418,N20,VIIRS,n,2,289.43,1.87,D,0
38.62938,-9.07918,307.86,0.41,0.37,2024-06-26,0237,N20,VIIRS,n,2,289.62,0.75,N,2
36.9592,-25.05622,334.46,0.6,0.53,2024-06-26,1359,N20,VIIRS,n,2,296.32,4.53,D,0
40.29025,-8.42097,301.11,0.41,0.37,2024-06-27,0218,N20,VIIRS,n,2,287.63,0.82,N,2
38.49288,-28.51141,301.14,0.44,0.38,2024-06-27,0359,N20,VIIRS,n,2,289.16,0.71,N,0
42.00878,-8.60682,300.81,0.45,0.47,2024-06-28,0158,N20,VIIRS,n,2,288.48,22.43,N,0
42.00824,-8.60048,353.72,0.45,0.47,2024-06-28,0158,N20,VIIRS,n,2,294.91,22.43,N,0
42.00396,-8.60151,318.25,0.45,0.47,2024-06-28,0158,N20,VIIRS,n,2,288.31,2.79,N,0
42.00987,-8.59973,298.49,0.63,0.72,2024-06-28,0338,N20,VIIRS,n,2,284.84,9.41,N,0
42.00515,-8.60741,334.98,0.63,0.72,2024-06-28,0338,N20,VIIRS,n,2,279.24,11.68,N,0
42.00335,-8.60191,367,0.63,0.72,2024-06-28,0338,N20,VIIRS,h,2,286.04,9.41,N,0
38.62273,-9.07337,299.28,0.45,0.39,2024-07-01,0243,N20,VIIRS,n,2,287.89,0.82,N,0
38.63069,-9.07627,301.15,0.45,0.39,2024-07-01,0243,N20,VIIRS,n,2,289.72,0.78,N,2
32.70827,-17.01942,315.37,0.42,0.37,2024-07-01,0245,N20,VIIRS,n,2,285.08,0.88,N,0
38.53998,-28.70123,345.75,0.35,0.57,2024-07-01,1406,N20,VIIRS,n,2,297.04,5.46,D,0
40.2887,-8.41798,308.18,0.39,0.36,2024-07-02,0224,N20,VIIRS,n,2,290.79,0.69,N,2
38.06536,-7.80222,307.12,0.38,0.36,2024-07-02,0224,N20,VIIRS,n,2,290.71,1.58,N,0
38.06863,-7.80138,328.13,0.38,0.36,2024-07-02,0224,N20,VIIRS,n,2,290.18,3.51,N,0
38.74398,-9.1657,336.09,0.44,0.38,2024-07-02,1346,N20,VIIRS,l,2,308.46,1.66,D,0
38.32317,-8.37002,337.13,0.46,0.39,2024-07-02,1346,N20,VIIRS,l,2,310.66,6.95,D,0
38.32381,-8.37306,345.91,0.46,0.39,2024-07-02,1346,N20,VIIRS,n,2,311.09,8.56,D,0
41.25481,-8.55242,300.61,0.56,0.43,2024-07-03,0205,N20,VIIRS,n,2,290.55,0.7,N,0
38.63095,-9.07908,306.13,0.55,0.43,2024-07-03,0205,N20,VIIRS,n,2,294.01,0.84,N,2
38.33986,-8.4942,348.99,0.39,0.36,2024-07-03,1327,N20,VIIRS,n,2,318.19,10.22,D,0
38.3776,-8.32073,347.92,0.39,0.36,2024-07-03,1327,N20,VIIRS,l,2,320.81,10.56,D,0
38.34314,-8.49504,343.34,0.39,0.36,2024-07-03,1327,N20,VIIRS,l,2,316.46,10.22,D,0
38.33916,-8.49857,350.57,0.39,0.36,2024-07-03,1327,N20,VIIRS,l,2,326.52,37.78,D,0
38.62986,-9.07881,307.3,0.32,0.55,2024-07-04,0147,N20,VIIRS,n,2,292.87,0.75,N,2
38.62951,-9.07959,300.81,0.53,0.67,2024-07-04,0327,N20,VIIRS,n,2,290.14,0.88,N,2
38.78793,-9.18352,337.6,0.57,0.43,2024-07-04,1308,N20,VIIRS,l,2,311.63,4.93,D,0
38.62842,-9.0799,301.74,0.6,0.53,2024-07-05,0308,N20,VIIRS,n,2,291.56,0.61,N,2
40.78834,-8.40954,347.35,0.6,0.7,2024-07-05,1431,N20,VIIRS,n,2,296.12,6.88,D,0
38.14017,-7.22503,367,0.48,0.64,2024-07-06,1231,N20,VIIRS,h,2,300.99,27.11,D,0
38.14575,-7.22765,367,0.48,0.64,2024-07-06,1231,N20,VIIRS,h,2,303,52.28,D,0
38.13876,-7.23002,342.33,0.48,0.64,2024-07-06,1231,N20,VIIRS,n,2,312.69,39.5,D,0
38.14993,-7.23525,334.83,0.48,0.64,2024-07-06,1231,N20,VIIRS,n,2,302.1,103.04,D,0
38.13744,-7.23495,332.76,0.37,0.58,2024-07-06,1411,N20,VIIRS,n,2,306.58,6.18,D,0
38.1377,-7.23052,367,0.37,0.58,2024-07-06,1411,N20,VIIRS,h,2,309.74,6.23,D,0
38.13797,-7.22613,330.78,0.37,0.58,2024-07-06,1411,N20,VIIRS,n,2,305.24,6.23,D,0
38.14053,-7.2302,367,0.37,0.58,2024-07-06,1411,N20,VIIRS,h,2,310.25,19.18,D,0
38.14029,-7.23462,352.53,0.37,0.58,2024-07-06,1411,N20,VIIRS,n,2,311.9,7.84,D,0
38.14566,-7.23489,332.52,0.37,0.58,2024-07-06,1411,N20,VIIRS,n,2,306.64,7.84,D,0
39.68668,-8.90738,305.58,0.38,0.36,2024-07-07,0230,N20,VIIRS,n,2,287.25,0.67,N,2
38.6304,-9.07606,316.36,0.39,0.36,2024-07-07,0231,N20,VIIRS,n,2,290.07,1.15,N,2
40.29023,-8.41931,299.15,0.46,0.39,2024-07-08,0211,N20,VIIRS,n,2,286.06,0.98,N,2
39.68644,-8.90648,302.61,0.47,0.4,2024-07-08,0212,N20,VIIRS,n,2,286.72,1.3,N,2
37.76329,-8.20227,355.08,0.39,0.36,2024-07-08,1333,N20,VIIRS,n,2,317.53,10.28,D,0
37.75999,-8.20151,349.65,0.39,0.36,2024-07-08,1333,N20,VIIRS,n,2,318.58,10.28,D,0
41.16251,-7.90912,347.65,0.41,0.37,2024-07-08,1334,N20,VIIRS,n,2,311.13,21.52,D,0
41.15915,-7.90817,334.75,0.41,0.37,2024-07-08,1334,N20,VIIRS,n,2,300.94,21.52,D,0
41.26896,-8.62535,330.17,0.4,0.37,2024-07-08,1334,N20,VIIRS,n,2,300.74,14.6,D,0
41.26961,-8.62066,344.92,0.4,0.37,2024-07-08,1334,N20,VIIRS,n,2,301.44,14.6,D,0
41.16587,-7.91002,367,0.41,0.37,2024-07-08,1334,N20,VIIRS,l,2,331.7,128.56,D,0
41.16185,-7.91405,345.6,0.41,0.37,2024-07-08,1334,N20,VIIRS,n,2,310.89,25.72,D,0
37.97153,-8.54291,337.43,0.47,0.4,2024-07-09,1314,N20,VIIRS,n,2,298.35,11.99,D,0
37.97509,-8.54399,340.73,0.47,0.4,2024-07-09,1314,N20,VIIRS,n,2,302.31,39.72,D,0
37.95348,-8.79881,333.09,0.48,0.65,2024-07-11,1237,N20,VIIRS,n,2,298.72,4.19,D,2
37.94651,-8.5405,349.79,0.38,0.59,2024-07-11,1417,N20,VIIRS,n,2,304.61,9.44,D,0
37.94675,-8.53605,337.23,0.38,0.59,2024-07-11,1417,N20,VIIRS,n,2,300.36,5.61,D,0
41.25382,-8.554,311.67,0.42,0.38,2024-07-13,0217,N20,VIIRS,n,2,288.63,1.54,N,0
38.62068,-9.07482,301.15,0.42,0.37,2024-07-13,0218,N20,VIIRS,n,2,289.1,0.61,N,0
38.66476,-7.97866,348.82,0.43,0.38,2024-07-13,1340,N20,VIIRS,n,2,315.96,6.22,D,0
41.15849,-7.4516,301.34,0.39,0.44,2024-07-14,0158,N20,VIIRS,n,2,281.19,0.45,N,0
38.62881,-9.07805,304.08,0.44,0.46,2024-07-14,0159,N20,VIIRS,n,2,290.06,0.97,N,2
40.28965,-8.41848,297.86,0.42,0.45,2024-07-14,0159,N20,VIIRS,n,2,286.72,0.73,N,2
40.28794,-8.41884,300.27,0.49,0.49,2024-07-16,0301,N20,VIIRS,n,2,287.54,0.96,N,2
40.28901,-8.42026,300.4,0.49,0.49,2024-07-16,0302,N20,VIIRS,n,2,287.53,0.9,N,2
37.10201,-7.72157,342.38,0.36,0.58,2024-07-16,1243,N20,VIIRS,n,2,302.44,3.26,D,0
39.12495,-8.80409,346.17,0.37,0.58,2024-07-16,1244,N20,VIIRS,n,2,301.02,4.89,D,0
37.95529,-8.79437,301.83,0.48,0.4,2024-07-17,0243,N20,VIIRS,n,2,285.95,1.2,N,0
37.9563,-8.79963,309.51,0.48,0.4,2024-07-17,0243,N20,VIIRS,n,2,289.21,2.02,N,2
37.65984,-8.05012,340.27,0.65,0.73,2024-07-17,1224,N20,VIIRS,n,2,310.17,7.01,D,0
37.66199,-8.04316,348.33,0.65,0.73,2024-07-17,1224,N20,VIIRS,n,2,307.32,7.01,D,0
37.66183,-8.0507,338.45,0.65,0.73,2024-07-17,1224,N20,VIIRS,n,2,310.23,11.02,D,0
37.66397,-8.04368,352.22,0.65,0.73,2024-07-17,1224,N20,VIIRS,n,2,307.84,10.53,D,0
39.64032,-8.56088,332.05,0.47,0.4,2024-07-18,1346,N20,VIIRS,l,2,306.48,1.85,D,0
37.45884,-7.89092,328.13,0.47,0.4,2024-07-19,0206,N20,VIIRS,n,2,292.61,3.4,N,0
38.74653,-9.44377,332.7,0.34,0.56,2024-07-21,1250,N20,VIIRS,n,2,302.46,40.53,D,0
39.19034,-9.20772,339.66,0.32,0.54,2024-07-21,1250,N20,VIIRS,n,2,298.78,3.13,D,0
38.74752,-9.43988,367,0.34,0.56,2024-07-21,1250,N20,VIIRS,h,2,306.76,40.53,D,0
38.74157,-9.44198,367,0.34,0.56,2024-07-21,1250,N20,VIIRS,l,2,327.54,40.53,D,0
38.74254,-9.43816,367,0.34,0.56,2024-07-21,1250,N20,VIIRS,h,2,305.06,40.53,D,0
38.73695,-9.44615,353.62,0.52,0.67,2024-07-21,1430,N20,VIIRS,n,2,301.96,14.51,D,0
38.73713,-9.44035,367,0.52,0.67,2024-07-21,1430,N20,VIIRS,h,2,304.62,14.51,D,0
38.7433,-9.44095,367,0.52,0.67,2024-07-21,1430,N20,VIIRS,h,2,303.69,14.51,D,0
38.74311,-9.44676,341.01,0.52,0.67,2024-07-21,1430,N20,VIIRS,n,2,297.45,14.51,D,0
40.29063,-8.42132,300.83,0.52,0.42,2024-07-22,0249,N20,VIIRS,n,2,288.64,0.69,N,2
38.6413,-8.44546,342.43,0.53,0.67,2024-07-22,1231,N20,VIIRS,n,2,308.5,3.08,D,0
38.6407,-8.44487,340.07,0.53,0.67,2024-07-22,1231,N20,VIIRS,n,2,308.28,3.78,D,0
40.6109,-8.56897,333.8,0.33,0.55,2024-07-22,1412,N20,VIIRS,n,2,301.29,1.15,D,0
39.85856,-8.70885,351.77,0.32,0.55,2024-07-22,1412,N20,VIIRS,n,2,307.05,8.87,D,0
39.85878,-8.70514,367,0.32,0.55,2024-07-22,1412,N20,VIIRS,h,2,306.04,10.12,D,0
41.59562,-8.16826,329.01,0.39,0.36,2024-07-23,0230,N20,VIIRS,n,2,294.15,5.25,N,0
39.68681,-8.90693,305.74,0.39,0.36,2024-07-23,0230,N20,VIIRS,n,2,292.42,1.08,N,2
40.28841,-8.42056,305.37,0.39,0.36,2024-07-23,0230,N20,VIIRS,n,2,292.24,0.76,N,2
41.59488,-8.1637,350.33,0.39,0.36,2024-07-23,0230,N20,VIIRS,n,2,298.22,5.25,N,0
40.15111,-7.27262,340.72,0.72,0.75,2024-07-23,1213,N20,VIIRS,n,2,304.26,4.77,D,0
39.71255,-8.77651,334.29,0.54,0.42,2024-07-23,1353,N20,VIIRS,n,2,305.04,4.77,D,0
39.71193,-8.77551,334.21,0.54,0.42,2024-07-23,1353,N20,VIIRS,n,2,305.38,3.22,D,0
39.6963,-8.81142,343.83,0.54,0.42,2024-07-23,1353,N20,VIIRS,n,2,307.64,12.96,D,0
39.69242,-8.8108,348.52,0.54,0.42,2024-07-23,1353,N20,VIIRS,n,2,311.37,13.94,D,0
39.69306,-8.8047,335.52,0.54,0.42,2024-07-23,1353,N20,VIIRS,n,2,305.18,13.94,D,0
39.61981,-8.74937,334.74,0.54,0.42,2024-07-23,1353,N20,VIIRS,l,2,307.58,19.27,D,0
39.61528,-8.7552,331.58,0.54,0.42,2024-07-23,1353,N20,VIIRS,l,2,306.54,57.83,D,0
39.61592,-8.74884,334.34,0.54,0.42,2024-07-23,1353,N20,VIIRS,l,2,308.38,19.27,D,0
39.61486,-8.75354,333.05,0.54,0.42,2024-07-23,1353,N20,VIIRS,l,2,306.09,5.91,D,0
40.28918,-8.42185,304.08,0.46,0.39,2024-07-24,0211,N20,VIIRS,n,2,293.73,0.89,N,2
41.32262,-8.60879,329.62,0.48,0.4,2024-07-24,0211,N20,VIIRS,n,2,297.4,5.06,N,0
41.0733,-7.93516,304.7,0.45,0.39,2024-07-24,0211,N20,VIIRS,n,2,292.52,0.64,N,0
38.0831,-8.29628,307.41,0.43,0.38,2024-07-24,0212,N20,VIIRS,n,2,292.63,0.78,N,0
37.57522,-8.65169,367,0.38,0.36,2024-07-24,1333,N20,VIIRS,h,2,347.49,99.11,D,0
37.5785,-8.65246,351.66,0.38,0.36,2024-07-24,1333,N20,VIIRS,n,2,315.61,11.57,D,0
37.57587,-8.64736,367,0.38,0.36,2024-07-24,1333,N20,VIIRS,l,2,327.12,54.68,D,0
39.79255,-8.52689,314.91,0.39,0.36,2024-07-24,1334,N20,VIIRS,l,2,323.04,31.69,D,0
39.79319,-8.52234,348.02,0.39,0.36,2024-07-24,1334,N20,VIIRS,n,2,316.37,31.27,D,0
39.78988,-8.52156,367,0.39,0.36,2024-07-24,1334,N20,VIIRS,l,2,352.75,76.06,D,0
39.78721,-8.51621,335.17,0.39,0.36,2024-07-24,1334,N20,VIIRS,l,2,306.06,76.06,D,0
41.32224,-8.61197,336.35,0.4,0.37,2024-07-24,1334,N20,VIIRS,n,2,310.4,2.35,D,0
39.78657,-8.52078,352.81,0.39,0.36,2024-07-24,1334,N20,VIIRS,n,2,311.12,76.06,D,0
39.78924,-8.52611,367,0.39,0.36,2024-07-24,1334,N20,VIIRS,h,2,347.5,95.15,D,0
39.78593,-8.52533,341.6,0.39,0.36,2024-07-24,1334,N20,VIIRS,n,2,313.42,95.15,D,0
41.31516,-8.09247,337.22,0.41,0.37,2024-07-24,1334,N20,VIIRS,l,2,310.69,5.12,D,0
41.0834,-8.50608,339.52,0.4,0.37,2024-07-24,1334,N20,VIIRS,n,2,308.55,5.24,D,0
39.79052,-8.51701,336.63,0.39,0.36,2024-07-24,1334,N20,VIIRS,l,2,307.58,76.06,D,0
41.87828,-8.76769,302.17,0.55,0.51,2024-07-25,0152,N20,VIIRS,n,2,291.91,1.14,N,0
41.88256,-8.76107,335.76,0.55,0.51,2024-07-25,0152,N20,VIIRS,n,2,292.37,3.78,N,0
41.88087,-8.76088,337.21,0.55,0.51,2024-07-25,0152,N20,VIIRS,n,2,292.59,4.04,N,0
41.88134,-8.76729,305.94,0.55,0.51,2024-07-25,0152,N20,VIIRS,n,2,290.89,4.04,N,0
39.95045,-7.61979,314.59,0.46,0.47,2024-07-25,0153,N20,VIIRS,n,2,295.63,2.58,N,0
39.94807,-7.62147,340.55,0.41,0.37,2024-07-25,1315,N20,VIIRS,l,2,310.76,3.16,D,0
40.65012,-7.31066,342.82,0.4,0.37,2024-07-25,1315,N20,VIIRS,n,2,313.42,5.61,D,0
40.56907,-8.55501,353.11,0.45,0.47,2024-07-26,1256,N20,VIIRS,n,2,298.52,12.66,D,0
41.5251,-7.48692,341.76,0.39,0.44,2024-07-26,1257,N20,VIIRS,l,2,312.95,5.24,D,0
39.686,-8.90838,304.04,0.4,0.37,2024-07-28,0237,N20,VIIRS,n,2,289.74,0.88,N,2
39.68567,-8.90537,309.62,0.44,0.46,2024-07-30,0159,N20,VIIRS,n,2,292.4,1.46,N,2
41.87553,-8.80154,305.49,0.63,0.72,2024-07-30,0339,N20,VIIRS,n,2,286.08,1.6,N,0
39.68517,-8.90819,300.96,0.73,0.76,2024-07-30,0339,N20,VIIRS,n,2,289.77,1.07,N,2
39.68436,-8.90679,299.9,0.73,0.76,2024-07-30,0339,N20,VIIRS,n,2,289.36,1.28,N,2
41.89659,-8.4535,322.35,0.38,0.59,2024-07-31,0139,N20,VIIRS,n,2,289.29,1.93,N,0
38.68263,-27.28699,301.53,0.58,0.52,2024-08-01,0303,N20,VIIRS,n,2,288.14,0.59,N,0
37.92207,-7.53057,332.71,0.6,0.7,2024-08-02,1224,N20,VIIRS,n,2,302.12,4.26,D,0
41.87529,-8.75764,331.34,0.49,0.4,2024-08-03,1347,N20,VIIRS,n,2,301.51,3.8,D,0
41.44187,-8.4661,342.96,0.38,0.36,2024-08-04,1328,N20,VIIRS,n,2,313.64,3.02,D,0
41.87565,-8.43689,334.79,0.39,0.36,2024-08-04,1328,N20,VIIRS,l,2,308.75,3.06,D,0
41.16851,-7.94297,316.93,0.59,0.53,2024-08-05,0146,N20,VIIRS,n,2,290.47,1.93,N,0
41.58988,-8.18598,331.63,0.46,0.39,2024-08-05,1309,N20,VIIRS,n,2,301.48,4.21,D,0
40.65519,-7.30378,367,0.7,0.75,2024-08-06,1431,N20,VIIRS,h,2,300.71,21.5,D,0
40.65475,-7.30919,347.68,0.7,0.75,2024-08-06,1431,N20,VIIRS,n,2,302.6,21.29,D,0
40.65478,-7.30102,367,0.7,0.75,2024-08-06,1431,N20,VIIRS,h,2,298.28,19.01,D,0
38.63073,-9.07565,305.32,0.53,0.42,2024-08-07,0250,N20,VIIRS,n,2,294.09,1.07,N,2
40.86963,-8.65888,332.2,0.33,0.55,2024-08-07,1412,N20,VIIRS,n,2,298.51,2.71,D,0
41.37402,-7.14372,331.42,0.4,0.6,2024-08-07,1412,N20,VIIRS,l,2,304.39,1.59,D,0
41.87122,-7.65235,367,0.38,0.59,2024-08-07,1412,N20,VIIRS,h,2,302.57,32.31,D,0
41.86981,-7.64967,367,0.38,0.59,2024-08-07,1412,N20,VIIRS,h,2,298.35,20.84,D,0
41.86955,-7.65493,344.39,0.38,0.59,2024-08-07,1412,N20,VIIRS,n,2,303.71,23.11,D,0
38.63133,-9.07865,307.91,0.39,0.36,2024-08-08,0231,N20,VIIRS,n,2,292.61,1.08,N,2
40.54404,-8.69477,334.3,0.56,0.43,2024-08-08,1353,N20,VIIRS,n,2,304.9,2.65,D,0
38.78385,-27.19138,299.89,0.43,0.38,2024-08-09,0353,N20,VIIRS,n,2,289.88,0.66,N,0
41.27831,-8.32703,334.65,0.4,0.37,2024-08-09,1334,N20,VIIRS,l,2,308.91,26.62,D,0
41.2061,-8.43125,299.57,0.51,0.5,2024-08-10,0152,N20,VIIRS,n,2,288.88,0.67,N,0
41.27699,-8.42576,347.51,0.42,0.38,2024-08-10,1315,N20,VIIRS,n,2,315.69,11.65,D,0
41.33437,-8.3041,347.03,0.42,0.37,2024-08-10,1315,N20,VIIRS,n,2,311.17,6.65,D,0
40.61562,-6.85644,342.34,0.39,0.37,2024-08-10,1315,N20,VIIRS,l,2,316.99,4.8,D,0
41.55217,-8.03226,339.4,0.41,0.37,2024-08-10,1315,N20,VIIRS,n,2,306.83,3.08,D,0
41.90579,-6.77963,302.41,0.38,0.59,2024-08-11,0133,N20,VIIRS,n,2,291.46,1.04,N,0
41.631,-6.4093,301.2,0.36,0.57,2024-08-11,0133,N20,VIIRS,n,2,290.2,0.71,N,0
41.63607,-6.40411,314.71,0.36,0.57,2024-08-11,0133,N20,VIIRS,n,2,292.49,2.37,N,0
41.63631,-6.40874,311.27,0.36,0.57,2024-08-11,0133,N20,VIIRS,n,2,291.12,2.01,N,0
41.63656,-6.4134,332.92,0.36,0.58,2024-08-11,0133,N20,VIIRS,n,2,290.56,2.01,N,0
41.63458,-6.40372,302.44,0.36,0.57,2024-08-11,0133,N20,VIIRS,n,2,291.6,1.66,N,0
41.6348,-6.40829,321.76,0.36,0.58,2024-08-11,0133,N20,VIIRS,n,2,291.43,1.66,N,0
41.63503,-6.41294,329.29,0.36,0.58,2024-08-11,0133,N20,VIIRS,n,2,291.29,2.52,N,0
41.94926,-8.45202,311.62,0.46,0.64,2024-08-11,0133,N20,VIIRS,n,2,292.01,2.12,N,0
41.94713,-8.45094,307.47,0.47,0.64,2024-08-11,0133,N20,VIIRS,n,2,291.79,1.29,N,0
41.95316,-8.45389,306.85,0.47,0.64,2024-08-11,0133,N20,VIIRS,n,2,292.55,1.32,N,0
41.90033,-6.77923,303.5,0.38,0.59,2024-08-11,0133,N20,VIIRS,n,2,292.36,0.63,N,0
41.90055,-6.78427,302.62,0.38,0.59,2024-08-11,0133,N20,VIIRS,n,2,290.85,0.63,N,0
41.90601,-6.78428,321.13,0.38,0.59,2024-08-11,0133,N20,VIIRS,n,2,291.74,1.04,N,0
41.90265,-6.7741,307.04,0.39,0.59,2024-08-11,0313,N20,VIIRS,n,2,292.38,1.1,N,0
41.90622,-6.78691,311.79,0.39,0.59,2024-08-11,0313,N20,VIIRS,n,2,290.37,0.78,N,0
41.94637,-8.44999,314.02,0.32,0.55,2024-08-11,0314,N20,VIIRS,n,2,292.19,1.24,N,0
41.94569,-8.44929,315.39,0.32,0.55,2024-08-11,0314,N20,VIIRS,n,2,292.44,1.35,N,0
41.40042,-7.96148,322.38,0.35,0.57,2024-08-11,0314,N20,VIIRS,n,2,289.83,1.76,N,0
38.62979,-9.07813,309.01,0.37,0.58,2024-08-11,0314,N20,VIIRS,n,2,293.66,0.89,N,2
41.07924,-7.40502,313.36,0.38,0.59,2024-08-11,0314,N20,VIIRS,n,2,291.77,1.83,N,0
41.95162,-8.44957,315.52,0.32,0.55,2024-08-11,0314,N20,VIIRS,n,2,292.31,1.24,N,0
41.62331,-6.39437,367,0.52,0.41,2024-08-11,1257,N20,VIIRS,h,2,335.15,135.43,D,0
41.62451,-6.38836,367,0.52,0.41,2024-08-11,1257,N20,VIIRS,l,2,332.39,220.23,D,0
37.14006,-7.99787,335.1,0.75,0.77,2024-08-11,1436,N20,VIIRS,n,2,303.52,7.16,D,0
41.30984,-8.52167,335.64,0.73,0.76,2024-08-11,1437,N20,VIIRS,n,2,291.92,6.12,D,0
41.90206,-6.78261,303.54,0.67,0.74,2024-08-12,0114,N20,VIIRS,n,2,290.87,7.25,N,0
41.90971,-6.77492,302.74,0.67,0.74,2024-08-12,0114,N20,VIIRS,n,2,291.28,10.2,N,0
41.90284,-6.76619,367,0.67,0.74,2024-08-12,0114,N20,VIIRS,h,2,296.69,33.58,N,0
41.90281,-6.7589,346.68,0.67,0.74,2024-08-12,0114,N20,VIIRS,n,2,295.01,33.58,N,0
41.90287,-6.7745,315.96,0.67,0.74,2024-08-12,0114,N20,VIIRS,n,2,291.75,10.2,N,0
41.89606,-6.78102,351.17,0.67,0.74,2024-08-12,0114,N20,VIIRS,n,2,291.43,9.73,N,0
41.89602,-6.77157,337.26,0.67,0.74,2024-08-12,0114,N20,VIIRS,n,2,291.94,9.73,N,0
41.89597,-6.75799,321.77,0.67,0.74,2024-08-12,0114,N20,VIIRS,n,2,293.42,5.2,N,0
41.89594,-6.75175,322.91,0.67,0.74,2024-08-12,0114,N20,VIIRS,n,2,291.56,6.45,N,0
41.89599,-6.76406,304.71,0.67,0.74,2024-08-12,0114,N20,VIIRS,n,2,291.71,5.2,N,0
41.89591,-6.74497,305.86,0.67,0.74,2024-08-12,0114,N20,VIIRS,n,2,290.21,6.45,N,0
41.88913,-6.75815,343.91,0.67,0.74,2024-08-12,0114,N20,VIIRS,n,2,292.98,5.2,N,0
41.8891,-6.75199,340.34,0.67,0.74,2024-08-12,0114,N20,VIIRS,n,2,292.85,6.45,N,0
41.88908,-6.74578,323.44,0.67,0.74,2024-08-12,0114,N20,VIIRS,n,2,292.33,6.45,N,0
41.88916,-6.76506,301.47,0.67,0.74,2024-08-12,0114,N20,VIIRS,n,2,290.91,5.2,N,0
41.8823,-6.7601,367,0.67,0.74,2024-08-12,0114,N20,VIIRS,h,2,292,28.52,N,0
41.88227,-6.75311,354.27,0.67,0.74,2024-08-12,0114,N20,VIIRS,n,2,297.85,15.48,N,0
41.88225,-6.74675,301.29,0.67,0.74,2024-08-12,0114,N20,VIIRS,n,2,291.12,15.48,N,0
41.90883,-6.7747,310.83,0.67,0.74,2024-08-12,0114,N20,VIIRS,n,2,291.08,3.83,N,0
41.90191,-6.76554,367,0.67,0.74,2024-08-12,0114,N20,VIIRS,h,2,297.62,17.31,N,0
41.90184,-6.75856,346.72,0.67,0.74,2024-08-12,0114,N20,VIIRS,n,2,295.38,14.76,N,0
41.90199,-6.77393,309.35,0.67,0.74,2024-08-12,0114,N20,VIIRS,n,2,291.96,17.31,N,0
41.8952,-6.78064,350.59,0.67,0.74,2024-08-12,0114,N20,VIIRS,n,2,291.4,7.25,N,0
41.89512,-6.77104,337.27,0.67,0.74,2024-08-12,0114,N20,VIIRS,n,2,291.86,17.31,N,0
41.89494,-6.75142,324.83,0.67,0.74,2024-08-12,0114,N20,VIIRS,n,2,291.84,14.76,N,0
41.89506,-6.76383,303.04,0.67,0.74,2024-08-12,0114,N20,VIIRS,n,2,291.6,17.31,N,0
41.895,-6.75766,317.83,0.67,0.74,2024-08-12,0114,N20,VIIRS,n,2,293.02,14.76,N,0
41.89489,-6.74476,305.32,0.67,0.74,2024-08-12,0114,N20,VIIRS,n,2,290.79,5.32,N,0
41.88817,-6.75797,348.33,0.67,0.74,2024-08-12,0114,N20,VIIRS,n,2,293.11,16.38,N,0
41.88811,-6.75176,343.43,0.67,0.74,2024-08-12,0114,N20,VIIRS,n,2,293.86,16.38,N,0
41.88806,-6.74557,322.17,0.67,0.74,2024-08-12,0114,N20,VIIRS,n,2,292.3,13.79,N,0
41.88823,-6.76494,301.83,0.67,0.74,2024-08-12,0114,N20,VIIRS,n,2,291.1,9.93,N,0
41.88136,-6.76008,367,0.67,0.74,2024-08-12,0114,N20,VIIRS,h,2,291.85,16.38,N,0
41.88129,-6.75297,354.68,0.67,0.74,2024-08-12,0114,N20,VIIRS,n,2,296.44,16.38,N,0
41.65683,-6.35457,301.75,0.64,0.72,2024-08-12,0114,N20,VIIRS,n,2,289.85,1.67,N,0
41.62358,-6.38008,311.89,0.64,0.72,2024-08-12,0114,N20,VIIRS,n,2,289.44,2.02,N,0
41.8805,-6.75833,348.25,0.46,0.47,2024-08-12,0255,N20,VIIRS,n,2,294.23,20.89,N,0
41.87774,-6.74641,315.16,0.46,0.47,2024-08-12,0255,N20,VIIRS,n,2,290.97,2.39,N,0
41.65656,-6.34068,317.47,0.49,0.48,2024-08-12,0255,N20,VIIRS,n,2,289.58,2.77,N,0
41.65629,-6.35928,318.5,0.48,0.48,2024-08-12,0255,N20,VIIRS,n,2,288.94,2.35,N,0
41.90104,-6.76849,302.12,0.46,0.47,2024-08-12,0255,N20,VIIRS,n,2,291.94,2.66,N,0
41.89982,-6.76321,315.13,0.46,0.47,2024-08-12,0255,N20,VIIRS,n,2,292.04,3.86,N,0
41.88477,-6.75712,339.5,0.46,0.47,2024-08-12,0255,N20,VIIRS,n,2,305.2,20.89,N,0
41.88335,-6.75099,336.76,0.46,0.47,2024-08-12,0255,N20,VIIRS,n,2,296.51,20.89,N,0
41.88895,-6.75551,323.3,0.46,0.47,2024-08-12,0255,N20,VIIRS,n,2,293.19,9.42,N,0
41.7741,-7.17184,316.67,0.44,0.46,2024-08-12,0255,N20,VIIRS,n,2,290.48,1.51,N,0
41.90385,-6.76096,338.79,0.46,0.47,2024-08-12,0255,N20,VIIRS,n,2,294.5,3.86,N,0
41.90185,-6.7605,331.33,0.46,0.47,2024-08-12,0255,N20,VIIRS,n,2,294.57,4.27,N,0
41.90312,-6.76585,338.17,0.46,0.47,2024-08-12,0255,N20,VIIRS,n,2,293.02,4.27,N,0
41.88753,-6.74937,340.17,0.46,0.47,2024-08-12,0255,N20,VIIRS,n,2,297.02,9.42,N,0
41.89165,-6.7672,312.78,0.46,0.47,2024-08-12,0255,N20,VIIRS,n,2,291.89,2.93,N,0
41.89714,-6.75155,342.72,0.46,0.47,2024-08-12,0255,N20,VIIRS,n,2,294.32,6.49,N,0
41.77375,-7.17021,317.42,0.44,0.46,2024-08-12,0255,N20,VIIRS,n,2,289.56,1.85,N,0
41.6235,-6.37874,304.92,0.48,0.48,2024-08-12,0255,N20,VIIRS,n,2,289.06,0.9,N,0
41.62483,-6.38431,298.27,0.48,0.48,2024-08-12,0255,N20,VIIRS,n,2,288.1,0.9,N,0
41.62511,-6.36592,303.76,0.48,0.48,2024-08-12,0255,N20,VIIRS,n,2,288.69,1.16,N,0
41.65495,-6.35361,311.62,0.48,0.48,2024-08-12,0255,N20,VIIRS,n,2,289.55,2.35,N,0
41.87915,-6.7525,324.78,0.46,0.47,2024-08-12,0255,N20,VIIRS,n,2,293.6,20.89,N,0
41.89822,-6.77597,352.96,0.46,0.47,2024-08-12,0255,N20,VIIRS,n,2,295.82,6.55,N,0
41.89166,-6.74753,367,0.46,0.47,2024-08-12,0255,N20,VIIRS,h,2,296.52,9.42,N,0
41.89707,-6.77099,317.89,0.46,0.47,2024-08-12,0255,N20,VIIRS,n,2,293.88,6.55,N,0
41.89763,-6.7931,338.34,0.46,0.47,2024-08-12,0255,N20,VIIRS,n,2,293.19,8.47,N,0
39.71794,-8.76677,330.8,0.39,0.59,2024-08-12,1418,N20,VIIRS,n,2,296.24,0.89,D,0
39.71851,-8.76589,338.41,0.39,0.59,2024-08-12,1418,N20,VIIRS,n,2,296.39,2.02,D,0
37.9587,-8.8032,301.44,0.42,0.38,2024-08-13,0237,N20,VIIRS,n,2,290.57,1.2,N,2
41.64352,-6.58227,341.23,0.52,0.41,2024-08-14,1340,N20,VIIRS,n,2,312.27,4.21,D,0
38.62209,-9.07187,302.97,0.43,0.46,2024-08-15,0159,N20,VIIRS,n,2,291.79,1.02,N,0
38.63148,-9.0805,301.9,0.43,0.46,2024-08-15,0159,N20,VIIRS,n,2,291.54,0.65,N,2
38.63132,-9.07954,307.5,0.43,0.46,2024-08-15,0159,N20,VIIRS,n,2,292.72,0.98,N,2
41.2288,-7.62771,299.54,0.75,0.77,2024-08-15,0338,N20,VIIRS,n,2,285.78,0.99,N,0
41.22629,-7.62035,296.42,0.75,0.77,2024-08-15,0338,N20,VIIRS,n,2,285.77,1.23,N,0
38.78088,-27.1906,323.22,0.38,0.36,2024-08-15,0340,N20,VIIRS,n,2,291.21,1.79,N,0
32.71677,-17.04225,338.42,0.42,0.61,2024-08-15,0342,N20,VIIRS,n,2,290.61,19.29,N,0
32.71415,-17.03216,352.53,0.42,0.61,2024-08-15,0342,N20,VIIRS,n,2,294.67,28.15,N,0
32.71967,-17.03054,307.31,0.42,0.61,2024-08-15,0342,N20,VIIRS,n,2,291.46,2.26,N,0
32.7156,-17.03773,355.52,0.42,0.61,2024-08-15,0342,N20,VIIRS,n,2,304.43,28.15,N,0
32.71468,-17.01318,367,0.46,0.63,2024-08-15,1320,N20,VIIRS,h,2,303.71,16.01,D,0
32.71457,-17.01749,347.99,0.46,0.63,2024-08-15,1320,N20,VIIRS,n,2,304.74,28.97,D,0
32.7163,-17.01097,367,0.46,0.63,2024-08-15,1320,N20,VIIRS,h,2,296.25,23.09,D,0
32.71984,-17.01686,334.84,0.46,0.63,2024-08-15,1320,N20,VIIRS,n,2,297.25,16.01,D,0
41.83338,-7.84687,354.57,0.39,0.36,2024-08-15,1322,N20,VIIRS,n,2,312.87,15.3,D,0
41.29327,-8.27438,340.64,0.39,0.36,2024-08-15,1322,N20,VIIRS,n,2,311,4.41,D,0
32.70287,-17.03947,342.81,0.49,0.65,2024-08-15,1500,N20,VIIRS,n,2,299.92,6.18,D,0
32.72231,-17.01329,338.8,0.49,0.65,2024-08-15,1500,N20,VIIRS,n,2,297.51,6.1,D,0
32.71517,-17.03557,337.92,0.49,0.65,2024-08-15,1500,N20,VIIRS,n,2,303.67,5.39,D,0
32.71639,-17.01043,348.21,0.49,0.65,2024-08-15,1500,N20,VIIRS,n,2,300.95,11.67,D,0
32.70773,-17.02355,334.33,0.49,0.65,2024-08-15,1500,N20,VIIRS,n,2,303.89,9.55,D,0
32.70685,-17.03989,337.13,0.49,0.65,2024-08-15,1500,N20,VIIRS,n,2,301.75,8.36,D,0
32.71412,-17.01723,329.41,0.49,0.65,2024-08-15,1500,N20,VIIRS,l,2,304.14,9.39,D,0
32.71325,-17.03339,332.39,0.49,0.65,2024-08-15,1500,N20,VIIRS,n,2,302.94,8.48,D,0
32.72067,-17.00832,355.03,0.49,0.65,2024-08-15,1500,N20,VIIRS,n,2,298.91,6.63,D,0
32.72039,-17.01344,340.95,0.49,0.65,2024-08-15,1500,N20,VIIRS,n,2,301.06,6.63,D,0
32.71584,-17.02174,334.55,0.49,0.65,2024-08-15,1500,N20,VIIRS,l,2,304.81,7.87,D,0
32.716,-17.01848,334.97,0.49,0.65,2024-08-15,1500,N20,VIIRS,l,2,307.4,6.1,D,0
32.71619,-17.01465,339.25,0.49,0.65,2024-08-15,1500,N20,VIIRS,n,2,303.76,6.1,D,0
32.72001,-17.02036,335.89,0.49,0.65,2024-08-15,1500,N20,VIIRS,n,2,299.94,8.96,D,0
41.68713,-8.63592,340.22,0.39,0.59,2024-08-16,0139,N20,VIIRS,n,2,295.66,4.34,N,0
40.65478,-7.58537,310.32,0.34,0.56,2024-08-16,0140,N20,VIIRS,n,2,287.82,0.79,N,0
40.65502,-7.58936,306.54,0.34,0.56,2024-08-16,0140,N20,VIIRS,n,2,286.18,0.67,N,0
41.33679,-8.41042,308.8,0.4,0.6,2024-08-16,0320,N20,VIIRS,n,2,292.22,0.98,N,0
32.70477,-17.00936,326.59,0.46,0.47,2024-08-16,0323,N20,VIIRS,n,2,292.43,3.59,N,0
32.71569,-16.99762,341.68,0.46,0.47,2024-08-16,0323,N20,VIIRS,n,2,296.57,12.99,N,0
32.7147,-16.99305,351.71,0.46,0.47,2024-08-16,0323,N20,VIIRS,n,2,305.56,43.29,N,0
32.71871,-17.01152,304.64,0.46,0.47,2024-08-16,0323,N20,VIIRS,n,2,290.17,3.14,N,0
32.71153,-16.99915,308.04,0.46,0.47,2024-08-16,0323,N20,VIIRS,n,2,292,2.06,N,0
32.70815,-17.00426,328.55,0.46,0.47,2024-08-16,0323,N20,VIIRS,n,2,293.35,2.06,N,0
32.71107,-17.01765,304.68,0.46,0.47,2024-08-16,0323,N20,VIIRS,n,2,292.34,0.53,N,0
32.70709,-16.99941,313.88,0.46,0.47,2024-08-16,0323,N20,VIIRS,n,2,291.03,2.06,N,0
32.7067,-17.01823,319.16,0.46,0.47,2024-08-16,0323,N20,VIIRS,n,2,291.43,1.84,N,0
32.72268,-17.00911,301.59,0.46,0.47,2024-08-16,0323,N20,VIIRS,n,2,290.79,3.14,N,0
32.72076,-17.00027,307.84,0.46,0.47,2024-08-16,0323,N20,VIIRS,n,2,291.21,12.99,N,0
32.71773,-17.00702,338.43,0.46,0.47,2024-08-16,0323,N20,VIIRS,n,2,294.06,3.14,N,0
32.71672,-17.00235,355.56,0.46,0.47,2024-08-16,0323,N20,VIIRS,n,2,308.65,12.99,N,0
38.73034,-9.28919,342.65,0.45,0.47,2024-08-16,1302,N20,VIIRS,l,2,314.17,9.72,D,0
38.72921,-9.29421,343.92,0.45,0.47,2024-08-16,1302,N20,VIIRS,l,2,318.72,19.13,D,0
40.614,-7.5549,338.98,0.52,0.41,2024-08-16,1303,N20,VIIRS,n,2,312.49,10.12,D,0
40.65993,-7.48485,344.48,0.51,0.41,2024-08-16,1303,N20,VIIRS,n,2,315.98,11.46,D,0
40.66486,-7.47995,348.16,0.51,0.41,2024-08-16,1303,N20,VIIRS,n,2,322,37.21,D,0
40.66363,-7.48603,351.67,0.51,0.41,2024-08-16,1303,N20,VIIRS,n,2,326.65,37.21,D,0
40.66856,-7.48112,367,0.51,0.41,2024-08-16,1303,N20,VIIRS,h,2,337.08,37.21,D,0
40.66735,-7.48707,338.63,0.51,0.41,2024-08-16,1303,N20,VIIRS,n,2,309.42,37.21,D,0
32.7115,-16.98576,346.04,0.52,0.5,2024-08-16,1441,N20,VIIRS,n,2,312.44,24.19,D,0
32.72292,-17.01277,349.2,0.52,0.5,2024-08-16,1441,N20,VIIRS,n,2,307.02,9.2,D,0
32.7199,-16.99883,350.08,0.52,0.5,2024-08-16,1441,N20,VIIRS,n,2,309.64,12.79,D,0
32.71938,-17.00497,341.79,0.52,0.5,2024-08-16,1441,N20,VIIRS,n,2,311.35,13.51,D,0
32.72366,-17.00891,355.12,0.52,0.5,2024-08-16,1441,N20,VIIRS,n,2,307.22,13.51,D,0
32.72322,-17.01413,340.14,0.52,0.5,2024-08-16,1441,N20,VIIRS,n,2,304.84,13.25,D,0
32.707,-16.9844,341.82,0.52,0.5,2024-08-16,1441,N20,VIIRS,n,2,308.09,24.19,D,0
32.7065,-16.98988,354.93,0.52,0.5,2024-08-16,1441,N20,VIIRS,n,2,314.17,24.19,D,0
32.71608,-16.98621,333.67,0.52,0.5,2024-08-16,1441,N20,VIIRS,l,2,305.99,5.39,D,0
32.71556,-16.99195,339.73,0.52,0.5,2024-08-16,1441,N20,VIIRS,l,2,314.3,5.39,D,0
32.71973,-16.99699,342.83,0.52,0.5,2024-08-16,1441,N20,VIIRS,n,2,308.51,14.88,D,0
32.71917,-17.00314,349.12,0.52,0.5,2024-08-16,1441,N20,VIIRS,n,2,312.78,14.88,D,0
32.7234,-17.00746,345.98,0.52,0.5,2024-08-16,1441,N20,VIIRS,n,2,306.78,9.2,D,0
41.77776,-7.17686,367,0.58,0.7,2024-08-17,0120,N20,VIIRS,h,2,291.02,11.64,N,0
41.83115,-8.36393,350.76,0.67,0.74,2024-08-17,0120,N20,VIIRS,n,2,291.15,30.99,N,0
41.74252,-8.52136,311.45,0.68,0.74,2024-08-17,0120,N20,VIIRS,n,2,287.77,2.09,N,0
41.6769,-7.37683,341.31,0.6,0.7,2024-08-17,0120,N20,VIIRS,n,2,282.99,4.8,N,0
41.94134,-8.38176,313.88,0.67,0.74,2024-08-17,0120,N20,VIIRS,n,2,280.32,2.78,N,0
41.83123,-8.37615,353.29,0.67,0.74,2024-08-17,0120,N20,VIIRS,n,2,287.82,26.7,N,0
41.94898,-8.44427,302.11,0.68,0.74,2024-08-17,0120,N20,VIIRS,n,2,284.51,2.56,N,0
41.94202,-8.38242,302.63,0.67,0.74,2024-08-17,0120,N20,VIIRS,n,2,279.78,0.91,N,0
41.94861,-8.4437,304.17,0.68,0.74,2024-08-17,0120,N20,VIIRS,n,2,284.85,1.45,N,0
41.67701,-7.38454,305.64,0.6,0.7,2024-08-17,0120,N20,VIIRS,n,2,280.98,4.8,N,0
41.77093,-7.17156,301.11,0.58,0.7,2024-08-17,0120,N20,VIIRS,n,2,288.46,1.14,N,0
41.74258,-8.52218,314.06,0.68,0.74,2024-08-17,0120,N20,VIIRS,n,2,288.71,2.23,N,0
41.77118,-7.1709,302.85,0.58,0.7,2024-08-17,0120,N20,VIIRS,n,2,287.7,1.37,N,0
41.77765,-7.16973,303.35,0.58,0.7,2024-08-17,0120,N20,VIIRS,n,2,288.11,11.64,N,0
41.1072,-8.33553,314.57,0.66,0.73,2024-08-17,0121,N20,VIIRS,n,2,292.16,2.88,N,0
41.11402,-8.33571,318.68,0.66,0.73,2024-08-17,0121,N20,VIIRS,n,2,293.84,2.88,N,0
41.11412,-8.34626,305.77,0.66,0.73,2024-08-17,0121,N20,VIIRS,n,2,290.89,3.96,N,0
41.11533,-8.34133,323.11,0.66,0.73,2024-08-17,0121,N20,VIIRS,n,2,291.62,3.53,N,0
41.10711,-8.3269,312.4,0.66,0.73,2024-08-17,0121,N20,VIIRS,n,2,292.44,2.88,N,0
41.11392,-8.32654,305.01,0.66,0.73,2024-08-17,0121,N20,VIIRS,n,2,292.32,2.88,N,0
41.74212,-8.52062,314.24,0.45,0.47,2024-08-17,0301,N20,VIIRS,n,2,274.6,1.44,N,0
41.74634,-8.51929,309.65,0.45,0.47,2024-08-17,0301,N20,VIIRS,n,2,276.18,1.27,N,0
41.67497,-7.37808,297.5,0.51,0.5,2024-08-17,0301,N20,VIIRS,n,2,274.81,0.95,N,0
40.15372,-8.35177,304.88,0.5,0.49,2024-08-17,0301,N20,VIIRS,n,2,289.82,0.89,N,0
41.11053,-8.33453,320.74,0.48,0.48,2024-08-17,0301,N20,VIIRS,n,2,294.46,3,N,0
41.11227,-8.32226,304.04,0.48,0.48,2024-08-17,0301,N20,VIIRS,n,2,293.07,2.4,N,0
41.10929,-8.32929,324.16,0.48,0.48,2024-08-17,0301,N20,VIIRS,n,2,295.16,3,N,0
41.10799,-8.32384,307.53,0.48,0.48,2024-08-17,0301,N20,VIIRS,n,2,293.53,1.94,N,0
41.12864,-8.33254,303.81,0.48,0.48,2024-08-17,0301,N20,VIIRS,n,2,290.4,2.6,N,0
41.12741,-8.32734,339.04,0.48,0.48,2024-08-17,0301,N20,VIIRS,n,2,293.83,6.09,N,0
32.72502,-17.01304,347.08,0.42,0.38,2024-08-17,0304,N20,VIIRS,n,2,300.19,3.27,N,0
32.73497,-16.98916,302.37,0.42,0.38,2024-08-17,0304,N20,VIIRS,n,2,291.62,0.62,N,0
32.73294,-16.99775,305.72,0.42,0.38,2024-08-17,0304,N20,VIIRS,n,2,295.42,1.17,N,0
32.72874,-16.99406,325.58,0.42,0.38,2024-08-17,0304,N20,VIIRS,n,2,298.3,51.99,N,0
32.71911,-17.0196,306.87,0.42,0.38,2024-08-17,0304,N20,VIIRS,n,2,291.87,0.41,N,0
32.71688,-17.00706,304.19,0.42,0.38,2024-08-17,0304,N20,VIIRS,n,2,293.54,0.62,N,0
32.70955,-16.98584,315.95,0.42,0.38,2024-08-17,0304,N20,VIIRS,n,2,295.29,18.27,N,0
32.70533,-16.98208,326.91,0.42,0.38,2024-08-17,0304,N20,VIIRS,n,2,298.06,5.91,N,0
32.70611,-16.98649,317.47,0.42,0.38,2024-08-17,0304,N20,VIIRS,n,2,296.54,5.91,N,0
32.70267,-16.98713,340.65,0.42,0.38,2024-08-17,0304,N20,VIIRS,n,2,298.84,5.91,N,0
32.7019,-16.98279,349.28,0.42,0.38,2024-08-17,0304,N20,VIIRS,n,2,305.73,5.91,N,0
32.7008,-16.99651,330.78,0.42,0.38,2024-08-17,0304,N20,VIIRS,n,2,296.01,3.74,N,0
32.69925,-16.9878,355.02,0.42,0.38,2024-08-17,0304,N20,VIIRS,n,2,300.73,24.31,N,0
32.69847,-16.98347,349.75,0.42,0.38,2024-08-17,0304,N20,VIIRS,n,2,314.7,24.31,N,0
32.70002,-16.99213,303.27,0.42,0.38,2024-08-17,0304,N20,VIIRS,n,2,292.41,3.74,N,0
32.69769,-16.97909,311.43,0.42,0.38,2024-08-17,0304,N20,VIIRS,n,2,296.81,8.66,N,0
32.71213,-16.98044,336.48,0.42,0.38,2024-08-17,0304,N20,VIIRS,n,2,310.14,18.27,N,0
32.71297,-16.9851,342.34,0.42,0.38,2024-08-17,0304,N20,VIIRS,n,2,304.28,18.27,N,0
32.7179,-16.9929,307.64,0.42,0.38,2024-08-17,0304,N20,VIIRS,n,2,294.71,9.15,N,0
32.71947,-17.0017,304.22,0.42,0.38,2024-08-17,0304,N20,VIIRS,n,2,293.96,14.03,N,0
32.72102,-17.01039,309.04,0.42,0.38,2024-08-17,0304,N20,VIIRS,n,2,294.21,6.89,N,0
32.72175,-17.0145,309.16,0.42,0.38,2024-08-17,0304,N20,VIIRS,n,2,293.85,3.27,N,0
32.71552,-16.97956,328.44,0.42,0.38,2024-08-17,0304,N20,VIIRS,n,2,299.3,6.27,N,0
32.72948,-16.99825,309.9,0.42,0.38,2024-08-17,0304,N20,VIIRS,n,2,298,51.99,N,0
32.71634,-16.98413,354.49,0.42,0.38,2024-08-17,0304,N20,VIIRS,n,2,306.55,6.27,N,0
32.72802,-16.99001,311.17,0.42,0.38,2024-08-17,0304,N20,VIIRS,n,2,295.68,56.5,N,0
32.71714,-16.98859,351.27,0.42,0.38,2024-08-17,0304,N20,VIIRS,n,2,301.31,9.15,N,0
32.71868,-16.99724,321.31,0.42,0.38,2024-08-17,0304,N20,VIIRS,n,2,296.44,14.03,N,0
32.72026,-17.00609,338.12,0.42,0.38,2024-08-17,0304,N20,VIIRS,n,2,299.74,6.89,N,0
32.72245,-17.0185,332.27,0.42,0.38,2024-08-17,0304,N20,VIIRS,n,2,299.48,3.27,N,0
32.72312,-17.0223,334.54,0.42,0.38,2024-08-17,0304,N20,VIIRS,n,2,298.06,7.11,N,0
32.71971,-16.98317,308.2,0.42,0.38,2024-08-17,0304,N20,VIIRS,n,2,297.88,6.27,N,0
32.72573,-17.01704,312.17,0.42,0.38,2024-08-17,0304,N20,VIIRS,n,2,296.72,3.27,N,0
32.7205,-16.98758,337.22,0.42,0.38,2024-08-17,0304,N20,VIIRS,n,2,303.29,9.15,N,0
32.72126,-16.99186,326.29,0.42,0.38,2024-08-17,0304,N20,VIIRS,n,2,296.67,9.15,N,0
32.72202,-16.99611,346.14,0.42,0.38,2024-08-17,0304,N20,VIIRS,n,2,307.56,14.03,N,0
32.7228,-17.00049,354.34,0.42,0.38,2024-08-17,0304,N20,VIIRS,n,2,308.89,14.03,N,0
32.72463,-16.99089,367,0.42,0.38,2024-08-17,0304,N20,VIIRS,h,2,339.38,56.5,N,0
32.72537,-16.99504,367,0.42,0.38,2024-08-17,0304,N20,VIIRS,h,2,340.05,51.99,N,0
32.72726,-16.98573,315.59,0.42,0.38,2024-08-17,0304,N20,VIIRS,n,2,294.48,56.5,N,0
32.72356,-17.0048,352.23,0.42,0.38,2024-08-17,0304,N20,VIIRS,n,2,306.31,6.89,N,0
32.72612,-16.99925,367,0.42,0.38,2024-08-17,0304,N20,VIIRS,h,2,329.65,51.99,N,0
32.72686,-17.00343,347.36,0.42,0.38,2024-08-17,0304,N20,VIIRS,n,2,303,26.56,N,0
32.7243,-17.00896,338.75,0.42,0.38,2024-08-17,0304,N20,VIIRS,n,2,300.15,6.89,N,0
32.72309,-16.98223,318.28,0.42,0.38,2024-08-17,0304,N20,VIIRS,n,2,304.71,25.3,N,0
32.72388,-16.98667,367,0.42,0.38,2024-08-17,0304,N20,VIIRS,h,2,342.87,56.5,N,0
41.9348,-8.3828,342.15,0.59,0.53,2024-08-17,1244,N20,VIIRS,n,2,295.07,6.33,D,0
41.94139,-8.37693,338.11,0.59,0.53,2024-08-17,1244,N20,VIIRS,n,2,294.97,8.14,D,0
41.93652,-8.37594,342.95,0.59,0.53,2024-08-17,1244,N20,VIIRS,n,2,294.32,6.33,D,0
41.9394,-8.3849,340.24,0.59,0.53,2024-08-17,1244,N20,VIIRS,n,2,296.95,8.14,D,0
32.71415,-16.975,338.01,0.45,0.39,2024-08-17,1422,N20,VIIRS,n,2,307.08,4.97,D,0
32.73497,-17.01086,351.46,0.45,0.39,2024-08-17,1422,N20,VIIRS,n,2,314.58,43.3,D,0
32.729,-17.00078,332.67,0.45,0.39,2024-08-17,1422,N20,VIIRS,l,2,303.81,5.92,D,0
32.73523,-16.97986,342.95,0.45,0.39,2024-08-17,1422,N20,VIIRS,n,2,312.07,16.62,D,0
32.73145,-17.0101,347.19,0.45,0.39,2024-08-17,1422,N20,VIIRS,n,2,312.08,43.3,D,0
32.7387,-16.9809,351.71,0.45,0.39,2024-08-17,1422,N20,VIIRS,n,2,316.9,16.62,D,0
32.73849,-17.01156,355.11,0.45,0.39,2024-08-17,1422,N20,VIIRS,n,2,309.83,13.91,D,0
32.73954,-17.00308,347.44,0.45,0.39,2024-08-17,1422,N20,VIIRS,n,2,317.39,10.68,D,0
32.7406,-16.99468,352.95,0.45,0.39,2024-08-17,1422,N20,VIIRS,n,2,317.35,20.18,D,0
32.74113,-16.99042,343.09,0.45,0.39,2024-08-17,1422,N20,VIIRS,n,2,310.7,16.34,D,0
32.74169,-16.98592,339.44,0.45,0.39,2024-08-17,1422,N20,VIIRS,n,2,308.2,16.34,D,0
32.69476,-16.9857,334.33,0.45,0.39,2024-08-17,1422,N20,VIIRS,l,2,308.75,6.44,D,0
32.69533,-16.98113,339.26,0.45,0.39,2024-08-17,1422,N20,VIIRS,n,2,305.21,11.87,D,0
32.69591,-16.97645,350.58,0.45,0.39,2024-08-17,1422,N20,VIIRS,n,2,308.51,11.87,D,0
32.72844,-17.00529,351.28,0.45,0.39,2024-08-17,1422,N20,VIIRS,n,2,307.74,5.92,D,0
32.6965,-16.97167,333.21,0.45,0.39,2024-08-17,1422,N20,VIIRS,l,2,304.92,5.64,D,0
32.72787,-17.00979,350.25,0.45,0.39,2024-08-17,1422,N20,VIIRS,n,2,307.22,10.8,D,0
32.69183,-16.98018,348.41,0.45,0.39,2024-08-17,1422,N20,VIIRS,n,2,306.73,11.87,D,0
32.73811,-16.98567,367,0.45,0.39,2024-08-17,1422,N20,VIIRS,l,2,327.6,58.08,D,0
32.70366,-16.97221,332.78,0.45,0.39,2024-08-17,1422,N20,VIIRS,l,2,304.69,4.57,D,0
32.72955,-16.99643,331.26,0.45,0.39,2024-08-17,1422,N20,VIIRS,l,2,306.03,4.56,D,0
32.74007,-16.99891,367,0.45,0.39,2024-08-17,1422,N20,VIIRS,h,2,312.3,20.18,D,0
32.73119,-16.98328,345.39,0.45,0.39,2024-08-17,1422,N20,VIIRS,n,2,311.58,7.57,D,0
32.73179,-16.97849,353.79,0.45,0.39,2024-08-17,1422,N20,VIIRS,n,2,313.5,20,D,0
32.73754,-16.99021,367,0.45,0.39,2024-08-17,1422,N20,VIIRS,l,2,328.92,58.08,D,0
32.7277,-16.9823,341.48,0.45,0.39,2024-08-17,1422,N20,VIIRS,n,2,309.82,7.57,D,0
32.72832,-16.97739,354.52,0.45,0.39,2024-08-17,1422,N20,VIIRS,n,2,319.02,20,D,0
32.69241,-16.97552,356.13,0.45,0.39,2024-08-17,1422,N20,VIIRS,n,2,307.06,11.87,D,0
32.69301,-16.97068,332.11,0.45,0.39,2024-08-17,1422,N20,VIIRS,n,2,303.09,5.64,D,0
32.69943,-16.9772,332.52,0.45,0.39,2024-08-17,1422,N20,VIIRS,l,2,305.12,4.79,D,0
32.74257,-17.0078,336.55,0.45,0.39,2024-08-17,1422,N20,VIIRS,n,2,304.46,10.68,D,0
32.74311,-17.00347,354.94,0.45,0.39,2024-08-17,1422,N20,VIIRS,n,2,309,10.68,D,0
32.72477,-16.97685,351.67,0.45,0.39,2024-08-17,1422,N20,VIIRS,n,2,320.16,43.58,D,0
32.73902,-17.00731,351.21,0.45,0.39,2024-08-17,1422,N20,VIIRS,n,2,320.35,10.68,D,0
37.95644,-8.83006,336.48,0.45,0.63,2024-08-17,1424,N20,VIIRS,n,2,306.03,3.99,D,0
37.95559,-8.83174,332.54,0.45,0.63,2024-08-17,1424,N20,VIIRS,l,2,305.26,4,D,0
41.93823,-8.38766,330,0.51,0.66,2024-08-17,1425,N20,VIIRS,n,2,287.95,3.88,D,0
41.83208,-8.45839,339.27,0.51,0.66,2024-08-17,1425,N20,VIIRS,n,2,288.22,5.2,D,0
41.93184,-8.38862,330.37,0.51,0.66,2024-08-17,1425,N20,VIIRS,n,2,288.04,3.63,D,0
41.93801,-8.38794,333.03,0.51,0.66,2024-08-17,1425,N20,VIIRS,n,2,287.91,8.18,D,0
41.89456,-8.41248,367,0.51,0.66,2024-08-17,1425,N20,VIIRS,h,2,290.48,12.01,D,0
41.83202,-8.46112,344.72,0.51,0.66,2024-08-17,1425,N20,VIIRS,n,2,288.95,6.85,D,0
41.93206,-8.38825,335.98,0.51,0.66,2024-08-17,1425,N20,VIIRS,n,2,288.98,3.88,D,0
41.75881,-8.54492,342.32,0.43,0.38,2024-08-18,0242,N20,VIIRS,n,2,292.44,13.32,N,0
41.75792,-8.54014,315.54,0.43,0.38,2024-08-18,0242,N20,VIIRS,n,2,288.53,4.56,N,0
38.63062,-9.07843,304.45,0.46,0.39,2024-08-18,0243,N20,VIIRS,n,2,293.82,0.8,N,2
32.73,-17.00158,321.59,0.41,0.37,2024-08-18,0245,N20,VIIRS,n,2,297.69,2.98,N,0
32.69039,-17.01847,312.87,0.41,0.37,2024-08-18,0245,N20,VIIRS,n,2,292.35,1.95,N,0
32.68894,-16.98254,355.4,0.41,0.37,2024-08-18,0245,N20,VIIRS,n,2,305.35,7.65,N,0
32.68954,-16.98695,367,0.41,0.37,2024-08-18,0245,N20,VIIRS,h,2,307.01,31.53,N,0
32.69316,-17.01324,347.95,0.41,0.37,2024-08-18,0245,N20,VIIRS,n,2,297.77,5.75,N,0
32.69377,-17.01764,331.92,0.41,0.37,2024-08-18,0245,N20,VIIRS,n,2,293.69,5.75,N,0
32.69112,-16.97299,343.38,0.41,0.37,2024-08-18,0245,N20,VIIRS,n,2,303.66,22.91,N,0
32.69171,-16.97729,345.97,0.41,0.37,2024-08-18,0245,N20,VIIRS,n,2,299.33,7.65,N,0
32.69231,-16.98164,325.91,0.41,0.37,2024-08-18,0245,N20,VIIRS,n,2,299.76,7.65,N,0
32.69292,-16.98604,343.56,0.41,0.37,2024-08-18,0245,N20,VIIRS,n,2,319.06,31.53,N,0
32.69448,-16.97211,318.15,0.41,0.37,2024-08-18,0245,N20,VIIRS,n,2,297.62,4.18,N,0
32.69392,-16.96803,331.55,0.41,0.37,2024-08-18,0245,N20,VIIRS,n,2,296.17,4.18,N,0
32.69788,-16.97143,308.86,0.41,0.37,2024-08-18,0245,N20,VIIRS,n,2,297.62,4.18,N,0
32.69732,-16.96737,342.66,0.41,0.37,2024-08-18,0245,N20,VIIRS,n,2,300.93,4.18,N,0
32.70073,-16.96677,309.44,0.41,0.37,2024-08-18,0245,N20,VIIRS,n,2,295.39,1.82,N,0
32.72171,-16.96708,335.53,0.41,0.37,2024-08-18,0245,N20,VIIRS,n,2,299.46,4.03,N,0
32.72908,-16.9698,309.78,0.41,0.37,2024-08-18,0245,N20,VIIRS,n,2,297.15,2.72,N,0
32.73656,-17.02368,309.26,0.41,0.37,2024-08-18,0245,N20,VIIRS,n,2,297.07,13.47,N,0
32.73714,-17.02784,314.2,0.41,0.37,2024-08-18,0245,N20,VIIRS,n,2,297.99,13.47,N,0
32.72851,-16.96572,321.27,0.41,0.37,2024-08-18,0245,N20,VIIRS,n,2,298.55,2.68,N,0
32.73336,-17.00059,341.88,0.41,0.37,2024-08-18,0245,N20,VIIRS,n,2,301.79,8.42,N,0
32.7367,-16.99952,303.89,0.41,0.37,2024-08-18,0245,N20,VIIRS,n,2,292.65,8.42,N,0
32.73994,-17.02283,327.24,0.41,0.37,2024-08-18,0245,N20,VIIRS,n,2,303.58,13.47,N,0
32.74052,-17.02698,351.89,0.41,0.37,2024-08-18,0245,N20,VIIRS,n,2,311.35,13.47,N,0
32.74109,-17.03113,330.77,0.41,0.37,2024-08-18,0245,N20,VIIRS,n,2,299.57,10.15,N,0
32.74272,-17.01762,309.42,0.41,0.37,2024-08-18,0245,N20,VIIRS,n,2,297.7,2.73,N,0
32.74447,-17.03027,316.28,0.41,0.37,2024-08-18,0245,N20,VIIRS,n,2,296.52,11.42,N,0
32.74332,-17.02198,328.19,0.41,0.37,2024-08-18,0245,N20,VIIRS,n,2,319.36,51.75,N,0
32.7439,-17.02612,347.32,0.41,0.37,2024-08-18,0245,N20,VIIRS,n,2,315.32,51.75,N,0
32.73923,-16.96756,308.64,0.41,0.37,2024-08-18,0245,N20,VIIRS,n,2,296.52,2.85,N,0
32.7398,-16.97159,332.43,0.41,0.37,2024-08-18,0245,N20,VIIRS,n,2,299.94,2.85,N,0
32.74548,-17.01235,322.76,0.41,0.37,2024-08-18,0245,N20,VIIRS,n,2,299.19,2.73,N,0
32.74437,-16.97937,314.99,0.41,0.37,2024-08-18,0245,N20,VIIRS,n,2,295.19,5.63,N,0
32.74498,-16.98378,316.78,0.41,0.37,2024-08-18,0245,N20,VIIRS,n,2,293.76,3.56,N,0
32.74561,-16.9883,311.46,0.41,0.37,2024-08-18,0245,N20,VIIRS,n,2,294,3.56,N,0
32.74627,-16.993,307.97,0.41,0.37,2024-08-18,0245,N20,VIIRS,n,2,295.04,1.6,N,0
32.74694,-16.99773,310.22,0.41,0.37,2024-08-18,0245,N20,VIIRS,n,2,298.74,1.6,N,0
32.74757,-17.00229,313.1,0.41,0.37,2024-08-18,0245,N20,VIIRS,n,2,298.7,1.64,N,0
32.74319,-16.97095,333.86,0.41,0.37,2024-08-18,0245,N20,VIIRS,n,2,299.98,5.17,N,0
32.74378,-16.97513,329.79,0.41,0.37,2024-08-18,0245,N20,VIIRS,n,2,297.94,5.63,N,0
32.74946,-17.01584,321.91,0.41,0.37,2024-08-18,0245,N20,VIIRS,n,2,294.92,1.5,N,0
32.74964,-16.99208,306.94,0.41,0.37,2024-08-18,0245,N20,VIIRS,n,2,294.26,1.6,N,0
32.75092,-17.00129,314.41,0.41,0.37,2024-08-18,0245,N20,VIIRS,n,2,296.04,1.64,N,0
32.75156,-17.00583,307.7,0.41,0.37,2024-08-18,0245,N20,VIIRS,n,2,295.53,1.64,N,0
32.7522,-17.01041,308.43,0.41,0.37,2024-08-18,0245,N20,VIIRS,n,2,293.52,1.5,N,0
32.75282,-17.01487,304.71,0.41,0.37,2024-08-18,0245,N20,VIIRS,n,2,291.62,1.5,N,0
32.74775,-16.9786,342.87,0.41,0.37,2024-08-18,0245,N20,VIIRS,n,2,301.5,5.63,N,0
32.74835,-16.98292,344.34,0.41,0.37,2024-08-18,0245,N20,VIIRS,n,2,298.46,3.56,N,0
32.74898,-16.98742,326.61,0.41,0.37,2024-08-18,0245,N20,VIIRS,n,2,297.25,3.56,N,0
32.75233,-16.9864,311.97,0.41,0.37,2024-08-18,0245,N20,VIIRS,n,2,294.17,7.26,N,0
32.75298,-16.99108,306.49,0.41,0.37,2024-08-18,0245,N20,VIIRS,n,2,292.64,1.6,N,0
32.75364,-16.99577,306.74,0.41,0.37,2024-08-18,0245,N20,VIIRS,n,2,293.84,1.6,N,0
32.7543,-17.00045,309.38,0.41,0.37,2024-08-18,0245,N20,VIIRS,n,2,292.97,0.94,N,0
32.75493,-17.00498,306.27,0.41,0.37,2024-08-18,0245,N20,VIIRS,n,2,292.07,0.94,N,0
32.75169,-16.98184,339.02,0.41,0.37,2024-08-18,0245,N20,VIIRS,n,2,298.46,7.26,N,0
32.75506,-16.98101,338,0.41,0.37,2024-08-18,0245,N20,VIIRS,n,2,294.32,7.26,N,0
32.7557,-16.98556,354.94,0.41,0.37,2024-08-18,0245,N20,VIIRS,n,2,299.34,7.26,N,0
32.75911,-16.98499,307.94,0.41,0.37,2024-08-18,0245,N20,VIIRS,n,2,290.18,1.21,N,0
32.73685,-17.05154,338.79,0.4,0.37,2024-08-18,1403,N20,VIIRS,n,2,305.26,8.48,D,0
32.7362,-17.05552,367,0.4,0.37,2024-08-18,1403,N20,VIIRS,l,2,340.31,78.99,D,0
32.73953,-17.05618,367,0.4,0.37,2024-08-18,1403,N20,VIIRS,h,2,332.87,41.65,D,0
32.75175,-16.98129,346.51,0.4,0.37,2024-08-18,1403,N20,VIIRS,n,2,311.47,8.25,D,0
32.74212,-17.04044,343.22,0.4,0.37,2024-08-18,1403,N20,VIIRS,n,2,316.06,17.5,D,0
32.74149,-17.04426,353.07,0.4,0.37,2024-08-18,1403,N20,VIIRS,n,2,321.75,17.5,D,0
32.74084,-17.04817,338.95,0.4,0.37,2024-08-18,1403,N20,VIIRS,n,2,305.24,12.34,D,0
32.74019,-17.05213,356.12,0.4,0.37,2024-08-18,1403,N20,VIIRS,n,2,326.72,12.34,D,0
32.73883,-17.06041,351.5,0.4,0.37,2024-08-18,1403,N20,VIIRS,l,2,342.45,41.65,D,0
32.75507,-16.98199,341.95,0.4,0.37,2024-08-18,1403,N20,VIIRS,l,2,313.84,8.25,D,0
32.69106,-17.01627,334.44,0.4,0.37,2024-08-18,1403,N20,VIIRS,l,2,306.68,36.47,D,0
32.73278,-17.0345,346.14,0.4,0.37,2024-08-18,1403,N20,VIIRS,n,2,307.95,86.15,D,0
32.73676,-17.03129,351.62,0.4,0.37,2024-08-18,1403,N20,VIIRS,n,2,318.74,37.36,D,0
32.73284,-17.05506,337.36,0.4,0.37,2024-08-18,1403,N20,VIIRS,n,2,308.21,78.99,D,0
32.73942,-17.03596,367,0.4,0.37,2024-08-18,1403,N20,VIIRS,h,2,316.66,37.36,D,0
32.7481,-17.02495,355.65,0.4,0.37,2024-08-18,1403,N20,VIIRS,n,2,306.14,13.99,D,0
32.74419,-17.04868,356.05,0.4,0.37,2024-08-18,1403,N20,VIIRS,n,2,330.14,12.34,D,0
32.74485,-17.04465,352.19,0.4,0.37,2024-08-18,1403,N20,VIIRS,l,2,326.7,17.5,D,0
32.74743,-17.02902,345.5,0.4,0.37,2024-08-18,1403,N20,VIIRS,n,2,315.49,13.99,D,0
32.75407,-17.03043,340.07,0.4,0.37,2024-08-18,1403,N20,VIIRS,n,2,301.52,57.4,D,0
32.74685,-17.05346,332.73,0.4,0.37,2024-08-18,1403,N20,VIIRS,n,2,302.03,4.3,D,0
32.74752,-17.04931,340.77,0.4,0.37,2024-08-18,1403,N20,VIIRS,n,2,303.4,4.3,D,0
32.75076,-17.0297,367,0.4,0.37,2024-08-18,1403,N20,VIIRS,h,2,348.05,57.4,D,0
32.74284,-17.05692,367,0.4,0.37,2024-08-18,1403,N20,VIIRS,l,2,333.45,41.65,D,0
32.74352,-17.05275,355.22,0.4,0.37,2024-08-18,1403,N20,VIIRS,n,2,321.53,12.34,D,0
32.7355,-17.05976,367,0.4,0.37,2024-08-18,1403,N20,VIIRS,h,2,348.09,78.99,D,0
32.7348,-17.0641,367,0.4,0.37,2024-08-18,1403,N20,VIIRS,h,2,354.05,142.81,D,0
32.73878,-17.0399,354.11,0.4,0.37,2024-08-18,1403,N20,VIIRS,n,2,311.15,19.94,D,0
41.65299,-7.50511,298.95,0.38,0.36,2024-08-19,0223,N20,VIIRS,n,2,288.38,0.42,N,0
41.82345,-8.36934,300.88,0.39,0.36,2024-08-19,0223,N20,VIIRS,n,2,290.12,0.37,N,0
41.98557,-8.66592,303.25,0.4,0.37,2024-08-19,0223,N20,VIIRS,n,2,289.19,0.56,N,0
38.62989,-9.07701,312.9,0.39,0.36,2024-08-19,0224,N20,VIIRS,n,2,294.64,1,N,2
32.72147,-17.07582,327.15,0.45,0.47,2024-08-19,0226,N20,VIIRS,n,2,293.62,3.34,N,0
32.72086,-17.06963,328.9,0.45,0.47,2024-08-19,0226,N20,VIIRS,n,2,294.55,3.55,N,0
32.71799,-17.04091,344.64,0.45,0.47,2024-08-19,0226,N20,VIIRS,n,2,301.71,7.57,N,0
32.71898,-17.05078,317.04,0.45,0.47,2024-08-19,0226,N20,VIIRS,n,2,296.54,3.18,N,0
32.71849,-17.04587,316.37,0.45,0.47,2024-08-19,0226,N20,VIIRS,n,2,297.27,3.18,N,0
32.71757,-17.03667,318.56,0.45,0.47,2024-08-19,0226,N20,VIIRS,n,2,295.95,7.57,N,0
32.71476,-17.05236,333.36,0.45,0.47,2024-08-19,0226,N20,VIIRS,n,2,294.79,3.18,N,0
32.71429,-17.04759,327.07,0.45,0.47,2024-08-19,0226,N20,VIIRS,n,2,295.5,3.18,N,0
32.71379,-17.04256,367,0.45,0.47,2024-08-19,0226,N20,VIIRS,h,2,302.71,7.57,N,0
32.71329,-17.03751,312.6,0.45,0.47,2024-08-19,0226,N20,VIIRS,n,2,295.46,7.57,N,0
32.68861,-16.96435,307.07,0.45,0.47,2024-08-19,0226,N20,VIIRS,n,2,294.59,1.28,N,0
32.68999,-17.02243,335.63,0.45,0.47,2024-08-19,0226,N20,VIIRS,n,2,293.89,2.99,N,0
32.68951,-17.01751,326.23,0.45,0.47,2024-08-19,0226,N20,VIIRS,n,2,295.65,4.99,N,0
32.68576,-17.02382,323.93,0.45,0.47,2024-08-19,0226,N20,VIIRS,n,2,293.96,2.99,N,0
32.72507,-17.06799,329.84,0.45,0.47,2024-08-19,0226,N20,VIIRS,n,2,296.69,9.43,N,0
32.72569,-17.07432,330.86,0.45,0.47,2024-08-19,0226,N20,VIIRS,n,2,297.22,3.29,N,0
32.72744,-17.04801,304.24,0.45,0.47,2024-08-19,0226,N20,VIIRS,n,2,294.24,1.96,N,0
32.72831,-17.05672,343.74,0.45,0.47,2024-08-19,0226,N20,VIIRS,n,2,312.15,62.09,N,0
32.72874,-17.06095,329.05,0.45,0.47,2024-08-19,0226,N20,VIIRS,n,2,292.66,9.43,N,0
32.7299,-17.07269,320.92,0.45,0.47,2024-08-19,0226,N20,VIIRS,n,2,295.61,3.29,N,0
32.73416,-17.07153,307.81,0.45,0.47,2024-08-19,0226,N20,VIIRS,n,2,295.2,3.2,N,0
32.73482,-17.07815,310.63,0.45,0.47,2024-08-19,0226,N20,VIIRS,n,2,295.73,3.2,N,0
32.7321,-17.05095,337.61,0.45,0.47,2024-08-19,0226,N20,VIIRS,n,2,296.83,4.03,N,0
32.7325,-17.05491,320.66,0.45,0.47,2024-08-19,0226,N20,VIIRS,n,2,295.29,4.03,N,0
32.73836,-17.06975,315.63,0.45,0.47,2024-08-19,0226,N20,VIIRS,n,2,295.78,3.2,N,0
32.73899,-17.07608,348.94,0.45,0.47,2024-08-19,0226,N20,VIIRS,n,2,300.7,3.2,N,0
32.73948,-17.08088,353.94,0.45,0.47,2024-08-19,0226,N20,VIIRS,n,2,301.77,25.68,N,0
32.73989,-17.08502,354.3,0.45,0.47,2024-08-19,0226,N20,VIIRS,n,2,311.27,25.68,N,0
32.74029,-17.08904,344.47,0.46,0.47,2024-08-19,0226,N20,VIIRS,n,2,299.81,20.29,N,0
32.74094,-17.05201,301.17,0.45,0.47,2024-08-19,0226,N20,VIIRS,n,2,290.76,2.16,N,0
32.74248,-17.06726,303.62,0.45,0.47,2024-08-19,0226,N20,VIIRS,n,2,292.59,28.71,N,0
32.74023,-17.04497,320.42,0.45,0.47,2024-08-19,0226,N20,VIIRS,n,2,294.29,3.03,N,0
32.74303,-17.07275,346.59,0.45,0.47,2024-08-19,0226,N20,VIIRS,n,2,301.23,28.71,N,0
32.74355,-17.07782,327.38,0.45,0.47,2024-08-19,0226,N20,VIIRS,n,2,299.66,13.11,N,0
32.74401,-17.08243,322.52,0.45,0.47,2024-08-19,0226,N20,VIIRS,n,2,297.27,13.11,N,0
32.74447,-17.08705,345.64,0.46,0.47,2024-08-19,0226,N20,VIIRS,n,2,298.25,27.06,N,0
32.74769,-17.07557,345.17,0.45,0.47,2024-08-19,0226,N20,VIIRS,n,2,297.18,13.11,N,0
32.7482,-17.08056,338.76,0.45,0.47,2024-08-19,0226,N20,VIIRS,n,2,293.16,13.11,N,0
32.74907,-17.04598,307.79,0.45,0.47,2024-08-19,0226,N20,VIIRS,n,2,290.82,1.13,N,0
32.75146,-17.06965,300.25,0.45,0.47,2024-08-19,0226,N20,VIIRS,n,2,289.56,1.1,N,0
32.75102,-17.02226,337.82,0.45,0.47,2024-08-19,0226,N20,VIIRS,n,2,295.16,5.94,N,0
32.75146,-17.0266,323.03,0.45,0.47,2024-08-19,0226,N20,VIIRS,n,2,297.09,5.94,N,0
32.75991,-16.98152,308.93,0.45,0.47,2024-08-19,0226,N20,VIIRS,n,2,292.22,1.87,N,0
32.76035,-16.98579,336.02,0.45,0.47,2024-08-19,0226,N20,VIIRS,n,2,293.24,4.08,N,0
32.7589,-16.98905,315.03,0.45,0.47,2024-08-19,0226,N20,VIIRS,n,2,290.26,2.7,N,0
32.75837,-16.98344,335.15,0.45,0.47,2024-08-19,0226,N20,VIIRS,n,2,294.05,5.42,N,0
32.75187,-16.97916,333.19,0.4,0.44,2024-08-19,1345,N20,VIIRS,n,2,306.59,23.67,D,0
32.74978,-17.07181,351.39,0.41,0.45,2024-08-19,1345,N20,VIIRS,n,2,313.55,9.69,D,0
32.73699,-17.09289,344.26,0.41,0.45,2024-08-19,1345,N20,VIIRS,n,2,316.14,36.07,D,0
32.73772,-17.08936,342.96,0.41,0.45,2024-08-19,1345,N20,VIIRS,n,2,307.56,36.07,D,0
32.73505,-17.08173,348.73,0.41,0.45,2024-08-19,1345,N20,VIIRS,n,2,305.56,9.05,D,0
32.75261,-16.97559,354.77,0.4,0.44,2024-08-19,1345,N20,VIIRS,n,2,310.02,23.67,D,0
32.74844,-16.97539,367,0.4,0.44,2024-08-19,1345,N20,VIIRS,h,2,307.92,14.35,D,0
32.71878,-17.07843,329.93,0.41,0.45,2024-08-19,1345,N20,VIIRS,n,2,299.93,5.26,D,0
32.71988,-17.07309,347.22,0.41,0.45,2024-08-19,1345,N20,VIIRS,n,2,302.6,10.87,D,0
32.7148,-17.03625,330.59,0.4,0.45,2024-08-19,1345,N20,VIIRS,l,2,303.17,2.09,D,0
32.70974,-17.04025,341.59,0.4,0.45,2024-08-19,1345,N20,VIIRS,n,2,302.51,9.66,D,0
41.54441,-8.25799,334,0.51,0.41,2024-08-19,1347,N20,VIIRS,n,2,305.22,6.43,D,0
38.78191,-27.18688,329.87,0.34,0.56,2024-08-19,1527,N20,VIIRS,n,2,290.03,2.11,D,0
32.73317,-17.09347,346.51,0.43,0.62,2024-08-20,0207,N20,VIIRS,n,2,293.52,3.3,N,0
32.74271,-16.96779,304.48,0.43,0.62,2024-08-20,0207,N20,VIIRS,n,2,292.05,6.21,N,0
32.74292,-16.97111,309.21,0.43,0.62,2024-08-20,0207,N20,VIIRS,n,2,291.53,3.66,N,0
32.74314,-16.97463,302.72,0.43,0.62,2024-08-20,0207,N20,VIIRS,n,2,290.65,3.66,N,0
32.749,-16.97685,308.86,0.43,0.62,2024-08-20,0207,N20,VIIRS,n,2,290.93,3.46,N,0
32.74812,-16.96282,321.22,0.42,0.61,2024-08-20,0207,N20,VIIRS,n,2,293.37,6.21,N,0
32.74879,-16.97355,338.06,0.43,0.62,2024-08-20,0207,N20,VIIRS,n,2,294.09,3.66,N,0
32.74858,-16.97022,328.08,0.43,0.62,2024-08-20,0207,N20,VIIRS,n,2,293.8,3.66,N,0
32.75444,-16.97239,352.6,0.43,0.62,2024-08-20,0207,N20,VIIRS,n,2,292.27,13.02,N,0
32.75424,-16.96924,354.05,0.43,0.62,2024-08-20,0207,N20,VIIRS,n,2,298.43,13.02,N,0
32.7548,-16.97804,301.59,0.43,0.62,2024-08-20,0207,N20,VIIRS,n,2,288.92,1.73,N,0
32.75461,-16.97512,308.53,0.43,0.62,2024-08-20,0207,N20,VIIRS,n,2,289.85,1.73,N,0
32.754,-16.9654,307.71,0.43,0.62,2024-08-20,0207,N20,VIIRS,n,2,290.96,5.33,N,0
32.72754,-17.09572,314.22,0.43,0.62,2024-08-20,0207,N20,VIIRS,n,2,290.63,3.3,N,0
32.74836,-16.96663,367,0.43,0.62,2024-08-20,0207,N20,VIIRS,h,2,298.18,6.21,N,0
32.72784,-17.10057,325.76,0.43,0.62,2024-08-20,0207,N20,VIIRS,n,2,289.46,3.3,N,0
32.7334,-17.09735,314.92,0.43,0.62,2024-08-20,0207,N20,VIIRS,n,2,289.13,3.3,N,0
32.73142,-17.09361,316.82,0.52,0.66,2024-08-20,0348,N20,VIIRS,n,2,289.37,2.42,N,0
32.72893,-17.09056,340.54,0.52,0.67,2024-08-20,0348,N20,VIIRS,n,2,292.49,11.84,N,0
32.73114,-17.09872,367,0.52,0.66,2024-08-20,0348,N20,VIIRS,h,2,289.52,11.84,N,0
32.73537,-17.09057,306.56,0.52,0.67,2024-08-20,0348,N20,VIIRS,n,2,288.93,1.5,N,0
32.72848,-17.08301,318.17,0.52,0.67,2024-08-20,0348,N20,VIIRS,n,2,289.8,2.42,N,0
32.7332,-17.1,298.36,0.52,0.66,2024-08-20,0348,N20,VIIRS,n,2,287.71,1.65,N,0
32.74554,-16.98087,335.87,0.52,0.67,2024-08-20,0348,N20,VIIRS,n,2,291.58,5.54,N,0
32.75007,-16.97377,300.77,0.52,0.67,2024-08-20,0348,N20,VIIRS,n,2,289.9,1.21,N,0
32.75549,-16.9699,301.74,0.52,0.67,2024-08-20,0348,N20,VIIRS,n,2,286.51,1.21,N,0
32.71404,-17.08315,311.76,0.52,0.67,2024-08-20,0348,N20,VIIRS,n,2,289.92,1.63,N,0
32.71685,-17.06979,307.85,0.52,0.67,2024-08-20,0348,N20,VIIRS,n,2,289.93,6.08,N,0
32.71899,-17.07765,307.78,0.52,0.67,2024-08-20,0348,N20,VIIRS,n,2,289.3,4.2,N,0
32.72061,-17.08364,308.45,0.52,0.67,2024-08-20,0348,N20,VIIRS,n,2,290.82,4.2,N,0
32.72275,-17.09153,318.04,0.52,0.67,2024-08-20,0348,N20,VIIRS,n,2,289.71,11.84,N,0
32.71795,-17.07383,352.95,0.52,0.67,2024-08-20,0348,N20,VIIRS,n,2,292.55,6.08,N,0
32.72649,-17.08153,323.8,0.52,0.67,2024-08-20,0348,N20,VIIRS,n,2,290.42,4.2,N,0
32.73426,-17.0907,340.6,0.38,0.58,2024-08-20,1326,N20,VIIRS,n,2,302.92,6.63,D,0
32.75849,-16.96893,332.07,0.37,0.58,2024-08-20,1326,N20,VIIRS,n,2,297.38,15.56,D,0
32.75521,-16.95959,353.78,0.37,0.58,2024-08-20,1326,N20,VIIRS,n,2,311.89,46.36,D,0
32.75422,-16.96361,367,0.37,0.58,2024-08-20,1326,N20,VIIRS,h,2,308.5,15.56,D,0
32.74984,-16.95879,329.96,0.37,0.58,2024-08-20,1326,N20,VIIRS,n,2,300.33,3.31,D,0
32.72793,-17.09366,330.59,0.38,0.58,2024-08-20,1326,N20,VIIRS,l,2,305.05,4.38,D,0
32.7287,-17.09052,353.2,0.38,0.58,2024-08-20,1326,N20,VIIRS,n,2,301.22,4.38,D,0
41.85126,-8.38362,333.07,0.39,0.36,2024-08-20,1328,N20,VIIRS,n,2,303.89,1.92,D,0
32.74866,-16.96288,336.76,0.62,0.71,2024-08-20,1506,N20,VIIRS,n,2,297.43,40.9,D,0
32.75519,-16.96512,344.28,0.62,0.71,2024-08-20,1506,N20,VIIRS,n,2,305.89,40.9,D,0
32.75542,-16.95871,367,0.62,0.71,2024-08-20,1506,N20,VIIRS,h,2,305.07,39.39,D,0
32.74888,-16.95669,330.51,0.62,0.71,2024-08-20,1506,N20,VIIRS,n,2,298.06,39.39,D,0
32.75663,-16.96485,344.24,0.62,0.71,2024-08-20,1506,N20,VIIRS,n,2,298.96,28.09,D,0
32.75689,-16.95865,355.16,0.62,0.71,2024-08-20,1506,N20,VIIRS,n,2,303.22,28.09,D,0
32.75009,-16.96333,347.93,0.62,0.71,2024-08-20,1506,N20,VIIRS,n,2,306.4,28.09,D,0
32.75034,-16.95708,367,0.62,0.71,2024-08-20,1506,N20,VIIRS,h,2,299.98,28.09,D,0
41.93629,-8.48983,305.91,0.32,0.55,2024-08-21,0146,N20,VIIRS,n,2,287.52,0.53,N,0
41.98266,-8.58693,296.48,0.32,0.55,2024-08-21,0146,N20,VIIRS,n,2,283.45,11.02,N,0
41.99748,-8.57896,327.69,0.32,0.55,2024-08-21,0146,N20,VIIRS,n,2,283.49,1.66,N,0
41.99274,-8.58489,322.9,0.32,0.55,2024-08-21,0146,N20,VIIRS,n,2,286.98,1.3,N,0
41.99244,-8.57992,318.17,0.32,0.55,2024-08-21,0146,N20,VIIRS,n,2,282.14,1.3,N,0
41.98712,-8.57617,326.69,0.32,0.55,2024-08-21,0146,N20,VIIRS,n,2,291.14,1.45,N,0
41.98743,-8.58128,295.22,0.32,0.55,2024-08-21,0146,N20,VIIRS,n,2,284.32,1.3,N,0
41.98681,-8.57093,314.64,0.32,0.55,2024-08-21,0146,N20,VIIRS,n,2,289.73,1.45,N,0
41.98236,-8.5819,367,0.32,0.55,2024-08-21,0146,N20,VIIRS,h,2,291.26,11.02,N,0
41.98206,-8.57668,351.1,0.32,0.55,2024-08-21,0146,N20,VIIRS,n,2,299.89,7.48,N,0
39.6296,-8.53776,309.84,0.61,0.53,2024-08-21,0146,N20,VIIRS,n,2,290.29,0.99,N,0
39.51065,-8.64482,310.45,0.62,0.54,2024-08-21,0146,N20,VIIRS,n,2,295.29,2.31,N,0
39.50991,-8.64387,305.94,0.62,0.54,2024-08-21,0146,N20,VIIRS,n,2,294.31,2.99,N,0
41.94132,-8.48916,305.12,0.32,0.55,2024-08-21,0146,N20,VIIRS,n,2,287.51,0.42,N,0
41.96738,-8.58715,307.85,0.32,0.55,2024-08-21,0146,N20,VIIRS,n,2,288.12,2.17,N,0
41.96767,-8.59217,313.3,0.32,0.55,2024-08-21,0146,N20,VIIRS,n,2,285.09,3.01,N,0
41.97249,-8.58731,317.5,0.32,0.55,2024-08-21,0146,N20,VIIRS,n,2,289.02,2.17,N,0
41.97279,-8.59248,350.94,0.32,0.55,2024-08-21,0146,N20,VIIRS,n,2,287.25,3.01,N,0
41.97697,-8.57686,328.77,0.32,0.55,2024-08-21,0146,N20,VIIRS,n,2,289.22,7.48,N,0
41.97728,-8.58211,324.54,0.32,0.55,2024-08-21,0146,N20,VIIRS,n,2,292.32,11.02,N,0
41.97758,-8.5873,344.82,0.32,0.55,2024-08-21,0146,N20,VIIRS,n,2,301,11.02,N,0
41.97788,-8.59237,367,0.32,0.55,2024-08-21,0146,N20,VIIRS,h,2,292.55,23.52,N,0
41.98174,-8.57136,300.01,0.32,0.55,2024-08-21,0146,N20,VIIRS,n,2,288.35,7.48,N,0
41.99635,-8.57803,324.82,0.45,0.63,2024-08-21,0326,N20,VIIRS,n,2,291.27,1.88,N,0
41.98499,-8.58194,319.9,0.45,0.63,2024-08-21,0326,N20,VIIRS,n,2,289.07,6.29,N,0
41.98272,-8.57419,303.56,0.45,0.63,2024-08-21,0326,N20,VIIRS,n,2,288.48,3.81,N,0
41.98063,-8.58839,367,0.45,0.63,2024-08-21,0326,N20,VIIRS,h,2,292.89,21.72,N,0
41.97947,-8.58444,348.87,0.45,0.63,2024-08-21,0326,N20,VIIRS,n,2,292.71,6.29,N,0
41.99187,-8.58409,301.91,0.45,0.63,2024-08-21,0326,N20,VIIRS,n,2,288.54,1.98,N,0
41.97833,-8.58056,305.88,0.45,0.63,2024-08-21,0326,N20,VIIRS,n,2,289.51,6.29,N,0
41.97517,-8.59106,367,0.45,0.63,2024-08-21,0326,N20,VIIRS,h,2,296.58,5.13,N,0
41.97633,-8.59505,318.96,0.45,0.63,2024-08-21,0326,N20,VIIRS,n,2,289.7,5.13,N,0
41.97402,-8.58718,306.33,0.45,0.63,2024-08-21,0326,N20,VIIRS,n,2,289.89,6.1,N,0
41.96977,-8.59399,309.95,0.45,0.63,2024-08-21,0326,N20,VIIRS,n,2,288.47,5.13,N,0
40.28858,-8.42138,299.94,0.51,0.66,2024-08-21,0326,N20,VIIRS,n,2,289.55,0.79,N,2
41.99066,-8.57996,298.33,0.45,0.63,2024-08-21,0326,N20,VIIRS,n,2,288.1,1.88,N,0
41.98385,-8.57805,341.94,0.45,0.63,2024-08-21,0326,N20,VIIRS,n,2,292.3,6.29,N,0
32.75817,-16.96194,304.29,0.56,0.52,2024-08-21,0329,N20,VIIRS,n,2,290.81,4.96,N,0
32.71636,-17.08952,303.37,0.55,0.51,2024-08-21,0329,N20,VIIRS,n,2,290.23,3.6,N,0
32.71374,-17.07818,329.48,0.56,0.51,2024-08-21,0329,N20,VIIRS,n,2,292.11,4.95,N,0
32.7149,-17.08321,331.94,0.56,0.51,2024-08-21,0329,N20,VIIRS,n,2,290.53,3.6,N,0
32.7472,-16.96684,339.05,0.56,0.52,2024-08-21,0329,N20,VIIRS,n,2,292.46,7.18,N,0
32.75046,-16.95952,305.49,0.56,0.52,2024-08-21,0329,N20,VIIRS,n,2,294,34.65,N,0
32.74799,-16.94868,322.3,0.57,0.52,2024-08-21,0329,N20,VIIRS,n,2,308.33,83.85,N,0
32.74919,-16.95394,355.04,0.56,0.52,2024-08-21,0329,N20,VIIRS,n,2,298.37,34.65,N,0
32.75188,-16.96572,337.05,0.56,0.52,2024-08-21,0329,N20,VIIRS,n,2,297.35,7.18,N,0
32.75163,-16.94304,317.14,0.57,0.52,2024-08-21,0329,N20,VIIRS,n,2,292.01,30.69,N,0
32.75652,-16.9644,301.76,0.56,0.52,2024-08-21,0329,N20,VIIRS,n,2,291.35,5.84,N,0
32.7528,-16.94815,331.51,0.57,0.52,2024-08-21,0329,N20,VIIRS,n,2,315.26,30.69,N,0
32.75399,-16.95335,367,0.56,0.52,2024-08-21,0329,N20,VIIRS,h,2,304.39,20.07,N,0
32.75522,-16.95875,321.73,0.56,0.52,2024-08-21,0329,N20,VIIRS,n,2,293.04,20.07,N,0
32.75753,-16.94722,315.63,0.57,0.52,2024-08-21,0329,N20,VIIRS,n,2,294.55,30.69,N,0
32.75869,-16.95231,316,0.56,0.52,2024-08-21,0329,N20,VIIRS,n,2,291.28,20.07,N,0
32.75987,-16.95748,304,0.56,0.52,2024-08-21,0329,N20,VIIRS,n,2,291.14,20.07,N,0
32.7552,-16.93706,340.4,0.57,0.52,2024-08-21,0329,N20,VIIRS,n,2,299.21,28.8,N,0
32.75637,-16.94216,350.2,0.57,0.52,2024-08-21,0329,N20,VIIRS,n,2,297.51,30.69,N,0
32.76108,-16.96275,352.59,0.56,0.52,2024-08-21,0329,N20,VIIRS,n,2,294.41,5.84,N,0
32.76234,-16.96832,328.42,0.56,0.52,2024-08-21,0329,N20,VIIRS,n,2,289.17,5.84,N,0
32.761,-16.9408,337.78,0.57,0.52,2024-08-21,0329,N20,VIIRS,n,2,292.34,12.28,N,0
32.76218,-16.94597,348.34,0.57,0.52,2024-08-21,0329,N20,VIIRS,n,2,293.58,12.28,N,0
32.76334,-16.95103,330.04,0.56,0.52,2024-08-21,0329,N20,VIIRS,n,2,289.69,5.37,N,0
32.76445,-16.95588,327.23,0.56,0.52,2024-08-21,0329,N20,VIIRS,n,2,293.67,5.37,N,0
32.76551,-16.96054,328.43,0.56,0.52,2024-08-21,0329,N20,VIIRS,n,2,289.92,4.87,N,0
32.75691,-16.9566,315.81,0.56,0.52,2024-08-21,0329,N20,VIIRS,n,2,292.44,4.96,N,0
32.75209,-16.9361,334.57,0.57,0.52,2024-08-21,0329,N20,VIIRS,n,2,291.34,12.23,N,0
32.7533,-16.94124,350.79,0.57,0.52,2024-08-21,0329,N20,VIIRS,n,2,293.56,12.23,N,0
32.75449,-16.9463,349.26,0.56,0.52,2024-08-21,0329,N20,VIIRS,n,2,299.76,21.71,N,0
32.75569,-16.9514,349.03,0.56,0.52,2024-08-21,0329,N20,VIIRS,n,2,298.56,21.71,N,0
32.75953,-16.96774,333.38,0.56,0.52,2024-08-21,0329,N20,VIIRS,n,2,290.02,6.35,N,0
32.75677,-16.93492,307.01,0.57,0.52,2024-08-21,0329,N20,VIIRS,n,2,288.59,12.23,N,0
32.76156,-16.95534,312.28,0.56,0.52,2024-08-21,0329,N20,VIIRS,n,2,291.72,4.96,N,0
32.75799,-16.9401,347.9,0.57,0.52,2024-08-21,0329,N20,VIIRS,n,2,295.68,12.23,N,0
32.75919,-16.94522,354.43,0.56,0.52,2024-08-21,0329,N20,VIIRS,n,2,298.38,21.71,N,0
32.76038,-16.95031,345.92,0.56,0.52,2024-08-21,0329,N20,VIIRS,n,2,293.67,21.71,N,0
32.76273,-16.96033,341.23,0.56,0.52,2024-08-21,0329,N20,VIIRS,n,2,295.38,4.96,N,0
32.76395,-16.9655,325.43,0.56,0.52,2024-08-21,0329,N20,VIIRS,n,2,289.59,6.35,N,0
32.76611,-16.95366,318.42,0.56,0.52,2024-08-21,0329,N20,VIIRS,n,2,289.51,2.03,N,0
32.76719,-16.95823,310.4,0.56,0.52,2024-08-21,0329,N20,VIIRS,n,2,289.81,2.03,N,0
32.76378,-16.94372,322.83,0.56,0.52,2024-08-21,0329,N20,VIIRS,n,2,288.99,2.54,N,0
32.75354,-16.93528,354.08,0.68,0.74,2024-08-21,1307,N20,VIIRS,n,2,311.74,46,D,0
32.75062,-16.93369,367,0.68,0.74,2024-08-21,1307,N20,VIIRS,h,2,304.96,25.28,D,0
32.7571,-16.93618,367,0.68,0.74,2024-08-21,1307,N20,VIIRS,h,2,302.61,25.28,D,0
32.75409,-16.94634,330.77,0.68,0.74,2024-08-21,1307,N20,VIIRS,n,2,304.08,25.48,D,0
32.75578,-16.92755,341.91,0.68,0.74,2024-08-21,1307,N20,VIIRS,n,2,297.97,25.95,D,0
39.95198,-7.93438,343.41,0.47,0.4,2024-08-21,1309,N20,VIIRS,n,2,307.48,9.47,D,0
41.29228,-8.27564,335.85,0.47,0.39,2024-08-21,1309,N20,VIIRS,n,2,304.03,4.65,D,0
41.19983,-8.61543,331.94,0.48,0.4,2024-08-21,1309,N20,VIIRS,n,2,302.16,2.98,D,0
40.95021,-8.48804,334.15,0.48,0.4,2024-08-21,1309,N20,VIIRS,n,2,297.96,4.02,D,0
40.94662,-8.48684,331.92,0.48,0.4,2024-08-21,1309,N20,VIIRS,n,2,297.39,4.02,D,0
32.71055,-17.08372,355.79,0.63,0.54,2024-08-21,1447,N20,VIIRS,n,2,301.8,14.54,D,0
32.71095,-17.0786,339.43,0.63,0.54,2024-08-21,1447,N20,VIIRS,n,2,297.57,14.54,D,0
41.83221,-8.33599,315.66,0.55,0.68,2024-08-22,0127,N20,VIIRS,n,2,288.69,5.56,N,0
41.83015,-8.33569,319.29,0.55,0.68,2024-08-22,0127,N20,VIIRS,n,2,289.09,6.65,N,0
41.8321,-8.32954,355.13,0.55,0.68,2024-08-22,0127,N20,VIIRS,n,2,291.27,5.56,N,0
41.83001,-8.32932,355.98,0.55,0.68,2024-08-22,0127,N20,VIIRS,n,2,291.16,10.88,N,0
41.14518,-8.33749,300.98,0.57,0.52,2024-08-22,0307,N20,VIIRS,n,2,287.68,1.51,N,0
41.1406,-8.33939,316.64,0.57,0.52,2024-08-22,0307,N20,VIIRS,n,2,287.68,1.77,N,0
32.75497,-16.98544,301.57,0.48,0.4,2024-08-22,0310,N20,VIIRS,n,2,288.29,0.46,N,0
32.74979,-16.93894,302.29,0.48,0.4,2024-08-22,0310,N20,VIIRS,n,2,289.83,1.69,N,0
32.72562,-17.0922,341.88,0.47,0.4,2024-08-22,0310,N20,VIIRS,n,2,301.85,17.15,N,0
32.72661,-17.09746,312.94,0.47,0.4,2024-08-22,0310,N20,VIIRS,n,2,291.29,5.74,N,0
32.75254,-16.93349,312.78,0.48,0.4,2024-08-22,0310,N20,VIIRS,n,2,292.33,2.59,N,0
32.75708,-16.93739,345.53,0.48,0.4,2024-08-22,0310,N20,VIIRS,n,2,293.63,6.82,N,0
32.709,-17.08394,325.19,0.47,0.4,2024-08-22,0310,N20,VIIRS,n,2,290.95,2.91,N,0
32.74615,-16.93967,319.3,0.48,0.4,2024-08-22,0310,N20,VIIRS,n,2,290.88,1.69,N,0
39.20174,-8.84711,351.27,0.61,0.53,2024-08-22,1250,N20,VIIRS,n,2,307.42,39.14,D,0
39.20641,-8.84915,343.28,0.61,0.53,2024-08-22,1250,N20,VIIRS,n,2,303.92,22.45,D,0
39.20024,-8.84662,346.03,0.61,0.53,2024-08-22,1250,N20,VIIRS,n,2,300.09,5.56,D,0
39.20493,-8.84859,344.26,0.61,0.53,2024-08-22,1250,N20,VIIRS,n,2,310.34,41.21,D,0
41.27326,-7.661,340.75,0.47,0.48,2024-08-22,1250,N20,VIIRS,n,2,302.98,7.39,D,0
32.74538,-16.94219,351.54,0.53,0.42,2024-08-22,1428,N20,VIIRS,n,2,319.36,19,D,0
32.75491,-16.98632,335.7,0.52,0.42,2024-08-22,1429,N20,VIIRS,n,2,308.1,9.98,D,0
40.29001,-8.41702,301.95,0.53,0.42,2024-08-23,0249,N20,VIIRS,n,2,289.76,0.74,N,0
32.759,-16.98367,296.81,0.39,0.36,2024-08-23,0251,N20,VIIRS,n,2,283.85,0.32,N,0
32.70588,-17.08338,320.56,0.39,0.36,2024-08-23,0251,N20,VIIRS,n,2,289.6,1.55,N,0
32.74236,-16.94094,311.48,0.39,0.36,2024-08-23,0251,N20,VIIRS,n,2,287.8,0.79,N,0
32.76332,-16.9449,312.22,0.39,0.36,2024-08-23,0251,N20,VIIRS,n,2,285.98,1.22,N,0
32.74565,-16.94025,306.35,0.39,0.36,2024-08-23,0251,N20,VIIRS,n,2,288.41,0.79,N,0
32.74627,-16.94441,300.35,0.39,0.36,2024-08-23,0251,N20,VIIRS,n,2,288.28,0.79,N,0
41.11265,-8.39165,343.76,0.34,0.56,2024-08-23,1412,N20,VIIRS,n,2,302.63,7.89,D,0
41.11386,-8.39063,350.9,0.34,0.56,2024-08-23,1412,N20,VIIRS,n,2,301.94,8.61,D,0
41.2936,-8.27018,332.78,0.35,0.57,2024-08-23,1412,N20,VIIRS,n,2,297.65,3.63,D,0
41.11311,-8.38383,335.81,0.34,0.56,2024-08-23,1412,N20,VIIRS,n,2,298.09,7.46,D,0
41.11286,-8.38796,355.92,0.34,0.56,2024-08-23,1412,N20,VIIRS,n,2,302.5,7.89,D,0
41.11406,-8.38676,367,0.34,0.56,2024-08-23,1412,N20,VIIRS,h,2,301.03,8.61,D,0
41.48627,-7.35792,325.93,0.39,0.36,2024-08-24,0230,N20,VIIRS,n,2,291.75,2.77,N,0
41.48706,-7.36257,323.45,0.39,0.36,2024-08-24,0230,N20,VIIRS,n,2,289.63,2.48,N,0
37.95835,-8.80417,303.04,0.39,0.36,2024-08-24,0231,N20,VIIRS,n,2,293,1.44,N,2
39.72283,-8.18909,325.5,0.44,0.39,2024-08-25,0211,N20,VIIRS,n,2,301.15,38.21,N,0
39.72219,-8.18399,330.68,0.44,0.39,2024-08-25,0211,N20,VIIRS,n,2,290.72,9.45,N,0
39.7193,-8.18975,338.15,0.44,0.39,2024-08-25,0211,N20,VIIRS,n,2,292.38,21.09,N,0
39.71867,-8.18469,342.81,0.44,0.39,2024-08-25,0211,N20,VIIRS,n,2,293.72,14.55,N,0
38.62861,-9.07655,306.01,0.46,0.39,2024-08-25,0212,N20,VIIRS,n,2,292.07,0.93,N,2
38.62804,-9.0771,311.29,0.46,0.39,2024-08-25,0212,N20,VIIRS,n,2,291.78,1.46,N,2
38.625,-9.07724,302.02,0.46,0.39,2024-08-25,0212,N20,VIIRS,n,2,291.12,0.63,N,0
41.44743,-7.66869,339.26,0.42,0.37,2024-08-25,1334,N20,VIIRS,n,2,308.72,3.07,D,0
41.67488,-8.12281,338.79,0.41,0.37,2024-08-25,1334,N20,VIIRS,n,2,303.49,7.5,D,0
41.67435,-8.12361,312.61,0.5,0.49,2024-08-26,0152,N20,VIIRS,n,2,289.02,1.29,N,0
41.05056,-7.924,313.25,0.62,0.71,2024-08-26,0332,N20,VIIRS,n,2,284.73,6.17,N,0
40.29108,-8.41891,297.58,0.61,0.71,2024-08-26,0332,N20,VIIRS,n,2,286.99,1.14,N,2
41.0755,-7.93243,307.18,0.61,0.71,2024-08-26,0332,N20,VIIRS,n,2,285.13,1.04,N,0
41.06052,-7.93034,332.59,0.61,0.71,2024-08-26,0332,N20,VIIRS,n,2,286.07,8.07,N,0
41.05809,-7.92284,309.03,0.61,0.71,2024-08-26,0332,N20,VIIRS,n,2,286.66,5.99,N,0
41.05328,-7.93006,335.12,0.61,0.71,2024-08-26,0332,N20,VIIRS,n,2,284.61,5.99,N,0
41.075,-7.93354,306.07,0.61,0.71,2024-08-26,0332,N20,VIIRS,n,2,285.14,1.29,N,0
41.05799,-7.92493,328.59,0.61,0.71,2024-08-26,0332,N20,VIIRS,n,2,287.36,4.61,N,0
41.06022,-7.93192,314.76,0.61,0.71,2024-08-26,0332,N20,VIIRS,n,2,285.47,4.61,N,0
41.05304,-7.93179,320.51,0.61,0.71,2024-08-26,0332,N20,VIIRS,n,2,284.48,4.61,N,0
41.33397,-7.25143,331.63,0.4,0.37,2024-08-26,1315,N20,VIIRS,l,2,304.77,13.5,D,0
41.33068,-7.25035,338.52,0.4,0.37,2024-08-26,1315,N20,VIIRS,n,2,311.51,13.5,D,0
41.33147,-7.24567,336.23,0.4,0.37,2024-08-26,1315,N20,VIIRS,n,2,304.99,10.2,D,0
41.33475,-7.24676,352.76,0.4,0.37,2024-08-26,1315,N20,VIIRS,n,2,313.84,10.2,D,0
41.55675,-7.9279,367,0.4,0.44,2024-08-27,1256,N20,VIIRS,h,2,314.18,41.31,D,0
41.55265,-7.92709,367,0.4,0.44,2024-08-27,1256,N20,VIIRS,l,2,329.04,41.31,D,0
41.56086,-7.92867,342.65,0.4,0.44,2024-08-27,1256,N20,VIIRS,n,2,304.48,4.8,D,0
41.55354,-7.92304,367,0.4,0.44,2024-08-27,1256,N20,VIIRS,h,2,333.73,73.22,D,0
41.55761,-7.92396,344.19,0.4,0.44,2024-08-27,1256,N20,VIIRS,n,2,307.06,73.22,D,0
41.45385,-6.91762,346.15,0.68,0.74,2024-08-28,0114,N20,VIIRS,n,2,289.88,11.48,N,0
41.45382,-6.91079,310.97,0.68,0.74,2024-08-28,0114,N20,VIIRS,n,2,290.4,7.91,N,0
41.45391,-6.91504,367,0.68,0.74,2024-08-28,0114,N20,VIIRS,h,2,293.22,12.28,N,0
41.41683,-7.70006,296.35,0.42,0.45,2024-08-28,0255,N20,VIIRS,n,2,277.56,0.69,N,0
39.68609,-8.90484,305.26,0.4,0.44,2024-08-28,0255,N20,VIIRS,n,2,289.99,0.94,N,2
41.4187,-7.6972,339.02,0.34,0.56,2024-08-28,1238,N20,VIIRS,n,2,305.19,10.56,D,0
41.42553,-7.69204,367,0.34,0.56,2024-08-28,1238,N20,VIIRS,h,2,304.57,15.01,D,0
41.42455,-7.69574,341.94,0.34,0.56,2024-08-28,1238,N20,VIIRS,n,2,305.92,10.56,D,0
41.41965,-7.69358,367,0.34,0.56,2024-08-28,1238,N20,VIIRS,h,2,310.89,10.56,D,0
41.42062,-7.68994,347.92,0.34,0.56,2024-08-28,1238,N20,VIIRS,n,2,304.66,15.01,D,0
41.4229,-7.69107,330.59,0.46,0.63,2024-08-28,1418,N20,VIIRS,n,2,301.73,4.02,D,0
41.41704,-7.69101,338.59,0.46,0.63,2024-08-28,1418,N20,VIIRS,n,2,302.79,13.28,D,0
41.41684,-7.69687,367,0.45,0.63,2024-08-28,1418,N20,VIIRS,h,2,303.29,13.28,D,0
41.17557,-8.21636,337.95,0.42,0.61,2024-08-28,1418,N20,VIIRS,n,2,295.26,2.83,D,0
41.41665,-7.70264,348.79,0.45,0.63,2024-08-28,1418,N20,VIIRS,n,2,304.01,21.69,D,0
41.09418,-7.87855,296.37,0.41,0.37,2024-08-29,0236,N20,VIIRS,n,2,285.05,0.25,N,0
41.74842,-8.01999,314.5,0.41,0.37,2024-08-29,0236,N20,VIIRS,n,2,288.01,1,N,0
41.74508,-8.021,304.18,0.41,0.37,2024-08-29,0236,N20,VIIRS,n,2,288.81,1,N,0
41.05641,-7.52555,335.28,0.58,0.7,2024-08-29,1219,N20,VIIRS,n,2,295.13,6.56,D,0
41.30768,-7.12008,335.96,0.55,0.68,2024-08-29,1219,N20,VIIRS,n,2,296.01,23.9,D,0
41.05285,-7.52452,338.47,0.58,0.7,2024-08-29,1219,N20,VIIRS,n,2,296.41,5.23,D,0
41.41917,-7.69771,333.49,0.58,0.7,2024-08-29,1219,N20,VIIRS,n,2,296,5.02,D,0
41.31051,-7.13288,336.38,0.55,0.68,2024-08-29,1219,N20,VIIRS,n,2,297.82,44.35,D,0
41.31202,-7.12799,349.48,0.55,0.68,2024-08-29,1219,N20,VIIRS,n,2,308.26,134.27,D,0
41.30618,-7.12496,350.4,0.55,0.68,2024-08-29,1219,N20,VIIRS,n,2,306.96,23.9,D,0
41.30901,-7.12286,341.53,0.55,0.51,2024-08-29,1359,N20,VIIRS,n,2,304.7,34.91,D,0
41.31373,-7.12309,344.25,0.55,0.51,2024-08-29,1359,N20,VIIRS,n,2,310.54,34.91,D,0
41.96586,-8.46529,333.49,0.42,0.38,2024-08-30,0217,N20,VIIRS,n,2,275.1,4.74,N,0
41.9693,-8.46445,344.63,0.42,0.38,2024-08-30,0217,N20,VIIRS,n,2,279.2,5.45,N,0
41.96518,-8.46001,351.27,0.42,0.38,2024-08-30,0217,N20,VIIRS,n,2,283.98,15.77,N,0
41.96861,-8.45907,332.39,0.42,0.38,2024-08-30,0217,N20,VIIRS,n,2,279.11,3.48,N,0
38.62974,-9.07882,301.1,0.43,0.46,2024-08-31,0159,N20,VIIRS,n,2,286.63,0.73,N,2
41.19739,-8.23334,339.36,0.39,0.36,2024-08-31,1321,N20,VIIRS,n,2,303.11,3.3,D,0
41.7397,-7.1327,328.57,0.58,0.7,2024-09-02,0120,N20,VIIRS,n,2,273.84,5.55,N,0
41.73979,-7.13919,300.52,0.58,0.7,2024-09-02,0120,N20,VIIRS,n,2,269.62,3.52,N,0
41.73322,-7.1332,295.74,0.58,0.7,2024-09-02,0120,N20,VIIRS,n,2,270.43,1.4,N,0
41.75277,-7.13591,316.35,0.58,0.7,2024-09-02,0120,N20,VIIRS,n,2,271.78,2.45,N,0
41.73983,-7.13741,317.14,0.58,0.7,2024-09-02,0120,N20,VIIRS,n,2,270.9,3.52,N,0
41.73971,-7.13097,319.28,0.58,0.7,2024-09-02,0120,N20,VIIRS,n,2,273.16,3.52,N,0
41.75273,-7.13775,312.29,0.58,0.7,2024-09-02,0120,N20,VIIRS,n,2,270.59,2.1,N,0
41.76181,-7.16165,302.18,0.52,0.5,2024-09-02,0301,N20,VIIRS,n,2,275.48,1.78,N,0
41.76314,-7.16703,308.62,0.52,0.5,2024-09-02,0301,N20,VIIRS,n,2,268.51,1.78,N,0
41.74164,-7.10617,348.47,0.59,0.7,2024-09-02,1424,N20,VIIRS,n,2,293.35,180.29,D,0
41.74139,-7.12241,352.02,0.59,0.7,2024-09-02,1424,N20,VIIRS,n,2,298.34,154.48,D,0
41.74152,-7.11421,207.93,0.59,0.7,2024-09-02,1424,N20,VIIRS,l,2,323.34,180.29,D,0
41.54369,-8.11394,310.46,0.45,0.39,2024-09-03,0242,N20,VIIRS,n,2,281.81,1.3,N,0
41.75305,-8.40222,330.07,0.44,0.38,2024-09-03,0242,N20,VIIRS,n,2,287.63,8.07,N,0
41.74055,-7.10425,307.43,0.48,0.4,2024-09-03,0242,N20,VIIRS,n,2,285.78,1.84,N,0
41.76086,-8.40495,300.28,0.44,0.38,2024-09-03,0242,N20,VIIRS,n,2,284.15,0.47,N,0
41.75398,-8.40714,336.34,0.44,0.38,2024-09-03,0242,N20,VIIRS,n,2,288.98,5.27,N,0
41.75743,-8.40608,309.68,0.44,0.38,2024-09-03,0242,N20,VIIRS,n,2,285.13,5.27,N,0
41.75995,-8.40011,299.37,0.44,0.38,2024-09-03,0242,N20,VIIRS,n,2,283.54,0.21,N,0
41.7565,-8.40118,344.91,0.44,0.38,2024-09-03,0242,N20,VIIRS,n,2,289.78,8.07,N,0
40.2883,-8.4205,300.36,0.45,0.39,2024-09-03,0242,N20,VIIRS,n,2,286.32,1.02,N,2
40.29026,-8.41828,298.38,0.45,0.39,2024-09-03,0242,N20,VIIRS,n,2,286.36,0.74,N,2
41.52169,-8.15359,316.18,0.45,0.39,2024-09-03,0242,N20,VIIRS,n,2,286.63,2.19,N,0
41.52269,-8.15886,309.74,0.45,0.39,2024-09-03,0242,N20,VIIRS,n,2,283.73,1.41,N,0
39.68489,-8.90538,300.56,0.45,0.39,2024-09-03,0243,N20,VIIRS,n,2,286.53,0.72,N,2
39.13907,-9.28616,335.86,0.68,0.74,2024-09-03,1224,N20,VIIRS,n,2,291.5,4.58,D,0
41.75589,-8.40068,328.99,0.51,0.66,2024-09-03,1225,N20,VIIRS,n,2,296.17,5.38,D,0
41.73361,-8.02019,367,0.49,0.65,2024-09-03,1225,N20,VIIRS,h,2,300.1,10.98,D,0
41.75672,-8.3965,355.53,0.57,0.52,2024-09-03,1405,N20,VIIRS,n,2,302.82,18.47,D,0
39.7805,-8.58061,332.54,0.53,0.5,2024-09-03,1405,N20,VIIRS,n,2,295.44,2.72,D,0
41.75198,-8.39526,345.26,0.57,0.52,2024-09-03,1405,N20,VIIRS,n,2,298.39,17.96,D,0
41.52399,-8.14392,330.53,0.59,0.52,2024-09-03,1405,N20,VIIRS,n,2,299.04,4.52,D,0
41.8429,-8.34647,308.49,0.39,0.36,2024-09-04,0223,N20,VIIRS,n,2,287.04,13.79,N,0
41.86457,-8.30686,353.64,0.39,0.36,2024-09-04,0223,N20,VIIRS,n,2,292.44,8.31,N,0
41.86391,-8.30231,347.39,0.39,0.36,2024-09-04,0223,N20,VIIRS,n,2,288.93,4.27,N,0
41.86523,-8.31141,310.81,0.39,0.36,2024-09-04,0223,N20,VIIRS,n,2,284.36,8.31,N,0
41.86324,-8.29775,316.83,0.39,0.36,2024-09-04,0223,N20,VIIRS,n,2,287.09,4.27,N,0
41.86258,-8.29321,298.9,0.39,0.36,2024-09-04,0223,N20,VIIRS,n,2,286.79,0.95,N,0
41.86259,-8.3168,324.12,0.39,0.36,2024-09-04,0223,N20,VIIRS,n,2,284.46,1.41,N,0
41.86193,-8.31227,355.38,0.39,0.36,2024-09-04,0223,N20,VIIRS,n,2,293.94,6.89,N,0
41.86127,-8.30773,335.95,0.39,0.36,2024-09-04,0223,N20,VIIRS,n,2,293.26,6.89,N,0
41.8606,-8.30317,352.08,0.39,0.36,2024-09-04,0223,N20,VIIRS,n,2,295.01,12.33,N,0
41.85994,-8.29862,343.42,0.39,0.36,2024-09-04,0223,N20,VIIRS,n,2,292.96,12.33,N,0
41.85928,-8.29407,310.63,0.39,0.36,2024-09-04,0223,N20,VIIRS,n,2,288.48,1.25,N,0
41.85929,-8.31772,298.24,0.39,0.36,2024-09-04,0223,N20,VIIRS,n,2,285.36,1.41,N,0
41.85863,-8.31317,302.96,0.39,0.36,2024-09-04,0223,N20,VIIRS,n,2,287.06,6.89,N,0
41.85797,-8.30861,300.23,0.39,0.36,2024-09-04,0223,N20,VIIRS,n,2,286.88,6.89,N,0
41.85598,-8.29497,316.08,0.39,0.36,2024-09-04,0223,N20,VIIRS,n,2,288.41,1.25,N,0
41.85532,-8.29044,309.18,0.39,0.36,2024-09-04,0223,N20,VIIRS,n,2,288.58,1.25,N,0
41.85334,-8.30039,330.13,0.39,0.36,2024-09-04,0223,N20,VIIRS,n,2,291.02,7.78,N,0
41.85268,-8.29584,324.98,0.39,0.36,2024-09-04,0223,N20,VIIRS,n,2,295.78,8.96,N,0
41.856,-8.31866,300.54,0.39,0.36,2024-09-04,0223,N20,VIIRS,n,2,286.18,1.33,N,0
41.85337,-8.32416,323.89,0.39,0.36,2024-09-04,0223,N20,VIIRS,n,2,287.26,1.33,N,0
41.85004,-8.30128,347.72,0.39,0.36,2024-09-04,0223,N20,VIIRS,n,2,295.28,7.78,N,0
41.85271,-8.31961,313.83,0.39,0.36,2024-09-04,0223,N20,VIIRS,n,2,287.58,1.33,N,0
41.85071,-8.30585,298.88,0.39,0.36,2024-09-04,0223,N20,VIIRS,n,2,288.14,7.78,N,0
41.84938,-8.29676,299.76,0.39,0.36,2024-09-04,0223,N20,VIIRS,n,2,287.51,8.96,N,0
41.85074,-8.32963,343.95,0.39,0.36,2024-09-04,0223,N20,VIIRS,n,2,290.34,12.96,N,0
41.84674,-8.30221,325.63,0.39,0.36,2024-09-04,0223,N20,VIIRS,n,2,295.69,6.08,N,0
41.85008,-8.32508,303.3,0.39,0.36,2024-09-04,0223,N20,VIIRS,n,2,286.71,1.44,N,0
41.84741,-8.30676,301.13,0.39,0.36,2024-09-04,0223,N20,VIIRS,n,2,287.78,6.08,N,0
41.8488,-8.33985,330.88,0.39,0.36,2024-09-04,0223,N20,VIIRS,n,2,297.54,35.72,N,0
41.84812,-8.33516,348.63,0.39,0.36,2024-09-04,0223,N20,VIIRS,n,2,296.7,12.96,N,0
41.84345,-8.30313,330.98,0.39,0.36,2024-09-04,0223,N20,VIIRS,n,2,291.21,6.08,N,0
41.84745,-8.33056,308.94,0.39,0.36,2024-09-04,0223,N20,VIIRS,n,2,287.87,12.96,N,0
41.84678,-8.32601,298,0.39,0.36,2024-09-04,0223,N20,VIIRS,n,2,286.98,1.44,N,0
41.84412,-8.30769,300.86,0.39,0.36,2024-09-04,0223,N20,VIIRS,n,2,288.22,6.08,N,0
41.8462,-8.34554,345.47,0.39,0.36,2024-09-04,0223,N20,VIIRS,n,2,295.49,13.79,N,0
41.8455,-8.34077,350.18,0.39,0.36,2024-09-04,0223,N20,VIIRS,n,2,294.83,13.79,N,0
41.84216,-8.31779,330.15,0.39,0.36,2024-09-04,0223,N20,VIIRS,n,2,288.61,3.06,N,0
41.84015,-8.30403,327.87,0.39,0.36,2024-09-04,0223,N20,VIIRS,n,2,290,1.65,N,0
41.84482,-8.33607,304.65,0.39,0.36,2024-09-04,0223,N20,VIIRS,n,2,287.7,1.46,N,0
41.84082,-8.30862,305.56,0.39,0.36,2024-09-04,0223,N20,VIIRS,n,2,288.36,1.65,N,0
41.83961,-8.3474,316.56,0.39,0.36,2024-09-04,0223,N20,VIIRS,n,2,288.37,8.6,N,0
41.83699,-8.35299,339.07,0.39,0.36,2024-09-04,0223,N20,VIIRS,n,2,291.37,8,N,0
41.83631,-8.34834,353.11,0.39,0.36,2024-09-04,0223,N20,VIIRS,n,2,298.47,8.6,N,0
41.83564,-8.3437,298.02,0.39,0.36,2024-09-04,0223,N20,VIIRS,n,2,287.68,8.6,N,0
41.83369,-8.35391,338.71,0.39,0.36,2024-09-04,0223,N20,VIIRS,n,2,289.06,11.51,N,0
41.76661,-8.33428,298.5,0.39,0.36,2024-09-04,0223,N20,VIIRS,n,2,284.03,0.42,N,0
41.76329,-8.33508,332.73,0.39,0.36,2024-09-04,0223,N20,VIIRS,n,2,285.69,2.25,N,0
41.06988,-7.71031,297.34,0.38,0.36,2024-09-04,0223,N20,VIIRS,n,2,285.06,0.33,N,0
39.68563,-8.90515,306.32,0.39,0.36,2024-09-04,0224,N20,VIIRS,n,2,288.55,1.17,N,2
40.2881,-8.42206,302.13,0.39,0.36,2024-09-04,0224,N20,VIIRS,n,2,287.28,0.52,N,2
41.64722,-8.58514,330.21,0.49,0.41,2024-09-04,1346,N20,VIIRS,l,2,301.8,4.3,D,0
41.64352,-8.58434,355.84,0.49,0.41,2024-09-04,1346,N20,VIIRS,n,2,312.15,30.52,D,0
41.63982,-8.5835,344.11,0.49,0.41,2024-09-04,1346,N20,VIIRS,l,2,314.68,30.52,D,0
41.63611,-8.58274,334.04,0.49,0.41,2024-09-04,1346,N20,VIIRS,n,2,299.35,10.55,D,0
41.16108,-8.21663,333.4,0.51,0.41,2024-09-04,1346,N20,VIIRS,n,2,305.84,9.96,D,0
41.7596,-8.32946,335.03,0.51,0.41,2024-09-04,1346,N20,VIIRS,n,2,299.36,12.97,D,0
41.76432,-8.24904,335.37,0.51,0.41,2024-09-04,1346,N20,VIIRS,n,2,300.05,11.38,D,0
41.86074,-8.31794,341.12,0.51,0.41,2024-09-04,1346,N20,VIIRS,n,2,302.16,10.74,D,0
41.86292,-8.29744,331.54,0.51,0.41,2024-09-04,1346,N20,VIIRS,l,2,303.32,53.26,D,0
41.85441,-8.34135,346.51,0.51,0.41,2024-09-04,1346,N20,VIIRS,n,2,301.43,13.12,D,0
41.85501,-8.33568,348.08,0.51,0.41,2024-09-04,1346,N20,VIIRS,n,2,298.23,7.64,D,0
41.85564,-8.32973,331.15,0.51,0.41,2024-09-04,1346,N20,VIIRS,l,2,303.75,7.64,D,0
41.85703,-8.3167,340.66,0.51,0.41,2024-09-04,1346,N20,VIIRS,n,2,305.96,7.33,D,0
41.85263,-8.32196,347.19,0.51,0.41,2024-09-04,1346,N20,VIIRS,n,2,306.17,7.33,D,0
41.85169,-8.29444,337.16,0.51,0.41,2024-09-04,1346,N20,VIIRS,n,2,301.72,4.87,D,0
41.85241,-8.28764,330.17,0.51,0.41,2024-09-04,1346,N20,VIIRS,n,2,295.73,4.87,D,0
41.84256,-8.34456,335.95,0.51,0.41,2024-09-04,1346,N20,VIIRS,n,2,307.31,6.71,D,0
41.84796,-8.29337,337.12,0.51,0.41,2024-09-04,1346,N20,VIIRS,l,2,307.27,4.87,D,0
41.76653,-8.33644,341.29,0.51,0.41,2024-09-04,1346,N20,VIIRS,n,2,296.15,4.05,D,0
41.76273,-8.33605,340.08,0.51,0.41,2024-09-04,1346,N20,VIIRS,n,2,307.01,12.97,D,0
41.76337,-8.33012,338.11,0.51,0.41,2024-09-04,1346,N20,VIIRS,n,2,300.38,12.97,D,0
41.86314,-8.33142,342.77,0.51,0.41,2024-09-04,1346,N20,VIIRS,n,2,297.55,44.14,D,0
41.85939,-8.33061,344.88,0.51,0.41,2024-09-04,1346,N20,VIIRS,n,2,313.37,44.14,D,0
42.02188,-8.10146,340.83,0.52,0.42,2024-09-04,1346,N20,VIIRS,n,2,308.6,74.44,D,0
41.05956,-8.18911,296.99,0.53,0.42,2024-09-05,0204,N20,VIIRS,n,2,259,5.37,N,0
41.05882,-8.18227,353.9,0.53,0.42,2024-09-05,0204,N20,VIIRS,n,2,263.48,5.37,N,0
41.06268,-8.18169,323.83,0.53,0.42,2024-09-05,0204,N20,VIIRS,n,2,262.12,3.08,N,0
41.75717,-8.31766,310.3,0.55,0.42,2024-09-05,0204,N20,VIIRS,n,2,263.11,1.25,N,0
41.75732,-8.31879,313.13,0.55,0.42,2024-09-05,0204,N20,VIIRS,n,2,261.8,4.22,N,0
41.76118,-8.31772,341.51,0.55,0.42,2024-09-05,0204,N20,VIIRS,n,2,258.69,4.22,N,0
42.01458,-8.54797,299.8,0.56,0.43,2024-09-05,0204,N20,VIIRS,n,2,284.13,0.77,N,0
38.62978,-9.08068,303.41,0.55,0.42,2024-09-05,0205,N20,VIIRS,n,2,290.28,0.67,N,2
41.73145,-8.24076,332.43,0.79,0.78,2024-09-05,0344,N20,VIIRS,n,2,283.08,6.03,N,0
41.79012,-8.4703,299.86,0.77,0.77,2024-09-05,0344,N20,VIIRS,n,2,272.18,1.64,N,0
41.76657,-8.31831,298.44,0.78,0.78,2024-09-05,0344,N20,VIIRS,n,2,278.19,0.45,N,0
41.72937,-8.23487,313.63,0.79,0.78,2024-09-05,0344,N20,VIIRS,n,2,282.64,6.03,N,0
41.78854,-8.47191,305.68,0.77,0.77,2024-09-05,0344,N20,VIIRS,n,2,272.17,3.74,N,0
37.37095,-7.69641,337.88,0.38,0.36,2024-09-05,1326,N20,VIIRS,l,2,310.24,3.11,D,0
41.42892,-8.14354,330.38,0.61,0.53,2024-09-06,0145,N20,VIIRS,n,2,282.42,5.42,N,0
41.43081,-8.15198,320.97,0.61,0.53,2024-09-06,0145,N20,VIIRS,n,2,280.85,4.55,N,0
41.43029,-8.14352,297.52,0.61,0.53,2024-09-06,0145,N20,VIIRS,n,2,279.88,3.81,N,0
41.42587,-8.15256,327.65,0.61,0.53,2024-09-06,0145,N20,VIIRS,n,2,281.89,4.55,N,0
41.42535,-8.14406,329.39,0.61,0.53,2024-09-06,0145,N20,VIIRS,n,2,282.78,3.81,N,0
41.42949,-8.15201,324.64,0.61,0.53,2024-09-06,0145,N20,VIIRS,n,2,281.46,5.42,N,0
41.42456,-8.1527,316.09,0.61,0.53,2024-09-06,0145,N20,VIIRS,n,2,281.47,3.03,N,0
41.42398,-8.14421,311.85,0.61,0.53,2024-09-06,0145,N20,VIIRS,n,2,281.3,3.03,N,0
41.72951,-8.22301,299.3,0.47,0.64,2024-09-06,0326,N20,VIIRS,n,2,278.17,0.67,N,0
41.42048,-8.14714,305.64,0.49,0.65,2024-09-06,0326,N20,VIIRS,n,2,280.02,2.31,N,0
40.28703,-8.42221,298.34,0.51,0.66,2024-09-06,0326,N20,VIIRS,n,2,281.83,0.89,N,0
41.42188,-8.15178,298.04,0.49,0.65,2024-09-06,0326,N20,VIIRS,n,2,278.95,3.05,N,0
41.42624,-8.14476,311.08,0.49,0.65,2024-09-06,0326,N20,VIIRS,n,2,280.66,2.31,N,0
41.42764,-8.1494,329.15,0.49,0.65,2024-09-06,0326,N20,VIIRS,n,2,281.93,3.05,N,0
41.47401,-7.41863,298.69,0.53,0.67,2024-09-06,0326,N20,VIIRS,n,2,278.7,1,N,0
37.95859,-8.80684,297.25,0.56,0.69,2024-09-07,0127,N20,VIIRS,n,2,286.7,1.14,N,2
38.624,-9.07635,299.32,0.6,0.53,2024-09-07,0308,N20,VIIRS,n,2,285.62,1.18,N,0
37.95869,-8.80427,300.74,0.32,0.55,2024-09-07,0308,N20,VIIRS,n,2,288.6,0.99,N,2
40.28872,-8.41939,297.58,0.52,0.42,2024-09-08,0248,N20,VIIRS,n,2,284.16,1.14,N,2
38.63149,-9.07785,300.07,0.52,0.42,2024-09-08,0249,N20,VIIRS,n,2,287.59,0.88,N,2
38.7557,-7.28852,348.05,0.37,0.58,2024-09-08,1411,N20,VIIRS,n,2,302.1,6.26,D,0
40.06101,-7.10604,300.41,0.4,0.37,2024-09-09,0230,N20,VIIRS,n,2,288.71,1.01,N,0
40.71021,-8.50038,299.6,0.39,0.36,2024-09-09,0230,N20,VIIRS,n,2,286.02,0.57,N,0
40.70948,-8.49588,296.85,0.39,0.36,2024-09-09,0230,N20,VIIRS,n,2,286.11,0.54,N,0
40.35734,-8.61443,346.22,0.39,0.36,2024-09-10,1333,N20,VIIRS,n,2,299.37,3.12,D,0
38.77438,-9.34064,332.56,0.38,0.36,2024-09-10,1333,N20,VIIRS,n,2,301.2,2.13,D,0
38.59567,-9.13146,367,0.48,0.4,2024-09-11,1314,N20,VIIRS,h,2,351.64,167.89,D,0
38.60288,-9.13374,342.46,0.48,0.4,2024-09-11,1314,N20,VIIRS,n,2,310.08,6.53,D,0
38.59463,-9.13688,333.46,0.48,0.4,2024-09-11,1314,N20,VIIRS,n,2,301.43,167.89,D,0
38.59207,-9.13032,367,0.48,0.4,2024-09-11,1314,N20,VIIRS,l,2,333.56,146.59,D,0
38.58742,-9.13459,335.88,0.48,0.4,2024-09-11,1314,N20,VIIRS,n,2,299.84,146.59,D,0
38.58847,-9.12918,338.44,0.48,0.4,2024-09-11,1314,N20,VIIRS,n,2,301.8,146.59,D,0
41.55697,-8.2089,332.3,0.41,0.37,2024-09-11,1315,N20,VIIRS,n,2,296.85,4.9,D,0
38.53004,-9.14273,295.48,0.48,0.65,2024-09-12,0133,N20,VIIRS,n,2,274.45,1.17,N,0
38.54206,-9.14138,298.29,0.48,0.65,2024-09-12,0133,N20,VIIRS,n,2,276.75,1.7,N,0
38.54033,-9.14168,296.91,0.48,0.65,2024-09-12,0133,N20,VIIRS,n,2,275.06,1.28,N,0
41.25418,-8.55472,302.92,0.33,0.55,2024-09-12,0313,N20,VIIRS,n,2,284.65,0.47,N,0
40.28773,-8.42273,295.38,0.35,0.57,2024-09-12,0313,N20,VIIRS,n,2,281.56,0.76,N,0
40.3431,-8.34205,343.73,0.45,0.47,2024-09-12,1256,N20,VIIRS,n,2,294.41,8.6,D,0
39.58825,-8.67082,305.83,0.41,0.45,2024-09-13,0255,N20,VIIRS,n,2,286.84,0.7,N,0
39.58781,-8.67377,306.17,0.41,0.45,2024-09-13,0255,N20,VIIRS,n,2,286.5,0.53,N,0
41.23039,-8.29132,367,0.37,0.58,2024-09-13,1237,N20,VIIRS,h,2,303.53,19.04,D,0
41.23136,-8.28941,367,0.37,0.58,2024-09-13,1237,N20,VIIRS,h,2,299.72,11.37,D,0
40.53988,-7.93765,331.6,0.37,0.58,2024-09-13,1237,N20,VIIRS,n,2,297.86,1.96,D,0
41.83767,-8.43223,325.5,0.36,0.57,2024-09-13,1237,N20,VIIRS,n,2,293.82,1.24,D,0
40.14096,-7.63827,331.84,0.37,0.58,2024-09-13,1237,N20,VIIRS,n,2,297.4,11.57,D,0
40.13998,-7.64197,367,0.37,0.58,2024-09-13,1237,N20,VIIRS,h,2,302.28,44.97,D,0
41.63345,-8.57954,341.3,0.37,0.58,2024-09-13,1237,N20,VIIRS,n,2,297.52,4.31,D,0
41.63229,-8.58378,336.99,0.37,0.58,2024-09-13,1237,N20,VIIRS,n,2,296.8,4.31,D,0
41.23028,-8.29346,350.03,0.37,0.58,2024-09-13,1237,N20,VIIRS,n,2,301.65,11.37,D,0
40.14011,-7.6418,348.71,0.44,0.63,2024-09-13,1417,N20,VIIRS,n,2,300.97,20.74,D,0
40.14004,-7.64526,343.25,0.44,0.63,2024-09-13,1417,N20,VIIRS,n,2,302.31,61.73,D,0
40.18069,-8.33019,333.49,0.41,0.6,2024-09-13,1417,N20,VIIRS,n,2,298.68,3.89,D,0
40.13386,-7.65246,207.93,0.44,0.63,2024-09-13,1417,N20,VIIRS,l,2,315.97,86.35,D,0
40.13387,-7.65531,344.65,0.44,0.63,2024-09-13,1417,N20,VIIRS,n,2,297.12,55.33,D,0
40.13422,-7.64546,367,0.44,0.63,2024-09-13,1417,N20,VIIRS,h,2,308.01,61.73,D,0
40.13404,-7.65054,367,0.44,0.63,2024-09-13,1417,N20,VIIRS,l,2,328.92,61.73,D,0
40.13429,-7.64203,367,0.44,0.63,2024-09-13,1417,N20,VIIRS,h,2,297.91,20.74,D,0
40.13406,-7.64754,349.33,0.44,0.63,2024-09-13,1417,N20,VIIRS,n,2,316.73,86.35,D,0
41.3375,-8.11835,337.85,0.43,0.62,2024-09-13,1418,N20,VIIRS,n,2,295.88,5,D,0
41.70091,-8.22886,331.86,0.4,0.37,2024-09-14,0235,N20,VIIRS,n,2,286.52,4.64,N,0
41.89607,-7.92842,313.75,0.41,0.37,2024-09-14,0235,N20,VIIRS,n,2,286.06,1.81,N,0
41.89276,-7.92959,312.16,0.41,0.37,2024-09-14,0235,N20,VIIRS,n,2,282.71,1.53,N,0
41.7388,-8.34609,323.37,0.4,0.37,2024-09-14,0235,N20,VIIRS,n,2,285.64,13.4,N,0
41.73964,-8.3509,298.8,0.4,0.37,2024-09-14,0235,N20,VIIRS,n,2,285.03,13.4,N,0
41.73714,-8.3566,341.72,0.4,0.37,2024-09-14,0235,N20,VIIRS,n,2,311.09,27.24,N,0
41.73631,-8.35183,347.47,0.4,0.37,2024-09-14,0235,N20,VIIRS,n,2,301.1,13.4,N,0
41.73795,-8.36128,312.37,0.4,0.37,2024-09-14,0235,N20,VIIRS,n,2,285.79,27.24,N,0
41.73381,-8.35752,304.57,0.4,0.37,2024-09-14,0235,N20,VIIRS,n,2,286.59,1,N,0
41.70506,-8.23262,332.29,0.4,0.37,2024-09-14,0235,N20,VIIRS,n,2,284.87,4.64,N,0
41.7042,-8.22771,328.72,0.4,0.37,2024-09-14,0235,N20,VIIRS,n,2,286.42,4.64,N,0
41.70176,-8.2337,341.68,0.4,0.37,2024-09-14,0235,N20,VIIRS,n,2,286.98,4.64,N,0
41.53027,-7.9066,329.09,0.41,0.37,2024-09-14,0235,N20,VIIRS,n,2,287.56,3.32,N,0
41.5294,-7.90171,311.93,0.41,0.37,2024-09-14,0235,N20,VIIRS,n,2,288.29,3.61,N,0
41.52692,-7.90756,333.88,0.41,0.37,2024-09-14,0235,N20,VIIRS,n,2,288.35,3.32,N,0
41.52604,-7.9027,342.66,0.41,0.37,2024-09-14,0235,N20,VIIRS,n,2,292.94,3.61,N,0
41.59265,-8.65174,298.71,0.4,0.37,2024-09-14,0235,N20,VIIRS,n,2,287.09,1.06,N,0
41.59183,-8.64695,313.71,0.4,0.37,2024-09-14,0235,N20,VIIRS,n,2,288.78,1.37,N,0
41.48434,-8.46775,320.25,0.4,0.37,2024-09-14,0235,N20,VIIRS,n,2,289.03,1.08,N,0
41.33967,-8.13146,306.8,0.41,0.37,2024-09-14,0235,N20,VIIRS,n,2,286.02,1.04,N,0
40.12743,-7.70704,305.75,0.43,0.38,2024-09-14,0236,N20,VIIRS,n,2,285.61,6.74,N,0
40.10801,-7.73867,343.48,0.43,0.38,2024-09-14,0236,N20,VIIRS,n,2,311.3,22.41,N,0
40.10872,-7.72287,346.52,0.43,0.38,2024-09-14,0236,N20,VIIRS,n,2,301.43,8.52,N,0
40.10961,-7.72776,339.3,0.43,0.38,2024-09-14,0236,N20,VIIRS,n,2,326.75,70.25,N,0
40.11052,-7.73269,347.53,0.43,0.38,2024-09-14,0236,N20,VIIRS,n,2,298.17,70.25,N,0
40.11142,-7.73766,333.12,0.43,0.38,2024-09-14,0236,N20,VIIRS,n,2,292.31,22.41,N,0
40.11212,-7.72178,339.71,0.43,0.38,2024-09-14,0236,N20,VIIRS,n,2,297.39,5.26,N,0
40.11302,-7.72672,338.37,0.43,0.38,2024-09-14,0236,N20,VIIRS,n,2,325.16,34.29,N,0
40.11394,-7.73172,346.22,0.43,0.38,2024-09-14,0236,N20,VIIRS,n,2,308.38,34.29,N,0
40.11486,-7.73673,328.44,0.43,0.38,2024-09-14,0236,N20,VIIRS,n,2,289.51,5.57,N,0
40.11464,-7.71588,318.49,0.43,0.38,2024-09-14,0236,N20,VIIRS,n,2,292.73,5.26,N,0
40.11112,-7.69666,332.08,0.43,0.38,2024-09-14,0236,N20,VIIRS,n,2,288.8,18.25,N,0
40.112,-7.70146,352.82,0.43,0.38,2024-09-14,0236,N20,VIIRS,n,2,300.39,18.25,N,0
40.11287,-7.70623,344.44,0.43,0.38,2024-09-14,0236,N20,VIIRS,n,2,313.4,36.52,N,0
40.11375,-7.71102,353.31,0.43,0.38,2024-09-14,0236,N20,VIIRS,n,2,299.71,36.52,N,0
40.11554,-7.72079,322.65,0.43,0.38,2024-09-14,0236,N20,VIIRS,n,2,295.43,5.26,N,0
40.11646,-7.72577,345.95,0.43,0.38,2024-09-14,0236,N20,VIIRS,n,2,301.13,34.29,N,0
40.11737,-7.73082,337.41,0.43,0.38,2024-09-14,0236,N20,VIIRS,n,2,289.06,34.29,N,0
40.11988,-7.72483,312.07,0.43,0.38,2024-09-14,0236,N20,VIIRS,n,2,287.29,1.72,N,0
40.11366,-7.69087,332.13,0.43,0.38,2024-09-14,0236,N20,VIIRS,n,2,293.75,5.23,N,0
40.11455,-7.69571,346.72,0.43,0.38,2024-09-14,0236,N20,VIIRS,n,2,314.3,16.39,N,0
40.11543,-7.70051,349.8,0.43,0.38,2024-09-14,0236,N20,VIIRS,n,2,303.97,16.39,N,0
40.1163,-7.70529,347.81,0.43,0.38,2024-09-14,0236,N20,VIIRS,n,2,300.97,3.56,N,0
40.11718,-7.71005,325.8,0.43,0.38,2024-09-14,0236,N20,VIIRS,n,2,295.92,3.56,N,0
40.11806,-7.71489,321.96,0.43,0.38,2024-09-14,0236,N20,VIIRS,n,2,294.55,19.28,N,0
40.11897,-7.71981,336.66,0.43,0.38,2024-09-14,0236,N20,VIIRS,n,2,310.51,19.28,N,0
40.11974,-7.70437,312.86,0.43,0.38,2024-09-14,0236,N20,VIIRS,n,2,293.35,3.56,N,0
40.12061,-7.70911,313.34,0.43,0.38,2024-09-14,0236,N20,VIIRS,n,2,293.1,3.56,N,0
40.12329,-7.72377,297.42,0.43,0.38,2024-09-14,0236,N20,VIIRS,n,2,286.62,1.72,N,0
40.11708,-7.68988,332.66,0.43,0.38,2024-09-14,0236,N20,VIIRS,n,2,298.38,5.23,N,0
40.11799,-7.69481,322.07,0.43,0.38,2024-09-14,0236,N20,VIIRS,n,2,295.32,16.39,N,0
40.11887,-7.69961,330.18,0.43,0.38,2024-09-14,0236,N20,VIIRS,n,2,293.59,16.39,N,0
40.12148,-7.71391,338.68,0.43,0.38,2024-09-14,0236,N20,VIIRS,n,2,297.17,19.28,N,0
40.12238,-7.7188,342.01,0.43,0.38,2024-09-14,0236,N20,VIIRS,n,2,297.92,19.28,N,0
40.12229,-7.69862,298.08,0.43,0.38,2024-09-14,0236,N20,VIIRS,n,2,287.83,1.25,N,0
40.12315,-7.70334,303.06,0.43,0.38,2024-09-14,0236,N20,VIIRS,n,2,288.27,6.74,N,0
40.11961,-7.68398,326.09,0.43,0.38,2024-09-14,0236,N20,VIIRS,n,2,290.95,2.79,N,0
40.1205,-7.68887,328.31,0.43,0.38,2024-09-14,0236,N20,VIIRS,n,2,292.05,2.79,N,0
40.12402,-7.70808,344.31,0.43,0.38,2024-09-14,0236,N20,VIIRS,n,2,296.58,6.74,N,0
40.1249,-7.71288,337.49,0.43,0.38,2024-09-14,0236,N20,VIIRS,n,2,303.27,34.47,N,0
40.1239,-7.6877,305.64,0.43,0.38,2024-09-14,0236,N20,VIIRS,n,2,288.91,2.79,N,0
40.12568,-7.69743,300.35,0.43,0.38,2024-09-14,0236,N20,VIIRS,n,2,288.24,1.25,N,0
40.12457,-7.67164,302.7,0.43,0.38,2024-09-14,0236,N20,VIIRS,n,2,290.04,2.26,N,0
40.12638,-7.68154,316.2,0.43,0.38,2024-09-14,0236,N20,VIIRS,n,2,292.96,2.33,N,0
40.12729,-7.6865,317.95,0.43,0.38,2024-09-14,0236,N20,VIIRS,n,2,294.23,2.33,N,0
40.12995,-7.70107,310.32,0.43,0.38,2024-09-14,0236,N20,VIIRS,n,2,284.81,2.15,N,0
40.12906,-7.69622,328.78,0.43,0.38,2024-09-14,0236,N20,VIIRS,n,2,288.49,2.86,N,0
40.12976,-7.68028,311.24,0.43,0.38,2024-09-14,0236,N20,VIIRS,n,2,291.3,2.33,N,0
40.13157,-7.69019,319.47,0.43,0.38,2024-09-14,0236,N20,VIIRS,n,2,287.07,2.86,N,0
40.13067,-7.68529,323.85,0.43,0.38,2024-09-14,0236,N20,VIIRS,n,2,291.14,2.33,N,0
40.12776,-7.67901,306.47,0.43,0.38,2024-09-14,0236,N20,VIIRS,n,2,290.75,2.64,N,0
40.12868,-7.68398,328.17,0.43,0.38,2024-09-14,0236,N20,VIIRS,n,2,295.78,2.49,N,0
40.1296,-7.68891,322.07,0.43,0.38,2024-09-14,0236,N20,VIIRS,n,2,290.44,2.49,N,0
40.1284,-7.66308,299.39,0.43,0.38,2024-09-14,0236,N20,VIIRS,n,2,287.1,1.57,N,0
40.13298,-7.6877,315.5,0.43,0.38,2024-09-14,0236,N20,VIIRS,n,2,285.34,2.49,N,0
40.13091,-7.65716,299.46,0.43,0.38,2024-09-14,0236,N20,VIIRS,n,2,287.98,2.03,N,0
40.1318,-7.66196,298.32,0.43,0.38,2024-09-14,0236,N20,VIIRS,n,2,287.38,1.45,N,0
40.46352,-7.83839,310.27,0.42,0.38,2024-09-14,0236,N20,VIIRS,n,2,286.74,18.16,N,0
40.46516,-7.82765,328.36,0.42,0.38,2024-09-14,0236,N20,VIIRS,n,2,288.02,6.11,N,0
40.46603,-7.83247,347.03,0.42,0.38,2024-09-14,0236,N20,VIIRS,n,2,308.23,18.16,N,0
40.4669,-7.83731,328.77,0.42,0.38,2024-09-14,0236,N20,VIIRS,n,2,288.23,18.16,N,0
40.46766,-7.82175,310.38,0.42,0.38,2024-09-14,0236,N20,VIIRS,n,2,287.94,47.22,N,0
40.46854,-7.82659,330.73,0.42,0.38,2024-09-14,0236,N20,VIIRS,n,2,314.39,47.22,N,0
40.46941,-7.83142,343.15,0.42,0.38,2024-09-14,0236,N20,VIIRS,n,2,307.48,22.51,N,0
40.47028,-7.83623,328.4,0.42,0.38,2024-09-14,0236,N20,VIIRS,n,2,287.15,22.51,N,0
40.47017,-7.81585,326.52,0.42,0.38,2024-09-14,0236,N20,VIIRS,n,2,293.78,18.47,N,0
40.47105,-7.82071,337.02,0.42,0.38,2024-09-14,0236,N20,VIIRS,n,2,311.8,47.22,N,0
40.47193,-7.82555,342.85,0.42,0.38,2024-09-14,0236,N20,VIIRS,n,2,310.9,47.22,N,0
40.4728,-7.83038,336.88,0.42,0.38,2024-09-14,0236,N20,VIIRS,n,2,289.38,22.51,N,0
40.47268,-7.80996,327.56,0.42,0.38,2024-09-14,0236,N20,VIIRS,n,2,290.16,25.55,N,0
40.47356,-7.81481,337.21,0.42,0.38,2024-09-14,0236,N20,VIIRS,n,2,315.54,25.55,N,0
40.47444,-7.81968,328.93,0.42,0.38,2024-09-14,0236,N20,VIIRS,n,2,290.56,29.25,N,0
40.47532,-7.82453,354.04,0.42,0.38,2024-09-14,0236,N20,VIIRS,n,2,295.55,29.25,N,0
40.47619,-7.82936,342.19,0.42,0.38,2024-09-14,0236,N20,VIIRS,n,2,292.48,10.6,N,0
40.47958,-7.82834,308.59,0.42,0.38,2024-09-14,0236,N20,VIIRS,n,2,286.48,10.6,N,0
40.47607,-7.8089,339,0.42,0.38,2024-09-14,0236,N20,VIIRS,n,2,296.12,25.55,N,0
40.47695,-7.81377,342.29,0.42,0.38,2024-09-14,0236,N20,VIIRS,n,2,293.25,25.55,N,0
40.47783,-7.81865,333.68,0.42,0.38,2024-09-14,0236,N20,VIIRS,n,2,295.26,29.25,N,0
40.47871,-7.8235,338.43,0.42,0.38,2024-09-14,0236,N20,VIIRS,n,2,318.71,29.25,N,0
40.48209,-7.82242,313.91,0.42,0.38,2024-09-14,0236,N20,VIIRS,n,2,287.09,17.62,N,0
40.47945,-7.80782,347.91,0.42,0.38,2024-09-14,0236,N20,VIIRS,n,2,293,9.96,N,0
40.48034,-7.81269,339.67,0.42,0.38,2024-09-14,0236,N20,VIIRS,n,2,291.73,9.96,N,0
40.48121,-7.81755,339.31,0.42,0.38,2024-09-14,0236,N20,VIIRS,n,2,299.5,17.62,N,0
40.48283,-7.80673,314.43,0.42,0.38,2024-09-14,0236,N20,VIIRS,n,2,287.87,9.96,N,0
40.48371,-7.81158,343.37,0.42,0.38,2024-09-14,0236,N20,VIIRS,n,2,299.7,9.96,N,0
40.48459,-7.81644,331.23,0.42,0.38,2024-09-14,0236,N20,VIIRS,n,2,294.56,17.62,N,0
40.4817,-7.80465,296.27,0.42,0.38,2024-09-14,0236,N20,VIIRS,n,2,286.15,0.33,N,0
40.4826,-7.8095,320.88,0.42,0.38,2024-09-14,0236,N20,VIIRS,n,2,289.24,16.98,N,0
40.48348,-7.81434,337.83,0.42,0.38,2024-09-14,0236,N20,VIIRS,n,2,310.44,16.98,N,0
40.48438,-7.81919,326.01,0.42,0.38,2024-09-14,0236,N20,VIIRS,n,2,286.23,5.53,N,0
40.48508,-7.80356,296.5,0.42,0.38,2024-09-14,0236,N20,VIIRS,n,2,286.3,0.33,N,0
40.48597,-7.8084,310.87,0.42,0.38,2024-09-14,0236,N20,VIIRS,n,2,286.96,16.98,N,0
40.59694,-7.55955,327.56,0.43,0.38,2024-09-14,0236,N20,VIIRS,n,2,287.96,2.07,N,0
40.93712,-8.06445,305.35,0.41,0.37,2024-09-14,0236,N20,VIIRS,n,2,286.92,3.84,N,0
40.93629,-8.05975,345.82,0.41,0.37,2024-09-14,0236,N20,VIIRS,n,2,291.92,4.81,N,0
40.93884,-8.05422,302.54,0.41,0.37,2024-09-14,0236,N20,VIIRS,n,2,287.63,4.81,N,0
40.93967,-8.05893,331.91,0.41,0.37,2024-09-14,0236,N20,VIIRS,n,2,295.88,4.81,N,0
40.94051,-8.06363,329.03,0.41,0.37,2024-09-14,0236,N20,VIIRS,n,2,290.54,3.84,N,0
41.00359,-8.05755,306.35,0.41,0.37,2024-09-14,0236,N20,VIIRS,n,2,284.16,0.86,N,0
40.1028,-7.72992,311.16,0.43,0.38,2024-09-14,0236,N20,VIIRS,n,2,288.78,1.11,N,0
40.1037,-7.73481,301.81,0.43,0.38,2024-09-14,0236,N20,VIIRS,n,2,289.27,1.11,N,0
40.10459,-7.73965,339.31,0.43,0.38,2024-09-14,0236,N20,VIIRS,n,2,290.19,5.14,N,0
40.10531,-7.72396,320.54,0.43,0.38,2024-09-14,0236,N20,VIIRS,n,2,291.11,8.52,N,0
40.1062,-7.72881,367,0.43,0.38,2024-09-14,0236,N20,VIIRS,h,2,348.94,70.25,N,0
40.1071,-7.73373,354.23,0.43,0.38,2024-09-14,0236,N20,VIIRS,n,2,302.71,70.25,N,0
38.629,-9.0802,303.92,0.41,0.37,2024-09-14,0236,N20,VIIRS,n,2,287.84,0.95,N,2
40.123,-7.68281,328.52,0.43,0.38,2024-09-14,0236,N20,VIIRS,n,2,289.57,2.79,N,0
40.12656,-7.70223,322.26,0.43,0.38,2024-09-14,0236,N20,VIIRS,n,2,288.25,6.74,N,0
41.2027,-8.22399,367,0.63,0.72,2024-09-14,1218,N20,VIIRS,h,2,301.86,39.91,D,0
41.12624,-8.14944,327.73,0.63,0.72,2024-09-14,1218,N20,VIIRS,n,2,293.87,3.96,D,0
41.52774,-7.89872,337.35,0.59,0.7,2024-09-14,1218,N20,VIIRS,n,2,296.87,7.56,D,0
41.52592,-7.90453,326.12,0.59,0.7,2024-09-14,1218,N20,VIIRS,l,2,298.14,6.88,D,0
41.1963,-8.22154,352.44,0.63,0.72,2024-09-14,1218,N20,VIIRS,n,2,296.02,39.91,D,0
41.20007,-8.20972,327.36,0.63,0.72,2024-09-14,1218,N20,VIIRS,n,2,295.5,12.47,D,0
41.1981,-8.21587,367,0.63,0.72,2024-09-14,1218,N20,VIIRS,h,2,298.57,39.91,D,0
41.20298,-8.22298,367,0.63,0.72,2024-09-14,1218,N20,VIIRS,h,2,299.87,111.13,D,0
41.20485,-8.21722,332.81,0.63,0.72,2024-09-14,1218,N20,VIIRS,n,2,292.47,16.03,D,0
41.19921,-8.23463,334.59,0.63,0.72,2024-09-14,1218,N20,VIIRS,n,2,296.68,69.14,D,0
41.52855,-7.90441,345.83,0.59,0.7,2024-09-14,1218,N20,VIIRS,n,2,299.2,10.11,D,0
41.20454,-8.21824,350.45,0.63,0.72,2024-09-14,1218,N20,VIIRS,n,2,293.75,39.91,D,0
41.20089,-8.22969,207.93,0.63,0.72,2024-09-14,1218,N20,VIIRS,l,2,317.37,162.25,D,0
41.19842,-8.21485,367,0.63,0.72,2024-09-14,1218,N20,VIIRS,h,2,298.22,16.03,D,0
41.19655,-8.2206,347.91,0.63,0.72,2024-09-14,1218,N20,VIIRS,n,2,298.69,111.13,D,0
41.20663,-8.23251,343.43,0.47,0.48,2024-09-14,1358,N20,VIIRS,n,2,295.38,23.36,D,0
41.20222,-8.23207,338.98,0.47,0.48,2024-09-14,1358,N20,VIIRS,n,2,294.94,11.35,D,0
41.12367,-8.15794,339.9,0.48,0.48,2024-09-14,1358,N20,VIIRS,n,2,304.45,4.48,D,0
41.12407,-8.15279,338.45,0.48,0.48,2024-09-14,1358,N20,VIIRS,n,2,306.91,6.95,D,0
41.11526,-8.15145,332.25,0.48,0.48,2024-09-14,1358,N20,VIIRS,n,2,300.96,5.58,D,0
41.53754,-8.1934,350.63,0.48,0.48,2024-09-14,1359,N20,VIIRS,n,2,310.45,43.09,D,0
41.52624,-7.89945,335.36,0.49,0.49,2024-09-14,1359,N20,VIIRS,n,2,303.12,6.95,D,0
41.41871,-8.46455,331.89,0.46,0.47,2024-09-14,1359,N20,VIIRS,n,2,303.89,12.5,D,0
41.41917,-8.4588,339.84,0.46,0.47,2024-09-14,1359,N20,VIIRS,n,2,303.3,12.5,D,0
41.2064,-8.234,340.93,0.47,0.48,2024-09-14,1359,N20,VIIRS,n,2,294.34,12.21,D,0
41.20246,-8.22755,348.27,0.47,0.48,2024-09-14,1359,N20,VIIRS,n,2,294.66,11.52,D,0
41.53771,-8.47206,347.16,0.46,0.47,2024-09-14,1359,N20,VIIRS,n,2,314.83,44.3,D,0
41.542,-8.19354,339.92,0.48,0.48,2024-09-14,1359,N20,VIIRS,n,2,302.88,43.09,D,0
41.53018,-7.90699,333.1,0.49,0.49,2024-09-14,1359,N20,VIIRS,n,2,299.7,6.9,D,0
41.50203,-8.14153,343.93,0.41,0.37,2024-09-15,0216,N20,VIIRS,n,2,313.46,51.12,N,0
41.94438,-6.95847,326.33,0.39,0.37,2024-09-15,0216,N20,VIIRS,n,2,281.26,1.76,N,0
41.542,-8.18132,326.62,0.42,0.37,2024-09-15,0216,N20,VIIRS,n,2,289.49,2.35,N,0
41.54267,-8.18642,312.78,0.42,0.37,2024-09-15,0216,N20,VIIRS,n,2,289.91,2.35,N,0
41.53516,-8.18278,328.47,0.42,0.37,2024-09-15,0216,N20,VIIRS,n,2,289.93,2.73,N,0
41.53448,-8.17768,309.5,0.42,0.37,2024-09-15,0216,N20,VIIRS,n,2,290.05,1.92,N,0
41.51287,-8.14715,308.38,0.41,0.37,2024-09-15,0216,N20,VIIRS,n,2,285.06,0.42,N,0
41.50879,-8.14291,331.88,0.41,0.37,2024-09-15,0216,N20,VIIRS,n,2,288.91,9.39,N,0
41.52959,-7.9054,303.71,0.41,0.37,2024-09-15,0216,N20,VIIRS,n,2,289.6,0.87,N,0
41.52621,-7.90631,297.7,0.41,0.37,2024-09-15,0216,N20,VIIRS,n,2,287.35,0.87,N,0
41.54335,-8.19159,328.09,0.42,0.37,2024-09-15,0216,N20,VIIRS,n,2,289.23,2.99,N,0
41.50471,-8.13856,330.33,0.41,0.37,2024-09-15,0216,N20,VIIRS,n,2,295.76,44.53,N,0
41.50406,-8.13361,310.36,0.41,0.37,2024-09-15,0216,N20,VIIRS,n,2,290.35,2.07,N,0
41.5034,-8.12863,300.77,0.41,0.37,2024-09-15,0216,N20,VIIRS,n,2,287.71,2.07,N,0
41.50331,-8.15469,336.02,0.41,0.37,2024-09-15,0216,N20,VIIRS,n,2,293.91,127.65,N,0
41.50197,-8.14443,328.87,0.41,0.37,2024-09-15,0216,N20,VIIRS,n,2,325.97,44.53,N,0
41.5034,-8.15171,367,0.41,0.37,2024-09-15,0216,N20,VIIRS,h,2,344.1,113.66,N,0
41.5041,-8.15683,307.11,0.41,0.37,2024-09-15,0216,N20,VIIRS,n,2,289.57,1.64,N,0
41.5,-8.15253,311.46,0.41,0.37,2024-09-15,0216,N20,VIIRS,n,2,290.1,113.66,N,0
41.49931,-8.14743,311.3,0.41,0.37,2024-09-15,0216,N20,VIIRS,n,2,290.03,113.66,N,0
41.50813,-8.13789,350.26,0.41,0.37,2024-09-15,0216,N20,VIIRS,n,2,295.73,9.39,N,0
41.50747,-8.13288,356.18,0.41,0.37,2024-09-15,0216,N20,VIIRS,n,2,299.33,33.41,N,0
41.50946,-8.14794,303.62,0.41,0.37,2024-09-15,0216,N20,VIIRS,n,2,288.12,0.42,N,0
41.50671,-8.15383,334.75,0.41,0.37,2024-09-15,0216,N20,VIIRS,n,2,293,127.65,N,0
41.50604,-8.14872,367,0.41,0.37,2024-09-15,0216,N20,VIIRS,h,2,331.74,127.65,N,0
41.50537,-8.14362,348.76,0.41,0.37,2024-09-15,0216,N20,VIIRS,n,2,312.86,44.53,N,0
38.63085,-9.07886,306.42,0.42,0.37,2024-09-15,0217,N20,VIIRS,n,2,292.48,1.03,N,2
40.69233,-8.39176,338.1,0.41,0.37,2024-09-15,0217,N20,VIIRS,n,2,303.71,27.1,N,0
40.69298,-8.39661,329.76,0.41,0.37,2024-09-15,0217,N20,VIIRS,n,2,293.57,15.96,N,0
41.20388,-8.21678,297.73,0.41,0.37,2024-09-15,0217,N20,VIIRS,n,2,287.22,0.66,N,0
41.28604,-8.12433,299.48,0.41,0.37,2024-09-15,0217,N20,VIIRS,n,2,286.3,0.43,N,0
40.69063,-8.39629,334.94,0.43,0.38,2024-09-15,1339,N20,VIIRS,l,2,307.13,5.03,D,0
40.79897,-8.60534,345.59,0.42,0.38,2024-09-15,1339,N20,VIIRS,n,2,308.76,7.43,D,0
40.66583,-8.59189,330.83,0.42,0.38,2024-09-15,1339,N20,VIIRS,l,2,303.83,15.67,D,0
40.66238,-8.59115,349.01,0.42,0.38,2024-09-15,1339,N20,VIIRS,n,2,308.63,15.67,D,0
41.41823,-8.46046,333.51,0.43,0.38,2024-09-15,1340,N20,VIIRS,l,2,306.8,4.25,D,0
41.67724,-8.52458,331.05,0.43,0.38,2024-09-15,1340,N20,VIIRS,n,2,304.54,1.38,D,0
41.57964,-8.0509,341.99,0.45,0.39,2024-09-15,1340,N20,VIIRS,n,2,312.35,9.6,D,0
41.58028,-8.04557,367,0.45,0.39,2024-09-15,1340,N20,VIIRS,h,2,318.88,9.6,D,0
41.57547,-8.05543,334.85,0.45,0.39,2024-09-15,1340,N20,VIIRS,n,2,307.23,18.29,D,0
41.5761,-8.0501,367,0.45,0.39,2024-09-15,1340,N20,VIIRS,h,2,325.45,42.86,D,0
41.57193,-8.05466,344.45,0.45,0.39,2024-09-15,1340,N20,VIIRS,n,2,314.39,18.29,D,0
41.52816,-7.90083,333.92,0.45,0.39,2024-09-15,1340,N20,VIIRS,n,2,306.35,3.23,D,0
41.48441,-8.12613,340.48,0.45,0.39,2024-09-15,1340,N20,VIIRS,n,2,307.87,5.16,D,0
41.4809,-8.1253,337.38,0.45,0.39,2024-09-15,1340,N20,VIIRS,n,2,304.93,1.7,D,0
41.42392,-8.47235,333.93,0.43,0.38,2024-09-15,1340,N20,VIIRS,n,2,300.26,12.71,D,0
41.42455,-8.46731,349.56,0.43,0.38,2024-09-15,1340,N20,VIIRS,n,2,302.59,12.71,D,0
41.42044,-8.47159,339.96,0.43,0.38,2024-09-15,1340,N20,VIIRS,n,2,308.23,12.71,D,0
41.42106,-8.46652,356.36,0.43,0.38,2024-09-15,1340,N20,VIIRS,n,2,315.41,12.71,D,0
41.41759,-8.46563,356.32,0.43,0.38,2024-09-15,1340,N20,VIIRS,n,2,310.2,11.28,D,0
41.37785,-8.20085,335.9,0.44,0.39,2024-09-15,1340,N20,VIIRS,n,2,304.44,3.28,D,0
41.37846,-8.19565,346.38,0.44,0.39,2024-09-15,1340,N20,VIIRS,n,2,307.37,23.07,D,0
41.37824,-8.19884,343.71,0.44,0.39,2024-09-15,1340,N20,VIIRS,n,2,304.86,7.54,D,0
41.37888,-8.19359,335.34,0.44,0.39,2024-09-15,1340,N20,VIIRS,l,2,305.75,7.54,D,0
41.37537,-8.19283,337.92,0.44,0.39,2024-09-15,1340,N20,VIIRS,n,2,309.71,7.54,D,0
41.03938,-7.75014,336.26,0.45,0.39,2024-09-15,1340,N20,VIIRS,n,2,306.89,4.12,D,0
40.02568,-7.53589,313.89,0.57,0.43,2024-09-16,0158,N20,VIIRS,n,2,295.35,5.68,N,0
41.7243,-8.51588,306.31,0.44,0.46,2024-09-16,0158,N20,VIIRS,n,2,292.09,1.69,N,0
41.68691,-8.48521,308.52,0.44,0.46,2024-09-16,0158,N20,VIIRS,n,2,291.17,0.77,N,0
41.68639,-8.47926,311.65,0.44,0.46,2024-09-16,0158,N20,VIIRS,n,2,292.5,1.69,N,0
41.68261,-8.48545,345.62,0.44,0.46,2024-09-16,0158,N20,VIIRS,n,2,294.35,6.85,N,0
41.68212,-8.47989,309.15,0.44,0.46,2024-09-16,0158,N20,VIIRS,n,2,291.52,2.25,N,0
41.42495,-8.22808,309.13,0.43,0.46,2024-09-16,0158,N20,VIIRS,n,2,291.29,1.79,N,0
41.42124,-8.23431,337.39,0.43,0.46,2024-09-16,0158,N20,VIIRS,n,2,288.99,3.77,N,0
41.42076,-8.22892,322.43,0.43,0.46,2024-09-16,0158,N20,VIIRS,n,2,293.89,2.79,N,0
41.41566,-8.2195,323.28,0.43,0.46,2024-09-16,0158,N20,VIIRS,n,2,293.35,2.47,N,0
41.41612,-8.22474,305.63,0.43,0.46,2024-09-16,0158,N20,VIIRS,n,2,290.65,2.79,N,0
41.40253,-8.11987,329.61,0.42,0.45,2024-09-16,0158,N20,VIIRS,n,2,289.45,2.59,N,0
41.40203,-8.1144,331.76,0.42,0.45,2024-09-16,0158,N20,VIIRS,n,2,293.43,4.47,N,0
41.39786,-8.11506,339.35,0.42,0.45,2024-09-16,0158,N20,VIIRS,n,2,290.35,4.47,N,0
41.39834,-8.12042,312.95,0.42,0.45,2024-09-16,0158,N20,VIIRS,n,2,289.39,2.59,N,0
41.41703,-8.46861,303.01,0.44,0.46,2024-09-16,0158,N20,VIIRS,n,2,292,1.73,N,0
41.03464,-8.0779,304.29,0.42,0.45,2024-09-16,0158,N20,VIIRS,n,2,288.23,0.97,N,0
41.03418,-8.07303,305.85,0.42,0.45,2024-09-16,0158,N20,VIIRS,n,2,288.42,0.97,N,0
41.03043,-8.07794,337.37,0.42,0.45,2024-09-16,0158,N20,VIIRS,n,2,290.34,6.29,N,0
41.02996,-8.07296,334.28,0.42,0.45,2024-09-16,0158,N20,VIIRS,n,2,288.81,6.29,N,0
41.03305,-8.4771,298.18,0.43,0.46,2024-09-16,0158,N20,VIIRS,n,2,288.1,1.03,N,0
40.81247,-8.44539,299.45,0.43,0.46,2024-09-16,0158,N20,VIIRS,n,2,288.36,0.84,N,0
40.8087,-8.45118,325.55,0.43,0.46,2024-09-16,0158,N20,VIIRS,n,2,290.21,1.79,N,0
40.80676,-8.42935,339.07,0.43,0.46,2024-09-16,0158,N20,VIIRS,n,2,294.63,8.3,N,0
40.80825,-8.44611,307.23,0.43,0.46,2024-09-16,0158,N20,VIIRS,n,2,288.41,1.79,N,0
40.80726,-8.43508,317.74,0.43,0.46,2024-09-16,0158,N20,VIIRS,n,2,291,2.89,N,0
40.80252,-8.42977,355.12,0.43,0.46,2024-09-16,0158,N20,VIIRS,n,2,298.35,8.3,N,0
40.80302,-8.43541,305.79,0.43,0.46,2024-09-16,0158,N20,VIIRS,n,2,292.83,2.89,N,0
40.79834,-8.43083,338.25,0.43,0.46,2024-09-16,0158,N20,VIIRS,n,2,326.24,38.62,N,0
40.79788,-8.42575,324.42,0.43,0.46,2024-09-16,0158,N20,VIIRS,n,2,298.28,38.62,N,0
40.02238,-7.54319,331.24,0.57,0.43,2024-09-16,0158,N20,VIIRS,n,2,312.36,47.77,N,0
40.79929,-8.44164,305.22,0.43,0.46,2024-09-16,0158,N20,VIIRS,n,2,293.17,2.56,N,0
40.7988,-8.43599,309.5,0.43,0.46,2024-09-16,0158,N20,VIIRS,n,2,294.36,2.56,N,0
40.79414,-8.43179,336.76,0.43,0.46,2024-09-16,0158,N20,VIIRS,n,2,311.49,38.62,N,0
40.79507,-8.44221,315.62,0.43,0.46,2024-09-16,0158,N20,VIIRS,n,2,293.42,2.56,N,0
40.02307,-7.54991,333.07,0.57,0.43,2024-09-16,0158,N20,VIIRS,n,2,301.87,47.77,N,0
40.79457,-8.43663,317.11,0.43,0.46,2024-09-16,0158,N20,VIIRS,n,2,295.42,2.56,N,0
40.79369,-8.42679,308.42,0.43,0.46,2024-09-16,0158,N20,VIIRS,n,2,294.11,38.62,N,0
40.79136,-8.44865,338.09,0.43,0.46,2024-09-16,0158,N20,VIIRS,n,2,292.32,5.75,N,0
40.79087,-8.44306,346.45,0.43,0.46,2024-09-16,0158,N20,VIIRS,n,2,303.25,7.86,N,0
40.79039,-8.43762,326.64,0.43,0.46,2024-09-16,0158,N20,VIIRS,n,2,298.84,7.86,N,0
40.78995,-8.43269,341.15,0.43,0.46,2024-09-16,0158,N20,VIIRS,n,2,300.27,5.64,N,0
40.78716,-8.4495,326.4,0.43,0.46,2024-09-16,0158,N20,VIIRS,n,2,289,5.75,N,0
40.78667,-8.44399,343.31,0.43,0.46,2024-09-16,0158,N20,VIIRS,n,2,295.26,7.86,N,0
40.78619,-8.43851,352.87,0.43,0.46,2024-09-16,0158,N20,VIIRS,n,2,301.07,7.86,N,0
40.78575,-8.43355,331.37,0.43,0.46,2024-09-16,0158,N20,VIIRS,n,2,297.13,5.64,N,0
40.78247,-8.44479,330.02,0.43,0.46,2024-09-16,0158,N20,VIIRS,n,2,293.19,9.26,N,0
40.782,-8.43951,353.94,0.43,0.46,2024-09-16,0158,N20,VIIRS,n,2,307.11,9.26,N,0
40.77781,-8.44044,305.43,0.43,0.46,2024-09-16,0158,N20,VIIRS,n,2,294.36,9.26,N,0
40.77361,-8.44132,313.76,0.43,0.46,2024-09-16,0158,N20,VIIRS,n,2,295.45,2.41,N,0
40.70204,-7.66026,313.44,0.39,0.44,2024-09-16,0158,N20,VIIRS,n,2,291.44,1.46,N,0
40.77805,-8.4425,307.02,0.43,0.46,2024-09-16,0158,N20,VIIRS,n,2,293.67,1.73,N,0
40.70204,-7.66288,300.29,0.39,0.44,2024-09-16,0158,N20,VIIRS,n,2,289.63,0.85,N,0
40.70156,-7.65815,305.81,0.39,0.44,2024-09-16,0158,N20,VIIRS,n,2,290.19,0.71,N,0
40.77386,-8.44342,319.66,0.43,0.46,2024-09-16,0158,N20,VIIRS,n,2,294.34,1.73,N,0
40.66129,-7.58389,340.53,0.39,0.44,2024-09-16,0158,N20,VIIRS,n,2,300.57,12.81,N,0
40.66082,-7.57931,320.45,0.39,0.44,2024-09-16,0158,N20,VIIRS,n,2,306.1,22.99,N,0
40.65728,-7.5848,311.23,0.39,0.44,2024-09-16,0158,N20,VIIRS,n,2,288.88,12.81,N,0
40.45596,-7.83957,317.3,0.4,0.44,2024-09-16,0158,N20,VIIRS,n,2,290.32,1.7,N,0
40.04271,-7.52543,304.98,0.57,0.43,2024-09-16,0158,N20,VIIRS,n,2,292.04,0.81,N,0
40.03872,-7.52616,334.99,0.57,0.43,2024-09-16,0158,N20,VIIRS,n,2,296.34,6.68,N,0
40.03933,-7.53224,309.68,0.57,0.43,2024-09-16,0158,N20,VIIRS,n,2,293.51,16.65,N,0
40.03536,-7.53312,354.66,0.57,0.43,2024-09-16,0158,N20,VIIRS,n,2,304.36,16.65,N,0
40.03475,-7.52697,336.4,0.57,0.43,2024-09-16,0158,N20,VIIRS,n,2,295.99,6.68,N,0
40.04089,-7.52617,328.2,0.57,0.43,2024-09-16,0158,N20,VIIRS,n,2,294.18,4.52,N,0
40.03754,-7.533,334.19,0.57,0.43,2024-09-16,0158,N20,VIIRS,n,2,295.98,13.16,N,0
40.03691,-7.52692,345.75,0.57,0.43,2024-09-16,0158,N20,VIIRS,n,2,297.38,13.16,N,0
40.03359,-7.53398,343.89,0.57,0.43,2024-09-16,0158,N20,VIIRS,n,2,304.96,13.16,N,0
40.03295,-7.52777,310.2,0.57,0.43,2024-09-16,0158,N20,VIIRS,n,2,293.34,13.16,N,0
40.0303,-7.5414,350.98,0.57,0.43,2024-09-16,0158,N20,VIIRS,n,2,303.5,44.16,N,0
40.02965,-7.53502,328.11,0.57,0.43,2024-09-16,0158,N20,VIIRS,n,2,297.61,5.68,N,0
40.031,-7.54811,302.48,0.57,0.43,2024-09-16,0158,N20,VIIRS,n,2,292.45,44.16,N,0
40.02704,-7.54905,337.59,0.57,0.43,2024-09-16,0158,N20,VIIRS,n,2,305.02,44.16,N,0
40.02635,-7.54235,342.06,0.57,0.43,2024-09-16,0158,N20,VIIRS,n,2,325.87,44.16,N,0
41.68692,-8.47903,335.75,0.65,0.73,2024-09-16,0338,N20,VIIRS,n,2,290.71,5.39,N,0
41.72668,-8.51067,303.88,0.64,0.72,2024-09-16,0338,N20,VIIRS,n,2,290.84,1.33,N,0
41.68085,-8.48291,302.5,0.65,0.73,2024-09-16,0338,N20,VIIRS,n,2,290.26,2.25,N,0
41.68263,-8.48263,327.28,0.65,0.73,2024-09-16,0338,N20,VIIRS,n,2,290.72,5.01,N,0
41.39888,-8.11993,345.85,0.69,0.74,2024-09-16,0338,N20,VIIRS,n,2,292.87,10.38,N,0
41.42789,-8.22802,315.62,0.68,0.74,2024-09-16,0338,N20,VIIRS,n,2,289.73,2.5,N,0
41.40385,-8.11976,327.09,0.69,0.74,2024-09-16,0338,N20,VIIRS,n,2,288.87,4.29,N,0
41.40178,-8.11351,303.59,0.69,0.74,2024-09-16,0338,N20,VIIRS,n,2,289.46,6.53,N,0
41.39762,-8.12362,322.16,0.69,0.74,2024-09-16,0338,N20,VIIRS,n,2,289.05,4.29,N,0
41.42608,-8.23188,301.56,0.68,0.74,2024-09-16,0338,N20,VIIRS,n,2,287.95,1.45,N,0
41.42384,-8.22514,304.99,0.68,0.74,2024-09-16,0338,N20,VIIRS,n,2,290.18,1.45,N,0
41.0363,-8.0735,313.41,0.71,0.75,2024-09-16,0338,N20,VIIRS,n,2,286.11,5.14,N,0
41.03111,-8.08063,344.54,0.71,0.75,2024-09-16,0338,N20,VIIRS,n,2,287.55,5.14,N,0
41.02853,-8.07306,317.58,0.71,0.75,2024-09-16,0338,N20,VIIRS,n,2,286.58,5.14,N,0
41.03554,-8.07571,320.05,0.71,0.75,2024-09-16,0338,N20,VIIRS,n,2,286.1,4.07,N,0
41.03268,-8.06717,309.3,0.71,0.75,2024-09-16,0338,N20,VIIRS,n,2,286.77,3.85,N,0
41.03045,-8.08325,333.24,0.71,0.75,2024-09-16,0338,N20,VIIRS,n,2,286.02,19.54,N,0
41.02764,-8.07484,344.52,0.71,0.75,2024-09-16,0338,N20,VIIRS,n,2,289.76,21.93,N,0
41.02219,-8.08126,349.77,0.71,0.75,2024-09-16,0338,N20,VIIRS,n,2,298.28,21.93,N,0
41.02501,-8.08971,313.06,0.71,0.75,2024-09-16,0338,N20,VIIRS,n,2,285.57,19.54,N,0
41.019,-8.07174,296.24,0.71,0.75,2024-09-16,0338,N20,VIIRS,n,2,286.24,21.93,N,0
40.94301,-8.07237,307.45,0.71,0.75,2024-09-16,0338,N20,VIIRS,n,2,289.46,1.07,N,0
40.9406,-8.06526,302.25,0.72,0.75,2024-09-16,0338,N20,VIIRS,n,2,290.39,1.07,N,0
40.94172,-8.07069,312.14,0.72,0.75,2024-09-16,0338,N20,VIIRS,n,2,290.18,2.42,N,0
40.66315,-7.59131,330.42,0.77,0.77,2024-09-16,0338,N20,VIIRS,n,2,286.37,13.74,N,0
40.66017,-7.58269,356.16,0.77,0.77,2024-09-16,0338,N20,VIIRS,n,2,292.88,13.74,N,0
40.66343,-7.58613,367,0.77,0.77,2024-09-16,0338,N20,VIIRS,h,2,290.04,11.38,N,0
40.66048,-7.57743,319.3,0.77,0.77,2024-09-16,0338,N20,VIIRS,n,2,289.05,15.04,N,0
40.65664,-7.58919,296.55,0.77,0.77,2024-09-16,0338,N20,VIIRS,n,2,286.07,11.38,N,0
40.81059,-8.43161,344.26,0.69,0.74,2024-09-16,0338,N20,VIIRS,n,2,293.83,15.7,N,0
40.80857,-8.42559,367,0.69,0.75,2024-09-16,0338,N20,VIIRS,h,2,298.41,15.7,N,0
40.80261,-8.4303,367,0.69,0.75,2024-09-16,0338,N20,VIIRS,h,2,299.96,15.7,N,0
40.81191,-8.45792,303.64,0.69,0.74,2024-09-16,0338,N20,VIIRS,n,2,293.45,2,N,0
40.80891,-8.449,311.42,0.69,0.74,2024-09-16,0338,N20,VIIRS,n,2,293.78,5.51,N,0
40.80459,-8.43618,311.2,0.69,0.74,2024-09-16,0338,N20,VIIRS,n,2,292.57,15.7,N,0
40.80004,-8.42267,304.72,0.69,0.75,2024-09-16,0338,N20,VIIRS,n,2,294.28,21.31,N,0
40.80868,-8.43213,353.29,0.69,0.75,2024-09-16,0338,N20,VIIRS,n,2,294.41,22.21,N,0
40.80672,-8.42621,354.74,0.69,0.75,2024-09-16,0338,N20,VIIRS,n,2,299.2,29.08,N,0
40.80037,-8.42974,367,0.69,0.75,2024-09-16,0338,N20,VIIRS,h,2,300.91,16,N,0
40.80664,-8.44869,306.61,0.69,0.74,2024-09-16,0338,N20,VIIRS,n,2,291.8,2.29,N,0
40.80252,-8.43624,307.18,0.69,0.75,2024-09-16,0338,N20,VIIRS,n,2,292.6,8.16,N,0
40.79365,-8.43217,321.22,0.69,0.75,2024-09-16,0338,N20,VIIRS,n,2,295.22,16,N,0
40.79621,-8.43991,308.94,0.69,0.75,2024-09-16,0338,N20,VIIRS,n,2,293.4,8.16,N,0
40.78956,-8.44254,322.25,0.69,0.75,2024-09-16,0338,N20,VIIRS,n,2,296.4,8.29,N,0
40.79167,-8.44891,306.03,0.69,0.74,2024-09-16,0338,N20,VIIRS,n,2,291.84,8.29,N,0
40.78711,-8.43517,316.7,0.69,0.75,2024-09-16,0338,N20,VIIRS,n,2,296.2,7.17,N,0
40.78291,-8.44519,367,0.69,0.75,2024-09-16,0338,N20,VIIRS,h,2,298.2,8.29,N,0
40.78049,-8.43789,314.18,0.69,0.75,2024-09-16,0338,N20,VIIRS,n,2,295.44,7.17,N,0
40.77632,-8.44799,367,0.69,0.75,2024-09-16,0338,N20,VIIRS,h,2,294.76,16.9,N,0
40.77386,-8.44061,324.53,0.69,0.75,2024-09-16,0338,N20,VIIRS,n,2,295.62,13.11,N,0
40.54387,-7.80871,349.9,0.39,0.36,2024-09-16,1320,N20,VIIRS,n,2,320.86,45.22,D,0
40.53985,-7.81233,342.02,0.39,0.36,2024-09-16,1320,N20,VIIRS,n,2,307.89,32.15,D,0
40.54058,-7.8078,356.06,0.39,0.36,2024-09-16,1320,N20,VIIRS,n,2,321.52,20.96,D,0
38.74251,-9.38079,336.35,0.43,0.38,2024-09-16,1320,N20,VIIRS,l,2,310.2,20.68,D,0
38.74161,-9.38568,314.64,0.43,0.38,2024-09-16,1320,N20,VIIRS,l,2,322.2,32.15,D,0
40.02481,-7.55058,341.75,0.39,0.36,2024-09-16,1320,N20,VIIRS,n,2,314.02,8.17,D,0
40.03825,-7.53076,350.38,0.39,0.36,2024-09-16,1320,N20,VIIRS,n,2,310.62,13.58,D,0
40.03754,-7.53518,354.11,0.39,0.36,2024-09-16,1320,N20,VIIRS,n,2,320.2,13.58,D,0
40.03682,-7.53965,343.58,0.39,0.36,2024-09-16,1320,N20,VIIRS,l,2,318.51,12.56,D,0
40.0401,-7.5405,347.76,0.39,0.36,2024-09-16,1320,N20,VIIRS,n,2,310.68,9.57,D,0
40.49458,-7.83783,348.86,0.39,0.36,2024-09-16,1320,N20,VIIRS,n,2,318.53,14.35,D,0
40.49385,-7.84234,343.77,0.39,0.36,2024-09-16,1320,N20,VIIRS,l,2,314.78,14.35,D,0
40.49165,-7.85591,355.08,0.39,0.36,2024-09-16,1320,N20,VIIRS,n,2,315.34,18.99,D,0
40.49091,-7.86044,352.97,0.39,0.36,2024-09-16,1320,N20,VIIRS,n,2,316,18.99,D,0
40.49018,-7.86496,347.36,0.39,0.36,2024-09-16,1320,N20,VIIRS,n,2,320.34,36.57,D,0
40.48944,-7.86946,347.83,0.39,0.36,2024-09-16,1320,N20,VIIRS,n,2,319.91,36.57,D,0
40.48872,-7.87396,353.26,0.39,0.36,2024-09-16,1320,N20,VIIRS,n,2,312.01,16.58,D,0
40.48798,-7.87844,335.2,0.39,0.36,2024-09-16,1320,N20,VIIRS,n,2,304.99,16.58,D,0
40.49567,-7.85229,367,0.39,0.36,2024-09-16,1320,N20,VIIRS,h,2,349.65,77.49,D,0
40.49493,-7.8568,367,0.39,0.36,2024-09-16,1320,N20,VIIRS,h,2,342.65,32.67,D,0
40.49714,-7.84324,350.98,0.39,0.36,2024-09-16,1320,N20,VIIRS,n,2,316.38,25.12,D,0
40.4942,-7.86131,354.58,0.39,0.36,2024-09-16,1320,N20,VIIRS,n,2,319.09,32.67,D,0
40.49347,-7.86582,350.94,0.39,0.36,2024-09-16,1320,N20,VIIRS,n,2,325.67,25.81,D,0
40.49054,-7.88386,352.56,0.39,0.36,2024-09-16,1320,N20,VIIRS,n,2,319.81,134.05,D,0
40.49274,-7.87033,367,0.39,0.36,2024-09-16,1320,N20,VIIRS,l,2,331.44,25.81,D,0
40.492,-7.87484,367,0.39,0.36,2024-09-16,1320,N20,VIIRS,l,2,337.5,41.63,D,0
40.49127,-7.87935,353.89,0.39,0.36,2024-09-16,1320,N20,VIIRS,l,2,329.99,41.63,D,0
40.49603,-7.87121,367,0.39,0.36,2024-09-16,1320,N20,VIIRS,h,2,321.09,25.81,D,0
40.49456,-7.88026,367,0.39,0.36,2024-09-16,1320,N20,VIIRS,h,2,350.89,41.63,D,0
40.49309,-7.88929,367,0.39,0.36,2024-09-16,1320,N20,VIIRS,h,2,342.24,134.05,D,0
40.49896,-7.85313,350.83,0.39,0.36,2024-09-16,1320,N20,VIIRS,n,2,320.78,77.49,D,0
40.49823,-7.85766,347.01,0.39,0.36,2024-09-16,1320,N20,VIIRS,n,2,318.49,32.67,D,0
40.49676,-7.86669,355.62,0.39,0.36,2024-09-16,1320,N20,VIIRS,n,2,320.09,25.81,D,0
40.54934,-7.79603,340.55,0.39,0.36,2024-09-16,1320,N20,VIIRS,n,2,309.08,23.88,D,0
40.5446,-7.80419,367,0.39,0.36,2024-09-16,1320,N20,VIIRS,l,2,336.51,45.22,D,0
40.49529,-7.87574,354.11,0.39,0.36,2024-09-16,1320,N20,VIIRS,n,2,328.62,41.63,D,0
40.54132,-7.80327,345.45,0.39,0.36,2024-09-16,1320,N20,VIIRS,n,2,314.74,20.96,D,0
40.49235,-7.89383,342.91,0.39,0.36,2024-09-16,1320,N20,VIIRS,n,2,300.7,32.32,D,0
40.49749,-7.86218,351.58,0.39,0.36,2024-09-16,1320,N20,VIIRS,l,2,328.64,32.67,D,0
40.49382,-7.88477,367,0.39,0.36,2024-09-16,1320,N20,VIIRS,l,2,368.05,134.05,D,0
40.50298,-7.84946,367,0.39,0.36,2024-09-16,1320,N20,VIIRS,h,2,322.06,14.79,D,0
40.50078,-7.86305,367,0.39,0.36,2024-09-16,1320,N20,VIIRS,h,2,344.74,74.36,D,0
40.50005,-7.86758,367,0.39,0.36,2024-09-16,1320,N20,VIIRS,h,2,349.81,182.55,D,0
40.49858,-7.87665,367,0.39,0.36,2024-09-16,1320,N20,VIIRS,h,2,356.14,121.6,D,0
40.50371,-7.84498,345.22,0.39,0.36,2024-09-16,1320,N20,VIIRS,n,2,318.2,6.81,D,0
40.50225,-7.85398,353.58,0.39,0.36,2024-09-16,1320,N20,VIIRS,n,2,320.76,14.79,D,0
40.50151,-7.85852,355.33,0.39,0.36,2024-09-16,1320,N20,VIIRS,n,2,323.12,74.36,D,0
40.49637,-7.8902,334.55,0.39,0.36,2024-09-16,1320,N20,VIIRS,n,2,305.39,124.04,D,0
40.49931,-7.87211,367,0.39,0.36,2024-09-16,1320,N20,VIIRS,l,2,342.42,182.55,D,0
40.49784,-7.88117,367,0.39,0.36,2024-09-16,1320,N20,VIIRS,l,2,366.23,121.6,D,0
40.49711,-7.88568,367,0.39,0.36,2024-09-16,1320,N20,VIIRS,l,2,351.37,124.04,D,0
40.50627,-7.85033,367,0.39,0.36,2024-09-16,1320,N20,VIIRS,h,2,323.31,14.79,D,0
40.50407,-7.86393,367,0.39,0.36,2024-09-16,1320,N20,VIIRS,h,2,350.54,74.36,D,0
40.50334,-7.86846,367,0.39,0.36,2024-09-16,1320,N20,VIIRS,h,2,359.24,182.55,D,0
40.50774,-7.84133,344.61,0.39,0.36,2024-09-16,1320,N20,VIIRS,n,2,314.93,6.81,D,0
40.507,-7.84584,354.81,0.39,0.36,2024-09-16,1320,N20,VIIRS,n,2,321.59,6.81,D,0
40.50554,-7.85486,354.96,0.39,0.36,2024-09-16,1320,N20,VIIRS,n,2,323.23,14.79,D,0
40.50186,-7.87755,344,0.39,0.36,2024-09-16,1320,N20,VIIRS,n,2,304.78,121.6,D,0
40.50481,-7.85939,367,0.39,0.36,2024-09-16,1320,N20,VIIRS,l,2,330,74.36,D,0
40.50259,-7.87301,367,0.39,0.36,2024-09-16,1320,N20,VIIRS,l,2,368.65,182.55,D,0
40.51029,-7.84672,367,0.39,0.36,2024-09-16,1320,N20,VIIRS,h,2,354.39,44.21,D,0
40.51102,-7.84221,334.36,0.39,0.36,2024-09-16,1320,N20,VIIRS,n,2,307.05,44.21,D,0
40.50883,-7.85574,350.53,0.39,0.36,2024-09-16,1320,N20,VIIRS,n,2,305.6,30.44,D,0
40.50809,-7.86029,336.52,0.39,0.36,2024-09-16,1320,N20,VIIRS,n,2,303.18,5.84,D,0
40.50735,-7.86483,331.52,0.39,0.36,2024-09-16,1320,N20,VIIRS,n,2,301.1,5.84,D,0
40.53256,-7.81504,367,0.39,0.36,2024-09-16,1320,N20,VIIRS,h,2,332.61,67.89,D,0
40.53329,-7.8105,367,0.39,0.36,2024-09-16,1320,N20,VIIRS,l,2,332.66,67.89,D,0
40.53658,-7.81142,367,0.39,0.36,2024-09-16,1320,N20,VIIRS,h,2,345.38,32.15,D,0
40.5395,-7.79327,356.61,0.39,0.36,2024-09-16,1320,N20,VIIRS,n,2,324.08,15.15,D,0
40.53877,-7.79781,353.28,0.39,0.36,2024-09-16,1320,N20,VIIRS,n,2,324.49,15.15,D,0
40.53804,-7.80235,350.05,0.39,0.36,2024-09-16,1320,N20,VIIRS,n,2,319.41,20.96,D,0
40.51285,-7.85212,333.56,0.39,0.36,2024-09-16,1320,N20,VIIRS,n,2,306.49,30.44,D,0
40.53584,-7.81595,340.72,0.39,0.36,2024-09-16,1320,N20,VIIRS,n,2,309.72,32.15,D,0
40.53731,-7.80688,367,0.39,0.36,2024-09-16,1320,N20,VIIRS,l,2,327.2,20.96,D,0
40.54351,-7.78965,347.63,0.39,0.36,2024-09-16,1320,N20,VIIRS,n,2,321.34,7.86,D,0
40.54278,-7.79419,353.3,0.39,0.36,2024-09-16,1320,N20,VIIRS,n,2,323.58,15.15,D,0
40.54205,-7.79873,356.19,0.39,0.36,2024-09-16,1320,N20,VIIRS,l,2,328.72,15.15,D,0
40.51357,-7.84761,336.96,0.39,0.36,2024-09-16,1320,N20,VIIRS,n,2,305.89,44.21,D,0
40.54533,-7.79965,367,0.39,0.36,2024-09-16,1320,N20,VIIRS,l,2,335.38,23.88,D,0
40.54606,-7.79511,353.01,0.39,0.36,2024-09-16,1320,N20,VIIRS,l,2,333.08,23.88,D,0
40.54679,-7.79056,367,0.39,0.36,2024-09-16,1320,N20,VIIRS,l,2,332.03,39.38,D,0
40.54314,-7.81324,340.46,0.39,0.36,2024-09-16,1320,N20,VIIRS,n,2,310.47,15.32,D,0
40.65099,-8.49136,350.17,0.4,0.37,2024-09-16,1321,N20,VIIRS,n,2,313.71,8.07,D,0
41.94795,-8.45408,332.91,0.39,0.36,2024-09-16,1321,N20,VIIRS,l,2,305.56,4.36,D,0
41.82732,-8.52214,335.49,0.39,0.36,2024-09-16,1321,N20,VIIRS,n,2,307.97,1.82,D,0
41.66512,-8.44353,333.9,0.39,0.36,2024-09-16,1321,N20,VIIRS,l,2,308.51,1.82,D,0
41.56723,-7.95123,337.84,0.39,0.36,2024-09-16,1321,N20,VIIRS,n,2,301.51,13.52,D,0
41.56322,-7.95495,347.48,0.39,0.36,2024-09-16,1321,N20,VIIRS,n,2,311.09,17.25,D,0
41.56397,-7.95027,355.84,0.39,0.36,2024-09-16,1321,N20,VIIRS,n,2,314.27,17.25,D,0
41.56472,-7.9456,351.31,0.39,0.36,2024-09-16,1321,N20,VIIRS,n,2,301.5,15.29,D,0
41.56545,-7.94099,338,0.39,0.36,2024-09-16,1321,N20,VIIRS,n,2,300.89,15.29,D,0
41.5592,-7.9587,334.37,0.39,0.36,2024-09-16,1321,N20,VIIRS,n,2,298.96,5.7,D,0
41.56144,-7.94468,349.55,0.39,0.36,2024-09-16,1321,N20,VIIRS,n,2,313.11,15.29,D,0
41.56218,-7.94008,355.2,0.39,0.36,2024-09-16,1321,N20,VIIRS,n,2,318.77,15.29,D,0
41.56291,-7.93552,352.91,0.39,0.36,2024-09-16,1321,N20,VIIRS,n,2,315.29,30.48,D,0
41.55518,-7.96242,352.7,0.39,0.36,2024-09-16,1321,N20,VIIRS,n,2,313.29,30.12,D,0
41.55593,-7.95775,345.86,0.39,0.36,2024-09-16,1321,N20,VIIRS,l,2,318.69,30.12,D,0
41.55668,-7.95306,345.34,0.39,0.36,2024-09-16,1321,N20,VIIRS,n,2,311.81,11,D,0
41.55963,-7.93464,350.55,0.39,0.36,2024-09-16,1321,N20,VIIRS,n,2,312.47,11.71,D,0
41.56035,-7.93011,349.6,0.39,0.36,2024-09-16,1321,N20,VIIRS,n,2,306.73,11.71,D,0
41.54612,-7.95492,333.4,0.39,0.36,2024-09-16,1321,N20,VIIRS,l,2,304.31,8.31,D,0
41.5476,-7.94569,342.2,0.39,0.36,2024-09-16,1321,N20,VIIRS,n,2,314.69,10.05,D,0
41.5505,-7.92754,339.77,0.39,0.36,2024-09-16,1321,N20,VIIRS,n,2,307.19,9.19,D,0
41.54504,-7.94028,340.45,0.39,0.36,2024-09-16,1321,N20,VIIRS,n,2,315.3,15.98,D,0
41.5465,-7.9312,351.32,0.39,0.36,2024-09-16,1321,N20,VIIRS,n,2,317.86,21.67,D,0
41.54432,-7.94482,367,0.39,0.36,2024-09-16,1321,N20,VIIRS,h,2,329.22,12.56,D,0
41.5403,-7.94852,350.11,0.39,0.36,2024-09-16,1321,N20,VIIRS,n,2,312.14,12.56,D,0
41.54103,-7.94395,351.54,0.39,0.36,2024-09-16,1321,N20,VIIRS,n,2,315.66,12.56,D,0
41.54176,-7.9394,355.22,0.39,0.36,2024-09-16,1321,N20,VIIRS,n,2,320.38,15.98,D,0
41.54249,-7.93485,352.25,0.39,0.36,2024-09-16,1321,N20,VIIRS,n,2,325.89,15.98,D,0
41.54322,-7.9303,342.11,0.39,0.36,2024-09-16,1321,N20,VIIRS,n,2,311.04,21.67,D,0
41.53848,-7.93852,334.05,0.39,0.36,2024-09-16,1321,N20,VIIRS,n,2,306.26,8.91,D,0
41.53922,-7.93395,351.7,0.39,0.36,2024-09-16,1321,N20,VIIRS,n,2,311.18,8.91,D,0
41.53994,-7.92939,331.51,0.39,0.36,2024-09-16,1321,N20,VIIRS,n,2,300.81,4.11,D,0
41.52394,-7.90113,331.09,0.39,0.36,2024-09-16,1321,N20,VIIRS,n,2,300.35,2.48,D,0
41.48304,-8.0718,322.44,0.39,0.36,2024-09-16,1321,N20,VIIRS,l,2,323.23,35.4,D,0
41.41777,-8.47305,342.88,0.39,0.36,2024-09-16,1321,N20,VIIRS,n,2,309.88,8.51,D,0
41.4845,-8.0627,336.48,0.39,0.36,2024-09-16,1321,N20,VIIRS,n,2,303.97,79.76,D,0
41.48377,-8.06723,367,0.39,0.36,2024-09-16,1321,N20,VIIRS,h,2,337.46,79.76,D,0
41.47976,-8.07085,332.11,0.39,0.36,2024-09-16,1321,N20,VIIRS,n,2,301.61,35.4,D,0
41.48049,-8.06631,367,0.39,0.36,2024-09-16,1321,N20,VIIRS,h,2,331.03,79.76,D,0
41.54354,-7.58323,351.26,0.39,0.36,2024-09-16,1321,N20,VIIRS,n,2,312.27,34.77,D,0
41.54425,-7.57865,343.05,0.39,0.36,2024-09-16,1321,N20,VIIRS,n,2,304.29,6.95,D,0
41.54028,-7.58229,353.99,0.39,0.36,2024-09-16,1321,N20,VIIRS,n,2,313.96,84.87,D,0
41.53701,-7.58135,367,0.39,0.36,2024-09-16,1321,N20,VIIRS,l,2,329.81,84.87,D,0
41.53773,-7.57677,348.55,0.39,0.36,2024-09-16,1321,N20,VIIRS,n,2,314.54,100.77,D,0
41.53375,-7.58042,348.96,0.39,0.36,2024-09-16,1321,N20,VIIRS,n,2,298.48,47.14,D,0
41.28725,-8.1382,342.64,0.39,0.36,2024-09-16,1321,N20,VIIRS,n,2,290.27,50.96,D,0
41.288,-8.13359,342.17,0.39,0.36,2024-09-16,1321,N20,VIIRS,n,2,306.25,50.96,D,0
41.28875,-8.12899,348.16,0.39,0.36,2024-09-16,1321,N20,VIIRS,n,2,297.35,45.22,D,0
41.28397,-8.13725,335.28,0.39,0.36,2024-09-16,1321,N20,VIIRS,n,2,295.27,50.96,D,0
41.2862,-8.12353,346.4,0.39,0.36,2024-09-16,1321,N20,VIIRS,n,2,309.24,45.22,D,0
41.28472,-8.13265,367,0.39,0.36,2024-09-16,1321,N20,VIIRS,h,2,340.06,50.96,D,0
41.28547,-8.12807,367,0.39,0.36,2024-09-16,1321,N20,VIIRS,h,2,339.52,45.22,D,0
41.28143,-8.13173,342.36,0.39,0.36,2024-09-16,1321,N20,VIIRS,n,2,299.3,5.74,D,0
41.28217,-8.12718,343.39,0.39,0.36,2024-09-16,1321,N20,VIIRS,n,2,306.12,5.79,D,0
41.2072,-8.23197,337.89,0.39,0.36,2024-09-16,1321,N20,VIIRS,n,2,300.76,2.82,D,0
41.20613,-8.21741,367,0.39,0.36,2024-09-16,1321,N20,VIIRS,l,2,326.38,74.82,D,0
41.16516,-8.46646,335.18,0.39,0.36,2024-09-16,1321,N20,VIIRS,n,2,306.04,4,D,0
41.20687,-8.21287,351.23,0.39,0.36,2024-09-16,1321,N20,VIIRS,n,2,313.72,21.75,D,0
41.20762,-8.20833,339.54,0.39,0.36,2024-09-16,1321,N20,VIIRS,n,2,312.38,21.75,D,0
41.20539,-8.22195,367,0.39,0.36,2024-09-16,1321,N20,VIIRS,h,2,343.67,74.82,D,0
41.20359,-8.21194,356.06,0.39,0.36,2024-09-16,1321,N20,VIIRS,n,2,323.12,21.75,D,0
41.20433,-8.20739,350.78,0.39,0.36,2024-09-16,1321,N20,VIIRS,n,2,318.45,21.75,D,0
41.12954,-8.51431,339.47,0.39,0.37,2024-09-16,1321,N20,VIIRS,n,2,300.1,35.11,D,0
41.13031,-8.50974,351.25,0.39,0.37,2024-09-16,1321,N20,VIIRS,n,2,301.12,31.17,D,0
41.13107,-8.50519,340.29,0.39,0.37,2024-09-16,1321,N20,VIIRS,n,2,308.35,31.17,D,0
41.18654,-8.16899,333.58,0.39,0.36,2024-09-16,1321,N20,VIIRS,n,2,303.4,78.76,D,0
41.12624,-8.51336,356.17,0.39,0.37,2024-09-16,1321,N20,VIIRS,l,2,279.71,35.11,D,0
41.127,-8.5088,355.02,0.39,0.37,2024-09-16,1321,N20,VIIRS,l,2,288.78,31.17,D,0
41.12853,-8.49963,367,0.39,0.37,2024-09-16,1321,N20,VIIRS,l,2,331.61,78.58,D,0
41.12777,-8.50424,349.77,0.39,0.37,2024-09-16,1321,N20,VIIRS,l,2,320.42,31.17,D,0
41.18326,-8.16804,367,0.39,0.36,2024-09-16,1321,N20,VIIRS,h,2,352.18,78.76,D,0
41.12294,-8.51242,356.16,0.39,0.37,2024-09-16,1321,N20,VIIRS,l,2,276.61,59.46,D,0
41.12371,-8.50783,345.54,0.39,0.37,2024-09-16,1321,N20,VIIRS,n,2,299.12,84.64,D,0
41.12524,-8.49867,349.48,0.39,0.37,2024-09-16,1321,N20,VIIRS,n,2,300.37,23,D,0
41.10649,-8.59007,333.6,0.4,0.37,2024-09-16,1321,N20,VIIRS,n,2,293.83,6.14,D,0
41.12117,-8.50231,344.26,0.39,0.37,2024-09-16,1321,N20,VIIRS,l,2,315.71,84.64,D,0
41.12194,-8.49772,344.67,0.39,0.37,2024-09-16,1321,N20,VIIRS,n,2,298.93,23,D,0
41.1227,-8.4931,344.4,0.39,0.37,2024-09-16,1321,N20,VIIRS,n,2,309.05,23,D,0
41.12961,-8.07761,367,0.39,0.36,2024-09-16,1321,N20,VIIRS,l,2,328.79,63.11,D,0
41.12886,-8.08223,350.04,0.39,0.36,2024-09-16,1321,N20,VIIRS,n,2,304.77,13.65,D,0
41.1311,-8.06843,332.81,0.39,0.36,2024-09-16,1321,N20,VIIRS,n,2,298.01,5.29,D,0
41.13036,-8.073,367,0.39,0.36,2024-09-16,1321,N20,VIIRS,h,2,334.01,63.11,D,0
41.12558,-8.08132,367,0.39,0.36,2024-09-16,1321,N20,VIIRS,l,2,326.34,20.84,D,0
41.12781,-8.0675,367,0.39,0.36,2024-09-16,1321,N20,VIIRS,l,2,326.37,20.76,D,0
41.12407,-8.09059,336.66,0.39,0.36,2024-09-16,1321,N20,VIIRS,n,2,306.4,4.53,D,0
41.12482,-8.08596,351.85,0.39,0.36,2024-09-16,1321,N20,VIIRS,n,2,309.31,20.84,D,0
41.12633,-8.07668,355.54,0.39,0.36,2024-09-16,1321,N20,VIIRS,n,2,330.13,11.71,D,0
41.12708,-8.07207,352.74,0.39,0.36,2024-09-16,1321,N20,VIIRS,n,2,321.26,11.71,D,0
41.12855,-8.06299,347.46,0.39,0.36,2024-09-16,1321,N20,VIIRS,n,2,306.44,20.76,D,0
41.12526,-8.06208,367,0.39,0.36,2024-09-16,1321,N20,VIIRS,l,2,326.62,20.76,D,0
41.12079,-8.0897,339.09,0.39,0.36,2024-09-16,1321,N20,VIIRS,l,2,311.31,4.53,D,0
41.12154,-8.08504,356.02,0.39,0.36,2024-09-16,1321,N20,VIIRS,l,2,327.28,20.84,D,0
41.12379,-8.07116,345.45,0.39,0.36,2024-09-16,1321,N20,VIIRS,l,2,320.34,11.71,D,0
41.12453,-8.06662,352.68,0.39,0.36,2024-09-16,1321,N20,VIIRS,n,2,322.48,20.76,D,0
41.126,-8.05754,347.26,0.39,0.36,2024-09-16,1321,N20,VIIRS,n,2,307.63,15.08,D,0
41.12674,-8.05299,340.48,0.39,0.36,2024-09-16,1321,N20,VIIRS,n,2,305.13,15.08,D,0
41.12897,-8.03918,337.28,0.39,0.36,2024-09-16,1321,N20,VIIRS,n,2,302.37,7.48,D,0
41.12972,-8.03458,346.66,0.39,0.36,2024-09-16,1321,N20,VIIRS,n,2,303.35,7.48,D,0
41.12346,-8.05205,367,0.39,0.36,2024-09-16,1321,N20,VIIRS,l,2,327.42,30.96,D,0
41.11826,-8.08415,348.82,0.39,0.36,2024-09-16,1321,N20,VIIRS,n,2,318.03,6.57,D,0
41.11901,-8.0795,345.18,0.39,0.36,2024-09-16,1321,N20,VIIRS,l,2,319.02,6.57,D,0
41.11976,-8.07488,350.73,0.39,0.36,2024-09-16,1321,N20,VIIRS,l,2,322.22,16.66,D,0
41.12272,-8.05664,354.44,0.39,0.36,2024-09-16,1321,N20,VIIRS,n,2,316.13,30.96,D,0
41.1242,-8.04745,348.55,0.39,0.36,2024-09-16,1321,N20,VIIRS,n,2,313.05,9.39,D,0
41.12718,-8.02911,333.97,0.39,0.36,2024-09-16,1321,N20,VIIRS,n,2,308.11,26.81,D,0
41.12569,-8.0383,367,0.39,0.36,2024-09-16,1321,N20,VIIRS,h,2,321.91,33.7,D,0
41.12643,-8.03371,367,0.39,0.36,2024-09-16,1321,N20,VIIRS,h,2,343.87,33.7,D,0
41.11572,-8.07864,338.32,0.39,0.36,2024-09-16,1321,N20,VIIRS,l,2,309.36,6.57,D,0
41.11869,-8.06028,352.92,0.39,0.36,2024-09-16,1321,N20,VIIRS,n,2,319.95,28.8,D,0
41.12166,-8.04196,343.22,0.39,0.36,2024-09-16,1321,N20,VIIRS,n,2,311.41,9.39,D,0
41.1224,-8.03743,351.61,0.39,0.36,2024-09-16,1321,N20,VIIRS,n,2,318.95,33.7,D,0
41.12314,-8.03287,355.71,0.39,0.36,2024-09-16,1321,N20,VIIRS,n,2,329.58,33.7,D,0
41.12389,-8.02827,347.56,0.39,0.36,2024-09-16,1321,N20,VIIRS,n,2,318.13,26.81,D,0
41.11168,-8.08239,338.09,0.39,0.36,2024-09-16,1321,N20,VIIRS,n,2,306.64,4.41,D,0
41.11243,-8.07776,338.47,0.39,0.36,2024-09-16,1321,N20,VIIRS,l,2,311.56,4.41,D,0
41.11317,-8.07313,347.09,0.39,0.36,2024-09-16,1321,N20,VIIRS,n,2,314.11,5.39,D,0
41.11466,-8.06398,345.04,0.39,0.36,2024-09-16,1321,N20,VIIRS,l,2,318.59,9.8,D,0
41.11838,-8.04105,347.43,0.39,0.36,2024-09-16,1321,N20,VIIRS,n,2,312.44,6.83,D,0
41.11911,-8.03654,352.57,0.39,0.36,2024-09-16,1321,N20,VIIRS,n,2,317.36,7.46,D,0
41.11985,-8.03201,352.2,0.39,0.36,2024-09-16,1321,N20,VIIRS,n,2,320.66,7.46,D,0
41.12059,-8.02744,349.4,0.39,0.36,2024-09-16,1321,N20,VIIRS,n,2,317.4,7.91,D,0
41.12133,-8.02281,335.31,0.39,0.36,2024-09-16,1321,N20,VIIRS,l,2,308.9,7.91,D,0
41.10838,-8.0815,334.49,0.39,0.36,2024-09-16,1321,N20,VIIRS,n,2,302.53,4.41,D,0
41.10913,-8.07687,335.65,0.39,0.36,2024-09-16,1321,N20,VIIRS,n,2,305.74,4.41,D,0
41.10989,-8.07224,340.35,0.39,0.36,2024-09-16,1321,N20,VIIRS,n,2,312.87,5.39,D,0
41.11063,-8.06765,341.57,0.39,0.36,2024-09-16,1321,N20,VIIRS,n,2,308.45,5.39,D,0
41.11138,-8.06307,346.74,0.39,0.36,2024-09-16,1321,N20,VIIRS,n,2,312.23,9.8,D,0
41.1151,-8.04013,343.88,0.39,0.36,2024-09-16,1321,N20,VIIRS,n,2,309.47,6.83,D,0
41.11583,-8.03564,340.16,0.39,0.36,2024-09-16,1321,N20,VIIRS,n,2,308.09,7.46,D,0
41.11804,-8.02198,337.68,0.39,0.36,2024-09-16,1321,N20,VIIRS,l,2,311.87,7.91,D,0
41.10509,-8.08062,339.79,0.39,0.36,2024-09-16,1321,N20,VIIRS,n,2,308.5,13.44,D,0
41.10584,-8.07599,351.68,0.39,0.36,2024-09-16,1321,N20,VIIRS,n,2,309.51,13.44,D,0
41.10735,-8.06675,339.46,0.39,0.36,2024-09-16,1321,N20,VIIRS,n,2,310.7,52.27,D,0
41.11255,-8.03474,344.98,0.39,0.36,2024-09-16,1321,N20,VIIRS,n,2,309.97,5.27,D,0
41.11327,-8.03029,340.75,0.39,0.36,2024-09-16,1321,N20,VIIRS,n,2,306.72,5.27,D,0
41.11475,-8.02114,344.59,0.39,0.36,2024-09-16,1321,N20,VIIRS,n,2,314.38,7.89,D,0
41.1066,-8.07136,367,0.39,0.36,2024-09-16,1321,N20,VIIRS,h,2,334.78,52.27,D,0
41.10556,-8.0566,346.72,0.39,0.36,2024-09-16,1321,N20,VIIRS,n,2,314.8,34.81,D,0
41.10631,-8.05199,353.99,0.39,0.36,2024-09-16,1321,N20,VIIRS,n,2,317.38,23.08,D,0
41.10705,-8.04741,349.1,0.39,0.36,2024-09-16,1321,N20,VIIRS,n,2,312.45,23.08,D,0
41.10779,-8.04286,348.18,0.39,0.36,2024-09-16,1321,N20,VIIRS,l,2,318.39,19.31,D,0
41.10926,-8.03386,351.3,0.39,0.36,2024-09-16,1321,N20,VIIRS,n,2,310.47,5.27,D,0
41.11072,-8.02486,337.12,0.39,0.36,2024-09-16,1321,N20,VIIRS,l,2,307.22,7.89,D,0
41.11145,-8.02029,353.51,0.39,0.36,2024-09-16,1321,N20,VIIRS,n,2,312.45,7.89,D,0
41.1045,-8.04201,341.01,0.39,0.36,2024-09-16,1321,N20,VIIRS,n,2,304.3,23.2,D,0
41.10523,-8.0375,352.44,0.39,0.36,2024-09-16,1321,N20,VIIRS,n,2,310.42,23.2,D,0
41.10597,-8.03298,367,0.39,0.36,2024-09-16,1321,N20,VIIRS,h,2,330.46,77.17,D,0
41.10194,-8.03665,344.21,0.39,0.36,2024-09-16,1321,N20,VIIRS,n,2,317.41,23.2,D,0
41.10341,-8.02757,352.22,0.39,0.36,2024-09-16,1321,N20,VIIRS,n,2,320.69,77.17,D,0
41.10268,-8.0321,367,0.39,0.36,2024-09-16,1321,N20,VIIRS,h,2,347.39,77.17,D,0
41.07468,-8.11965,353.75,0.39,0.36,2024-09-16,1321,N20,VIIRS,n,2,309.45,24.69,D,0
41.07067,-8.1232,340.39,0.39,0.36,2024-09-16,1321,N20,VIIRS,n,2,309.29,18.33,D,0
41.07141,-8.11863,352.81,0.39,0.36,2024-09-16,1321,N20,VIIRS,n,2,315.78,23.32,D,0
40.98392,-8.62494,341.4,0.4,0.37,2024-09-16,1321,N20,VIIRS,l,2,311.47,3.81,D,0
41.03174,-8.07001,338.8,0.39,0.36,2024-09-16,1321,N20,VIIRS,n,2,304.11,13.93,D,0
41.02553,-8.08704,346.93,0.39,0.36,2024-09-16,1321,N20,VIIRS,n,2,315.09,36.98,D,0
41.02847,-8.069,349.97,0.39,0.36,2024-09-16,1321,N20,VIIRS,n,2,317.66,13.93,D,0
41.02299,-8.08157,336.69,0.39,0.36,2024-09-16,1321,N20,VIIRS,n,2,302.9,27.55,D,0
41.02191,-8.06713,367,0.39,0.36,2024-09-16,1321,N20,VIIRS,l,2,326.95,95.07,D,0
40.94899,-8.4898,336.17,0.4,0.37,2024-09-16,1321,N20,VIIRS,n,2,308.76,4.03,D,0
41.01717,-8.07517,344.04,0.39,0.36,2024-09-16,1321,N20,VIIRS,l,2,317.94,44.35,D,0
41.0179,-8.07069,351.37,0.39,0.36,2024-09-16,1321,N20,VIIRS,n,2,319.15,44.35,D,0
41.01863,-8.06623,334.27,0.39,0.36,2024-09-16,1321,N20,VIIRS,l,2,304.59,5.13,D,0
41.01315,-8.07873,353.43,0.39,0.36,2024-09-16,1321,N20,VIIRS,n,2,318.59,26.64,D,0
41.03353,-7.67597,335.7,0.39,0.36,2024-09-16,1321,N20,VIIRS,n,2,306.05,2.06,D,0
41.02626,-7.6787,337.61,0.39,0.36,2024-09-16,1321,N20,VIIRS,n,2,306.6,3.9,D,0
41.02515,-7.66421,331.7,0.39,0.36,2024-09-16,1321,N20,VIIRS,l,2,305.72,2.56,D,0
41.02116,-7.66783,336.71,0.39,0.36,2024-09-16,1321,N20,VIIRS,n,2,305.56,2.51,D,0
41.01717,-7.67147,347.91,0.39,0.36,2024-09-16,1321,N20,VIIRS,n,2,308.04,8.65,D,0
41.01789,-7.66694,345.48,0.39,0.36,2024-09-16,1321,N20,VIIRS,n,2,307.49,2.51,D,0
41.01389,-7.67057,355.37,0.39,0.36,2024-09-16,1321,N20,VIIRS,l,2,308.54,5.88,D,0
41.01461,-7.66605,345.87,0.39,0.36,2024-09-16,1321,N20,VIIRS,n,2,306.92,3.03,D,0
40.82355,-8.45959,354.07,0.4,0.37,2024-09-16,1321,N20,VIIRS,n,2,320.99,28.01,D,0
40.82509,-8.45033,339.69,0.4,0.37,2024-09-16,1321,N20,VIIRS,l,2,313.21,14.55,D,0
40.82255,-8.44481,345.68,0.4,0.37,2024-09-16,1321,N20,VIIRS,n,2,313.8,9.75,D,0
40.81132,-8.47058,349.65,0.4,0.37,2024-09-16,1321,N20,VIIRS,n,2,309.8,12.6,D,0
40.81517,-8.44753,348.71,0.4,0.37,2024-09-16,1321,N20,VIIRS,l,2,322.03,15.84,D,0
40.8121,-8.4659,367,0.4,0.37,2024-09-16,1321,N20,VIIRS,h,2,313.26,12.6,D,0
40.80803,-8.46959,336.73,0.4,0.37,2024-09-16,1321,N20,VIIRS,n,2,310.99,15.52,D,0
40.80957,-8.46032,338.98,0.4,0.37,2024-09-16,1321,N20,VIIRS,n,2,312.38,7.87,D,0
40.81034,-8.45577,355.08,0.4,0.37,2024-09-16,1321,N20,VIIRS,n,2,327.33,7.87,D,0
40.8111,-8.4512,353.46,0.4,0.37,2024-09-16,1321,N20,VIIRS,n,2,312.11,8.49,D,0
40.8088,-8.46492,367,0.4,0.37,2024-09-16,1321,N20,VIIRS,h,2,324.73,15.52,D,0
40.80856,-8.44567,335.58,0.4,0.37,2024-09-16,1321,N20,VIIRS,l,2,308.76,8.49,D,0
40.80526,-8.44471,339.66,0.4,0.37,2024-09-16,1321,N20,VIIRS,n,2,303.77,10.98,D,0
40.80197,-8.4437,346.87,0.4,0.37,2024-09-16,1321,N20,VIIRS,n,2,310.57,10.98,D,0
40.79109,-8.42596,339.12,0.4,0.37,2024-09-16,1321,N20,VIIRS,n,2,311.61,5.49,D,0
40.79187,-8.42129,338.25,0.4,0.37,2024-09-16,1321,N20,VIIRS,n,2,310.01,5.49,D,0
40.78858,-8.42031,333.2,0.4,0.37,2024-09-16,1321,N20,VIIRS,n,2,305.6,60.86,D,0
40.78779,-8.42502,367,0.4,0.37,2024-09-16,1321,N20,VIIRS,h,2,344.71,60.86,D,0
40.77282,-8.49355,342.67,0.4,0.37,2024-09-16,1321,N20,VIIRS,n,2,301.67,4.97,D,0
40.77905,-8.45652,343.94,0.4,0.37,2024-09-16,1321,N20,VIIRS,n,2,309.23,9.44,D,0
40.78371,-8.42873,345.54,0.4,0.37,2024-09-16,1321,N20,VIIRS,n,2,315.19,23.24,D,0
40.78449,-8.42407,367,0.4,0.37,2024-09-16,1321,N20,VIIRS,h,2,342.87,60.86,D,0
40.77575,-8.45556,340.45,0.4,0.37,2024-09-16,1321,N20,VIIRS,n,2,305.99,3.88,D,0
40.77885,-8.43702,331.52,0.4,0.37,2024-09-16,1321,N20,VIIRS,l,2,305.82,56.52,D,0
40.77963,-8.43241,350.48,0.4,0.37,2024-09-16,1321,N20,VIIRS,n,2,308.2,17.41,D,0
40.7804,-8.42778,350.25,0.4,0.37,2024-09-16,1321,N20,VIIRS,n,2,312.93,17.41,D,0
40.78119,-8.42311,343,0.4,0.37,2024-09-16,1321,N20,VIIRS,n,2,308.37,7.76,D,0
40.77555,-8.43609,367,0.4,0.37,2024-09-16,1321,N20,VIIRS,l,2,338.33,56.52,D,0
40.76543,-8.49627,338.34,0.4,0.37,2024-09-16,1321,N20,VIIRS,n,2,304.46,5.78,D,0
40.767,-8.48698,333.88,0.4,0.37,2024-09-16,1321,N20,VIIRS,n,2,301.25,2.64,D,0
40.76936,-8.47292,330.7,0.4,0.37,2024-09-16,1321,N20,VIIRS,l,2,304.99,4.18,D,0
40.77015,-8.46829,344.61,0.4,0.37,2024-09-16,1321,N20,VIIRS,n,2,312.25,10.91,D,0
40.77167,-8.45918,335.82,0.4,0.37,2024-09-16,1321,N20,VIIRS,l,2,309.65,3.88,D,0
40.77244,-8.45461,339.85,0.4,0.37,2024-09-16,1321,N20,VIIRS,n,2,309.13,3.88,D,0
40.77321,-8.45,334.19,0.4,0.37,2024-09-16,1321,N20,VIIRS,l,2,309.17,6.89,D,0
40.77633,-8.43146,333.56,0.4,0.37,2024-09-16,1321,N20,VIIRS,n,2,305.67,17.41,D,0
40.7678,-8.46935,349.72,0.4,0.37,2024-09-16,1321,N20,VIIRS,n,2,312.91,20.59,D,0
40.76855,-8.4648,344.08,0.4,0.37,2024-09-16,1321,N20,VIIRS,n,2,312.18,20.59,D,0
40.76931,-8.46026,352.58,0.4,0.37,2024-09-16,1321,N20,VIIRS,n,2,314.72,33.06,D,0
40.77007,-8.45569,351.15,0.4,0.37,2024-09-16,1321,N20,VIIRS,n,2,316.77,33.06,D,0
40.77084,-8.45109,352.89,0.4,0.37,2024-09-16,1321,N20,VIIRS,n,2,313.39,6.22,D,0
40.77161,-8.44645,342.79,0.4,0.37,2024-09-16,1321,N20,VIIRS,n,2,311.39,6.22,D,0
40.77237,-8.44182,339.83,0.4,0.37,2024-09-16,1321,N20,VIIRS,n,2,308.88,13.49,D,0
40.77314,-8.43717,335.94,0.4,0.37,2024-09-16,1321,N20,VIIRS,n,2,305.18,13.49,D,0
40.76525,-8.46385,367,0.4,0.37,2024-09-16,1321,N20,VIIRS,l,2,331.03,20.59,D,0
40.76601,-8.45932,367,0.4,0.37,2024-09-16,1321,N20,VIIRS,l,2,334.94,33.06,D,0
40.76907,-8.44085,367,0.4,0.37,2024-09-16,1321,N20,VIIRS,l,2,326.51,13.49,D,0
40.76372,-8.47305,334.51,0.4,0.37,2024-09-16,1321,N20,VIIRS,n,2,305.38,4.27,D,0
40.76449,-8.4684,347.44,0.4,0.37,2024-09-16,1321,N20,VIIRS,n,2,306.94,20.59,D,0
40.76676,-8.45477,353.86,0.4,0.37,2024-09-16,1321,N20,VIIRS,n,2,318.67,33.06,D,0
40.76753,-8.45015,347.91,0.4,0.37,2024-09-16,1321,N20,VIIRS,n,2,310.59,6.22,D,0
40.7683,-8.44551,338.14,0.4,0.37,2024-09-16,1321,N20,VIIRS,n,2,307.41,6.22,D,0
40.76984,-8.4362,334.2,0.4,0.37,2024-09-16,1321,N20,VIIRS,n,2,309.04,13.49,D,0
40.76194,-8.46291,350.32,0.4,0.37,2024-09-16,1321,N20,VIIRS,n,2,313.45,36.77,D,0
40.7627,-8.45839,341.18,0.4,0.37,2024-09-16,1321,N20,VIIRS,n,2,312.78,14.36,D,0
40.76346,-8.45384,339.34,0.4,0.37,2024-09-16,1321,N20,VIIRS,n,2,304.53,14.36,D,0
40.72402,-8.46188,343.48,0.4,0.37,2024-09-16,1321,N20,VIIRS,n,2,297.67,9.45,D,0
40.7248,-8.45724,336.65,0.4,0.37,2024-09-16,1321,N20,VIIRS,n,2,298.44,6.59,D,0
40.72557,-8.45262,346.13,0.4,0.37,2024-09-16,1321,N20,VIIRS,n,2,300.18,6.59,D,0
40.72633,-8.44803,355.63,0.4,0.37,2024-09-16,1321,N20,VIIRS,n,2,302.21,24.3,D,0
40.73945,-8.36922,336.45,0.39,0.37,2024-09-16,1321,N20,VIIRS,n,2,306.14,3.18,D,0
40.72226,-8.4517,367,0.4,0.37,2024-09-16,1321,N20,VIIRS,l,2,363.73,184.09,D,0
40.72303,-8.4471,367,0.4,0.37,2024-09-16,1321,N20,VIIRS,l,2,368.71,199.83,D,0
40.72458,-8.43779,367,0.4,0.37,2024-09-16,1321,N20,VIIRS,l,2,329.26,88.2,D,0
40.72535,-8.43314,367,0.4,0.37,2024-09-16,1321,N20,VIIRS,l,2,367.77,88.2,D,0
40.71842,-8.47465,350.15,0.4,0.37,2024-09-16,1321,N20,VIIRS,n,2,295.53,40.93,D,0
40.71919,-8.47007,355.33,0.4,0.37,2024-09-16,1321,N20,VIIRS,n,2,296.71,40.93,D,0
40.71995,-8.46552,341.7,0.4,0.37,2024-09-16,1321,N20,VIIRS,n,2,314.15,98.85,D,0
40.7238,-8.44245,349.31,0.4,0.37,2024-09-16,1321,N20,VIIRS,n,2,316.63,199.83,D,0
40.72614,-8.42844,346.04,0.4,0.37,2024-09-16,1321,N20,VIIRS,n,2,313.94,43.79,D,0
40.72693,-8.4237,354.82,0.4,0.37,2024-09-16,1321,N20,VIIRS,n,2,306.48,43.79,D,0
40.72923,-8.40988,350.15,0.4,0.37,2024-09-16,1321,N20,VIIRS,n,2,302.99,138.95,D,0
40.72998,-8.40537,343.03,0.4,0.37,2024-09-16,1321,N20,VIIRS,n,2,309.53,138.95,D,0
40.7369,-8.36378,355.2,0.39,0.37,2024-09-16,1321,N20,VIIRS,n,2,324.37,11.18,D,0
40.73766,-8.35919,353.49,0.39,0.37,2024-09-16,1321,N20,VIIRS,n,2,307.69,11.18,D,0
40.72071,-8.46094,367,0.4,0.37,2024-09-16,1321,N20,VIIRS,h,2,332.85,98.85,D,0
40.71741,-8.46,367,0.4,0.37,2024-09-16,1321,N20,VIIRS,l,2,333.77,98.85,D,0
40.71818,-8.45539,350.11,0.4,0.37,2024-09-16,1321,N20,VIIRS,l,2,329.47,184.09,D,0
40.71895,-8.45078,367,0.4,0.37,2024-09-16,1321,N20,VIIRS,l,2,326.55,184.09,D,0
40.71972,-8.44615,367,0.4,0.37,2024-09-16,1321,N20,VIIRS,l,2,335.76,199.83,D,0
40.72128,-8.43686,353.86,0.4,0.37,2024-09-16,1321,N20,VIIRS,l,2,330.5,88.2,D,0
40.72205,-8.43219,367,0.4,0.37,2024-09-16,1321,N20,VIIRS,l,2,332.55,88.2,D,0
40.72362,-8.42274,367,0.4,0.37,2024-09-16,1321,N20,VIIRS,l,2,336.05,43.79,D,0
40.72593,-8.40894,367,0.4,0.37,2024-09-16,1321,N20,VIIRS,l,2,362.71,138.95,D,0
40.72745,-8.39982,367,0.4,0.37,2024-09-16,1321,N20,VIIRS,l,2,370.04,266.58,D,0
40.73663,-8.34457,367,0.39,0.37,2024-09-16,1321,N20,VIIRS,l,2,326.89,34.8,D,0
40.71511,-8.4737,339.5,0.4,0.37,2024-09-16,1321,N20,VIIRS,n,2,305.02,40.93,D,0
40.7205,-8.44152,355.97,0.4,0.37,2024-09-16,1321,N20,VIIRS,n,2,318.12,199.83,D,0
40.72284,-8.42749,351.99,0.4,0.37,2024-09-16,1321,N20,VIIRS,n,2,324.47,43.79,D,0
40.7244,-8.41807,355.1,0.4,0.37,2024-09-16,1321,N20,VIIRS,n,2,321.62,40.5,D,0
40.72517,-8.41347,352.58,0.4,0.37,2024-09-16,1321,N20,VIIRS,n,2,311.47,40.5,D,0
40.71434,-8.47831,367,0.4,0.37,2024-09-16,1321,N20,VIIRS,h,2,294.91,13.34,D,0
40.71664,-8.46458,367,0.4,0.37,2024-09-16,1321,N20,VIIRS,h,2,342.9,98.85,D,0
40.72668,-8.40443,367,0.4,0.37,2024-09-16,1321,N20,VIIRS,h,2,367.77,138.95,D,0
40.73435,-8.35832,367,0.39,0.37,2024-09-16,1321,N20,VIIRS,h,2,318.24,11.18,D,0
40.71181,-8.47276,367,0.4,0.37,2024-09-16,1321,N20,VIIRS,l,2,325.35,29.18,D,0
40.72492,-8.39423,367,0.4,0.37,2024-09-16,1321,N20,VIIRS,l,2,327.59,39.26,D,0
40.71104,-8.47737,352.93,0.4,0.37,2024-09-16,1321,N20,VIIRS,n,2,308.9,21.93,D,0
40.71334,-8.46361,350.43,0.4,0.37,2024-09-16,1321,N20,VIIRS,n,2,318.1,18.18,D,0
40.71487,-8.45446,352.43,0.4,0.37,2024-09-16,1321,N20,VIIRS,n,2,313.05,12.12,D,0
40.71564,-8.44984,356.04,0.4,0.37,2024-09-16,1321,N20,VIIRS,n,2,327.97,12.12,D,0
40.71719,-8.44056,355.23,0.4,0.37,2024-09-16,1321,N20,VIIRS,n,2,314.24,14.07,D,0
40.71797,-8.43591,352.56,0.4,0.37,2024-09-16,1321,N20,VIIRS,n,2,313.17,11.74,D,0
40.71875,-8.43123,355.89,0.4,0.37,2024-09-16,1321,N20,VIIRS,n,2,322.24,11.74,D,0
40.72187,-8.41252,346.77,0.4,0.37,2024-09-16,1321,N20,VIIRS,n,2,314.85,26.85,D,0
40.72337,-8.40349,350.83,0.4,0.37,2024-09-16,1321,N20,VIIRS,n,2,315.23,14.08,D,0
40.72414,-8.39888,356,0.4,0.37,2024-09-16,1321,N20,VIIRS,n,2,323.74,39.26,D,0
40.73028,-8.36204,344.63,0.39,0.37,2024-09-16,1321,N20,VIIRS,n,2,310.37,6.09,D,0
40.73104,-8.35742,339.37,0.39,0.37,2024-09-16,1321,N20,VIIRS,n,2,311.89,6.09,D,0
40.73332,-8.34372,340.89,0.39,0.37,2024-09-16,1321,N20,VIIRS,n,2,309.38,5.16,D,0
40.71257,-8.46816,367,0.4,0.37,2024-09-16,1321,N20,VIIRS,h,2,312.93,29.18,D,0
40.7141,-8.45904,367,0.4,0.37,2024-09-16,1321,N20,VIIRS,h,2,316.66,18.18,D,0
40.71642,-8.44521,367,0.4,0.37,2024-09-16,1321,N20,VIIRS,h,2,320.39,14.07,D,0
40.71954,-8.42653,367,0.4,0.37,2024-09-16,1321,N20,VIIRS,h,2,326.73,12.75,D,0
40.72033,-8.42179,367,0.4,0.37,2024-09-16,1321,N20,VIIRS,h,2,326.61,12.75,D,0
40.72161,-8.3933,367,0.4,0.37,2024-09-16,1321,N20,VIIRS,l,2,334.74,39.26,D,0
40.7023,-8.50881,335.42,0.4,0.37,2024-09-16,1321,N20,VIIRS,n,2,302.55,7.11,D,0
40.70695,-8.48105,351.4,0.4,0.37,2024-09-16,1321,N20,VIIRS,n,2,319.04,21.93,D,0
40.70773,-8.47643,345.04,0.4,0.37,2024-09-16,1321,N20,VIIRS,n,2,305.88,21.93,D,0
40.7085,-8.47184,345.89,0.4,0.37,2024-09-16,1321,N20,VIIRS,n,2,310.4,29.18,D,0
40.7108,-8.45811,350.58,0.4,0.37,2024-09-16,1321,N20,VIIRS,n,2,313.28,18.18,D,0
40.71234,-8.44889,346.31,0.4,0.37,2024-09-16,1321,N20,VIIRS,n,2,313.25,12.12,D,0
40.71312,-8.44425,351.27,0.4,0.37,2024-09-16,1321,N20,VIIRS,n,2,313.97,14.07,D,0
40.71545,-8.43025,356.27,0.4,0.37,2024-09-16,1321,N20,VIIRS,n,2,324.58,11.74,D,0
40.71703,-8.42083,356.28,0.4,0.37,2024-09-16,1321,N20,VIIRS,n,2,324.65,12.75,D,0
40.72546,-8.37023,347.71,0.39,0.37,2024-09-16,1321,N20,VIIRS,n,2,311.34,23.83,D,0
40.72925,-8.34743,350.14,0.39,0.37,2024-09-16,1321,N20,VIIRS,n,2,314.52,38.85,D,0
40.71624,-8.42554,367,0.4,0.37,2024-09-16,1321,N20,VIIRS,h,2,321.96,12.75,D,0
40.7247,-8.37476,367,0.39,0.37,2024-09-16,1321,N20,VIIRS,h,2,348.82,152.11,D,0
40.7191,-8.38765,367,0.4,0.37,2024-09-16,1321,N20,VIIRS,l,2,327.66,21.92,D,0
40.70054,-8.4986,355.25,0.4,0.37,2024-09-16,1321,N20,VIIRS,n,2,314.13,10.04,D,0
40.70132,-8.49398,348.67,0.4,0.37,2024-09-16,1321,N20,VIIRS,n,2,310.34,10.04,D,0
40.7021,-8.48935,345.09,0.4,0.37,2024-09-16,1321,N20,VIIRS,n,2,307.79,7.13,D,0
40.70287,-8.48473,349.9,0.4,0.37,2024-09-16,1321,N20,VIIRS,n,2,308.07,7.13,D,0
40.71294,-8.42456,355.76,0.4,0.37,2024-09-16,1321,N20,VIIRS,n,2,323.4,19.52,D,0
40.72064,-8.37839,348.28,0.39,0.37,2024-09-16,1321,N20,VIIRS,n,2,317.79,11.44,D,0
40.72215,-8.36932,344.36,0.39,0.37,2024-09-16,1321,N20,VIIRS,n,2,314.79,5.78,D,0
40.72594,-8.34653,347.37,0.39,0.37,2024-09-16,1321,N20,VIIRS,n,2,307.51,28.77,D,0
40.7214,-8.37386,367,0.39,0.37,2024-09-16,1321,N20,VIIRS,h,2,329.99,11.44,D,0
40.72519,-8.35108,367,0.39,0.37,2024-09-16,1321,N20,VIIRS,h,2,328.51,28.77,D,0
40.69724,-8.49765,339.48,0.4,0.37,2024-09-16,1321,N20,VIIRS,n,2,301.16,10.04,D,0
40.70188,-8.47,354.24,0.4,0.37,2024-09-16,1321,N20,VIIRS,n,2,310.79,12.14,D,0
40.70264,-8.46542,355.64,0.4,0.37,2024-09-16,1321,N20,VIIRS,n,2,312.38,12.14,D,0
40.71579,-8.38672,355.49,0.4,0.37,2024-09-16,1321,N20,VIIRS,n,2,320.14,21.92,D,0
40.71657,-8.38208,352.6,0.4,0.37,2024-09-16,1321,N20,VIIRS,n,2,320.29,21.92,D,0
40.71733,-8.3775,355.96,0.39,0.37,2024-09-16,1321,N20,VIIRS,n,2,316.81,11.44,D,0
40.7196,-8.36386,339.17,0.39,0.37,2024-09-16,1321,N20,VIIRS,n,2,310,5.78,D,0
40.72187,-8.35019,345.69,0.39,0.37,2024-09-16,1321,N20,VIIRS,n,2,311.46,28.77,D,0
40.71782,-8.35383,367,0.39,0.37,2024-09-16,1321,N20,VIIRS,l,2,327.38,65.31,D,0
40.68848,-8.52915,332.55,0.4,0.37,2024-09-16,1321,N20,VIIRS,n,2,301.29,5.74,D,0
40.69004,-8.51986,332.79,0.4,0.37,2024-09-16,1321,N20,VIIRS,l,2,306.67,5.64,D,0
40.69082,-8.51522,351.56,0.4,0.37,2024-09-16,1321,N20,VIIRS,n,2,308.22,7.52,D,0
40.69471,-8.49208,338.71,0.4,0.37,2024-09-16,1321,N20,VIIRS,n,2,307.55,10,D,0
40.69856,-8.46906,341.05,0.4,0.37,2024-09-16,1321,N20,VIIRS,n,2,304.01,4.53,D,0
40.71402,-8.37661,344.54,0.39,0.37,2024-09-16,1321,N20,VIIRS,n,2,308.46,31.86,D,0
40.71326,-8.38116,367,0.4,0.37,2024-09-16,1321,N20,VIIRS,h,2,324.47,20.01,D,0
40.71705,-8.3584,367,0.39,0.37,2024-09-16,1321,N20,VIIRS,h,2,341.12,65.31,D,0
40.70995,-8.38027,352.73,0.4,0.37,2024-09-16,1321,N20,VIIRS,l,2,334.39,20.01,D,0
40.7107,-8.37574,367,0.39,0.37,2024-09-16,1321,N20,VIIRS,l,2,329.47,31.86,D,0
40.68361,-8.53747,332.95,0.4,0.37,2024-09-16,1321,N20,VIIRS,n,2,301.68,4.62,D,0
40.68439,-8.53283,350.35,0.4,0.37,2024-09-16,1321,N20,VIIRS,n,2,303.98,5.74,D,0
40.68595,-8.52354,332.12,0.4,0.37,2024-09-16,1321,N20,VIIRS,l,2,306.07,5.64,D,0
40.68673,-8.5189,335.61,0.4,0.37,2024-09-16,1321,N20,VIIRS,n,2,303.32,5.64,D,0
40.68829,-8.50963,335.44,0.4,0.37,2024-09-16,1321,N20,VIIRS,l,2,307.48,7.52,D,0
40.68985,-8.50037,342.13,0.4,0.37,2024-09-16,1321,N20,VIIRS,n,2,311.86,7.44,D,0
40.69062,-8.49574,352.72,0.4,0.37,2024-09-16,1321,N20,VIIRS,n,2,316.3,10,D,0
40.6914,-8.49113,356.11,0.4,0.37,2024-09-16,1321,N20,VIIRS,n,2,318.85,10,D,0
40.70918,-8.38488,350.28,0.4,0.37,2024-09-16,1321,N20,VIIRS,n,2,315.86,20.01,D,0
40.71375,-8.35749,345.3,0.39,0.37,2024-09-16,1321,N20,VIIRS,n,2,313.7,65.31,D,0
40.68342,-8.51796,334.68,0.4,0.37,2024-09-16,1321,N20,VIIRS,l,2,308.08,8.03,D,0
40.6842,-8.51332,334.12,0.4,0.37,2024-09-16,1321,N20,VIIRS,l,2,308.78,5.05,D,0
40.68498,-8.50869,339.49,0.4,0.37,2024-09-16,1321,N20,VIIRS,l,2,310.25,5.05,D,0
40.68731,-8.49479,337.01,0.4,0.37,2024-09-16,1321,N20,VIIRS,l,2,309.83,6.57,D,0
40.68809,-8.49018,348.9,0.4,0.37,2024-09-16,1321,N20,VIIRS,n,2,311.48,6.57,D,0
40.70739,-8.37486,353.5,0.39,0.37,2024-09-16,1321,N20,VIIRS,n,2,310.31,15.86,D,0
40.70587,-8.38397,367,0.4,0.37,2024-09-16,1321,N20,VIIRS,h,2,329.76,80.68,D,0
40.70663,-8.37941,367,0.4,0.37,2024-09-16,1321,N20,VIIRS,h,2,338.85,80.68,D,0
40.67463,-8.54951,332.03,0.4,0.37,2024-09-16,1321,N20,VIIRS,l,2,305.51,6.52,D,0
40.68245,-8.5031,336.36,0.4,0.37,2024-09-16,1321,N20,VIIRS,l,2,307.08,9.04,D,0
40.69849,-8.38676,367,0.4,0.37,2024-09-16,1321,N20,VIIRS,l,2,328.82,61.37,D,0
40.66192,-8.60419,349.05,0.4,0.37,2024-09-16,1321,N20,VIIRS,n,2,297.92,9.68,D,0
40.66349,-8.59493,338.51,0.4,0.37,2024-09-16,1321,N20,VIIRS,n,2,304.81,14.19,D,0
40.65861,-8.60322,354.45,0.4,0.37,2024-09-16,1321,N20,VIIRS,n,2,306.15,9.68,D,0
40.66096,-8.58934,343.26,0.4,0.37,2024-09-16,1321,N20,VIIRS,n,2,307.16,14.19,D,0
40.66174,-8.58472,349.74,0.4,0.37,2024-09-16,1321,N20,VIIRS,n,2,307.32,6.52,D,0
40.66722,-8.55226,334.18,0.4,0.37,2024-09-16,1321,N20,VIIRS,n,2,302.22,5.02,D,0
40.69441,-8.39043,367,0.4,0.37,2024-09-16,1321,N20,VIIRS,h,2,331.4,61.37,D,0
40.69518,-8.38585,367,0.4,0.37,2024-09-16,1321,N20,VIIRS,h,2,335.79,61.37,D,0
40.6553,-8.60226,343.32,0.4,0.37,2024-09-16,1321,N20,VIIRS,n,2,303.42,10.68,D,0
40.65686,-8.593,351.43,0.4,0.37,2024-09-16,1321,N20,VIIRS,n,2,303.97,5.13,D,0
40.65764,-8.58838,340.71,0.4,0.37,2024-09-16,1321,N20,VIIRS,n,2,304.76,5.13,D,0
40.68878,-8.4034,353.35,0.4,0.37,2024-09-16,1321,N20,VIIRS,n,2,313.74,20.06,D,0
40.65199,-8.60129,340.74,0.4,0.37,2024-09-16,1321,N20,VIIRS,n,2,299.94,10.68,D,0
40.68703,-8.39318,349.13,0.4,0.37,2024-09-16,1321,N20,VIIRS,l,2,322.09,18.55,D,0
40.68781,-8.38856,343.98,0.4,0.37,2024-09-16,1321,N20,VIIRS,n,2,309.58,72.42,D,0
40.68141,-8.40606,343.44,0.4,0.37,2024-09-16,1321,N20,VIIRS,n,2,312.22,34.06,D,0
40.68373,-8.39221,352.19,0.4,0.37,2024-09-16,1321,N20,VIIRS,l,2,323.86,17.65,D,0
40.66025,-8.51129,344.85,0.4,0.37,2024-09-16,1321,N20,VIIRS,n,2,306.51,4.89,D,0
40.67656,-8.41433,351.69,0.4,0.37,2024-09-16,1321,N20,VIIRS,n,2,319.7,83.81,D,0
40.67889,-8.40046,355.33,0.4,0.37,2024-09-16,1321,N20,VIIRS,n,2,315.55,34.06,D,0
40.68044,-8.39124,347.97,0.4,0.37,2024-09-16,1321,N20,VIIRS,n,2,312.4,17.65,D,0
40.65303,-8.53353,349.33,0.4,0.37,2024-09-16,1321,N20,VIIRS,n,2,305.22,9.06,D,0
40.65381,-8.52889,334.44,0.4,0.37,2024-09-16,1321,N20,VIIRS,n,2,301.42,9.06,D,0
40.66936,-8.43656,342.47,0.4,0.37,2024-09-16,1321,N20,VIIRS,n,2,308.65,3.71,D,0
40.67172,-8.42256,353.74,0.4,0.37,2024-09-16,1321,N20,VIIRS,n,2,316.61,27.01,D,0
40.6725,-8.41794,343.6,0.4,0.37,2024-09-16,1321,N20,VIIRS,n,2,309.79,27.01,D,0
40.67327,-8.41334,367,0.4,0.37,2024-09-16,1321,N20,VIIRS,h,2,342.79,136.07,D,0
40.64972,-8.53255,330.37,0.4,0.37,2024-09-16,1321,N20,VIIRS,n,2,301.97,9.06,D,0
40.6505,-8.52791,353.85,0.4,0.37,2024-09-16,1321,N20,VIIRS,n,2,314.93,9.06,D,0
40.65129,-8.52327,354.27,0.4,0.37,2024-09-16,1321,N20,VIIRS,n,2,314.5,16.77,D,0
40.65207,-8.51862,352.76,0.4,0.37,2024-09-16,1321,N20,VIIRS,n,2,309.89,16.77,D,0
40.65285,-8.51399,347.96,0.4,0.37,2024-09-16,1321,N20,VIIRS,n,2,309.81,12.44,D,0
40.65442,-8.50473,344.62,0.4,0.37,2024-09-16,1321,N20,VIIRS,n,2,312.62,22.97,D,0
40.6552,-8.50011,343.01,0.4,0.37,2024-09-16,1321,N20,VIIRS,n,2,306.76,22.97,D,0
40.65598,-8.49549,341.57,0.4,0.37,2024-09-16,1321,N20,VIIRS,n,2,306.01,3.49,D,0
40.6614,-8.4633,332.64,0.4,0.37,2024-09-16,1321,N20,VIIRS,n,2,304.81,4.68,D,0
40.66218,-8.45867,335.99,0.4,0.37,2024-09-16,1321,N20,VIIRS,n,2,308.77,4.93,D,0
40.66297,-8.45401,353.7,0.4,0.37,2024-09-16,1321,N20,VIIRS,n,2,313.43,4.93,D,0
40.66374,-8.44939,343.71,0.4,0.37,2024-09-16,1321,N20,VIIRS,n,2,307.64,3.76,D,0
40.66452,-8.44476,337.58,0.4,0.37,2024-09-16,1321,N20,VIIRS,n,2,307.46,3.76,D,0
40.66529,-8.44019,342.15,0.4,0.37,2024-09-16,1321,N20,VIIRS,n,2,305.62,3.71,D,0
40.66607,-8.43557,339.61,0.4,0.37,2024-09-16,1321,N20,VIIRS,n,2,304.85,3.71,D,0
40.66763,-8.42626,336.65,0.4,0.37,2024-09-16,1321,N20,VIIRS,l,2,310.63,28.23,D,0
40.65364,-8.50936,367,0.4,0.37,2024-09-16,1321,N20,VIIRS,h,2,305.65,12.44,D,0
40.65275,-8.50157,367,0.4,0.37,2024-09-16,1321,N20,VIIRS,l,2,327.79,46.14,D,0
40.64656,-8.53867,331.36,0.4,0.37,2024-09-16,1321,N20,VIIRS,l,2,302.62,3.3,D,0
40.64811,-8.52938,341.02,0.4,0.37,2024-09-16,1321,N20,VIIRS,n,2,306.67,10.91,D,0
40.64888,-8.52474,354.43,0.4,0.37,2024-09-16,1321,N20,VIIRS,n,2,309.59,14.44,D,0
40.65043,-8.51546,347.13,0.4,0.37,2024-09-16,1321,N20,VIIRS,n,2,306.87,12.16,D,0
40.65121,-8.51083,355.87,0.4,0.37,2024-09-16,1321,N20,VIIRS,n,2,308.78,12.16,D,0
40.65198,-8.5062,345.09,0.4,0.37,2024-09-16,1321,N20,VIIRS,n,2,318.43,46.14,D,0
40.65352,-8.49694,340.33,0.4,0.37,2024-09-16,1321,N20,VIIRS,n,2,310.31,8.07,D,0
40.6566,-8.47844,346.49,0.4,0.37,2024-09-16,1321,N20,VIIRS,n,2,309.14,32.05,D,0
40.65889,-8.46474,332.46,0.4,0.37,2024-09-16,1321,N20,VIIRS,l,2,305.66,4.33,D,0
40.65966,-8.46008,344.43,0.4,0.37,2024-09-16,1321,N20,VIIRS,l,2,315.69,19.94,D,0
40.66043,-8.45545,355.65,0.4,0.37,2024-09-16,1321,N20,VIIRS,n,2,315.3,19.94,D,0
40.66197,-8.44616,355.35,0.4,0.37,2024-09-16,1321,N20,VIIRS,n,2,322.5,59.07,D,0
40.66274,-8.44156,350.66,0.4,0.37,2024-09-16,1321,N20,VIIRS,l,2,320.67,26.55,D,0
40.66351,-8.43697,354.91,0.4,0.37,2024-09-16,1321,N20,VIIRS,n,2,313.54,26.55,D,0
40.66427,-8.43234,346.2,0.4,0.37,2024-09-16,1321,N20,VIIRS,n,2,311.37,29.44,D,0
40.66582,-8.42302,336.18,0.4,0.37,2024-09-16,1321,N20,VIIRS,l,2,307.99,8.44,D,0
40.64966,-8.52009,367,0.4,0.37,2024-09-16,1321,N20,VIIRS,h,2,311.54,14.44,D,0
40.65583,-8.48306,367,0.4,0.37,2024-09-16,1321,N20,VIIRS,h,2,336.58,35.65,D,0
40.66121,-8.45079,367,0.4,0.37,2024-09-16,1321,N20,VIIRS,h,2,341.3,59.07,D,0
40.66097,-8.43137,367,0.4,0.37,2024-09-16,1321,N20,VIIRS,l,2,325.5,29.44,D,0
40.65021,-8.49599,332.7,0.4,0.37,2024-09-16,1321,N20,VIIRS,l,2,307.08,8.07,D,0
40.65176,-8.48674,355.37,0.4,0.37,2024-09-16,1321,N20,VIIRS,n,2,321.06,35.65,D,0
40.65252,-8.48211,345.7,0.4,0.37,2024-09-16,1321,N20,VIIRS,n,2,320.21,35.65,D,0
40.65713,-8.4545,336.98,0.4,0.37,2024-09-16,1321,N20,VIIRS,n,2,308.66,19.94,D,0
40.6579,-8.44984,336.34,0.4,0.37,2024-09-16,1321,N20,VIIRS,n,2,308.91,59.07,D,0
40.65944,-8.4406,348.14,0.4,0.37,2024-09-16,1321,N20,VIIRS,n,2,310.72,26.55,D,0
40.6602,-8.43601,349.26,0.4,0.37,2024-09-16,1321,N20,VIIRS,n,2,317,26.55,D,0
40.66174,-8.42672,335.2,0.4,0.37,2024-09-16,1321,N20,VIIRS,n,2,304.39,29.44,D,0
40.62936,-8.47554,347.03,0.4,0.37,2024-09-16,1321,N20,VIIRS,n,2,308.78,20.05,D,0
40.63013,-8.4709,337.42,0.4,0.37,2024-09-16,1321,N20,VIIRS,n,2,307.15,51.6,D,0
40.62605,-8.47456,348.94,0.4,0.37,2024-09-16,1321,N20,VIIRS,n,2,319.22,20.05,D,0
40.62836,-8.46073,331.69,0.4,0.37,2024-09-16,1321,N20,VIIRS,l,2,303.1,3.15,D,0
40.58146,-8.63649,337.43,0.4,0.37,2024-09-16,1321,N20,VIIRS,l,2,311.48,2.78,D,0
40.70213,-7.67421,342.68,0.39,0.36,2024-09-16,1321,N20,VIIRS,n,2,305.59,18.52,D,0
40.70286,-7.66967,346.91,0.39,0.36,2024-09-16,1321,N20,VIIRS,n,2,314.89,36.2,D,0
40.69813,-7.67782,367,0.39,0.36,2024-09-16,1321,N20,VIIRS,l,2,333.03,23.33,D,0
40.69959,-7.66875,367,0.39,0.36,2024-09-16,1321,N20,VIIRS,l,2,330.21,48.47,D,0
40.70031,-7.66422,367,0.39,0.36,2024-09-16,1321,N20,VIIRS,l,2,330.67,48.47,D,0
40.6974,-7.68235,343.81,0.39,0.36,2024-09-16,1321,N20,VIIRS,n,2,312.69,10.4,D,0
40.69886,-7.67329,355.46,0.39,0.36,2024-09-16,1321,N20,VIIRS,n,2,326.07,23.33,D,0
40.69268,-7.69049,344.02,0.39,0.36,2024-09-16,1321,N20,VIIRS,n,2,312.5,11.4,D,0
40.6934,-7.68596,355.2,0.39,0.36,2024-09-16,1321,N20,VIIRS,n,2,316.7,10.4,D,0
40.69413,-7.68143,346.99,0.39,0.36,2024-09-16,1321,N20,VIIRS,n,2,314.79,10.4,D,0
40.69486,-7.6769,349.64,0.39,0.36,2024-09-16,1321,N20,VIIRS,l,2,322.43,23.33,D,0
40.69231,-7.67145,367,0.39,0.36,2024-09-16,1321,N20,VIIRS,l,2,327.04,59.28,D,0
40.68721,-7.70316,330.73,0.39,0.36,2024-09-16,1321,N20,VIIRS,l,2,301.74,27.52,D,0
40.68795,-7.69862,348.29,0.39,0.36,2024-09-16,1321,N20,VIIRS,n,2,322.69,27.52,D,0
40.68867,-7.69409,353.14,0.39,0.36,2024-09-16,1321,N20,VIIRS,n,2,314.05,18.84,D,0
40.69014,-7.68502,343.19,0.39,0.36,2024-09-16,1321,N20,VIIRS,n,2,310.05,3.39,D,0
40.69086,-7.68049,337.49,0.39,0.36,2024-09-16,1321,N20,VIIRS,l,2,311.44,3.39,D,0
40.6894,-7.68955,367,0.39,0.36,2024-09-16,1321,N20,VIIRS,h,2,317.31,18.84,D,0
40.68832,-7.67504,367,0.39,0.36,2024-09-16,1321,N20,VIIRS,l,2,331.2,59.28,D,0
40.68394,-7.70224,343.16,0.39,0.36,2024-09-16,1321,N20,VIIRS,n,2,313.73,27.52,D,0
40.68686,-7.68409,336.78,0.39,0.36,2024-09-16,1321,N20,VIIRS,n,2,305.29,3.39,D,0
40.6876,-7.67956,344.49,0.39,0.36,2024-09-16,1321,N20,VIIRS,n,2,308.88,3.39,D,0
40.68904,-7.67053,367,0.39,0.36,2024-09-16,1321,N20,VIIRS,h,2,353.26,59.28,D,0
40.68431,-7.67865,367,0.39,0.36,2024-09-16,1321,N20,VIIRS,l,2,330.61,83.57,D,0
40.68213,-7.69224,350.81,0.39,0.36,2024-09-16,1321,N20,VIIRS,n,2,305.72,13.05,D,0
40.68286,-7.68771,355.57,0.39,0.36,2024-09-16,1321,N20,VIIRS,n,2,312.35,13.05,D,0
40.68504,-7.67414,349.16,0.39,0.36,2024-09-16,1321,N20,VIIRS,n,2,318.46,38.14,D,0
40.68359,-7.68318,367,0.39,0.36,2024-09-16,1321,N20,VIIRS,h,2,347.92,83.57,D,0
40.673,-7.72764,347.22,0.39,0.36,2024-09-16,1321,N20,VIIRS,n,2,307.61,20.72,D,0
40.67886,-7.69133,336.18,0.39,0.36,2024-09-16,1321,N20,VIIRS,n,2,307.83,13.05,D,0
40.67044,-7.7237,333.01,0.39,0.36,2024-09-16,1321,N20,VIIRS,l,2,304.62,2.85,D,0
40.66702,-7.59514,355.59,0.39,0.36,2024-09-16,1321,N20,VIIRS,n,2,318.5,13.05,D,0
40.66774,-7.59064,345.39,0.39,0.36,2024-09-16,1321,N20,VIIRS,n,2,308.36,13.05,D,0
40.6663,-7.59967,367,0.39,0.36,2024-09-16,1321,N20,VIIRS,h,2,336.27,76.57,D,0
40.65943,-7.62131,350.61,0.39,0.36,2024-09-16,1321,N20,VIIRS,n,2,312.21,36.03,D,0
40.66015,-7.61679,344.78,0.39,0.36,2024-09-16,1321,N20,VIIRS,n,2,313.31,36.03,D,0
40.66302,-7.59874,351.7,0.39,0.36,2024-09-16,1321,N20,VIIRS,n,2,317.63,10.79,D,0
40.66375,-7.59422,349.06,0.39,0.36,2024-09-16,1321,N20,VIIRS,n,2,318.87,9.99,D,0
40.66518,-7.58521,351.64,0.39,0.36,2024-09-16,1321,N20,VIIRS,n,2,305.23,6.91,D,0
40.65543,-7.62491,367,0.39,0.36,2024-09-16,1321,N20,VIIRS,l,2,331.97,34.5,D,0
40.65615,-7.6204,353.68,0.39,0.36,2024-09-16,1321,N20,VIIRS,l,2,333.65,36.03,D,0
40.65688,-7.61589,367,0.39,0.36,2024-09-16,1321,N20,VIIRS,l,2,347.89,36.03,D,0
40.65831,-7.60687,350.12,0.39,0.36,2024-09-16,1321,N20,VIIRS,l,2,325.18,44.91,D,0
40.65327,-7.63848,355.09,0.39,0.36,2024-09-16,1321,N20,VIIRS,n,2,314.51,21.31,D,0
40.65399,-7.63395,354.07,0.39,0.36,2024-09-16,1321,N20,VIIRS,n,2,321.03,21.31,D,0
40.65472,-7.62942,351,0.39,0.36,2024-09-16,1321,N20,VIIRS,n,2,316.73,34.5,D,0
40.66191,-7.58429,345.79,0.39,0.36,2024-09-16,1321,N20,VIIRS,l,2,317.56,6.91,D,0
40.6576,-7.61137,367,0.39,0.36,2024-09-16,1321,N20,VIIRS,h,2,340.96,44.91,D,0
40.64639,-7.66019,353.9,0.39,0.36,2024-09-16,1321,N20,VIIRS,n,2,308.85,103.1,D,0
40.6471,-7.6557,354.53,0.39,0.36,2024-09-16,1321,N20,VIIRS,n,2,313.52,29.64,D,0
40.64782,-7.65119,346.61,0.39,0.36,2024-09-16,1321,N20,VIIRS,n,2,319.75,29.64,D,0
40.64854,-7.64666,344.77,0.39,0.36,2024-09-16,1321,N20,VIIRS,n,2,308.04,9.65,D,0
40.64927,-7.64213,354.79,0.39,0.36,2024-09-16,1321,N20,VIIRS,l,2,325.13,9.65,D,0
40.6536,-7.615,351.21,0.39,0.36,2024-09-16,1321,N20,VIIRS,n,2,321,13.96,D,0
40.64382,-7.65481,367,0.39,0.36,2024-09-16,1321,N20,VIIRS,l,2,325.67,29.64,D,0
40.64454,-7.65029,367,0.39,0.36,2024-09-16,1321,N20,VIIRS,l,2,325.45,29.64,D,0
40.64527,-7.64577,336.07,0.39,0.36,2024-09-16,1321,N20,VIIRS,l,2,307.9,9.65,D,0
40.64599,-7.64124,352.93,0.39,0.36,2024-09-16,1321,N20,VIIRS,n,2,320.21,9.65,D,0
40.64672,-7.63672,350.29,0.39,0.36,2024-09-16,1321,N20,VIIRS,n,2,318.7,17.81,D,0
40.64816,-7.62768,351.01,0.39,0.36,2024-09-16,1321,N20,VIIRS,l,2,325.03,16.55,D,0
40.64888,-7.62317,349.69,0.39,0.36,2024-09-16,1321,N20,VIIRS,l,2,323.65,16.55,D,0
40.6391,-7.66297,344.92,0.39,0.36,2024-09-16,1321,N20,VIIRS,n,2,306.19,18.79,D,0
40.63982,-7.65845,352.96,0.39,0.36,2024-09-16,1321,N20,VIIRS,n,2,312.38,18.79,D,0
40.64054,-7.65393,354.49,0.39,0.36,2024-09-16,1321,N20,VIIRS,n,2,312.13,15.27,D,0
40.64127,-7.64941,354.07,0.39,0.36,2024-09-16,1321,N20,VIIRS,n,2,316.16,15.27,D,0
40.64199,-7.64489,346.86,0.39,0.36,2024-09-16,1321,N20,VIIRS,n,2,311.62,13.2,D,0
40.64344,-7.63584,344.76,0.39,0.36,2024-09-16,1321,N20,VIIRS,n,2,317.45,7.28,D,0
40.6456,-7.62229,350.57,0.39,0.36,2024-09-16,1321,N20,VIIRS,l,2,323.6,11.36,D,0
40.64632,-7.61778,344.82,0.39,0.36,2024-09-16,1321,N20,VIIRS,l,2,315.32,9.3,D,0
40.63582,-7.66207,343.47,0.39,0.36,2024-09-16,1321,N20,VIIRS,n,2,306.66,18.79,D,0
40.63799,-7.64853,343.32,0.39,0.36,2024-09-16,1321,N20,VIIRS,n,2,311.75,15.27,D,0
40.63871,-7.64401,349.38,0.39,0.36,2024-09-16,1321,N20,VIIRS,n,2,310.3,13.2,D,0
40.63944,-7.63948,353.68,0.39,0.36,2024-09-16,1321,N20,VIIRS,n,2,328.11,13.2,D,0
40.64088,-7.63043,346.37,0.39,0.36,2024-09-16,1321,N20,VIIRS,n,2,315.7,7.28,D,0
40.63727,-7.65304,367,0.39,0.36,2024-09-16,1321,N20,VIIRS,h,2,308.6,15.27,D,0
40.64016,-7.63495,367,0.39,0.36,2024-09-16,1321,N20,VIIRS,h,2,316.95,7.28,D,0
37.86924,-25.80867,329.68,0.53,0.42,2024-09-16,1501,N20,VIIRS,n,2,272.78,3.36,D,0
41.96781,-8.49852,298.65,0.39,0.6,2024-09-17,0138,N20,VIIRS,n,2,286.15,28.15,N,0
41.9625,-8.50384,367,0.39,0.6,2024-09-17,0138,N20,VIIRS,h,2,292.98,17.64,N,0
41.96227,-8.49845,346.27,0.39,0.6,2024-09-17,0138,N20,VIIRS,n,2,304.8,28.15,N,0
41.96206,-8.49346,367,0.39,0.59,2024-09-17,0138,N20,VIIRS,h,2,294.57,28.15,N,0
41.96186,-8.48892,354.21,0.39,0.59,2024-09-17,0138,N20,VIIRS,n,2,296.12,25.67,N,0
41.96169,-8.48514,354.38,0.39,0.59,2024-09-17,0138,N20,VIIRS,n,2,294.15,25.67,N,0
41.96154,-8.48159,367,0.39,0.59,2024-09-17,0138,N20,VIIRS,h,2,290.42,7.08,N,0
41.96059,-8.45991,345.35,0.39,0.59,2024-09-17,0138,N20,VIIRS,n,2,289.05,4.34,N,0
41.96033,-8.45407,338.89,0.39,0.59,2024-09-17,0138,N20,VIIRS,n,2,289.04,5.25,N,0
41.96273,-8.50913,303.79,0.39,0.6,2024-09-17,0138,N20,VIIRS,n,2,287.61,17.64,N,0
41.96138,-8.47798,306.12,0.39,0.59,2024-09-17,0138,N20,VIIRS,n,2,286.84,7.08,N,0
41.96082,-8.46533,308.56,0.39,0.59,2024-09-17,0138,N20,VIIRS,n,2,286.88,4.34,N,0
41.95699,-8.50451,367,0.39,0.6,2024-09-17,0138,N20,VIIRS,h,2,293.52,15.11,N,0
41.95675,-8.49867,346.84,0.39,0.6,2024-09-17,0138,N20,VIIRS,n,2,299.96,22.99,N,0
41.95601,-8.48174,335.06,0.39,0.59,2024-09-17,0138,N20,VIIRS,n,2,288.4,7.9,N,0
41.95586,-8.47824,347,0.39,0.59,2024-09-17,0138,N20,VIIRS,n,2,290.88,7.9,N,0
41.95723,-8.51006,301.2,0.39,0.6,2024-09-17,0138,N20,VIIRS,n,2,287.73,15.11,N,0
41.95652,-8.49345,304.64,0.39,0.59,2024-09-17,0138,N20,VIIRS,n,2,288.42,22.99,N,0
41.95634,-8.48909,304.26,0.39,0.59,2024-09-17,0138,N20,VIIRS,n,2,287.78,6.47,N,0
41.95617,-8.48526,309.26,0.39,0.59,2024-09-17,0138,N20,VIIRS,n,2,289.23,6.47,N,0
41.95515,-8.46194,315.23,0.39,0.59,2024-09-17,0138,N20,VIIRS,n,2,287.79,2.79,N,0
41.95487,-8.45534,316.46,0.39,0.59,2024-09-17,0138,N20,VIIRS,n,2,290.17,2.09,N,0
41.95148,-8.50519,341.48,0.39,0.6,2024-09-17,0138,N20,VIIRS,n,2,286.9,15.11,N,0
41.95125,-8.49961,353.85,0.39,0.6,2024-09-17,0138,N20,VIIRS,n,2,300.85,22.99,N,0
41.95103,-8.4946,351.59,0.39,0.59,2024-09-17,0138,N20,VIIRS,n,2,299.16,22.99,N,0
41.95085,-8.49022,353.73,0.39,0.59,2024-09-17,0138,N20,VIIRS,n,2,292.01,6.47,N,0
41.95068,-8.48627,335.35,0.39,0.59,2024-09-17,0138,N20,VIIRS,n,2,289.98,6.47,N,0
41.95052,-8.48254,355.21,0.39,0.59,2024-09-17,0138,N20,VIIRS,n,2,296.06,7.9,N,0
41.94576,-8.50074,335.84,0.39,0.6,2024-09-17,0138,N20,VIIRS,n,2,287.66,2.85,N,0
41.94557,-8.49623,321.15,0.39,0.59,2024-09-17,0138,N20,VIIRS,n,2,288.36,2.85,N,0
41.94539,-8.49199,298.86,0.39,0.59,2024-09-17,0138,N20,VIIRS,n,2,286.84,1.76,N,0
41.94504,-8.4839,300.49,0.39,0.59,2024-09-17,0138,N20,VIIRS,n,2,287.17,1.1,N,0
40.47658,-7.87952,337.31,0.35,0.57,2024-09-17,0139,N20,VIIRS,n,2,302.15,34.49,N,0
41.58245,-7.59291,313.73,0.35,0.57,2024-09-17,0139,N20,VIIRS,n,2,285.73,4.06,N,0
41.57722,-7.59382,328.4,0.35,0.57,2024-09-17,0139,N20,VIIRS,n,2,287.17,2.43,N,0
41.95148,-8.50259,367,0.39,0.59,2024-09-17,0139,N20,VIIRS,h,2,291.16,10.93,N,0
41.95122,-8.4972,349.67,0.39,0.59,2024-09-17,0139,N20,VIIRS,n,2,303.02,15.18,N,0
41.951,-8.49252,354.09,0.39,0.59,2024-09-17,0139,N20,VIIRS,n,2,294.51,15.18,N,0
41.95079,-8.48832,340.71,0.39,0.59,2024-09-17,0139,N20,VIIRS,n,2,291.56,7.39,N,0
41.95061,-8.48454,367,0.39,0.59,2024-09-17,0139,N20,VIIRS,h,2,291.96,7.39,N,0
41.95044,-8.48087,325.2,0.39,0.59,2024-09-17,0139,N20,VIIRS,n,2,291.76,9.67,N,0
41.95176,-8.50816,296.18,0.39,0.6,2024-09-17,0139,N20,VIIRS,n,2,285.45,10.93,N,0
41.94576,-8.4986,333.96,0.39,0.59,2024-09-17,0139,N20,VIIRS,n,2,288.35,15.18,N,0
41.94555,-8.49424,327.6,0.39,0.59,2024-09-17,0139,N20,VIIRS,n,2,287.96,15.18,N,0
41.94598,-8.50328,314.13,0.39,0.59,2024-09-17,0139,N20,VIIRS,n,2,286.76,10.93,N,0
41.94516,-8.48603,301.58,0.39,0.59,2024-09-17,0139,N20,VIIRS,n,2,287.06,7.39,N,0
41.80086,-7.64407,353.12,0.35,0.57,2024-09-17,0139,N20,VIIRS,n,2,290.65,5.17,N,0
41.80063,-7.63952,367,0.35,0.57,2024-09-17,0139,N20,VIIRS,h,2,288.82,8.83,N,0
41.80109,-7.64862,308.09,0.35,0.57,2024-09-17,0139,N20,VIIRS,n,2,285.38,5.17,N,0
41.76994,-7.34889,367,0.34,0.56,2024-09-17,0139,N20,VIIRS,h,2,290,22.96,N,0
41.76967,-7.34382,338.28,0.34,0.56,2024-09-17,0139,N20,VIIRS,n,2,300.98,22.96,N,0
41.76941,-7.3388,307.54,0.34,0.56,2024-09-17,0139,N20,VIIRS,n,2,285.94,9.09,N,0
41.80155,-7.64354,352.77,0.35,0.57,2024-09-17,0139,N20,VIIRS,n,2,290.42,4.68,N,0
41.80129,-7.639,367,0.35,0.57,2024-09-17,0139,N20,VIIRS,h,2,288.96,4.68,N,0
41.8018,-7.64806,306.24,0.35,0.57,2024-09-17,0139,N20,VIIRS,n,2,285.26,2.76,N,0
41.79602,-7.63937,295.19,0.35,0.57,2024-09-17,0139,N20,VIIRS,n,2,283.76,4.68,N,0
41.76895,-7.34856,367,0.34,0.56,2024-09-17,0139,N20,VIIRS,h,2,288.66,27.43,N,0
41.76865,-7.34355,337.7,0.34,0.56,2024-09-17,0139,N20,VIIRS,n,2,306.93,25.37,N,0
41.76837,-7.33864,353.59,0.34,0.56,2024-09-17,0139,N20,VIIRS,n,2,290.53,25.37,N,0
41.7681,-7.33407,303.01,0.34,0.56,2024-09-17,0139,N20,VIIRS,n,2,286.03,4.73,N,0
41.76479,-7.36688,306.69,0.34,0.56,2024-09-17,0139,N20,VIIRS,n,2,287.43,7.58,N,0
41.76317,-7.33886,312.7,0.34,0.56,2024-09-17,0139,N20,VIIRS,n,2,286.13,1.42,N,0
41.75953,-7.36627,367,0.34,0.56,2024-09-17,0139,N20,VIIRS,h,2,297.18,7.58,N,0
41.75926,-7.36155,367,0.34,0.56,2024-09-17,0139,N20,VIIRS,h,2,291.87,11.07,N,0
41.759,-7.35696,367,0.34,0.56,2024-09-17,0139,N20,VIIRS,h,2,292.07,11.07,N,0
41.75979,-7.37091,311.86,0.34,0.56,2024-09-17,0139,N20,VIIRS,n,2,287.24,7.58,N,0
41.75874,-7.3525,314.46,0.34,0.56,2024-09-17,0139,N20,VIIRS,n,2,286.95,4.01,N,0
41.78597,-8.38844,312.88,0.39,0.59,2024-09-17,0139,N20,VIIRS,n,2,283.68,3.85,N,0
41.78046,-8.38798,354.61,0.39,0.59,2024-09-17,0139,N20,VIIRS,n,2,288.93,3.85,N,0
41.78075,-8.39446,303.64,0.39,0.59,2024-09-17,0139,N20,VIIRS,n,2,285.4,3.87,N,0
41.78019,-8.38226,319.64,0.39,0.59,2024-09-17,0139,N20,VIIRS,n,2,288.02,3.85,N,0
41.77996,-8.3773,306.81,0.39,0.59,2024-09-17,0139,N20,VIIRS,n,2,284.83,2.24,N,0
41.77521,-8.39358,323.37,0.39,0.59,2024-09-17,0139,N20,VIIRS,n,2,284.56,2.81,N,0
41.77493,-8.38737,304.77,0.39,0.59,2024-09-17,0139,N20,VIIRS,n,2,283.01,1.97,N,0
41.65963,-7.55798,300.51,0.35,0.57,2024-09-17,0139,N20,VIIRS,n,2,289.97,1.75,N,0
41.65538,-7.57642,324.09,0.35,0.57,2024-09-17,0139,N20,VIIRS,n,2,288.53,3.4,N,0
41.65513,-7.57199,339.2,0.35,0.57,2024-09-17,0139,N20,VIIRS,n,2,293.19,3.31,N,0
41.65488,-7.5675,322.89,0.35,0.57,2024-09-17,0139,N20,VIIRS,n,2,289.52,3.31,N,0
41.70365,-8.52173,312.13,0.39,0.59,2024-09-17,0139,N20,VIIRS,n,2,288.09,2.55,N,0
41.7034,-8.51633,312.67,0.39,0.59,2024-09-17,0139,N20,VIIRS,n,2,288.36,2.02,N,0
41.65463,-7.56296,309.88,0.35,0.57,2024-09-17,0139,N20,VIIRS,n,2,289.13,1.75,N,0
41.65038,-7.58129,322.34,0.35,0.57,2024-09-17,0139,N20,VIIRS,n,2,288.77,11.42,N,0
41.65014,-7.57704,367,0.35,0.57,2024-09-17,0139,N20,VIIRS,h,2,296.98,11.42,N,0
41.64989,-7.57253,351.16,0.35,0.57,2024-09-17,0139,N20,VIIRS,n,2,293.35,16.8,N,0
41.63694,-8.26954,301.81,0.38,0.59,2024-09-17,0139,N20,VIIRS,n,2,287.27,0.46,N,0
41.63667,-8.26366,303.71,0.38,0.59,2024-09-17,0139,N20,VIIRS,n,2,286.34,0.46,N,0
41.63145,-8.26894,352.56,0.38,0.59,2024-09-17,0139,N20,VIIRS,n,2,288.02,21.69,N,0
41.63119,-8.26324,351.41,0.38,0.59,2024-09-17,0139,N20,VIIRS,n,2,300.18,21.69,N,0
41.63091,-8.25692,336.87,0.38,0.59,2024-09-17,0139,N20,VIIRS,n,2,303.5,17.41,N,0
41.6317,-8.27447,301.93,0.38,0.59,2024-09-17,0139,N20,VIIRS,n,2,286.53,2.77,N,0
41.63065,-8.25151,319.47,0.38,0.59,2024-09-17,0139,N20,VIIRS,n,2,286.68,17.41,N,0
41.63045,-8.24707,298.14,0.38,0.59,2024-09-17,0139,N20,VIIRS,n,2,284.1,1.86,N,0
41.626,-8.26901,325.44,0.38,0.59,2024-09-17,0139,N20,VIIRS,n,2,285.66,21.69,N,0
41.62576,-8.26388,341.01,0.38,0.59,2024-09-17,0139,N20,VIIRS,n,2,287.32,21.69,N,0
41.62551,-8.2583,333.72,0.38,0.59,2024-09-17,0139,N20,VIIRS,n,2,286.85,17.41,N,0
41.62526,-8.25278,311.8,0.38,0.59,2024-09-17,0139,N20,VIIRS,n,2,285.34,17.41,N,0
41.62502,-8.24763,299.28,0.38,0.59,2024-09-17,0139,N20,VIIRS,n,2,284.22,1.86,N,0
41.58748,-7.58816,339.16,0.35,0.57,2024-09-17,0139,N20,VIIRS,n,2,286.83,4.06,N,0
41.58727,-7.58401,332.34,0.35,0.57,2024-09-17,0139,N20,VIIRS,n,2,288.3,3.93,N,0
41.62013,-8.26015,306.41,0.38,0.59,2024-09-17,0139,N20,VIIRS,n,2,284.76,0.78,N,0
41.6199,-8.25508,304.87,0.38,0.59,2024-09-17,0139,N20,VIIRS,n,2,284.99,0.78,N,0
41.61965,-8.2495,297.34,0.38,0.59,2024-09-17,0139,N20,VIIRS,n,2,283.36,0.62,N,0
41.58225,-7.58897,347.16,0.35,0.57,2024-09-17,0139,N20,VIIRS,n,2,289.9,4.06,N,0
41.58203,-7.58474,331.36,0.35,0.57,2024-09-17,0139,N20,VIIRS,n,2,290,3.93,N,0
41.57701,-7.58971,326.83,0.35,0.57,2024-09-17,0139,N20,VIIRS,n,2,289.17,2.43,N,0
41.5768,-7.58541,313.06,0.35,0.57,2024-09-17,0139,N20,VIIRS,n,2,285.6,1.86,N,0
41.6243,-8.26036,338.05,0.38,0.59,2024-09-17,0139,N20,VIIRS,n,2,286.13,2.57,N,0
41.58755,-7.58576,354.74,0.35,0.57,2024-09-17,0139,N20,VIIRS,n,2,289.66,3.72,N,0
41.62456,-8.26555,305.89,0.38,0.59,2024-09-17,0139,N20,VIIRS,n,2,284.98,2.57,N,0
41.62402,-8.25494,302.29,0.38,0.59,2024-09-17,0139,N20,VIIRS,n,2,284.33,1.17,N,0
41.62373,-8.2495,301.77,0.38,0.59,2024-09-17,0139,N20,VIIRS,n,2,284.37,1.17,N,0
41.58778,-7.58981,298.05,0.35,0.57,2024-09-17,0139,N20,VIIRS,n,2,286.24,3.72,N,0
41.57597,-8.50721,336.64,0.39,0.59,2024-09-17,0139,N20,VIIRS,n,2,274.38,4.37,N,0
41.57575,-8.50246,328.39,0.39,0.59,2024-09-17,0139,N20,VIIRS,n,2,274.85,4.7,N,0
41.54719,-7.91822,344.78,0.36,0.58,2024-09-17,0139,N20,VIIRS,n,2,289.07,26.21,N,0
41.54688,-7.91201,367,0.36,0.58,2024-09-17,0139,N20,VIIRS,h,2,300.24,26.21,N,0
41.54658,-7.90624,354.35,0.36,0.58,2024-09-17,0139,N20,VIIRS,n,2,314.69,37.85,N,0
41.54635,-7.90178,367,0.36,0.58,2024-09-17,0139,N20,VIIRS,h,2,303.71,37.85,N,0
41.54615,-7.89794,348.89,0.36,0.58,2024-09-17,0139,N20,VIIRS,n,2,300.03,19.23,N,0
41.54595,-7.89414,329.22,0.36,0.58,2024-09-17,0139,N20,VIIRS,n,2,295.5,19.23,N,0
41.54575,-7.89016,323.97,0.36,0.58,2024-09-17,0139,N20,VIIRS,n,2,293.81,4.74,N,0
41.54552,-7.88591,331.19,0.36,0.57,2024-09-17,0139,N20,VIIRS,n,2,296.89,4.74,N,0
41.5453,-7.88146,334.61,0.36,0.57,2024-09-17,0139,N20,VIIRS,n,2,296.16,13.47,N,0
41.54506,-7.87684,367,0.36,0.57,2024-09-17,0139,N20,VIIRS,h,2,298.31,13.47,N,0
41.5448,-7.87192,341.24,0.36,0.57,2024-09-17,0139,N20,VIIRS,n,2,305.84,36.93,N,0
41.54457,-7.86746,346.59,0.36,0.57,2024-09-17,0139,N20,VIIRS,n,2,290,36.93,N,0
41.5299,-7.59156,326.81,0.35,0.57,2024-09-17,0139,N20,VIIRS,n,2,286.48,2.42,N,0
41.52941,-7.58234,339.08,0.35,0.57,2024-09-17,0139,N20,VIIRS,n,2,286.67,8.57,N,0
41.54743,-7.92284,302.92,0.36,0.58,2024-09-17,0139,N20,VIIRS,n,2,288.1,1.71,N,0
41.54436,-7.86352,309.03,0.36,0.57,2024-09-17,0139,N20,VIIRS,n,2,287.79,20.73,N,0
41.54416,-7.8597,301.96,0.36,0.57,2024-09-17,0139,N20,VIIRS,n,2,287.52,20.73,N,0
41.52966,-7.587,304.01,0.35,0.57,2024-09-17,0139,N20,VIIRS,n,2,285.57,2.42,N,0
41.52915,-7.5777,303.45,0.35,0.57,2024-09-17,0139,N20,VIIRS,n,2,283.78,8.57,N,0
41.55472,-8.17571,367,0.37,0.58,2024-09-17,0139,N20,VIIRS,h,2,290.65,5.47,N,0
41.5545,-8.17112,333.07,0.37,0.58,2024-09-17,0139,N20,VIIRS,n,2,289.9,15.07,N,0
41.54132,-7.90813,367,0.36,0.58,2024-09-17,0139,N20,VIIRS,h,2,291.34,43.21,N,0
41.54107,-7.90337,335.13,0.36,0.58,2024-09-17,0139,N20,VIIRS,n,2,312.63,43.21,N,0
41.54088,-7.89959,355.52,0.36,0.58,2024-09-17,0139,N20,VIIRS,n,2,301.57,23.7,N,0
41.54069,-7.89587,347.89,0.36,0.58,2024-09-17,0139,N20,VIIRS,n,2,294.39,23.7,N,0
41.54048,-7.89194,367,0.36,0.58,2024-09-17,0139,N20,VIIRS,h,2,299.43,13.69,N,0
41.54027,-7.88777,353.64,0.36,0.57,2024-09-17,0139,N20,VIIRS,n,2,300.14,13.69,N,0
41.54002,-7.88307,367,0.36,0.57,2024-09-17,0139,N20,VIIRS,h,2,302.5,28.12,N,0
41.53977,-7.87803,336.39,0.36,0.57,2024-09-17,0139,N20,VIIRS,n,2,310.86,28.12,N,0
41.52543,-7.60629,367,0.35,0.57,2024-09-17,0139,N20,VIIRS,h,2,291.83,4.35,N,0
41.57048,-8.50788,305.01,0.39,0.59,2024-09-17,0139,N20,VIIRS,n,2,272.27,1.38,N,0
41.57026,-8.50303,297.33,0.39,0.59,2024-09-17,0139,N20,VIIRS,n,2,270.96,1.22,N,0
41.55495,-8.18023,299.03,0.37,0.58,2024-09-17,0139,N20,VIIRS,n,2,285.23,5.47,N,0
41.5416,-7.91372,306.83,0.36,0.58,2024-09-17,0139,N20,VIIRS,n,2,289.14,3.24,N,0
41.5395,-7.87286,310.63,0.36,0.57,2024-09-17,0139,N20,VIIRS,n,2,288.07,13.78,N,0
41.52573,-7.61183,296.25,0.35,0.57,2024-09-17,0139,N20,VIIRS,n,2,284.71,4.35,N,0
41.52514,-7.60083,297.38,0.35,0.57,2024-09-17,0139,N20,VIIRS,n,2,284.2,3.83,N,0
41.54928,-8.17541,367,0.37,0.58,2024-09-17,0139,N20,VIIRS,h,2,289.62,5.47,N,0
41.54903,-8.17027,322.4,0.37,0.58,2024-09-17,0139,N20,VIIRS,n,2,287.24,15.07,N,0
41.54877,-8.16498,367,0.37,0.58,2024-09-17,0139,N20,VIIRS,h,2,296.52,15.07,N,0
41.54849,-8.15912,367,0.37,0.58,2024-09-17,0139,N20,VIIRS,h,2,291.65,10.08,N,0
41.53521,-7.89361,324.96,0.36,0.58,2024-09-17,0139,N20,VIIRS,n,2,290.15,13.69,N,0
41.53476,-7.88484,367,0.36,0.57,2024-09-17,0139,N20,VIIRS,h,2,292.34,28.12,N,0
41.54952,-8.1804,300.18,0.37,0.58,2024-09-17,0139,N20,VIIRS,n,2,284.53,5.47,N,0
41.5482,-8.15308,300.78,0.37,0.58,2024-09-17,0139,N20,VIIRS,n,2,286.5,10.08,N,0
41.535,-7.88938,313.41,0.36,0.57,2024-09-17,0139,N20,VIIRS,n,2,290.23,13.69,N,0
41.53452,-7.87993,313.41,0.36,0.57,2024-09-17,0139,N20,VIIRS,n,2,288.71,28.12,N,0
41.54358,-8.16964,367,0.37,0.58,2024-09-17,0139,N20,VIIRS,h,2,288.19,4.71,N,0
41.54332,-8.16434,327.84,0.37,0.58,2024-09-17,0139,N20,VIIRS,n,2,287.53,4.71,N,0
41.54304,-8.15862,335.29,0.37,0.58,2024-09-17,0139,N20,VIIRS,n,2,287.08,3.51,N,0
41.54384,-8.17507,299.76,0.37,0.58,2024-09-17,0139,N20,VIIRS,n,2,284.57,5.38,N,0
41.54277,-8.15287,314.23,0.37,0.58,2024-09-17,0139,N20,VIIRS,n,2,286.01,3.51,N,0
41.53814,-8.16942,347.52,0.37,0.58,2024-09-17,0139,N20,VIIRS,n,2,286.8,4.71,N,0
41.53764,-8.15914,341.06,0.37,0.58,2024-09-17,0139,N20,VIIRS,n,2,287.12,3.51,N,0
41.53739,-8.15395,326.31,0.37,0.58,2024-09-17,0139,N20,VIIRS,n,2,287.86,3.51,N,0
41.5379,-8.16433,305.84,0.37,0.58,2024-09-17,0139,N20,VIIRS,n,2,286.78,4.71,N,0
41.53715,-8.14879,301,0.37,0.58,2024-09-17,0139,N20,VIIRS,n,2,285.98,2.07,N,0
41.5367,-8.13949,304.06,0.37,0.58,2024-09-17,0139,N20,VIIRS,n,2,284.84,0.83,N,0
41.53584,-8.23544,331.12,0.38,0.59,2024-09-17,0139,N20,VIIRS,n,2,290.81,1.47,N,0
41.53156,-8.14538,320.17,0.37,0.58,2024-09-17,0139,N20,VIIRS,n,2,288.72,4.75,N,0
41.53133,-8.14062,367,0.37,0.58,2024-09-17,0139,N20,VIIRS,h,2,289.46,9.87,N,0
41.53109,-8.13568,334.93,0.37,0.58,2024-09-17,0139,N20,VIIRS,n,2,288.53,9.87,N,0
41.53654,-8.25026,317.13,0.38,0.59,2024-09-17,0139,N20,VIIRS,n,2,287.3,1.39,N,0
41.5363,-8.2452,303.09,0.38,0.59,2024-09-17,0139,N20,VIIRS,n,2,288.58,1.39,N,0
41.53607,-8.24033,305.16,0.38,0.59,2024-09-17,0139,N20,VIIRS,n,2,288.55,1.47,N,0
41.53178,-8.1501,309.75,0.37,0.58,2024-09-17,0139,N20,VIIRS,n,2,288.93,4.75,N,0
41.52598,-8.14202,367,0.37,0.58,2024-09-17,0139,N20,VIIRS,h,2,294.88,9.87,N,0
41.52574,-8.13704,326.54,0.37,0.58,2024-09-17,0139,N20,VIIRS,n,2,288.49,9.87,N,0
41.53057,-8.23918,304.85,0.38,0.59,2024-09-17,0139,N20,VIIRS,n,2,288.64,1.47,N,0
41.53034,-8.23421,315.46,0.38,0.59,2024-09-17,0139,N20,VIIRS,n,2,288.68,1.47,N,0
41.5262,-8.14678,305,0.37,0.58,2024-09-17,0139,N20,VIIRS,n,2,286.77,4.75,N,0
41.52626,-8.26374,346.89,0.38,0.59,2024-09-17,0139,N20,VIIRS,n,2,289.04,5.4,N,0
41.52605,-8.2591,355.54,0.38,0.59,2024-09-17,0139,N20,VIIRS,n,2,294.98,7.28,N,0
41.52583,-8.25443,329.99,0.38,0.59,2024-09-17,0139,N20,VIIRS,n,2,291.16,7.28,N,0
41.52558,-8.24895,327.52,0.38,0.59,2024-09-17,0139,N20,VIIRS,n,2,291.1,7.19,N,0
41.52507,-8.23803,322.52,0.38,0.59,2024-09-17,0139,N20,VIIRS,n,2,289.45,8.17,N,0
41.52484,-8.23307,355.5,0.38,0.59,2024-09-17,0139,N20,VIIRS,n,2,294.43,8.17,N,0
41.52532,-8.24331,302.71,0.38,0.59,2024-09-17,0139,N20,VIIRS,n,2,288.9,7.19,N,0
41.52124,-8.27309,337.47,0.38,0.59,2024-09-17,0139,N20,VIIRS,n,2,291.32,3.02,N,0
41.52076,-8.26251,341.63,0.38,0.59,2024-09-17,0139,N20,VIIRS,n,2,292.94,5.4,N,0
41.52056,-8.25816,367,0.38,0.59,2024-09-17,0139,N20,VIIRS,h,2,297.65,7.28,N,0
41.52036,-8.25387,346.23,0.38,0.59,2024-09-17,0139,N20,VIIRS,n,2,295.37,7.28,N,0
41.51984,-8.24267,367,0.38,0.59,2024-09-17,0139,N20,VIIRS,h,2,297.66,7.19,N,0
41.51961,-8.23752,352.91,0.38,0.59,2024-09-17,0139,N20,VIIRS,n,2,295.41,8.17,N,0
41.52174,-8.28401,306.31,0.38,0.59,2024-09-17,0139,N20,VIIRS,n,2,285.37,1.34,N,0
41.5215,-8.2787,312.6,0.38,0.59,2024-09-17,0139,N20,VIIRS,n,2,287.3,3.02,N,0
41.52099,-8.26754,318.07,0.38,0.59,2024-09-17,0139,N20,VIIRS,n,2,289.39,5.4,N,0
41.5201,-8.24828,314.97,0.38,0.59,2024-09-17,0139,N20,VIIRS,n,2,289.87,7.19,N,0
41.51939,-8.23268,302.86,0.38,0.59,2024-09-17,0139,N20,VIIRS,n,2,287.95,8.17,N,0
41.51653,-8.28939,330.48,0.38,0.59,2024-09-17,0139,N20,VIIRS,n,2,287.96,13.52,N,0
41.51628,-8.28387,350.36,0.38,0.59,2024-09-17,0139,N20,VIIRS,n,2,293.06,13.52,N,0
41.51601,-8.27799,327.44,0.38,0.59,2024-09-17,0139,N20,VIIRS,n,2,292.67,20.41,N,0
41.51574,-8.27193,367,0.38,0.59,2024-09-17,0139,N20,VIIRS,h,2,297.82,20.41,N,0
41.51549,-8.26636,335.76,0.38,0.59,2024-09-17,0139,N20,VIIRS,n,2,315.33,72.66,N,0
41.51527,-8.26157,335.37,0.38,0.59,2024-09-17,0139,N20,VIIRS,n,2,311.15,72.66,N,0
41.51508,-8.25744,353.95,0.38,0.59,2024-09-17,0139,N20,VIIRS,n,2,296.71,16.07,N,0
41.51466,-8.24844,340.74,0.38,0.59,2024-09-17,0139,N20,VIIRS,n,2,290.19,4.98,N,0
41.51443,-8.24346,336.43,0.38,0.59,2024-09-17,0139,N20,VIIRS,n,2,291.86,4.98,N,0
41.51676,-8.29438,303.82,0.38,0.59,2024-09-17,0139,N20,VIIRS,n,2,283.67,3.09,N,0
41.51488,-8.25317,310.51,0.38,0.59,2024-09-17,0139,N20,VIIRS,n,2,289.28,16.07,N,0
41.51108,-8.28966,367,0.38,0.59,2024-09-17,0139,N20,VIIRS,h,2,291.35,13.52,N,0
41.51082,-8.28387,354.46,0.38,0.59,2024-09-17,0139,N20,VIIRS,n,2,306.38,13.52,N,0
41.51055,-8.27769,348.38,0.38,0.59,2024-09-17,0139,N20,VIIRS,n,2,300,20.41,N,0
41.51132,-8.29486,308.76,0.38,0.59,2024-09-17,0139,N20,VIIRS,n,2,284.45,3.09,N,0
41.51027,-8.27151,310.14,0.38,0.59,2024-09-17,0139,N20,VIIRS,n,2,288.59,20.41,N,0
41.50537,-8.28408,311.75,0.38,0.59,2024-09-17,0139,N20,VIIRS,n,2,287.48,2.44,N,0
41.49607,-8.08178,313.68,0.37,0.58,2024-09-17,0139,N20,VIIRS,n,2,289.59,1.5,N,0
41.49509,-8.1775,340.7,0.37,0.58,2024-09-17,0139,N20,VIIRS,n,2,289.45,24.05,N,0
41.49487,-8.17272,349.38,0.37,0.58,2024-09-17,0139,N20,VIIRS,n,2,300.42,24.05,N,0
41.49464,-8.16781,344.31,0.37,0.58,2024-09-17,0139,N20,VIIRS,n,2,299.98,14.74,N,0
41.49442,-8.1628,310.32,0.37,0.58,2024-09-17,0139,N20,VIIRS,n,2,289.93,14.74,N,0
41.49047,-8.07751,313,0.37,0.58,2024-09-17,0139,N20,VIIRS,n,2,288.09,1.5,N,0
41.49023,-8.07234,304.18,0.37,0.58,2024-09-17,0139,N20,VIIRS,n,2,288.06,1.39,N,0
41.52017,-8.2819,332.34,0.38,0.59,2024-09-17,0139,N20,VIIRS,n,2,289.32,4.71,N,0
41.51958,-8.27051,320.72,0.38,0.59,2024-09-17,0139,N20,VIIRS,n,2,291.52,21.4,N,0
41.5193,-8.26514,344.64,0.38,0.59,2024-09-17,0139,N20,VIIRS,n,2,293.23,37.45,N,0
41.51906,-8.26054,354.99,0.38,0.59,2024-09-17,0139,N20,VIIRS,n,2,308.98,37.45,N,0
41.51884,-8.25639,353.77,0.38,0.59,2024-09-17,0139,N20,VIIRS,n,2,303.59,9.19,N,0
41.5186,-8.25175,328.42,0.38,0.59,2024-09-17,0139,N20,VIIRS,n,2,292.02,9.19,N,0
41.51832,-8.24627,344.5,0.38,0.59,2024-09-17,0139,N20,VIIRS,n,2,292.62,9.08,N,0
41.51804,-8.24091,367,0.38,0.59,2024-09-17,0139,N20,VIIRS,h,2,302.01,9.08,N,0
41.51778,-8.23594,326.47,0.38,0.58,2024-09-17,0139,N20,VIIRS,n,2,290.39,12.15,N,0
41.52044,-8.28712,315.4,0.38,0.59,2024-09-17,0139,N20,VIIRS,n,2,285.22,4.71,N,0
41.51988,-8.27632,317.79,0.38,0.59,2024-09-17,0139,N20,VIIRS,n,2,290.34,21.4,N,0
41.51499,-8.28735,350.03,0.38,0.59,2024-09-17,0139,N20,VIIRS,n,2,293.14,4.71,N,0
41.51469,-8.28147,338.11,0.38,0.59,2024-09-17,0139,N20,VIIRS,n,2,295.16,4.71,N,0
41.51437,-8.27525,335.2,0.38,0.59,2024-09-17,0139,N20,VIIRS,n,2,292.67,21.4,N,0
41.51406,-8.26941,367,0.38,0.59,2024-09-17,0139,N20,VIIRS,h,2,300.58,21.4,N,0
41.51379,-8.26415,322.66,0.38,0.59,2024-09-17,0139,N20,VIIRS,n,2,312.04,37.45,N,0
41.51357,-8.2597,350.24,0.38,0.59,2024-09-17,0139,N20,VIIRS,n,2,292.9,37.45,N,0
41.51289,-8.24672,343.56,0.38,0.59,2024-09-17,0139,N20,VIIRS,n,2,290.03,9.08,N,0
41.51551,-8.29741,299.65,0.38,0.59,2024-09-17,0139,N20,VIIRS,n,2,283.11,2.56,N,0
41.51525,-8.29252,319.39,0.38,0.59,2024-09-17,0139,N20,VIIRS,n,2,285.36,2.56,N,0
41.51336,-8.25573,306.12,0.38,0.59,2024-09-17,0139,N20,VIIRS,n,2,288.53,9.19,N,0
41.51314,-8.25144,305.87,0.38,0.59,2024-09-17,0139,N20,VIIRS,n,2,288.31,9.19,N,0
41.51264,-8.24187,301.69,0.38,0.59,2024-09-17,0139,N20,VIIRS,n,2,288.31,9.08,N,0
41.50954,-8.28748,367,0.38,0.59,2024-09-17,0139,N20,VIIRS,h,2,294.44,20.87,N,0
41.50923,-8.28148,356.28,0.38,0.59,2024-09-17,0139,N20,VIIRS,n,2,300.99,20.87,N,0
41.50892,-8.27546,341.66,0.38,0.59,2024-09-17,0139,N20,VIIRS,n,2,291.11,16.7,N,0
41.51007,-8.29797,298.32,0.38,0.59,2024-09-17,0139,N20,VIIRS,n,2,283.77,3.22,N,0
41.50981,-8.29292,314.34,0.38,0.59,2024-09-17,0139,N20,VIIRS,n,2,285.55,3.22,N,0
41.49781,-8.16557,306.16,0.37,0.58,2024-09-17,0139,N20,VIIRS,n,2,289.05,1.3,N,0
41.49337,-8.08046,314.65,0.37,0.58,2024-09-17,0139,N20,VIIRS,n,2,289.54,1.3,N,0
41.49311,-8.07549,314.01,0.37,0.58,2024-09-17,0139,N20,VIIRS,n,2,289.48,1.3,N,0
41.49292,-8.17579,367,0.37,0.58,2024-09-17,0139,N20,VIIRS,h,2,293.17,43.05,N,0
41.49267,-8.17092,340.66,0.37,0.58,2024-09-17,0139,N20,VIIRS,n,2,307.53,43.05,N,0
41.49242,-8.1661,344.9,0.37,0.58,2024-09-17,0139,N20,VIIRS,n,2,293.56,21.55,N,0
41.48746,-8.07069,304.05,0.37,0.58,2024-09-17,0139,N20,VIIRS,n,2,287.77,0.84,N,0
41.46383,-7.73097,367,0.35,0.57,2024-09-17,0139,N20,VIIRS,h,2,291.01,15.14,N,0
41.46362,-7.72714,367,0.35,0.57,2024-09-17,0139,N20,VIIRS,h,2,300.38,15.14,N,0
41.46341,-7.72333,351.51,0.35,0.57,2024-09-17,0139,N20,VIIRS,n,2,292.24,11.1,N,0
41.4632,-7.71947,367,0.35,0.57,2024-09-17,0139,N20,VIIRS,h,2,288.84,11.1,N,0
41.46298,-7.71543,367,0.35,0.57,2024-09-17,0139,N20,VIIRS,h,2,293.78,12.34,N,0
41.46275,-7.71135,350.29,0.35,0.57,2024-09-17,0139,N20,VIIRS,n,2,287.77,12.34,N,0
41.46252,-7.70718,354.34,0.35,0.57,2024-09-17,0139,N20,VIIRS,n,2,289.3,7.85,N,0
41.4623,-7.70322,354.96,0.35,0.57,2024-09-17,0139,N20,VIIRS,n,2,287.67,7.85,N,0
41.46208,-7.6993,320.75,0.35,0.57,2024-09-17,0139,N20,VIIRS,n,2,285.59,3.66,N,0
41.45768,-7.71561,326.41,0.35,0.57,2024-09-17,0139,N20,VIIRS,n,2,289.71,2.36,N,0
41.45748,-7.71181,331.71,0.35,0.57,2024-09-17,0139,N20,VIIRS,n,2,288.95,2.36,N,0
41.45687,-7.70085,354.52,0.35,0.57,2024-09-17,0139,N20,VIIRS,n,2,298.98,9.38,N,0
41.45405,-7.64986,367,0.35,0.57,2024-09-17,0139,N20,VIIRS,h,2,288.98,22.96,N,0
41.45372,-7.64399,331.86,0.35,0.57,2024-09-17,0139,N20,VIIRS,n,2,320.83,22.96,N,0
41.45343,-7.63872,367,0.35,0.57,2024-09-17,0139,N20,VIIRS,h,2,295.98,20.19,N,0
41.45319,-7.63446,367,0.35,0.57,2024-09-17,0139,N20,VIIRS,h,2,288.32,20.19,N,0
41.45298,-7.63068,346.94,0.35,0.57,2024-09-17,0139,N20,VIIRS,n,2,298.26,16.89,N,0
41.45278,-7.62705,330.02,0.35,0.57,2024-09-17,0139,N20,VIIRS,n,2,285.27,16.89,N,0
41.45853,-7.73091,304.33,0.35,0.57,2024-09-17,0139,N20,VIIRS,n,2,285.67,1.14,N,0
41.45832,-7.72703,312.82,0.35,0.57,2024-09-17,0139,N20,VIIRS,n,2,288.84,1.14,N,0
41.45811,-7.72325,318.28,0.35,0.57,2024-09-17,0139,N20,VIIRS,n,2,289.03,1.61,N,0
41.4579,-7.71945,311.84,0.35,0.57,2024-09-17,0139,N20,VIIRS,n,2,287.86,1.61,N,0
41.45728,-7.70815,299.11,0.35,0.57,2024-09-17,0139,N20,VIIRS,n,2,284.49,5.65,N,0
41.45708,-7.70452,318.28,0.35,0.57,2024-09-17,0139,N20,VIIRS,n,2,285.12,5.65,N,0
41.45667,-7.69713,310.54,0.35,0.57,2024-09-17,0139,N20,VIIRS,n,2,285.7,9.38,N,0
41.45436,-7.65552,300.29,0.35,0.57,2024-09-17,0139,N20,VIIRS,n,2,285.76,1.59,N,0
41.47843,-8.21124,349.73,0.38,0.58,2024-09-17,0139,N20,VIIRS,n,2,291.62,3.22,N,0
41.47823,-8.20722,323.78,0.38,0.58,2024-09-17,0139,N20,VIIRS,n,2,289.54,3.22,N,0
41.4734,-8.11224,328.16,0.37,0.58,2024-09-17,0139,N20,VIIRS,n,2,290.46,1.57,N,0
41.44844,-7.64394,367,0.35,0.57,2024-09-17,0139,N20,VIIRS,h,2,288.25,22.96,N,0
41.44775,-7.63138,347.98,0.35,0.57,2024-09-17,0139,N20,VIIRS,n,2,287.58,16.89,N,0
41.44754,-7.6278,333.12,0.35,0.57,2024-09-17,0139,N20,VIIRS,n,2,286.82,16.89,N,0
41.47864,-8.21548,306.68,0.38,0.58,2024-09-17,0139,N20,VIIRS,n,2,288.41,2.75,N,0
41.47364,-8.11687,300.7,0.37,0.58,2024-09-17,0139,N20,VIIRS,n,2,287.88,1.22,N,0
41.47315,-8.10728,307.8,0.37,0.58,2024-09-17,0139,N20,VIIRS,n,2,288.79,1.57,N,0
41.45323,-7.73096,308.37,0.35,0.57,2024-09-17,0139,N20,VIIRS,n,2,286.57,1.14,N,0
41.45301,-7.72698,304.41,0.35,0.57,2024-09-17,0139,N20,VIIRS,n,2,286.63,1.14,N,0
41.4528,-7.72317,298.65,0.35,0.57,2024-09-17,0139,N20,VIIRS,n,2,284.83,1.61,N,0
41.45221,-7.71236,297.72,0.35,0.57,2024-09-17,0139,N20,VIIRS,n,2,284.98,2.36,N,0
41.45184,-7.7056,298.26,0.35,0.57,2024-09-17,0139,N20,VIIRS,n,2,285.57,5.65,N,0
41.45164,-7.70213,313.08,0.35,0.57,2024-09-17,0139,N20,VIIRS,n,2,286.57,9.38,N,0
41.45145,-7.69853,299.34,0.35,0.57,2024-09-17,0139,N20,VIIRS,n,2,286.1,9.38,N,0
41.44938,-7.66098,314.47,0.35,0.57,2024-09-17,0139,N20,VIIRS,n,2,286.53,1.59,N,0
41.44907,-7.65546,309.37,0.35,0.57,2024-09-17,0139,N20,VIIRS,n,2,287.4,1.59,N,0
41.44875,-7.64947,310.68,0.35,0.57,2024-09-17,0139,N20,VIIRS,n,2,285.51,22.96,N,0
41.44818,-7.63913,318.19,0.35,0.57,2024-09-17,0139,N20,VIIRS,n,2,285.22,20.19,N,0
41.44795,-7.63504,309.76,0.35,0.57,2024-09-17,0139,N20,VIIRS,n,2,284.49,20.19,N,0
41.44735,-7.6243,297.59,0.35,0.57,2024-09-17,0139,N20,VIIRS,n,2,283.26,4.43,N,0
41.47453,-8.24213,320.56,0.38,0.58,2024-09-17,0139,N20,VIIRS,n,2,290.87,1.86,N,0
41.47323,-8.21606,326.39,0.38,0.58,2024-09-17,0139,N20,VIIRS,n,2,292.33,11.5,N,0
41.47301,-8.21171,328.51,0.38,0.58,2024-09-17,0139,N20,VIIRS,n,2,291.8,12.65,N,0
41.47281,-8.20762,348.31,0.38,0.58,2024-09-17,0139,N20,VIIRS,n,2,293.2,12.65,N,0
41.47261,-8.20366,367,0.38,0.58,2024-09-17,0139,N20,VIIRS,h,2,298.05,16.73,N,0
41.46826,-8.11752,325.79,0.37,0.58,2024-09-17,0139,N20,VIIRS,n,2,289.98,1.41,N,0
41.44793,-7.73098,353.64,0.35,0.57,2024-09-17,0139,N20,VIIRS,n,2,287.56,5.13,N,0
41.4477,-7.7269,355.37,0.35,0.57,2024-09-17,0139,N20,VIIRS,n,2,288.12,5.13,N,0
41.4475,-7.72322,333.49,0.35,0.57,2024-09-17,0139,N20,VIIRS,n,2,285.77,4.18,N,0
41.44713,-7.71632,320.51,0.35,0.57,2024-09-17,0139,N20,VIIRS,n,2,286.08,10.33,N,0
41.44677,-7.70978,341.61,0.35,0.57,2024-09-17,0139,N20,VIIRS,n,2,288.92,14.56,N,0
41.44659,-7.70652,367,0.35,0.57,2024-09-17,0139,N20,VIIRS,h,2,299.24,14.56,N,0
41.44641,-7.70314,336.99,0.35,0.57,2024-09-17,0139,N20,VIIRS,n,2,287.86,11.18,N,0
41.4748,-8.24761,307.4,0.38,0.59,2024-09-17,0139,N20,VIIRS,n,2,289.73,1.94,N,0
41.47426,-8.2366,304.73,0.38,0.58,2024-09-17,0139,N20,VIIRS,n,2,289.49,1.86,N,0
41.47372,-8.22577,315.4,0.38,0.58,2024-09-17,0139,N20,VIIRS,n,2,290.62,7.75,N,0
41.47347,-8.22072,319.05,0.38,0.58,2024-09-17,0139,N20,VIIRS,n,2,292.78,11.5,N,0
41.44732,-7.7197,318.87,0.35,0.57,2024-09-17,0139,N20,VIIRS,n,2,285.89,4.18,N,0
41.44695,-7.71302,303.38,0.35,0.57,2024-09-17,0139,N20,VIIRS,n,2,285.48,10.33,N,0
41.44438,-7.66616,298.46,0.35,0.57,2024-09-17,0139,N20,VIIRS,n,2,284.71,0.95,N,0
41.44411,-7.66121,302.62,0.35,0.57,2024-09-17,0139,N20,VIIRS,n,2,285.77,3.33,N,0
41.44378,-7.65512,298.36,0.35,0.57,2024-09-17,0139,N20,VIIRS,n,2,284.86,3.33,N,0
41.44346,-7.64929,299.4,0.35,0.57,2024-09-17,0139,N20,VIIRS,n,2,283.64,6.68,N,0
41.44317,-7.64414,297.22,0.35,0.57,2024-09-17,0139,N20,VIIRS,n,2,283.41,6.68,N,0
41.44294,-7.63982,299.21,0.35,0.57,2024-09-17,0139,N20,VIIRS,n,2,285.09,25.3,N,0
41.44271,-7.63582,300.33,0.35,0.57,2024-09-17,0139,N20,VIIRS,n,2,285.07,25.3,N,0
41.44251,-7.63212,311.04,0.35,0.57,2024-09-17,0139,N20,VIIRS,n,2,286.69,9.37,N,0
41.44231,-7.62854,304.53,0.35,0.57,2024-09-17,0139,N20,VIIRS,n,2,284.7,9.37,N,0
41.46832,-8.22659,323.22,0.38,0.58,2024-09-17,0139,N20,VIIRS,n,2,289.16,7.75,N,0
41.46808,-8.22189,355.24,0.38,0.58,2024-09-17,0139,N20,VIIRS,n,2,300.99,11.5,N,0
41.46786,-8.21737,367,0.38,0.58,2024-09-17,0139,N20,VIIRS,h,2,294.73,11.5,N,0
41.46764,-8.21293,367,0.38,0.58,2024-09-17,0139,N20,VIIRS,h,2,294.59,12.65,N,0
41.46743,-8.20869,349.65,0.38,0.58,2024-09-17,0139,N20,VIIRS,n,2,296.14,12.65,N,0
41.46261,-8.11279,320.54,0.37,0.58,2024-09-17,0139,N20,VIIRS,n,2,289.61,3.79,N,0
41.46207,-8.10202,355.01,0.37,0.58,2024-09-17,0139,N20,VIIRS,n,2,292.75,7.69,N,0
41.44266,-7.73163,329.96,0.35,0.57,2024-09-17,0139,N20,VIIRS,n,2,282.96,5.13,N,0
41.44244,-7.72756,336.77,0.35,0.57,2024-09-17,0139,N20,VIIRS,n,2,286.49,5.13,N,0
41.44206,-7.72049,335.51,0.35,0.57,2024-09-17,0139,N20,VIIRS,n,2,292.78,4.18,N,0
41.44188,-7.71719,367,0.35,0.57,2024-09-17,0139,N20,VIIRS,h,2,297.41,10.33,N,0
41.4417,-7.71394,352.13,0.35,0.57,2024-09-17,0139,N20,VIIRS,n,2,298.63,10.33,N,0
41.44152,-7.71062,367,0.35,0.57,2024-09-17,0139,N20,VIIRS,h,2,295.12,14.56,N,0
41.44133,-7.70722,352.82,0.35,0.57,2024-09-17,0139,N20,VIIRS,n,2,296.75,14.56,N,0
41.43847,-7.65454,367,0.35,0.57,2024-09-17,0139,N20,VIIRS,h,2,287.89,3.33,N,0
41.43818,-7.64937,354.19,0.35,0.57,2024-09-17,0139,N20,VIIRS,n,2,291.62,6.68,N,0
41.43793,-7.64481,331.77,0.35,0.57,2024-09-17,0139,N20,VIIRS,n,2,286.58,6.68,N,0
41.43769,-7.64055,355.94,0.35,0.57,2024-09-17,0139,N20,VIIRS,n,2,300.18,25.3,N,0
41.43748,-7.6366,347.61,0.35,0.57,2024-09-17,0139,N20,VIIRS,n,2,309.67,25.3,N,0
41.43727,-7.63289,345.4,0.35,0.57,2024-09-17,0139,N20,VIIRS,n,2,302.3,9.37,N,0
41.46312,-8.12279,301.79,0.37,0.58,2024-09-17,0139,N20,VIIRS,n,2,287.99,1.41,N,0
41.46287,-8.11789,308.78,0.37,0.58,2024-09-17,0139,N20,VIIRS,n,2,288.58,1.41,N,0
41.46233,-8.1074,319.91,0.37,0.58,2024-09-17,0139,N20,VIIRS,n,2,289.59,3.79,N,0
41.44224,-7.7239,316.86,0.35,0.57,2024-09-17,0139,N20,VIIRS,n,2,285.79,4.18,N,0
41.4391,-7.66624,306.85,0.35,0.57,2024-09-17,0139,N20,VIIRS,n,2,287.61,0.95,N,0
41.43879,-7.66056,310.43,0.35,0.57,2024-09-17,0139,N20,VIIRS,n,2,287.25,3.33,N,0
41.43708,-7.62927,311,0.35,0.57,2024-09-17,0139,N20,VIIRS,n,2,287.12,9.37,N,0
41.45748,-8.11843,367,0.37,0.58,2024-09-17,0139,N20,VIIRS,h,2,296.97,16.04,N,0
41.45723,-8.11331,367,0.37,0.58,2024-09-17,0139,N20,VIIRS,h,2,295.89,21.71,N,0
41.45696,-8.10801,351.31,0.37,0.58,2024-09-17,0139,N20,VIIRS,n,2,295.53,21.71,N,0
41.43718,-7.72837,339.87,0.35,0.57,2024-09-17,0139,N20,VIIRS,n,2,283.99,16.06,N,0
41.437,-7.72488,349.47,0.35,0.57,2024-09-17,0139,N20,VIIRS,n,2,301.7,28.18,N,0
41.43681,-7.72154,367,0.35,0.57,2024-09-17,0139,N20,VIIRS,h,2,300.1,28.18,N,0
41.43663,-7.71827,352.36,0.35,0.57,2024-09-17,0139,N20,VIIRS,n,2,309.57,26.78,N,0
41.43646,-7.71498,350.03,0.35,0.57,2024-09-17,0139,N20,VIIRS,n,2,293.31,26.78,N,0
41.43381,-7.66612,330.63,0.35,0.57,2024-09-17,0139,N20,VIIRS,n,2,293.88,18.5,N,0
41.43349,-7.66033,367,0.35,0.57,2024-09-17,0139,N20,VIIRS,h,2,289.31,12.13,N,0
41.4332,-7.65483,355.47,0.35,0.57,2024-09-17,0139,N20,VIIRS,n,2,288.27,12.13,N,0
41.45773,-8.12335,315.57,0.37,0.58,2024-09-17,0139,N20,VIIRS,n,2,287.39,16.04,N,0
41.43627,-7.71157,297.76,0.35,0.57,2024-09-17,0139,N20,VIIRS,n,2,285.1,4.65,N,0
41.4341,-7.67145,319.48,0.35,0.57,2024-09-17,0139,N20,VIIRS,n,2,289.85,18.5,N,0
41.46766,-8.43888,320.76,0.39,0.59,2024-09-17,0139,N20,VIIRS,n,2,283.73,2.55,N,0
41.42908,-7.6764,320.43,0.35,0.57,2024-09-17,0139,N20,VIIRS,n,2,286.61,7.63,N,0
41.42883,-7.67177,367,0.35,0.57,2024-09-17,0139,N20,VIIRS,h,2,296.48,18.5,N,0
41.42852,-7.66605,345.63,0.35,0.57,2024-09-17,0139,N20,VIIRS,n,2,303.12,18.5,N,0
41.42822,-7.66036,352.86,0.35,0.57,2024-09-17,0139,N20,VIIRS,n,2,290.13,12.13,N,0
41.46789,-8.44368,313.18,0.39,0.59,2024-09-17,0139,N20,VIIRS,n,2,282.5,2.67,N,0
41.43418,-8.19557,302.94,0.37,0.58,2024-09-17,0139,N20,VIIRS,n,2,288.7,0.95,N,0
41.43395,-8.19083,301.78,0.37,0.58,2024-09-17,0139,N20,VIIRS,n,2,289.22,0.76,N,0
41.42877,-8.19598,330.74,0.37,0.58,2024-09-17,0139,N20,VIIRS,n,2,290.35,2.81,N,0
41.42924,-8.20578,304.3,0.37,0.58,2024-09-17,0139,N20,VIIRS,n,2,289.97,1.82,N,0
41.42384,-8.20649,321.69,0.37,0.58,2024-09-17,0139,N20,VIIRS,n,2,288.58,1.82,N,0
41.42361,-8.20174,313.1,0.37,0.58,2024-09-17,0139,N20,VIIRS,n,2,289.49,2.81,N,0
41.39271,-8.60503,353.01,0.39,0.6,2024-09-17,0139,N20,VIIRS,n,2,296.67,8.88,N,0
41.39294,-8.60985,319.86,0.39,0.6,2024-09-17,0139,N20,VIIRS,n,2,288.19,11.1,N,0
41.39248,-8.60014,306.16,0.39,0.6,2024-09-17,0139,N20,VIIRS,n,2,290.26,8.88,N,0
41.35814,-8.01931,331.78,0.37,0.58,2024-09-17,0139,N20,VIIRS,n,2,284.57,7.24,N,0
41.35794,-8.01555,328.57,0.37,0.58,2024-09-17,0139,N20,VIIRS,n,2,283.73,7.24,N,0
41.35774,-8.0117,324.15,0.37,0.58,2024-09-17,0139,N20,VIIRS,n,2,284.83,6.3,N,0
41.36454,-8.25099,340.25,0.38,0.58,2024-09-17,0139,N20,VIIRS,n,2,290.24,7.48,N,0
41.3643,-8.24607,349.61,0.38,0.58,2024-09-17,0139,N20,VIIRS,n,2,292.46,8.2,N,0
41.35343,-8.03231,323.83,0.37,0.58,2024-09-17,0139,N20,VIIRS,n,2,284.21,2.63,N,0
41.35321,-8.02798,367,0.37,0.58,2024-09-17,0139,N20,VIIRS,h,2,289.83,9.66,N,0
41.353,-8.02404,345.89,0.37,0.58,2024-09-17,0139,N20,VIIRS,n,2,291.08,9.66,N,0
41.3528,-8.02019,352.39,0.37,0.58,2024-09-17,0139,N20,VIIRS,n,2,292.08,7.24,N,0
41.35261,-8.01643,367,0.37,0.58,2024-09-17,0139,N20,VIIRS,h,2,292.72,7.24,N,0
41.35241,-8.01269,367,0.37,0.58,2024-09-17,0139,N20,VIIRS,h,2,293.42,6.3,N,0
41.35367,-8.03689,298.29,0.37,0.58,2024-09-17,0139,N20,VIIRS,n,2,283.55,2.63,N,0
41.35221,-8.00888,301.19,0.37,0.58,2024-09-17,0139,N20,VIIRS,n,2,283.05,6.3,N,0
41.34814,-8.03415,367,0.37,0.58,2024-09-17,0139,N20,VIIRS,h,2,286.75,16.74,N,0
41.34792,-8.02981,327.39,0.37,0.58,2024-09-17,0139,N20,VIIRS,n,2,309.06,35.58,N,0
41.34771,-8.02579,367,0.37,0.58,2024-09-17,0139,N20,VIIRS,h,2,293.64,35.58,N,0
41.34751,-8.02189,367,0.37,0.58,2024-09-17,0139,N20,VIIRS,h,2,289.77,13.32,N,0
41.34731,-8.01807,354.1,0.37,0.58,2024-09-17,0139,N20,VIIRS,n,2,288.09,13.32,N,0
41.34837,-8.03855,301.81,0.37,0.58,2024-09-17,0139,N20,VIIRS,n,2,285.03,16.74,N,0
41.34711,-8.01425,303.19,0.37,0.58,2024-09-17,0139,N20,VIIRS,n,2,283.7,2.27,N,0
41.34691,-8.01035,298.95,0.37,0.58,2024-09-17,0139,N20,VIIRS,n,2,284.22,2.27,N,0
41.34169,-8.34189,304.29,0.38,0.59,2024-09-17,0139,N20,VIIRS,n,2,291,9.53,N,0
41.34144,-8.33657,305.19,0.38,0.59,2024-09-17,0139,N20,VIIRS,n,2,289.7,9.53,N,0
41.33756,-8.37015,337.51,0.38,0.59,2024-09-17,0139,N20,VIIRS,n,2,293.34,4.56,N,0
41.33643,-8.34616,367,0.38,0.59,2024-09-17,0139,N20,VIIRS,h,2,292.96,30.43,N,0
41.3362,-8.34121,339.95,0.38,0.59,2024-09-17,0139,N20,VIIRS,n,2,299.37,9.53,N,0
41.33596,-8.33624,349.02,0.38,0.59,2024-09-17,0139,N20,VIIRS,n,2,293.39,9.53,N,0
41.3386,-8.39232,301.65,0.38,0.59,2024-09-17,0139,N20,VIIRS,n,2,289.45,1.02,N,0
41.33839,-8.38762,311.91,0.38,0.59,2024-09-17,0139,N20,VIIRS,n,2,289.68,1.82,N,0
41.33796,-8.37875,302.04,0.38,0.59,2024-09-17,0139,N20,VIIRS,n,2,290.2,1.69,N,0
41.33776,-8.37444,312.94,0.38,0.59,2024-09-17,0139,N20,VIIRS,n,2,292.01,1.69,N,0
41.33573,-8.33139,311.18,0.38,0.59,2024-09-17,0139,N20,VIIRS,n,2,289.5,4.74,N,0
41.33199,-8.25308,299.25,0.38,0.58,2024-09-17,0139,N20,VIIRS,n,2,284.54,0.52,N,0
41.33178,-8.24876,298.65,0.38,0.58,2024-09-17,0139,N20,VIIRS,n,2,285.16,0.96,N,0
41.33309,-8.39167,315.83,0.38,0.59,2024-09-17,0139,N20,VIIRS,n,2,290.78,3.39,N,0
41.33287,-8.38678,313.53,0.38,0.59,2024-09-17,0139,N20,VIIRS,n,2,290.46,2.52,N,0
41.33244,-8.37775,306.28,0.38,0.59,2024-09-17,0139,N20,VIIRS,n,2,291.31,1.69,N,0
41.33225,-8.37355,309.06,0.38,0.59,2024-09-17,0139,N20,VIIRS,n,2,292.46,1.69,N,0
41.33161,-8.36006,304.59,0.38,0.59,2024-09-17,0139,N20,VIIRS,n,2,290.37,1.88,N,0
41.32737,-8.3864,320.78,0.38,0.59,2024-09-17,0139,N20,VIIRS,n,2,289.22,2.52,N,0
41.32635,-8.36463,338.77,0.38,0.59,2024-09-17,0139,N20,VIIRS,n,2,292.25,5.75,N,0
41.32615,-8.36014,305.69,0.38,0.59,2024-09-17,0139,N20,VIIRS,n,2,290.24,1.88,N,0
41.30151,-8.18369,307.94,0.37,0.58,2024-09-17,0139,N20,VIIRS,n,2,280.88,0.79,N,0
41.29505,-8.16165,355.99,0.37,0.58,2024-09-17,0139,N20,VIIRS,n,2,286.38,3.42,N,0
41.29529,-8.16677,301.27,0.37,0.58,2024-09-17,0139,N20,VIIRS,n,2,280.65,3.39,N,0
41.29482,-8.15665,299.69,0.37,0.58,2024-09-17,0139,N20,VIIRS,n,2,281.51,3.42,N,0
41.28923,-8.15313,367,0.37,0.58,2024-09-17,0139,N20,VIIRS,h,2,288.65,5.73,N,0
41.28966,-8.16214,301.63,0.37,0.58,2024-09-17,0139,N20,VIIRS,n,2,282.54,2.82,N,0
41.28944,-8.15744,301.14,0.37,0.58,2024-09-17,0139,N20,VIIRS,n,2,283.7,2.82,N,0
41.28904,-8.14906,316.04,0.37,0.58,2024-09-17,0139,N20,VIIRS,n,2,285.63,5.73,N,0
41.3046,-8.1816,300.59,0.37,0.58,2024-09-17,0139,N20,VIIRS,n,2,278.82,0.43,N,0
41.29801,-8.15953,297.77,0.37,0.58,2024-09-17,0139,N20,VIIRS,n,2,281.08,0.41,N,0
41.29289,-8.16509,324.07,0.37,0.58,2024-09-17,0139,N20,VIIRS,n,2,283.02,4.54,N,0
41.29262,-8.16003,346.64,0.37,0.58,2024-09-17,0139,N20,VIIRS,n,2,286.88,5.98,N,0
41.29214,-8.15101,318.6,0.37,0.58,2024-09-17,0139,N20,VIIRS,n,2,285.29,3.25,N,0
41.29192,-8.14682,303.02,0.37,0.58,2024-09-17,0139,N20,VIIRS,n,2,285.11,3.25,N,0
41.28701,-8.15626,325.84,0.37,0.58,2024-09-17,0139,N20,VIIRS,n,2,284.68,5.98,N,0
41.28679,-8.15217,355.66,0.37,0.58,2024-09-17,0139,N20,VIIRS,n,2,286.52,3.25,N,0
41.27756,-8.18273,333.24,0.37,0.58,2024-09-17,0139,N20,VIIRS,n,2,284.87,4.48,N,0
41.2773,-8.17779,340.26,0.37,0.58,2024-09-17,0139,N20,VIIRS,n,2,288.25,4.48,N,0
41.21834,-7.97507,304.8,0.36,0.58,2024-09-17,0139,N20,VIIRS,n,2,283.8,0.61,N,0
41.21388,-7.99279,298.68,0.36,0.58,2024-09-17,0139,N20,VIIRS,n,2,282.14,0.49,N,0
41.21368,-7.98875,300.32,0.36,0.58,2024-09-17,0139,N20,VIIRS,n,2,281.65,0.49,N,0
41.21346,-7.98464,301.94,0.36,0.58,2024-09-17,0139,N20,VIIRS,n,2,281.66,0.82,N,0
41.21325,-7.98045,303.2,0.36,0.58,2024-09-17,0139,N20,VIIRS,n,2,282.46,0.82,N,0
41.21303,-7.97615,303.62,0.36,0.58,2024-09-17,0139,N20,VIIRS,n,2,283.32,0.61,N,0
41.2128,-7.97166,301.92,0.36,0.58,2024-09-17,0139,N20,VIIRS,n,2,282.94,0.61,N,0
41.21257,-7.96703,299.66,0.36,0.58,2024-09-17,0139,N20,VIIRS,n,2,283.08,0.58,N,0
41.21231,-7.9621,298.9,0.36,0.58,2024-09-17,0139,N20,VIIRS,n,2,282.56,0.58,N,0
41.21202,-7.95635,298.54,0.36,0.58,2024-09-17,0139,N20,VIIRS,n,2,281.8,0.52,N,0
41.21205,-8.06326,320.02,0.37,0.58,2024-09-17,0139,N20,VIIRS,n,2,287.59,2.31,N,0
41.20808,-7.98405,335.44,0.36,0.58,2024-09-17,0139,N20,VIIRS,n,2,283,46.05,N,0
41.20787,-7.97999,349.88,0.36,0.58,2024-09-17,0139,N20,VIIRS,n,2,285.93,46.05,N,0
41.20766,-7.97584,346.11,0.36,0.58,2024-09-17,0139,N20,VIIRS,n,2,286.04,71.81,N,0
41.20744,-7.97157,367,0.36,0.58,2024-09-17,0139,N20,VIIRS,h,2,289.51,71.81,N,0
41.20721,-7.96709,331.34,0.36,0.58,2024-09-17,0139,N20,VIIRS,n,2,284.85,15.09,N,0
41.21174,-8.05711,309.68,0.37,0.58,2024-09-17,0139,N20,VIIRS,n,2,287.46,1.32,N,0
41.2087,-7.99634,302.88,0.36,0.58,2024-09-17,0139,N20,VIIRS,n,2,282.34,1.02,N,0
41.20849,-7.99224,308.59,0.36,0.58,2024-09-17,0139,N20,VIIRS,n,2,282.23,1.91,N,0
41.20828,-7.98812,313.9,0.36,0.58,2024-09-17,0139,N20,VIIRS,n,2,282.14,1.91,N,0
41.20697,-7.96237,308.41,0.36,0.58,2024-09-17,0139,N20,VIIRS,n,2,283.35,15.09,N,0
41.20673,-7.95742,304.88,0.36,0.58,2024-09-17,0139,N20,VIIRS,n,2,282.95,7.05,N,0
41.20645,-7.95197,299.75,0.36,0.58,2024-09-17,0139,N20,VIIRS,n,2,281.98,7.05,N,0
41.20615,-7.9461,296.74,0.36,0.58,2024-09-17,0139,N20,VIIRS,n,2,282.39,0.54,N,0
41.20721,-8.07432,331.19,0.37,0.58,2024-09-17,0139,N20,VIIRS,n,2,289.28,2.35,N,0
41.20271,-7.98398,367,0.36,0.58,2024-09-17,0139,N20,VIIRS,h,2,283.24,46.05,N,0
41.20251,-7.97997,337.75,0.36,0.58,2024-09-17,0139,N20,VIIRS,n,2,305.12,46.05,N,0
41.20208,-7.97135,351.25,0.36,0.58,2024-09-17,0139,N20,VIIRS,n,2,298.95,71.81,N,0
41.20184,-7.96673,351.56,0.36,0.58,2024-09-17,0139,N20,VIIRS,n,2,294.13,15.09,N,0
41.2016,-7.96201,367,0.36,0.58,2024-09-17,0139,N20,VIIRS,h,2,291.28,15.09,N,0
41.20136,-7.95727,352.21,0.36,0.58,2024-09-17,0139,N20,VIIRS,n,2,291.39,7.05,N,0
41.20111,-7.95229,325.27,0.36,0.58,2024-09-17,0139,N20,VIIRS,n,2,283.14,7.05,N,0
41.20748,-8.07984,316.71,0.37,0.58,2024-09-17,0139,N20,VIIRS,n,2,285.39,2.35,N,0
41.2066,-8.06177,310.49,0.37,0.58,2024-09-17,0139,N20,VIIRS,n,2,287.46,2.31,N,0
41.20629,-8.05556,304.46,0.37,0.58,2024-09-17,0139,N20,VIIRS,n,2,285.62,1.32,N,0
41.20333,-7.99637,302.85,0.36,0.58,2024-09-17,0139,N20,VIIRS,n,2,283.28,1.02,N,0
41.20314,-7.99241,309.33,0.36,0.58,2024-09-17,0139,N20,VIIRS,n,2,282.76,1.91,N,0
41.20292,-7.98808,317.32,0.36,0.58,2024-09-17,0139,N20,VIIRS,n,2,281.94,1.91,N,0
41.20086,-7.94724,302.48,0.36,0.58,2024-09-17,0139,N20,VIIRS,n,2,281.19,0.54,N,0
41.20064,-7.94287,298.2,0.36,0.58,2024-09-17,0139,N20,VIIRS,n,2,282.04,0.54,N,0
41.20254,-8.08909,336.48,0.37,0.58,2024-09-17,0139,N20,VIIRS,n,2,288.78,3.94,N,0
41.2023,-8.08418,322.96,0.37,0.58,2024-09-17,0139,N20,VIIRS,n,2,286.83,3.94,N,0
41.20147,-8.06692,367,0.37,0.58,2024-09-17,0139,N20,VIIRS,h,2,293.22,9.99,N,0
41.20116,-8.06054,355.05,0.37,0.58,2024-09-17,0139,N20,VIIRS,n,2,291.93,9.99,N,0
41.19673,-7.97153,335.29,0.36,0.58,2024-09-17,0139,N20,VIIRS,n,2,285.2,2.06,N,0
41.19646,-7.96626,332.85,0.36,0.58,2024-09-17,0139,N20,VIIRS,n,2,285.01,3.96,N,0
41.19621,-7.96109,352.78,0.36,0.58,2024-09-17,0139,N20,VIIRS,n,2,287.07,3.96,N,0
41.19596,-7.95621,367,0.36,0.58,2024-09-17,0139,N20,VIIRS,h,2,286.78,7.59,N,0
41.19574,-7.9518,367,0.36,0.58,2024-09-17,0139,N20,VIIRS,h,2,288.13,7.59,N,0
41.19554,-7.94794,327.09,0.36,0.58,2024-09-17,0139,N20,VIIRS,n,2,284.66,3.96,N,0
41.20353,-8.10928,300.12,0.37,0.58,2024-09-17,0139,N20,VIIRS,n,2,281.84,2.06,N,0
41.20326,-8.10379,300.93,0.37,0.58,2024-09-17,0139,N20,VIIRS,n,2,281.48,2.06,N,0
41.20301,-8.09869,302.23,0.37,0.58,2024-09-17,0139,N20,VIIRS,n,2,282.8,2.75,N,0
41.20277,-8.09384,316.9,0.37,0.58,2024-09-17,0139,N20,VIIRS,n,2,284.96,2.75,N,0
41.20205,-8.07895,315.24,0.37,0.58,2024-09-17,0139,N20,VIIRS,n,2,286.98,7.15,N,0
41.20177,-8.0732,317.94,0.37,0.58,2024-09-17,0139,N20,VIIRS,n,2,287.89,7.15,N,0
41.19786,-7.99417,301.75,0.36,0.58,2024-09-17,0139,N20,VIIRS,n,2,283.76,0.74,N,0
41.19764,-7.98987,306.04,0.36,0.58,2024-09-17,0139,N20,VIIRS,n,2,282.3,0.74,N,0
41.19742,-7.98554,309.03,0.36,0.58,2024-09-17,0139,N20,VIIRS,n,2,282.34,1.21,N,0
41.19721,-7.9812,311.32,0.36,0.58,2024-09-17,0139,N20,VIIRS,n,2,282.8,1.21,N,0
41.19697,-7.9765,315,0.36,0.58,2024-09-17,0139,N20,VIIRS,n,2,282.14,2.06,N,0
41.19535,-7.94412,297.44,0.36,0.58,2024-09-17,0139,N20,VIIRS,n,2,283.11,3.96,N,0
41.19781,-8.10263,349.62,0.37,0.58,2024-09-17,0139,N20,VIIRS,n,2,286.35,2.06,N,0
41.19757,-8.09756,325.84,0.37,0.58,2024-09-17,0139,N20,VIIRS,n,2,286.26,2.75,N,0
41.19734,-8.09275,335.1,0.37,0.58,2024-09-17,0139,N20,VIIRS,n,2,287.18,2.75,N,0
41.19711,-8.08804,333.82,0.37,0.58,2024-09-17,0139,N20,VIIRS,n,2,288.73,3.94,N,0
41.19686,-8.08305,340.95,0.37,0.58,2024-09-17,0139,N20,VIIRS,n,2,289.82,3.94,N,0
41.1966,-8.07759,345.21,0.37,0.58,2024-09-17,0139,N20,VIIRS,n,2,292.29,7.15,N,0
41.19631,-8.07161,367,0.37,0.58,2024-09-17,0139,N20,VIIRS,h,2,295.77,7.15,N,0
41.19602,-8.0656,344.68,0.37,0.58,2024-09-17,0139,N20,VIIRS,n,2,286.49,9.99,N,0
41.19188,-7.98178,321.71,0.36,0.58,2024-09-17,0139,N20,VIIRS,n,2,284.91,1.21,N,0
41.1902,-7.94809,346.95,0.36,0.58,2024-09-17,0139,N20,VIIRS,n,2,283.41,3.96,N,0
41.19002,-7.94443,344.64,0.36,0.58,2024-09-17,0139,N20,VIIRS,n,2,285.93,3.96,N,0
41.20489,-8.24963,295.84,0.38,0.58,2024-09-17,0139,N20,VIIRS,n,2,277.18,0.48,N,0
41.20465,-8.24455,305.58,0.38,0.58,2024-09-17,0139,N20,VIIRS,n,2,277.25,0.48,N,0
41.19884,-8.12399,299.27,0.37,0.58,2024-09-17,0139,N20,VIIRS,n,2,280.56,0.67,N,0
41.19861,-8.11909,302.29,0.37,0.58,2024-09-17,0139,N20,VIIRS,n,2,281.41,0.77,N,0
41.19836,-8.11397,306.13,0.37,0.58,2024-09-17,0139,N20,VIIRS,n,2,282.11,0.77,N,0
41.19809,-8.10822,318.25,0.37,0.58,2024-09-17,0139,N20,VIIRS,n,2,282.84,2.06,N,0
41.19234,-7.99118,304.82,0.36,0.58,2024-09-17,0139,N20,VIIRS,n,2,284.62,0.74,N,0
41.19211,-7.98654,307.22,0.36,0.58,2024-09-17,0139,N20,VIIRS,n,2,284.73,1.21,N,0
41.19163,-7.97682,311.47,0.36,0.58,2024-09-17,0139,N20,VIIRS,n,2,284.86,2.06,N,0
41.19137,-7.97161,304.74,0.36,0.58,2024-09-17,0139,N20,VIIRS,n,2,283.87,2.06,N,0
41.19109,-7.96595,300.1,0.36,0.58,2024-09-17,0139,N20,VIIRS,n,2,283.22,3.96,N,0
41.19083,-7.9606,309.83,0.36,0.58,2024-09-17,0139,N20,VIIRS,n,2,282.4,3.96,N,0
41.19061,-7.95604,298.56,0.36,0.58,2024-09-17,0139,N20,VIIRS,n,2,280.92,7.59,N,0
41.1904,-7.95192,302.82,0.36,0.58,2024-09-17,0139,N20,VIIRS,n,2,280.85,7.59,N,0
41.19923,-8.24478,327.35,0.38,0.58,2024-09-17,0139,N20,VIIRS,n,2,279.16,4.05,N,0
41.19295,-8.11363,353.71,0.37,0.58,2024-09-17,0139,N20,VIIRS,n,2,283.3,9.33,N,0
41.19267,-8.10785,367,0.37,0.58,2024-09-17,0139,N20,VIIRS,h,2,290.17,20.15,N,0
41.1924,-8.10223,356.39,0.37,0.58,2024-09-17,0139,N20,VIIRS,n,2,294,20.15,N,0
41.19216,-8.09706,355.61,0.37,0.58,2024-09-17,0139,N20,VIIRS,n,2,301.13,23.78,N,0
41.19193,-8.0923,346.17,0.37,0.58,2024-09-17,0139,N20,VIIRS,n,2,302.78,23.78,N,0
41.19169,-8.08751,353.63,0.37,0.58,2024-09-17,0139,N20,VIIRS,n,2,301.91,23.74,N,0
41.19145,-8.08239,367,0.37,0.58,2024-09-17,0139,N20,VIIRS,h,2,298.22,23.74,N,0
41.19118,-8.07684,337.12,0.37,0.58,2024-09-17,0139,N20,VIIRS,n,2,305.14,12.91,N,0
41.1909,-8.07102,320.66,0.37,0.58,2024-09-17,0139,N20,VIIRS,n,2,285.92,12.91,N,0
41.18488,-7.94872,324.2,0.36,0.58,2024-09-17,0139,N20,VIIRS,n,2,281.67,6.13,N,0
41.1847,-7.94501,351.16,0.36,0.58,2024-09-17,0139,N20,VIIRS,n,2,286.31,6.13,N,0
41.1997,-8.25497,301.69,0.38,0.58,2024-09-17,0139,N20,VIIRS,n,2,279.48,1.96,N,0
41.19947,-8.24986,317.39,0.38,0.58,2024-09-17,0139,N20,VIIRS,n,2,279.77,4.05,N,0
41.19899,-8.23977,310.56,0.38,0.58,2024-09-17,0139,N20,VIIRS,n,2,278.94,3.44,N,0
41.1937,-8.12922,299.57,0.37,0.58,2024-09-17,0139,N20,VIIRS,n,2,280.7,0.86,N,0
41.19346,-8.12436,305.08,0.37,0.58,2024-09-17,0139,N20,VIIRS,n,2,280.71,0.86,N,0
41.19321,-8.11911,311.87,0.37,0.58,2024-09-17,0139,N20,VIIRS,n,2,281.47,9.33,N,0
41.19063,-8.06532,303.16,0.37,0.58,2024-09-17,0139,N20,VIIRS,n,2,284.24,0.64,N,0
41.19036,-8.05991,300.13,0.37,0.58,2024-09-17,0139,N20,VIIRS,n,2,283.7,0.64,N,0
41.18985,-8.04935,299.1,0.37,0.58,2024-09-17,0139,N20,VIIRS,n,2,282.29,0.61,N,0
41.18961,-8.04428,300.58,0.37,0.58,2024-09-17,0139,N20,VIIRS,n,2,281.82,0.46,N,0
41.18938,-8.03968,299.9,0.37,0.58,2024-09-17,0139,N20,VIIRS,n,2,282.44,0.46,N,0
41.18917,-8.03552,299.38,0.37,0.58,2024-09-17,0139,N20,VIIRS,n,2,282.89,0.48,N,0
41.18898,-8.03161,302.03,0.37,0.58,2024-09-17,0139,N20,VIIRS,n,2,283.1,0.48,N,0
41.18808,-8.01341,310.21,0.36,0.58,2024-09-17,0139,N20,VIIRS,n,2,285.13,4.82,N,0
41.18789,-8.00958,319,0.36,0.58,2024-09-17,0139,N20,VIIRS,n,2,287.42,4.82,N,0
41.18747,-8.00131,309.08,0.36,0.58,2024-09-17,0139,N20,VIIRS,n,2,286.75,4.6,N,0
41.18724,-7.99656,303.04,0.36,0.58,2024-09-17,0139,N20,VIIRS,n,2,286.27,1.63,N,0
41.18701,-7.99179,307.41,0.36,0.58,2024-09-17,0139,N20,VIIRS,n,2,286.55,1.63,N,0
41.18677,-7.98692,318,0.36,0.58,2024-09-17,0139,N20,VIIRS,n,2,286.51,2.03,N,0
41.18652,-7.98182,312.32,0.36,0.58,2024-09-17,0139,N20,VIIRS,n,2,285.77,2.03,N,0
41.18627,-7.97677,306.79,0.36,0.58,2024-09-17,0139,N20,VIIRS,n,2,285.63,0.94,N,0
41.18602,-7.9717,299.43,0.36,0.58,2024-09-17,0139,N20,VIIRS,n,2,283.04,0.94,N,0
41.19381,-8.24509,367,0.38,0.58,2024-09-17,0139,N20,VIIRS,h,2,282.28,4.05,N,0
41.19064,-8.17842,349.48,0.37,0.58,2024-09-17,0139,N20,VIIRS,n,2,283.88,3.23,N,0
41.18756,-8.11383,367,0.37,0.58,2024-09-17,0139,N20,VIIRS,h,2,288.1,9.33,N,0
41.1873,-8.10824,354.02,0.37,0.58,2024-09-17,0139,N20,VIIRS,n,2,288.82,20.15,N,0
41.18703,-8.10275,367,0.37,0.58,2024-09-17,0139,N20,VIIRS,h,2,285.13,20.15,N,0
41.18258,-8.01088,367,0.36,0.58,2024-09-17,0139,N20,VIIRS,h,2,288.36,4.82,N,0
41.18236,-8.0064,342.33,0.36,0.58,2024-09-17,0139,N20,VIIRS,n,2,287.52,4.6,N,0
41.17979,-7.95396,367,0.36,0.58,2024-09-17,0139,N20,VIIRS,h,2,285.63,12.35,N,0
41.17959,-7.94997,347.35,0.36,0.58,2024-09-17,0139,N20,VIIRS,n,2,286.47,6.13,N,0
41.19405,-8.25024,315.31,0.38,0.58,2024-09-17,0139,N20,VIIRS,n,2,279.21,4.05,N,0
41.19357,-8.24008,310.48,0.38,0.58,2024-09-17,0139,N20,VIIRS,n,2,278.43,3.44,N,0
41.19083,-8.18235,304.99,0.37,0.58,2024-09-17,0139,N20,VIIRS,n,2,280.22,3.23,N,0
41.18805,-8.12415,306.29,0.37,0.58,2024-09-17,0139,N20,VIIRS,n,2,281.66,0.86,N,0
41.18782,-8.11925,318.86,0.37,0.58,2024-09-17,0139,N20,VIIRS,n,2,281.18,9.33,N,0
41.18679,-8.0975,315.31,0.37,0.58,2024-09-17,0139,N20,VIIRS,n,2,283.63,23.78,N,0
41.18655,-8.0927,311.38,0.37,0.58,2024-09-17,0139,N20,VIIRS,n,2,283.87,23.78,N,0
41.18633,-8.08793,310.38,0.37,0.58,2024-09-17,0139,N20,VIIRS,n,2,283.58,23.74,N,0
41.18607,-8.08247,315.23,0.37,0.58,2024-09-17,0139,N20,VIIRS,n,2,284.11,23.74,N,0
41.1858,-8.07692,308.94,0.37,0.58,2024-09-17,0139,N20,VIIRS,n,2,284.14,12.91,N,0
41.18552,-8.07116,304.35,0.37,0.58,2024-09-17,0139,N20,VIIRS,n,2,283.5,12.91,N,0
41.18526,-8.06563,302.92,0.37,0.58,2024-09-17,0139,N20,VIIRS,n,2,283.35,0.64,N,0
41.18501,-8.06037,302.39,0.37,0.58,2024-09-17,0139,N20,VIIRS,n,2,283.13,0.64,N,0
41.18476,-8.05527,302.38,0.37,0.58,2024-09-17,0139,N20,VIIRS,n,2,282.88,0.61,N,0
41.18451,-8.05007,304.62,0.37,0.58,2024-09-17,0139,N20,VIIRS,n,2,282.46,0.61,N,0
41.18428,-8.04518,304.41,0.37,0.58,2024-09-17,0139,N20,VIIRS,n,2,281.93,0.46,N,0
41.18406,-8.04087,302.98,0.37,0.58,2024-09-17,0139,N20,VIIRS,n,2,282.89,0.46,N,0
41.18387,-8.03694,302.46,0.37,0.58,2024-09-17,0139,N20,VIIRS,n,2,283.44,0.48,N,0
41.18369,-8.03329,300.92,0.37,0.58,2024-09-17,0139,N20,VIIRS,n,2,284.2,0.48,N,0
41.18352,-8.02983,300.37,0.37,0.58,2024-09-17,0139,N20,VIIRS,n,2,284.69,1.6,N,0
41.18278,-8.01497,304.21,0.36,0.58,2024-09-17,0139,N20,VIIRS,n,2,284.87,4.82,N,0
41.18211,-8.00134,307.8,0.36,0.58,2024-09-17,0139,N20,VIIRS,n,2,285.68,4.6,N,0
41.17942,-8.05612,337.4,0.37,0.58,2024-09-17,0139,N20,VIIRS,n,2,284.09,51.98,N,0
41.17918,-8.05109,367,0.37,0.58,2024-09-17,0139,N20,VIIRS,h,2,284.69,51.98,N,0
41.17895,-8.04637,367,0.37,0.58,2024-09-17,0139,N20,VIIRS,h,2,292.37,49.4,N,0
41.17875,-8.04215,354.16,0.37,0.58,2024-09-17,0139,N20,VIIRS,n,2,296.33,49.4,N,0
41.17856,-8.0384,353.04,0.37,0.58,2024-09-17,0139,N20,VIIRS,n,2,297.05,50.5,N,0
41.17839,-8.03496,353.8,0.37,0.58,2024-09-17,0139,N20,VIIRS,n,2,297.47,50.5,N,0
41.17823,-8.03158,332,0.37,0.58,2024-09-17,0139,N20,VIIRS,n,2,286.69,16.16,N,0
41.17727,-8.01201,336.59,0.36,0.58,2024-09-17,0139,N20,VIIRS,n,2,287.69,8.09,N,0
41.17701,-8.0068,367,0.36,0.58,2024-09-17,0139,N20,VIIRS,h,2,290.81,28.24,N,0
41.17674,-8.00112,333.61,0.36,0.58,2024-09-17,0139,N20,VIIRS,n,2,286.56,28.24,N,0
41.17597,-7.98516,320.79,0.36,0.58,2024-09-17,0139,N20,VIIRS,n,2,288.44,8.85,N,0
41.17576,-7.98093,367,0.36,0.58,2024-09-17,0139,N20,VIIRS,h,2,292.27,8.85,N,0
41.17556,-7.97679,346.66,0.36,0.58,2024-09-17,0139,N20,VIIRS,n,2,291.73,4.18,N,0
41.18245,-8.12001,301.2,0.37,0.58,2024-09-17,0139,N20,VIIRS,n,2,280.22,0.64,N,0
41.18222,-8.11504,302.58,0.37,0.58,2024-09-17,0139,N20,VIIRS,n,2,280.6,0.64,N,0
41.18198,-8.10996,302.55,0.37,0.58,2024-09-17,0139,N20,VIIRS,n,2,281.47,0.82,N,0
41.18174,-8.10479,302.46,0.37,0.58,2024-09-17,0139,N20,VIIRS,n,2,282.88,0.82,N,0
41.18149,-8.09966,302.08,0.37,0.58,2024-09-17,0139,N20,VIIRS,n,2,282.76,0.85,N,0
41.18125,-8.0947,302.12,0.37,0.58,2024-09-17,0139,N20,VIIRS,n,2,283.52,0.85,N,0
41.18102,-8.08976,302.12,0.37,0.58,2024-09-17,0139,N20,VIIRS,n,2,283.65,0.94,N,0
41.18076,-8.08438,301.9,0.37,0.58,2024-09-17,0139,N20,VIIRS,n,2,283.91,0.94,N,0
41.18047,-8.07827,303.13,0.37,0.58,2024-09-17,0139,N20,VIIRS,n,2,283.45,0.74,N,0
41.18018,-8.07195,305.17,0.37,0.58,2024-09-17,0139,N20,VIIRS,n,2,283.08,0.74,N,0
41.17991,-8.06641,308.62,0.37,0.58,2024-09-17,0139,N20,VIIRS,n,2,283.16,3.83,N,0
41.17966,-8.0612,313.87,0.37,0.58,2024-09-17,0139,N20,VIIRS,n,2,283.33,3.83,N,0
41.17805,-8.0281,311.1,0.37,0.58,2024-09-17,0139,N20,VIIRS,n,2,285.36,16.16,N,0
41.17787,-8.02445,315.22,0.37,0.58,2024-09-17,0139,N20,VIIRS,n,2,285.97,1.75,N,0
41.17768,-8.02054,303.66,0.37,0.58,2024-09-17,0139,N20,VIIRS,n,2,286.08,1.75,N,0
41.17748,-8.01641,307.79,0.36,0.58,2024-09-17,0139,N20,VIIRS,n,2,286.45,8.09,N,0
41.17646,-7.99529,304.7,0.36,0.58,2024-09-17,0139,N20,VIIRS,n,2,283.74,21.25,N,0
41.1762,-7.98997,309.57,0.36,0.58,2024-09-17,0139,N20,VIIRS,n,2,285.17,21.25,N,0
41.17535,-7.97272,301.86,0.36,0.58,2024-09-17,0139,N20,VIIRS,n,2,284.01,4.18,N,0
41.17432,-8.06193,325.16,0.37,0.58,2024-09-17,0139,N20,VIIRS,n,2,284.06,3.83,N,0
41.17408,-8.05704,367,0.37,0.58,2024-09-17,0139,N20,VIIRS,h,2,293.29,51.98,N,0
41.17363,-8.0475,367,0.37,0.58,2024-09-17,0139,N20,VIIRS,h,2,314.79,49.4,N,0
41.17342,-8.04339,353.22,0.37,0.58,2024-09-17,0139,N20,VIIRS,n,2,300.32,49.4,N,0
41.17325,-8.03971,344.84,0.37,0.58,2024-09-17,0139,N20,VIIRS,n,2,313.41,50.5,N,0
41.17308,-8.03621,327.54,0.37,0.58,2024-09-17,0139,N20,VIIRS,n,2,316.68,50.5,N,0
41.1729,-8.03281,350.31,0.37,0.58,2024-09-17,0139,N20,VIIRS,n,2,302.87,16.16,N,0
41.17274,-8.02931,322.92,0.37,0.58,2024-09-17,0139,N20,VIIRS,n,2,287.71,16.16,N,0
41.17191,-8.01229,367,0.36,0.58,2024-09-17,0139,N20,VIIRS,h,2,292.79,8.09,N,0
41.17164,-8.00674,354.01,0.36,0.58,2024-09-17,0139,N20,VIIRS,n,2,302.59,28.24,N,0
41.17137,-8.00098,343.1,0.36,0.58,2024-09-17,0139,N20,VIIRS,n,2,304.29,28.24,N,0
41.1711,-7.99532,352.05,0.36,0.58,2024-09-17,0139,N20,VIIRS,n,2,304.03,21.25,N,0
41.17085,-7.99012,351.31,0.36,0.58,2024-09-17,0139,N20,VIIRS,n,2,307.13,21.25,N,0
41.17062,-7.98543,351.51,0.36,0.58,2024-09-17,0139,N20,VIIRS,n,2,292.73,8.85,N,0
41.17041,-7.98113,337.53,0.36,0.58,2024-09-17,0139,N20,VIIRS,n,2,285.28,8.85,N,0
41.17514,-8.07942,303.29,0.37,0.58,2024-09-17,0139,N20,VIIRS,n,2,282.99,0.74,N,0
41.17483,-8.07287,307.15,0.37,0.58,2024-09-17,0139,N20,VIIRS,n,2,283.22,0.74,N,0
41.17456,-8.06709,312.96,0.37,0.58,2024-09-17,0139,N20,VIIRS,n,2,283.23,3.83,N,0
41.17255,-8.02561,307.69,0.37,0.58,2024-09-17,0139,N20,VIIRS,n,2,285.1,1.75,N,0
41.17236,-8.0217,306.42,0.37,0.58,2024-09-17,0139,N20,VIIRS,n,2,284.9,1.75,N,0
41.17215,-8.01732,314.35,0.36,0.58,2024-09-17,0139,N20,VIIRS,n,2,285.89,8.09,N,0
41.17022,-7.97716,307.9,0.36,0.58,2024-09-17,0139,N20,VIIRS,n,2,284.63,4.18,N,0
41.19564,-8.10971,324.64,0.37,0.58,2024-09-17,0139,N20,VIIRS,n,2,282.74,10.52,N,0
41.19534,-8.10399,346.25,0.37,0.58,2024-09-17,0139,N20,VIIRS,n,2,287.79,23.26,N,0
41.19505,-8.0987,367,0.37,0.58,2024-09-17,0139,N20,VIIRS,h,2,290.41,23.26,N,0
41.19479,-8.09389,367,0.37,0.58,2024-09-17,0139,N20,VIIRS,h,2,301.55,25.7,N,0
41.19453,-8.08924,354.32,0.37,0.58,2024-09-17,0139,N20,VIIRS,n,2,295.44,25.7,N,0
41.19426,-8.08429,367,0.37,0.58,2024-09-17,0139,N20,VIIRS,h,2,296.74,26.9,N,0
41.19397,-8.07895,367,0.37,0.58,2024-09-17,0139,N20,VIIRS,h,2,295.78,26.9,N,0
41.19365,-8.07313,349.06,0.37,0.58,2024-09-17,0139,N20,VIIRS,n,2,301.17,14.23,N,0
41.189,-7.98857,323.92,0.36,0.58,2024-09-17,0139,N20,VIIRS,n,2,287.11,2.2,N,0
41.18845,-7.97858,330.96,0.36,0.58,2024-09-17,0139,N20,VIIRS,n,2,288.26,2.14,N,0
41.18663,-7.94601,367,0.36,0.58,2024-09-17,0139,N20,VIIRS,h,2,288.67,7.45,N,0
41.19624,-8.12076,305.63,0.37,0.58,2024-09-17,0139,N20,VIIRS,n,2,280.16,1.16,N,0
41.19596,-8.11547,310.26,0.37,0.58,2024-09-17,0139,N20,VIIRS,n,2,281.18,10.52,N,0
41.19333,-8.06726,311.44,0.37,0.58,2024-09-17,0139,N20,VIIRS,n,2,284.58,14.23,N,0
41.18873,-7.98368,318.16,0.36,0.58,2024-09-17,0139,N20,VIIRS,n,2,286.26,2.14,N,0
41.18816,-7.97347,306.4,0.36,0.58,2024-09-17,0139,N20,VIIRS,n,2,285.04,2.14,N,0
41.18684,-7.94969,296.81,0.36,0.58,2024-09-17,0139,N20,VIIRS,n,2,280.38,3.6,N,0
41.18643,-7.94237,312.01,0.36,0.57,2024-09-17,0139,N20,VIIRS,n,2,284.2,7.45,N,0
41.19755,-8.24633,367,0.38,0.58,2024-09-17,0139,N20,VIIRS,h,2,281.99,8.16,N,0
41.19728,-8.24128,367,0.37,0.58,2024-09-17,0139,N20,VIIRS,h,2,283.1,8.16,N,0
41.19056,-8.11537,333.9,0.37,0.58,2024-09-17,0139,N20,VIIRS,n,2,282.51,10.52,N,0
41.19025,-8.1097,353.25,0.37,0.58,2024-09-17,0139,N20,VIIRS,n,2,296.63,10.52,N,0
41.18994,-8.10399,367,0.37,0.58,2024-09-17,0139,N20,VIIRS,h,2,289.67,23.26,N,0
41.18966,-8.09874,351.48,0.37,0.58,2024-09-17,0139,N20,VIIRS,n,2,292.61,23.26,N,0
41.18938,-8.09371,352.73,0.37,0.58,2024-09-17,0139,N20,VIIRS,n,2,290.78,25.7,N,0
41.18913,-8.08898,367,0.37,0.58,2024-09-17,0139,N20,VIIRS,h,2,284.64,25.7,N,0
41.18885,-8.08394,346.68,0.37,0.58,2024-09-17,0139,N20,VIIRS,n,2,289.04,26.9,N,0
41.18855,-8.07843,346.14,0.37,0.58,2024-09-17,0139,N20,VIIRS,n,2,300.22,26.9,N,0
41.18491,-8.01173,347.92,0.36,0.58,2024-09-17,0139,N20,VIIRS,n,2,287.22,11.36,N,0
41.18468,-8.00759,352.96,0.36,0.58,2024-09-17,0139,N20,VIIRS,n,2,292.61,11.36,N,0
41.18443,-8.00304,320.09,0.36,0.58,2024-09-17,0139,N20,VIIRS,n,2,285.97,3.7,N,0
41.18155,-7.95083,367,0.36,0.58,2024-09-17,0139,N20,VIIRS,h,2,287.1,3.6,N,0
41.19809,-8.25656,300.71,0.38,0.58,2024-09-17,0139,N20,VIIRS,n,2,280.11,1.9,N,0
41.19781,-8.25142,308.65,0.38,0.58,2024-09-17,0139,N20,VIIRS,n,2,280.44,1.9,N,0
41.19112,-8.12575,303.08,0.37,0.58,2024-09-17,0139,N20,VIIRS,n,2,281.58,1.16,N,0
41.19085,-8.12077,310.77,0.37,0.58,2024-09-17,0139,N20,VIIRS,n,2,281.07,1.16,N,0
41.18825,-8.07278,313.88,0.37,0.58,2024-09-17,0139,N20,VIIRS,n,2,285.01,14.23,N,0
41.1868,-8.0463,302.41,0.37,0.58,2024-09-17,0139,N20,VIIRS,n,2,281.95,1.5,N,0
41.18415,-7.99803,306.75,0.36,0.58,2024-09-17,0139,N20,VIIRS,n,2,285.75,3.7,N,0
41.18359,-7.98781,300.17,0.36,0.58,2024-09-17,0139,N20,VIIRS,n,2,283.87,2.2,N,0
41.18307,-7.97823,301.1,0.36,0.58,2024-09-17,0139,N20,VIIRS,n,2,283.51,2.14,N,0
41.18177,-7.95482,310.27,0.36,0.58,2024-09-17,0139,N20,VIIRS,n,2,282.25,3.6,N,0
41.18861,-8.18001,347.41,0.37,0.58,2024-09-17,0139,N20,VIIRS,n,2,282.72,3.01,N,0
41.18518,-8.11592,355,0.37,0.58,2024-09-17,0139,N20,VIIRS,n,2,281.58,5.77,N,0
41.1849,-8.11067,332.45,0.37,0.58,2024-09-17,0139,N20,VIIRS,n,2,283.01,5.77,N,0
41.17936,-8.00839,321.28,0.36,0.58,2024-09-17,0139,N20,VIIRS,n,2,285.98,12.88,N,0
41.17908,-8.00319,323.29,0.36,0.58,2024-09-17,0139,N20,VIIRS,n,2,285.82,20.8,N,0
41.17629,-7.95242,367,0.36,0.58,2024-09-17,0139,N20,VIIRS,h,2,284.72,3.95,N,0
41.19213,-8.24665,302.25,0.38,0.58,2024-09-17,0139,N20,VIIRS,n,2,277.28,0.3,N,0
41.19186,-8.24154,295.93,0.37,0.58,2024-09-17,0139,N20,VIIRS,n,2,277.39,0.3,N,0
41.1884,-8.17602,305.62,0.37,0.58,2024-09-17,0139,N20,VIIRS,n,2,281.33,3.01,N,0
41.18546,-8.12098,305.81,0.37,0.58,2024-09-17,0139,N20,VIIRS,n,2,280.9,2.87,N,0
41.18461,-8.10526,307.83,0.37,0.58,2024-09-17,0139,N20,VIIRS,n,2,282.56,1.58,N,0
41.18433,-8.10004,307.18,0.37,0.58,2024-09-17,0139,N20,VIIRS,n,2,282.96,1.58,N,0
41.18407,-8.09509,305.79,0.37,0.58,2024-09-17,0139,N20,VIIRS,n,2,283.48,1.23,N,0
41.1838,-8.09028,304.98,0.37,0.58,2024-09-17,0139,N20,VIIRS,n,2,283.44,1.23,N,0
41.18289,-8.07338,303.92,0.37,0.58,2024-09-17,0139,N20,VIIRS,n,2,283.05,1.14,N,0
41.1823,-8.06247,305.83,0.37,0.58,2024-09-17,0139,N20,VIIRS,n,2,282.99,5.25,N,0
41.18203,-8.05736,307.43,0.37,0.58,2024-09-17,0139,N20,VIIRS,n,2,283.23,5.25,N,0
41.18175,-8.05228,309.64,0.37,0.58,2024-09-17,0139,N20,VIIRS,n,2,283.21,34.53,N,0
41.18148,-8.04732,310.69,0.37,0.58,2024-09-17,0139,N20,VIIRS,n,2,283.07,34.53,N,0
41.18124,-8.04288,310.19,0.37,0.58,2024-09-17,0139,N20,VIIRS,n,2,283.8,49.2,N,0
41.18103,-8.03903,310.62,0.37,0.58,2024-09-17,0139,N20,VIIRS,n,2,283.97,49.2,N,0
41.18084,-8.03544,310,0.37,0.58,2024-09-17,0139,N20,VIIRS,n,2,284.65,44.42,N,0
41.18065,-8.03207,306.68,0.37,0.58,2024-09-17,0139,N20,VIIRS,n,2,284.93,44.42,N,0
41.18046,-8.02856,304.77,0.37,0.58,2024-09-17,0139,N20,VIIRS,n,2,284.86,10.5,N,0
41.17962,-8.01307,305.64,0.36,0.58,2024-09-17,0139,N20,VIIRS,n,2,285.92,12.88,N,0
41.17876,-7.99737,303.61,0.36,0.58,2024-09-17,0139,N20,VIIRS,n,2,283.71,20.8,N,0
41.17844,-7.99164,302.54,0.36,0.58,2024-09-17,0139,N20,VIIRS,n,2,284.12,8.6,N,0
41.17817,-7.98664,307.08,0.36,0.58,2024-09-17,0139,N20,VIIRS,n,2,285.77,8.6,N,0
41.17793,-7.98235,308.82,0.36,0.58,2024-09-17,0139,N20,VIIRS,n,2,285.82,6.79,N,0
41.17769,-7.978,312.4,0.36,0.58,2024-09-17,0139,N20,VIIRS,n,2,286.45,6.79,N,0
41.17746,-7.97373,311.6,0.36,0.58,2024-09-17,0139,N20,VIIRS,n,2,285.29,3.73,N,0
41.17652,-7.95668,298.48,0.36,0.58,2024-09-17,0139,N20,VIIRS,n,2,283.37,3.95,N,0
41.17669,-8.05821,353.96,0.37,0.58,2024-09-17,0139,N20,VIIRS,n,2,285.04,5.25,N,0
41.17642,-8.05326,353.77,0.37,0.58,2024-09-17,0139,N20,VIIRS,n,2,297.15,34.53,N,0
41.17616,-8.04847,346.05,0.37,0.58,2024-09-17,0139,N20,VIIRS,n,2,311.52,34.53,N,0
41.17593,-8.04417,326.7,0.37,0.58,2024-09-17,0139,N20,VIIRS,n,2,312.4,49.2,N,0
41.17572,-8.04032,343.48,0.37,0.58,2024-09-17,0139,N20,VIIRS,n,2,320.11,49.2,N,0
41.17553,-8.03673,367,0.37,0.58,2024-09-17,0139,N20,VIIRS,h,2,332.99,44.42,N,0
41.17535,-8.03339,340.64,0.37,0.58,2024-09-17,0139,N20,VIIRS,n,2,313.3,44.42,N,0
41.17516,-8.02995,351.72,0.37,0.58,2024-09-17,0139,N20,VIIRS,n,2,295.99,10.5,N,0
41.17429,-8.01377,343.99,0.36,0.58,2024-09-17,0139,N20,VIIRS,n,2,288.08,12.88,N,0
41.17401,-8.00864,367,0.36,0.58,2024-09-17,0139,N20,VIIRS,h,2,300.86,12.88,N,0
41.17369,-8.00294,337.93,0.36,0.58,2024-09-17,0139,N20,VIIRS,n,2,307.5,20.8,N,0
41.17338,-7.99707,354.58,0.36,0.58,2024-09-17,0139,N20,VIIRS,n,2,293.37,20.8,N,0
41.17309,-7.99174,367,0.36,0.58,2024-09-17,0139,N20,VIIRS,h,2,294.59,8.6,N,0
41.17282,-7.98684,354.43,0.36,0.58,2024-09-17,0139,N20,VIIRS,n,2,303.13,8.6,N,0
41.17257,-7.98241,343.7,0.36,0.58,2024-09-17,0139,N20,VIIRS,n,2,291.31,6.79,N,0
41.17235,-7.97833,367,0.36,0.58,2024-09-17,0139,N20,VIIRS,h,2,295.4,6.79,N,0
41.17756,-8.07445,304.4,0.37,0.58,2024-09-17,0139,N20,VIIRS,n,2,283.06,1.14,N,0
41.17724,-8.06848,309.92,0.37,0.58,2024-09-17,0139,N20,VIIRS,n,2,283.08,1.14,N,0
41.17696,-8.06321,317.66,0.37,0.58,2024-09-17,0139,N20,VIIRS,n,2,283.22,5.25,N,0
41.17496,-8.02636,314.78,0.37,0.58,2024-09-17,0139,N20,VIIRS,n,2,285.8,10.5,N,0
41.17476,-8.02252,312.28,0.36,0.58,2024-09-17,0139,N20,VIIRS,n,2,285.52,3.07,N,0
41.17453,-8.01836,307.57,0.36,0.58,2024-09-17,0139,N20,VIIRS,n,2,285.75,3.07,N,0
41.17215,-7.97462,308.3,0.36,0.58,2024-09-17,0139,N20,VIIRS,n,2,284.65,3.73,N,0
41.17135,-8.05901,340.49,0.37,0.58,2024-09-17,0139,N20,VIIRS,n,2,283.91,10.37,N,0
41.1711,-8.05427,352.55,0.37,0.58,2024-09-17,0139,N20,VIIRS,n,2,299.91,19.24,N,0
41.17085,-8.04961,348.13,0.37,0.58,2024-09-17,0139,N20,VIIRS,n,2,295.95,19.24,N,0
41.17061,-8.04522,322.18,0.37,0.58,2024-09-17,0139,N20,VIIRS,n,2,284.18,5.13,N,0
41.16864,-8.00875,324.54,0.36,0.58,2024-09-17,0139,N20,VIIRS,n,2,285.34,2.23,N,0
41.16833,-8.00298,335.7,0.36,0.58,2024-09-17,0139,N20,VIIRS,n,2,284.5,15.65,N,0
41.16802,-7.99731,367,0.36,0.58,2024-09-17,0139,N20,VIIRS,h,2,290.16,15.65,N,0
41.16774,-7.99194,354.73,0.36,0.58,2024-09-17,0139,N20,VIIRS,n,2,288.48,16.67,N,0
41.16747,-7.98703,341.47,0.36,0.58,2024-09-17,0139,N20,VIIRS,n,2,283.59,16.67,N,0
41.17222,-8.07522,303.62,0.37,0.58,2024-09-17,0139,N20,VIIRS,n,2,282.77,1.02,N,0
41.17189,-8.0691,304.84,0.37,0.58,2024-09-17,0139,N20,VIIRS,n,2,283.26,1.02,N,0
41.17161,-8.06389,308.81,0.37,0.58,2024-09-17,0139,N20,VIIRS,n,2,283.04,10.37,N,0
41.17041,-8.04154,317.65,0.37,0.58,2024-09-17,0139,N20,VIIRS,n,2,283.85,5.13,N,0
41.17022,-8.03802,318.03,0.37,0.58,2024-09-17,0139,N20,VIIRS,n,2,284.33,1.96,N,0
41.17004,-8.03455,311.58,0.37,0.58,2024-09-17,0139,N20,VIIRS,n,2,285.19,1.96,N,0
41.16985,-8.03106,305.85,0.37,0.58,2024-09-17,0139,N20,VIIRS,n,2,285.29,1.15,N,0
41.16965,-8.02744,304.3,0.37,0.58,2024-09-17,0139,N20,VIIRS,n,2,284.92,1.15,N,0
41.16944,-8.02348,303.34,0.36,0.58,2024-09-17,0139,N20,VIIRS,n,2,284.87,1.06,N,0
41.16921,-8.01921,303.19,0.36,0.58,2024-09-17,0139,N20,VIIRS,n,2,284.65,1.06,N,0
41.16894,-8.01425,307.19,0.36,0.58,2024-09-17,0139,N20,VIIRS,n,2,285.08,2.23,N,0
41.16723,-7.98273,298.41,0.36,0.58,2024-09-17,0139,N20,VIIRS,n,2,282.66,1.27,N,0
41.16578,-8.05536,302.22,0.37,0.58,2024-09-17,0139,N20,VIIRS,n,2,281.07,19.24,N,0
41.16554,-8.05093,301.8,0.37,0.58,2024-09-17,0139,N20,VIIRS,n,2,281.73,19.24,N,0
41.14526,-8.07456,367,0.37,0.58,2024-09-17,0139,N20,VIIRS,h,2,287.6,11.65,N,0
41.14505,-8.07067,349.77,0.37,0.58,2024-09-17,0139,N20,VIIRS,n,2,291.97,10.66,N,0
41.1441,-8.05234,334.27,0.37,0.58,2024-09-17,0139,N20,VIIRS,n,2,284.24,3.26,N,0
41.14386,-8.04789,324.92,0.37,0.58,2024-09-17,0139,N20,VIIRS,n,2,285.65,3.26,N,0
41.14364,-8.04366,343.38,0.37,0.58,2024-09-17,0139,N20,VIIRS,n,2,287.09,4.59,N,0
41.14546,-8.07843,305.9,0.37,0.58,2024-09-17,0139,N20,VIIRS,n,2,280.66,11.65,N,0
41.14483,-8.06651,304.57,0.37,0.58,2024-09-17,0139,N20,VIIRS,n,2,283.51,10.66,N,0
41.14506,-8.17546,352.59,0.37,0.58,2024-09-17,0139,N20,VIIRS,n,2,285.92,51.49,N,0
41.14482,-8.1708,334.07,0.37,0.58,2024-09-17,0139,N20,VIIRS,n,2,286.77,12.78,N,0
41.13992,-8.07551,345.09,0.37,0.58,2024-09-17,0139,N20,VIIRS,n,2,287.57,4.09,N,0
41.1397,-8.07121,324.19,0.37,0.58,2024-09-17,0139,N20,VIIRS,n,2,287.47,3.06,N,0
41.13948,-8.06711,367,0.37,0.58,2024-09-17,0139,N20,VIIRS,h,2,288.66,3.06,N,0
41.1388,-8.054,322.05,0.37,0.58,2024-09-17,0139,N20,VIIRS,n,2,284.33,4.27,N,0
41.13834,-8.04515,340.19,0.37,0.58,2024-09-17,0139,N20,VIIRS,n,2,286.36,4.82,N,0
41.13811,-8.04062,367,0.37,0.58,2024-09-17,0139,N20,VIIRS,h,2,289.69,4.82,N,0
41.14529,-8.18016,308.73,0.37,0.58,2024-09-17,0139,N20,VIIRS,n,2,284.85,51.49,N,0
41.14459,-8.16629,301.67,0.37,0.58,2024-09-17,0139,N20,VIIRS,n,2,283.79,12.78,N,0
41.14014,-8.0797,319.29,0.37,0.58,2024-09-17,0139,N20,VIIRS,n,2,282.73,4.09,N,0
41.13904,-8.0586,316.18,0.37,0.58,2024-09-17,0139,N20,VIIRS,n,2,283.17,5.39,N,0
41.1373,-8.02511,305.88,0.36,0.58,2024-09-17,0139,N20,VIIRS,n,2,284.02,0.88,N,0
41.1521,-8.42699,367,0.38,0.59,2024-09-17,0139,N20,VIIRS,h,2,288.81,6.04,N,0
41.13983,-8.17911,367,0.37,0.58,2024-09-17,0139,N20,VIIRS,h,2,293.18,51.49,N,0
41.13937,-8.16994,348.01,0.37,0.58,2024-09-17,0139,N20,VIIRS,n,2,298.38,12.78,N,0
41.14062,-8.19496,301.06,0.37,0.58,2024-09-17,0139,N20,VIIRS,n,2,282.27,1.29,N,0
41.14034,-8.18929,303.11,0.37,0.58,2024-09-17,0139,N20,VIIRS,n,2,283.3,6.7,N,0
41.14008,-8.18402,310.39,0.37,0.58,2024-09-17,0139,N20,VIIRS,n,2,284.32,6.7,N,0
41.13914,-8.16553,308.76,0.37,0.58,2024-09-17,0139,N20,VIIRS,n,2,284.87,12.78,N,0
41.13891,-8.16106,302.24,0.37,0.58,2024-09-17,0139,N20,VIIRS,n,2,282.95,3.67,N,0
41.13433,-8.07147,306.71,0.37,0.58,2024-09-17,0139,N20,VIIRS,n,2,283.69,3.06,N,0
41.13412,-8.06737,313.91,0.37,0.58,2024-09-17,0139,N20,VIIRS,n,2,284.32,3.06,N,0
41.13301,-8.04607,305.12,0.37,0.58,2024-09-17,0139,N20,VIIRS,n,2,284.48,4.82,N,0
41.13174,-8.02142,315.19,0.36,0.58,2024-09-17,0139,N20,VIIRS,n,2,283.77,0.88,N,0
41.12646,-8.0233,367,0.36,0.58,2024-09-17,0139,N20,VIIRS,h,2,285.91,10.01,N,0
41.12624,-8.01902,304.29,0.36,0.58,2024-09-17,0139,N20,VIIRS,n,2,283.35,5.3,N,0
41.1397,-8.51268,345.02,0.39,0.59,2024-09-17,0139,N20,VIIRS,n,2,288.87,2.12,N,0
41.1399,-8.51696,306.67,0.39,0.59,2024-09-17,0139,N20,VIIRS,n,2,286.98,2.12,N,0
41.1395,-8.50846,306.05,0.39,0.59,2024-09-17,0139,N20,VIIRS,n,2,287.79,2.34,N,0
41.13442,-8.51751,307.1,0.39,0.59,2024-09-17,0139,N20,VIIRS,n,2,287.98,2.12,N,0
41.13422,-8.51311,319.28,0.39,0.59,2024-09-17,0139,N20,VIIRS,n,2,288.89,2.12,N,0
41.13401,-8.50888,302.41,0.39,0.59,2024-09-17,0139,N20,VIIRS,n,2,287.67,2.34,N,0
41.11356,-8.08675,301.18,0.37,0.58,2024-09-17,0139,N20,VIIRS,n,2,279.88,0.36,N,0
41.11086,-8.03331,307.24,0.36,0.58,2024-09-17,0139,N20,VIIRS,n,2,286.25,1.24,N,0
41.10826,-8.08876,347.22,0.37,0.58,2024-09-17,0139,N20,VIIRS,n,2,282.69,2.49,N,0
41.10631,-8.0496,367,0.37,0.58,2024-09-17,0139,N20,VIIRS,h,2,289.59,8.26,N,0
41.10802,-8.08373,302.07,0.37,0.58,2024-09-17,0139,N20,VIIRS,n,2,281.53,2.49,N,0
41.10654,-8.0542,304,0.37,0.58,2024-09-17,0139,N20,VIIRS,n,2,283.19,8.76,N,0
41.10534,-8.03046,310.82,0.36,0.58,2024-09-17,0139,N20,VIIRS,n,2,286.98,2.08,N,0
41.10514,-8.02661,305.16,0.36,0.58,2024-09-17,0139,N20,VIIRS,n,2,287.15,1.81,N,0
41.12222,-8.49196,346.44,0.39,0.59,2024-09-17,0139,N20,VIIRS,n,2,288.77,4.87,N,0
41.11357,-8.30772,335.48,0.38,0.59,2024-09-17,0139,N20,VIIRS,n,2,291.54,2.14,N,0
41.10103,-8.05163,367,0.37,0.58,2024-09-17,0139,N20,VIIRS,h,2,286.91,8.26,N,0
41.09741,-7.97988,367,0.36,0.58,2024-09-17,0139,N20,VIIRS,h,2,281.98,4.24,N,0
41.09719,-7.97549,325.69,0.36,0.58,2024-09-17,0139,N20,VIIRS,n,2,279.98,4.24,N,0
41.11375,-8.31144,305.95,0.38,0.59,2024-09-17,0139,N20,VIIRS,n,2,289.62,2.14,N,0
41.10043,-8.03983,305.31,0.37,0.58,2024-09-17,0139,N20,VIIRS,n,2,285.81,1.35,N,0
41.09767,-7.98499,299.3,0.36,0.58,2024-09-17,0139,N20,VIIRS,n,2,279.98,3.17,N,0
41.10889,-8.32381,367,0.38,0.59,2024-09-17,0139,N20,VIIRS,h,2,288.38,5.99,N,0
41.10869,-8.31952,326.37,0.38,0.59,2024-09-17,0139,N20,VIIRS,n,2,288.15,7.52,N,0
41.09555,-8.04967,349.69,0.37,0.58,2024-09-17,0139,N20,VIIRS,n,2,290.32,4.53,N,0
41.09252,-7.98907,326.04,0.36,0.58,2024-09-17,0139,N20,VIIRS,n,2,281.66,1.11,N,0
41.09225,-7.98359,320.16,0.36,0.58,2024-09-17,0139,N20,VIIRS,n,2,280.4,1.11,N,0
41.08737,-7.88744,346.34,0.36,0.57,2024-09-17,0139,N20,VIIRS,n,2,287.27,5.95,N,0
41.10911,-8.32842,309.45,0.38,0.59,2024-09-17,0139,N20,VIIRS,n,2,283.39,5.99,N,0
41.09575,-8.05361,313.1,0.37,0.58,2024-09-17,0139,N20,VIIRS,n,2,285.95,4.53,N,0
41.092,-7.97857,307.93,0.36,0.58,2024-09-17,0139,N20,VIIRS,n,2,277.72,0.9,N,0
41.09177,-7.97417,316.77,0.36,0.58,2024-09-17,0139,N20,VIIRS,n,2,278.43,0.9,N,0
41.09156,-7.96998,298.41,0.36,0.58,2024-09-17,0139,N20,VIIRS,n,2,277.72,0.74,N,0
41.08772,-7.89452,311.68,0.36,0.57,2024-09-17,0139,N20,VIIRS,n,2,283.78,2.73,N,0
41.08836,-8.01297,367,0.36,0.58,2024-09-17,0139,N20,VIIRS,h,2,287.42,10.17,N,0
41.08809,-8.00762,353.9,0.36,0.58,2024-09-17,0139,N20,VIIRS,n,2,294.08,14.49,N,0
41.08785,-8.00293,355.22,0.36,0.58,2024-09-17,0139,N20,VIIRS,n,2,290.53,14.49,N,0
41.08764,-7.99852,367,0.36,0.58,2024-09-17,0139,N20,VIIRS,h,2,286.59,4.98,N,0
41.08237,-7.89406,321.91,0.36,0.57,2024-09-17,0139,N20,VIIRS,n,2,281.71,2.73,N,0
41.08201,-7.88688,324.21,0.36,0.57,2024-09-17,0139,N20,VIIRS,n,2,281.86,5.95,N,0
41.08168,-7.88009,367,0.36,0.57,2024-09-17,0139,N20,VIIRS,h,2,288.19,5.95,N,0
41.08863,-8.01873,310.66,0.36,0.58,2024-09-17,0139,N20,VIIRS,n,2,283.01,10.17,N,0
41.08739,-7.99371,307.27,0.36,0.58,2024-09-17,0139,N20,VIIRS,n,2,281.66,4.98,N,0
41.08712,-7.98817,299.79,0.36,0.58,2024-09-17,0139,N20,VIIRS,n,2,279.6,1.11,N,0
41.08683,-7.98239,299.98,0.36,0.58,2024-09-17,0139,N20,VIIRS,n,2,277.45,1.11,N,0
41.08658,-7.97729,297.54,0.36,0.58,2024-09-17,0139,N20,VIIRS,n,2,275.32,0.9,N,0
41.08636,-7.9729,304.44,0.36,0.58,2024-09-17,0139,N20,VIIRS,n,2,276.04,0.9,N,0
41.08615,-7.9687,302.3,0.36,0.58,2024-09-17,0139,N20,VIIRS,n,2,275.97,0.74,N,0
41.08323,-8.01796,320.48,0.36,0.58,2024-09-17,0139,N20,VIIRS,n,2,284.99,2.26,N,0
41.0822,-7.99682,367,0.36,0.58,2024-09-17,0139,N20,VIIRS,h,2,289.95,8.12,N,0
41.08195,-7.99183,324.19,0.36,0.58,2024-09-17,0139,N20,VIIRS,n,2,282.7,8.12,N,0
41.08118,-7.97638,367,0.36,0.58,2024-09-17,0139,N20,VIIRS,h,2,283.65,7.1,N,0
41.08097,-7.97198,353.75,0.36,0.58,2024-09-17,0139,N20,VIIRS,n,2,284.73,7.1,N,0
41.08348,-8.02311,305.89,0.36,0.58,2024-09-17,0139,N20,VIIRS,n,2,284.39,2.13,N,0
41.08294,-8.01192,315.46,0.36,0.58,2024-09-17,0139,N20,VIIRS,n,2,284.73,2.26,N,0
41.08266,-8.00628,308.99,0.36,0.58,2024-09-17,0139,N20,VIIRS,n,2,283.95,5.79,N,0
41.08242,-8.0013,319.54,0.36,0.58,2024-09-17,0139,N20,VIIRS,n,2,283.55,5.79,N,0
41.08169,-7.98655,305.68,0.36,0.58,2024-09-17,0139,N20,VIIRS,n,2,279.07,7.99,N,0
41.08142,-7.9812,313.11,0.36,0.58,2024-09-17,0139,N20,VIIRS,n,2,279.65,7.99,N,0
41.08074,-7.9675,296.65,0.36,0.58,2024-09-17,0139,N20,VIIRS,n,2,277.13,2.18,N,0
41.07914,-8.04371,327.82,0.37,0.58,2024-09-17,0139,N20,VIIRS,n,2,283.81,2.83,N,0
41.07889,-8.03863,327.01,0.37,0.58,2024-09-17,0139,N20,VIIRS,n,2,285.99,2.83,N,0
41.07811,-8.02277,323.78,0.36,0.58,2024-09-17,0139,N20,VIIRS,n,2,286.67,2.13,N,0
41.07756,-8.01155,325.11,0.36,0.58,2024-09-17,0139,N20,VIIRS,n,2,290.25,2.26,N,0
41.07728,-8.00576,337.32,0.36,0.58,2024-09-17,0139,N20,VIIRS,n,2,291.78,5.79,N,0
41.07703,-8.00069,367,0.36,0.58,2024-09-17,0139,N20,VIIRS,h,2,289.94,5.79,N,0
41.07679,-7.99574,367,0.36,0.58,2024-09-17,0139,N20,VIIRS,h,2,287.5,8.12,N,0
41.07654,-7.99066,338.73,0.36,0.58,2024-09-17,0139,N20,VIIRS,n,2,285.39,8.12,N,0
41.07627,-7.98535,367,0.36,0.58,2024-09-17,0139,N20,VIIRS,h,2,286.42,7.99,N,0
41.07601,-7.97992,367,0.36,0.58,2024-09-17,0139,N20,VIIRS,h,2,290.03,7.99,N,0
41.07787,-8.01785,312.21,0.36,0.58,2024-09-17,0139,N20,VIIRS,n,2,285.42,2.26,N,0
41.07578,-7.97533,306.19,0.36,0.58,2024-09-17,0139,N20,VIIRS,n,2,279.84,7.1,N,0
41.07556,-7.97087,297.12,0.36,0.58,2024-09-17,0139,N20,VIIRS,n,2,279.1,7.1,N,0
41.07162,-7.89216,296.4,0.36,0.57,2024-09-17,0139,N20,VIIRS,n,2,278.32,0.72,N,0
41.07127,-7.88502,301.64,0.36,0.57,2024-09-17,0139,N20,VIIRS,n,2,281.84,0.71,N,0
41.07418,-8.05217,329.25,0.37,0.58,2024-09-17,0139,N20,VIIRS,n,2,281.33,9.78,N,0
41.07394,-8.04724,367,0.37,0.58,2024-09-17,0139,N20,VIIRS,h,2,289.39,9.78,N,0
41.0737,-8.04218,344.35,0.37,0.58,2024-09-17,0139,N20,VIIRS,n,2,287.69,7.16,N,0
41.07347,-8.03752,327.95,0.37,0.58,2024-09-17,0139,N20,VIIRS,n,2,286.62,7.16,N,0
41.07225,-8.01263,353.19,0.36,0.58,2024-09-17,0139,N20,VIIRS,n,2,289.15,4.32,N,0
41.07197,-8.00696,338.51,0.36,0.58,2024-09-17,0139,N20,VIIRS,n,2,288.39,7.52,N,0
41.0717,-8.00147,320.44,0.36,0.58,2024-09-17,0139,N20,VIIRS,n,2,285.32,7.52,N,0
41.07145,-7.99614,367,0.36,0.58,2024-09-17,0139,N20,VIIRS,h,2,287.83,11.53,N,0
41.07117,-7.99035,354.13,0.36,0.58,2024-09-17,0139,N20,VIIRS,n,2,296.41,11.53,N,0
41.0709,-7.98482,345.67,0.36,0.58,2024-09-17,0139,N20,VIIRS,n,2,284.77,15.84,N,0
41.07502,-8.06966,300.26,0.37,0.58,2024-09-17,0139,N20,VIIRS,n,2,279.05,0.57,N,0
41.07473,-8.06363,302.44,0.37,0.58,2024-09-17,0139,N20,VIIRS,n,2,279.36,2.81,N,0
41.07444,-8.05753,305.46,0.37,0.58,2024-09-17,0139,N20,VIIRS,n,2,279.81,2.81,N,0
41.0725,-8.01787,304.72,0.36,0.58,2024-09-17,0139,N20,VIIRS,n,2,286.07,4.32,N,0
41.06687,-7.90381,314.15,0.36,0.57,2024-09-17,0139,N20,VIIRS,n,2,277.41,1.75,N,0
41.06655,-7.89734,316.01,0.36,0.57,2024-09-17,0139,N20,VIIRS,n,2,277.62,1.07,N,0
41.0662,-7.89011,303.64,0.36,0.57,2024-09-17,0139,N20,VIIRS,n,2,280.31,1.07,N,0
41.07187,-8.11598,326.59,0.37,0.58,2024-09-17,0139,N20,VIIRS,n,2,286.8,2.88,N,0
41.06911,-8.05855,354.49,0.37,0.58,2024-09-17,0139,N20,VIIRS,n,2,280.77,2.81,N,0
41.06881,-8.05216,367,0.37,0.58,2024-09-17,0139,N20,VIIRS,h,2,285.38,9.78,N,0
41.06854,-8.04653,352.4,0.37,0.58,2024-09-17,0139,N20,VIIRS,n,2,284.37,9.78,N,0
41.06829,-8.0414,367,0.37,0.58,2024-09-17,0139,N20,VIIRS,h,2,288.52,7.16,N,0
41.06807,-8.03687,323.5,0.37,0.58,2024-09-17,0139,N20,VIIRS,n,2,283.58,7.16,N,0
41.06144,-7.90183,320.84,0.36,0.57,2024-09-17,0139,N20,VIIRS,n,2,279.5,1.75,N,0
41.07209,-8.1205,318.29,0.37,0.58,2024-09-17,0139,N20,VIIRS,n,2,284.65,2.91,N,0
41.07,-8.07706,298.58,0.37,0.58,2024-09-17,0139,N20,VIIRS,n,2,278.08,0.61,N,0
41.06984,-8.07374,301.99,0.37,0.58,2024-09-17,0139,N20,VIIRS,n,2,278.05,0.57,N,0
41.06964,-8.06985,306.26,0.37,0.58,2024-09-17,0139,N20,VIIRS,n,2,277.88,0.57,N,0
41.0694,-8.06475,312.14,0.37,0.58,2024-09-17,0139,N20,VIIRS,n,2,278.2,2.81,N,0
41.06788,-8.03298,303.37,0.36,0.58,2024-09-17,0139,N20,VIIRS,n,2,282.86,3.52,N,0
41.06616,-7.99759,313.21,0.36,0.58,2024-09-17,0139,N20,VIIRS,n,2,284.08,11.53,N,0
41.06588,-7.99198,312.66,0.36,0.58,2024-09-17,0139,N20,VIIRS,n,2,283.15,11.53,N,0
41.06112,-7.89521,312.62,0.36,0.57,2024-09-17,0139,N20,VIIRS,n,2,276.76,1.07,N,0
41.06084,-7.88936,301.47,0.36,0.57,2024-09-17,0139,N20,VIIRS,n,2,277.38,1.07,N,0
41.08519,-8.01638,333.85,0.36,0.58,2024-09-17,0139,N20,VIIRS,n,2,285.33,2.57,N,0
41.08405,-7.996,341.93,0.36,0.58,2024-09-17,0139,N20,VIIRS,n,2,287.08,5.08,N,0
41.08289,-7.97527,367,0.36,0.58,2024-09-17,0139,N20,VIIRS,h,2,284.79,6.51,N,0
41.08265,-7.97089,327.15,0.36,0.58,2024-09-17,0139,N20,VIIRS,n,2,280.59,6.51,N,0
41.08548,-8.02173,303.64,0.36,0.58,2024-09-17,0139,N20,VIIRS,n,2,283.71,1.8,N,0
41.08485,-8.01043,318.28,0.36,0.58,2024-09-17,0139,N20,VIIRS,n,2,285.06,2.57,N,0
41.08455,-8.00508,310.48,0.36,0.58,2024-09-17,0139,N20,VIIRS,n,2,284.36,5.57,N,0
41.0843,-8.00057,317.21,0.36,0.58,2024-09-17,0139,N20,VIIRS,n,2,283.66,5.57,N,0
41.08377,-7.99088,311,0.36,0.58,2024-09-17,0139,N20,VIIRS,n,2,280.64,5.08,N,0
41.08346,-7.98535,301.5,0.36,0.58,2024-09-17,0139,N20,VIIRS,n,2,278.94,8.1,N,0
41.08315,-7.97995,303.31,0.36,0.58,2024-09-17,0139,N20,VIIRS,n,2,279.02,8.1,N,0
41.07912,-8.00385,326.84,0.36,0.58,2024-09-17,0139,N20,VIIRS,n,2,287.86,5.57,N,0
41.07886,-7.99912,367,0.36,0.58,2024-09-17,0139,N20,VIIRS,h,2,291.21,5.57,N,0
41.07859,-7.99429,350.89,0.36,0.58,2024-09-17,0139,N20,VIIRS,n,2,287.11,5.08,N,0
41.07803,-7.98396,367,0.36,0.58,2024-09-17,0139,N20,VIIRS,h,2,285.16,8.1,N,0
41.07774,-7.97879,351.68,0.36,0.58,2024-09-17,0139,N20,VIIRS,n,2,289.32,8.1,N,0
41.07748,-7.97426,367,0.36,0.58,2024-09-17,0139,N20,VIIRS,h,2,280.83,6.51,N,0
41.08034,-8.02574,307.18,0.36,0.58,2024-09-17,0139,N20,VIIRS,n,2,285.31,1.8,N,0
41.0801,-8.02142,318.74,0.36,0.58,2024-09-17,0139,N20,VIIRS,n,2,286.45,1.8,N,0
41.07978,-8.01575,313.86,0.36,0.58,2024-09-17,0139,N20,VIIRS,n,2,286.12,2.57,N,0
41.07944,-8.00953,318.13,0.36,0.58,2024-09-17,0139,N20,VIIRS,n,2,287.54,2.57,N,0
41.07832,-7.98922,313.38,0.36,0.58,2024-09-17,0139,N20,VIIRS,n,2,281.37,5.08,N,0
41.07724,-7.96983,304.4,0.36,0.58,2024-09-17,0139,N20,VIIRS,n,2,278.93,6.51,N,0
41.07277,-7.89,301,0.36,0.57,2024-09-17,0139,N20,VIIRS,n,2,278.93,1.21,N,0
41.07634,-8.05077,326.85,0.37,0.58,2024-09-17,0139,N20,VIIRS,n,2,281.12,8.07,N,0
41.07608,-8.04616,354.63,0.37,0.58,2024-09-17,0139,N20,VIIRS,n,2,287.4,8.07,N,0
41.0758,-8.04105,356.28,0.36,0.58,2024-09-17,0139,N20,VIIRS,n,2,287.49,5.44,N,0
41.07412,-8.01039,367,0.36,0.58,2024-09-17,0139,N20,VIIRS,h,2,292.62,4.62,N,0
41.07381,-8.00469,355.24,0.36,0.58,2024-09-17,0139,N20,VIIRS,n,2,290.57,12.74,N,0
41.07352,-7.99947,325.1,0.36,0.58,2024-09-17,0139,N20,VIIRS,n,2,284.89,12.74,N,0
41.07323,-7.99418,354.22,0.36,0.58,2024-09-17,0139,N20,VIIRS,n,2,295.34,14.58,N,0
41.07291,-7.98848,367,0.36,0.58,2024-09-17,0139,N20,VIIRS,h,2,293.31,14.58,N,0
41.07261,-7.98299,347.3,0.36,0.58,2024-09-17,0139,N20,VIIRS,n,2,286.02,4.9,N,0
41.0766,-8.05558,301.52,0.37,0.58,2024-09-17,0139,N20,VIIRS,n,2,279.9,2.66,N,0
41.07556,-8.03654,306.67,0.36,0.58,2024-09-17,0139,N20,VIIRS,n,2,283.71,5.44,N,0
41.07471,-8.02113,305.19,0.36,0.58,2024-09-17,0139,N20,VIIRS,n,2,286.41,2.84,N,0
41.07444,-8.01618,319.6,0.36,0.58,2024-09-17,0139,N20,VIIRS,n,2,288.06,4.62,N,0
41.07233,-7.97785,297.4,0.36,0.58,2024-09-17,0139,N20,VIIRS,n,2,280.12,4.9,N,0
41.06776,-7.89564,309.41,0.36,0.57,2024-09-17,0139,N20,VIIRS,n,2,277.02,1.47,N,0
41.06736,-7.88857,302.94,0.36,0.57,2024-09-17,0139,N20,VIIRS,n,2,280.18,1.47,N,0
41.07467,-8.11941,330.16,0.37,0.58,2024-09-17,0139,N20,VIIRS,n,2,284.85,2.89,N,0
41.07123,-8.05579,344.85,0.37,0.58,2024-09-17,0139,N20,VIIRS,n,2,281.19,2.66,N,0
41.07093,-8.05017,348.85,0.37,0.58,2024-09-17,0139,N20,VIIRS,n,2,283.64,8.07,N,0
41.07064,-8.04491,342.64,0.37,0.58,2024-09-17,0139,N20,VIIRS,n,2,283.3,8.07,N,0
41.07037,-8.03989,367,0.36,0.58,2024-09-17,0139,N20,VIIRS,h,2,288.6,5.44,N,0
41.06792,-7.99517,367,0.36,0.58,2024-09-17,0139,N20,VIIRS,h,2,287,14.58,N,0
41.06761,-7.98947,355.97,0.36,0.58,2024-09-17,0139,N20,VIIRS,n,2,288.29,14.58,N,0
41.06268,-7.90022,330.09,0.36,0.57,2024-09-17,0139,N20,VIIRS,n,2,280.12,2.28,N,0
41.07442,-8.11476,304.82,0.37,0.58,2024-09-17,0139,N20,VIIRS,n,2,285.33,1.99,N,0
41.07214,-8.07249,300.96,0.37,0.58,2024-09-17,0139,N20,VIIRS,n,2,278.23,0.94,N,0
41.0719,-8.06816,304.77,0.37,0.58,2024-09-17,0139,N20,VIIRS,n,2,278.12,0.94,N,0
41.07158,-8.06218,309.58,0.37,0.58,2024-09-17,0139,N20,VIIRS,n,2,278.18,2.66,N,0
41.07014,-8.03564,312.5,0.36,0.58,2024-09-17,0139,N20,VIIRS,n,2,283.5,5.44,N,0
41.06881,-8.0113,319.75,0.36,0.58,2024-09-17,0139,N20,VIIRS,n,2,286.07,4.62,N,0
41.06731,-7.9839,298.68,0.36,0.58,2024-09-17,0139,N20,VIIRS,n,2,282.33,4.9,N,0
41.06301,-7.90629,302.25,0.36,0.57,2024-09-17,0139,N20,VIIRS,n,2,278.88,2.28,N,0
41.06231,-7.89354,313.58,0.36,0.57,2024-09-17,0139,N20,VIIRS,n,2,277.63,1.47,N,0
41.06946,-8.12287,327.21,0.37,0.58,2024-09-17,0139,N20,VIIRS,n,2,283.07,2.49,N,0
41.06922,-8.11835,321.03,0.37,0.58,2024-09-17,0139,N20,VIIRS,n,2,286.56,2.49,N,0
41.06592,-8.057,367,0.37,0.58,2024-09-17,0139,N20,VIIRS,h,2,281.52,4.83,N,0
41.06557,-8.05046,355.34,0.37,0.58,2024-09-17,0139,N20,VIIRS,n,2,289.66,33.82,N,0
41.06526,-8.04477,367,0.37,0.58,2024-09-17,0139,N20,VIIRS,h,2,298.75,33.82,N,0
41.06499,-8.03966,327.41,0.36,0.58,2024-09-17,0139,N20,VIIRS,n,2,293.39,19.17,N,0
41.06693,-8.07564,299.75,0.37,0.58,2024-09-17,0139,N20,VIIRS,n,2,279.02,1.26,N,0
41.06675,-8.0723,303.72,0.37,0.58,2024-09-17,0139,N20,VIIRS,n,2,278.3,0.91,N,0
41.06652,-8.06824,308.67,0.37,0.58,2024-09-17,0139,N20,VIIRS,n,2,278.57,0.91,N,0
41.06626,-8.06334,315.8,0.37,0.58,2024-09-17,0139,N20,VIIRS,n,2,278.92,4.83,N,0
41.06475,-8.03528,310.22,0.36,0.58,2024-09-17,0139,N20,VIIRS,n,2,281.13,19.17,N,0
41.06453,-8.03132,302.24,0.36,0.58,2024-09-17,0139,N20,VIIRS,n,2,282.14,1.86,N,0
41.06403,-8.12217,324.1,0.37,0.58,2024-09-17,0139,N20,VIIRS,n,2,280.46,2.49,N,0
41.06113,-8.06803,301.81,0.37,0.58,2024-09-17,0139,N20,VIIRS,n,2,280.57,0.91,N,0
41.06092,-8.06406,303.94,0.37,0.58,2024-09-17,0139,N20,VIIRS,n,2,281.9,4.83,N,0
41.0606,-8.05799,306.07,0.37,0.58,2024-09-17,0139,N20,VIIRS,n,2,281.04,4.83,N,0
41.06023,-8.05108,308.89,0.37,0.58,2024-09-17,0139,N20,VIIRS,n,2,280.2,33.82,N,0
41.0599,-8.04502,312.03,0.37,0.58,2024-09-17,0139,N20,VIIRS,n,2,279.89,33.82,N,0
41.0596,-8.03949,306.39,0.36,0.58,2024-09-17,0139,N20,VIIRS,n,2,279.68,19.17,N,0
41.05935,-8.03482,301.38,0.36,0.58,2024-09-17,0139,N20,VIIRS,n,2,280.93,19.17,N,0
41.03438,-8.07051,300.09,0.37,0.58,2024-09-17,0139,N20,VIIRS,n,2,280.58,0.9,N,0
41.02895,-8.06945,316.89,0.37,0.58,2024-09-17,0139,N20,VIIRS,n,2,280.44,0.9,N,0
41.02877,-8.06603,308.7,0.37,0.58,2024-09-17,0139,N20,VIIRS,n,2,283.58,1.27,N,0
41.02859,-8.06272,307.71,0.37,0.58,2024-09-17,0139,N20,VIIRS,n,2,285.02,1.27,N,0
41.02321,-8.06254,351.66,0.37,0.58,2024-09-17,0139,N20,VIIRS,n,2,287.75,6.58,N,0
41.02303,-8.05908,348.97,0.37,0.58,2024-09-17,0139,N20,VIIRS,n,2,299.98,16.79,N,0
41.02339,-8.06589,298.14,0.37,0.58,2024-09-17,0139,N20,VIIRS,n,2,280.32,6.58,N,0
41.01785,-8.06278,325.33,0.37,0.58,2024-09-17,0139,N20,VIIRS,n,2,280.59,6.58,N,0
41.01767,-8.05931,354.44,0.37,0.58,2024-09-17,0139,N20,VIIRS,n,2,287.27,16.79,N,0
41.01803,-8.06623,301.5,0.37,0.58,2024-09-17,0139,N20,VIIRS,n,2,281.44,6.58,N,0
41.01287,-8.07048,342.46,0.37,0.58,2024-09-17,0139,N20,VIIRS,n,2,282.67,8.41,N,0
41.01323,-8.07734,315.71,0.37,0.58,2024-09-17,0139,N20,VIIRS,n,2,283.57,6.18,N,0
41.01269,-8.06695,296.93,0.37,0.58,2024-09-17,0139,N20,VIIRS,n,2,280.68,2.98,N,0
41.00787,-8.07785,367,0.37,0.58,2024-09-17,0139,N20,VIIRS,h,2,289.95,6.18,N,0
41.0077,-8.0745,367,0.37,0.58,2024-09-17,0139,N20,VIIRS,h,2,287.77,8.41,N,0
41.00846,-8.08943,299.2,0.37,0.58,2024-09-17,0139,N20,VIIRS,n,2,281.37,1.37,N,0
41.00806,-8.08147,305.26,0.37,0.58,2024-09-17,0139,N20,VIIRS,n,2,282.84,6.18,N,0
41.00271,-8.08207,310.84,0.37,0.58,2024-09-17,0139,N20,VIIRS,n,2,283.87,1.64,N,0
40.89981,-7.81837,341.31,0.35,0.57,2024-09-17,0139,N20,VIIRS,n,2,286.51,3.38,N,0
40.89597,-7.84559,355.16,0.36,0.57,2024-09-17,0139,N20,VIIRS,n,2,286.4,13.51,N,0
40.89573,-7.84119,352.17,0.36,0.57,2024-09-17,0139,N20,VIIRS,n,2,287.73,18.87,N,0
40.8955,-7.83675,337.53,0.36,0.57,2024-09-17,0139,N20,VIIRS,n,2,287.46,18.87,N,0
40.89526,-7.83229,340.57,0.35,0.57,2024-09-17,0139,N20,VIIRS,n,2,287.78,10.07,N,0
40.89502,-7.82783,367,0.35,0.57,2024-09-17,0139,N20,VIIRS,h,2,294.72,10.07,N,0
40.89478,-7.8234,355.81,0.35,0.57,2024-09-17,0139,N20,VIIRS,n,2,295.29,7.05,N,0
40.89455,-7.819,307.66,0.35,0.57,2024-09-17,0139,N20,VIIRS,n,2,287.06,7.05,N,0
40.89146,-7.8608,330.93,0.36,0.57,2024-09-17,0139,N20,VIIRS,n,2,286.52,6.87,N,0
40.8912,-7.85587,367,0.36,0.57,2024-09-17,0139,N20,VIIRS,h,2,287.95,6.87,N,0
40.89093,-7.85084,367,0.36,0.57,2024-09-17,0139,N20,VIIRS,h,2,295.36,13.51,N,0
40.89067,-7.84589,367,0.36,0.57,2024-09-17,0139,N20,VIIRS,h,2,292.89,13.51,N,0
40.89043,-7.8413,354.93,0.36,0.57,2024-09-17,0139,N20,VIIRS,n,2,296.21,18.87,N,0
40.89019,-7.83689,348.09,0.36,0.57,2024-09-17,0139,N20,VIIRS,n,2,294.44,18.87,N,0
40.88996,-7.83246,301.3,0.35,0.57,2024-09-17,0139,N20,VIIRS,n,2,285.52,10.07,N,0
40.88764,-7.88919,367,0.36,0.57,2024-09-17,0139,N20,VIIRS,h,2,287,32.59,N,0
40.88741,-7.88482,343.53,0.36,0.57,2024-09-17,0139,N20,VIIRS,n,2,305.07,32.59,N,0
40.88718,-7.88057,355.63,0.36,0.57,2024-09-17,0139,N20,VIIRS,n,2,293.38,14.49,N,0
40.88695,-7.8761,356.43,0.36,0.57,2024-09-17,0139,N20,VIIRS,n,2,298.56,14.49,N,0
40.8867,-7.87133,367,0.36,0.57,2024-09-17,0139,N20,VIIRS,h,2,298.57,13.83,N,0
40.88646,-7.86668,367,0.36,0.57,2024-09-17,0139,N20,VIIRS,h,2,296.34,13.83,N,0
40.88621,-7.86199,353.25,0.36,0.57,2024-09-17,0139,N20,VIIRS,n,2,302.39,24.24,N,0
40.88595,-7.85701,338.08,0.36,0.57,2024-09-17,0139,N20,VIIRS,n,2,291.5,24.24,N,0
40.88376,-7.81571,354.08,0.35,0.57,2024-09-17,0139,N20,VIIRS,n,2,292.46,6.63,N,0
40.88567,-7.85173,301.78,0.36,0.57,2024-09-17,0139,N20,VIIRS,n,2,286.95,2.71,N,0
40.88492,-7.83739,300.29,0.36,0.57,2024-09-17,0139,N20,VIIRS,n,2,283.76,0.68,N,0
40.88468,-7.83293,297.48,0.35,0.57,2024-09-17,0139,N20,VIIRS,n,2,283.4,6.82,N,0
40.88421,-7.82406,300.01,0.35,0.57,2024-09-17,0139,N20,VIIRS,n,2,286.17,18.14,N,0
40.88399,-7.8198,308.55,0.35,0.57,2024-09-17,0139,N20,VIIRS,n,2,288.1,18.14,N,0
40.88301,-7.90246,324.56,0.36,0.57,2024-09-17,0139,N20,VIIRS,n,2,287.43,12.16,N,0
40.88278,-7.89797,367,0.36,0.57,2024-09-17,0139,N20,VIIRS,h,2,295.77,28.41,N,0
40.88255,-7.89359,367,0.36,0.57,2024-09-17,0139,N20,VIIRS,h,2,295.31,28.41,N,0
40.88233,-7.8894,355.15,0.36,0.57,2024-09-17,0139,N20,VIIRS,n,2,300.83,32.59,N,0
40.88211,-7.88523,345.69,0.36,0.57,2024-09-17,0139,N20,VIIRS,n,2,299.91,32.59,N,0
40.88189,-7.88105,325.55,0.36,0.57,2024-09-17,0139,N20,VIIRS,n,2,293.59,14.49,N,0
40.87917,-7.82915,352.81,0.35,0.57,2024-09-17,0139,N20,VIIRS,n,2,286.56,6.82,N,0
40.87894,-7.8248,354.55,0.35,0.57,2024-09-17,0139,N20,VIIRS,n,2,302.72,18.14,N,0
40.87872,-7.82061,353.3,0.35,0.57,2024-09-17,0139,N20,VIIRS,n,2,298.96,18.14,N,0
40.88392,-7.91995,300.39,0.36,0.57,2024-09-17,0139,N20,VIIRS,n,2,284.81,0.94,N,0
40.88167,-7.87671,313.99,0.36,0.57,2024-09-17,0139,N20,VIIRS,n,2,289.73,14.49,N,0
40.88143,-7.87225,310.43,0.36,0.57,2024-09-17,0139,N20,VIIRS,n,2,290.98,13.83,N,0
40.8812,-7.86784,308.77,0.36,0.57,2024-09-17,0139,N20,VIIRS,n,2,290.66,13.83,N,0
40.87989,-7.84281,300.91,0.36,0.57,2024-09-17,0139,N20,VIIRS,n,2,285.21,0.68,N,0
40.87966,-7.83836,302.77,0.36,0.57,2024-09-17,0139,N20,VIIRS,n,2,285.13,0.68,N,0
40.87942,-7.83373,304.56,0.35,0.57,2024-09-17,0139,N20,VIIRS,n,2,282.4,6.82,N,0
40.87851,-7.81653,307.9,0.35,0.57,2024-09-17,0139,N20,VIIRS,n,2,286.5,6.63,N,0
40.87792,-7.90686,367,0.36,0.57,2024-09-17,0139,N20,VIIRS,h,2,290.01,26.98,N,0
40.87768,-7.9024,343.19,0.36,0.57,2024-09-17,0139,N20,VIIRS,n,2,303.92,26.98,N,0
40.87745,-7.89779,330.25,0.36,0.57,2024-09-17,0139,N20,VIIRS,n,2,288.62,8.95,N,0
40.87722,-7.89347,346.78,0.36,0.57,2024-09-17,0139,N20,VIIRS,n,2,295.09,8.95,N,0
40.87701,-7.88933,345.29,0.36,0.57,2024-09-17,0139,N20,VIIRS,n,2,295.06,5.87,N,0
40.87679,-7.88523,367,0.36,0.57,2024-09-17,0139,N20,VIIRS,h,2,296.66,5.87,N,0
40.87658,-7.88112,343.92,0.36,0.57,2024-09-17,0139,N20,VIIRS,n,2,293.88,3.47,N,0
40.87636,-7.87687,324.61,0.36,0.57,2024-09-17,0139,N20,VIIRS,n,2,292.29,3.47,N,0
40.87442,-7.83973,342.07,0.36,0.57,2024-09-17,0139,N20,VIIRS,n,2,287.71,14.26,N,0
40.87392,-7.83016,367,0.35,0.57,2024-09-17,0139,N20,VIIRS,h,2,284.74,7.91,N,0
40.87859,-7.91983,301.14,0.36,0.57,2024-09-17,0139,N20,VIIRS,n,2,285.04,24.7,N,0
40.87836,-7.91541,303.85,0.36,0.57,2024-09-17,0139,N20,VIIRS,n,2,285.17,30.98,N,0
40.87814,-7.91113,310.64,0.36,0.57,2024-09-17,0139,N20,VIIRS,n,2,284.84,30.98,N,0
40.87613,-7.87245,314.72,0.36,0.57,2024-09-17,0139,N20,VIIRS,n,2,288.72,1.45,N,0
40.8759,-7.86815,311.57,0.36,0.57,2024-09-17,0139,N20,VIIRS,n,2,289.96,1.45,N,0
40.87568,-7.86389,307.69,0.36,0.57,2024-09-17,0139,N20,VIIRS,n,2,290.66,1.91,N,0
40.87494,-7.84964,302.8,0.36,0.57,2024-09-17,0139,N20,VIIRS,n,2,286.5,1.51,N,0
40.87468,-7.84457,301.65,0.36,0.57,2024-09-17,0139,N20,VIIRS,n,2,286.98,14.26,N,0
40.87417,-7.83488,303.85,0.35,0.57,2024-09-17,0139,N20,VIIRS,n,2,283.82,7.91,N,0
40.87369,-7.82575,305.25,0.35,0.57,2024-09-17,0139,N20,VIIRS,n,2,284.02,7.83,N,0
40.87352,-7.92487,367,0.36,0.57,2024-09-17,0139,N20,VIIRS,h,2,288.7,24.7,N,0
40.87328,-7.92029,345.94,0.36,0.57,2024-09-17,0139,N20,VIIRS,n,2,301.64,24.7,N,0
40.87306,-7.91605,348.53,0.36,0.57,2024-09-17,0139,N20,VIIRS,n,2,297.7,30.98,N,0
40.68441,-7.73191,307.69,0.35,0.57,2024-09-17,0139,N20,VIIRS,n,2,290.8,1.64,N,0
40.87284,-7.91185,345.49,0.36,0.57,2024-09-17,0139,N20,VIIRS,n,2,311.4,30.98,N,0
40.87262,-7.90747,347.54,0.36,0.57,2024-09-17,0139,N20,VIIRS,n,2,304.34,26.98,N,0
40.87238,-7.9029,367,0.36,0.57,2024-09-17,0139,N20,VIIRS,h,2,289.05,26.98,N,0
40.87215,-7.89825,355.26,0.36,0.57,2024-09-17,0139,N20,VIIRS,n,2,292.07,8.95,N,0
40.87191,-7.89361,330.47,0.36,0.57,2024-09-17,0139,N20,VIIRS,n,2,288.37,8.95,N,0
40.87167,-7.8891,329.12,0.36,0.57,2024-09-17,0139,N20,VIIRS,n,2,291.19,5.87,N,0
40.86945,-7.84619,344.48,0.36,0.57,2024-09-17,0139,N20,VIIRS,n,2,288.88,14.26,N,0
40.86918,-7.84109,343.9,0.36,0.57,2024-09-17,0139,N20,VIIRS,n,2,309.49,14.26,N,0
40.87374,-7.92932,304.74,0.36,0.57,2024-09-17,0139,N20,VIIRS,n,2,286.91,2,N,0
40.87146,-7.88489,315.83,0.36,0.57,2024-09-17,0139,N20,VIIRS,n,2,285.86,5.87,N,0
40.87124,-7.88079,312.14,0.36,0.57,2024-09-17,0139,N20,VIIRS,n,2,287.57,3.47,N,0
40.87102,-7.87654,310.03,0.36,0.57,2024-09-17,0139,N20,VIIRS,n,2,289.05,3.47,N,0
40.87079,-7.87208,302.01,0.36,0.57,2024-09-17,0139,N20,VIIRS,n,2,287.16,1.45,N,0
40.87057,-7.86794,304.9,0.36,0.57,2024-09-17,0139,N20,VIIRS,n,2,288.19,1.45,N,0
40.87017,-7.86006,304.08,0.36,0.57,2024-09-17,0139,N20,VIIRS,n,2,287.51,1.91,N,0
40.86995,-7.85588,311.54,0.36,0.57,2024-09-17,0139,N20,VIIRS,n,2,287.97,1.51,N,0
40.86971,-7.85122,310.48,0.36,0.57,2024-09-17,0139,N20,VIIRS,n,2,287.92,1.51,N,0
40.86892,-7.83606,312.68,0.35,0.57,2024-09-17,0139,N20,VIIRS,n,2,285.6,7.91,N,0
40.86867,-7.83125,299.73,0.35,0.57,2024-09-17,0139,N20,VIIRS,n,2,282.67,7.91,N,0
40.86845,-7.9301,329.26,0.36,0.57,2024-09-17,0139,N20,VIIRS,n,2,288.77,7.1,N,0
40.86822,-7.92553,367,0.36,0.57,2024-09-17,0139,N20,VIIRS,h,2,304.44,20.73,N,0
40.86798,-7.92094,353.4,0.36,0.57,2024-09-17,0139,N20,VIIRS,n,2,302,20.73,N,0
40.86777,-7.91671,347.67,0.36,0.57,2024-09-17,0139,N20,VIIRS,n,2,295.59,9.04,N,0
40.86755,-7.91255,356.43,0.36,0.57,2024-09-17,0139,N20,VIIRS,n,2,293.75,9.04,N,0
40.86684,-7.89857,331.79,0.36,0.57,2024-09-17,0139,N20,VIIRS,n,2,287.43,31.85,N,0
40.8666,-7.89395,367,0.36,0.57,2024-09-17,0139,N20,VIIRS,h,2,291.21,31.85,N,0
40.86571,-7.87667,338.25,0.36,0.57,2024-09-17,0139,N20,VIIRS,n,2,287.43,9.06,N,0
40.86528,-7.86835,325.73,0.36,0.57,2024-09-17,0139,N20,VIIRS,n,2,288.53,6.78,N,0
40.86487,-7.86039,333.59,0.36,0.57,2024-09-17,0139,N20,VIIRS,n,2,290.84,19.38,N,0
40.86464,-7.85601,367,0.36,0.57,2024-09-17,0139,N20,VIIRS,h,2,297.83,26.34,N,0
40.8644,-7.85136,346.81,0.36,0.57,2024-09-17,0139,N20,VIIRS,n,2,307.77,26.34,N,0
40.86416,-7.84658,340.77,0.36,0.57,2024-09-17,0139,N20,VIIRS,n,2,299.76,25.95,N,0
40.86391,-7.84179,334.38,0.36,0.57,2024-09-17,0139,N20,VIIRS,n,2,286.99,25.95,N,0
40.86732,-7.90805,319.96,0.36,0.57,2024-09-17,0139,N20,VIIRS,n,2,288.91,11.81,N,0
40.86708,-7.90329,311.33,0.36,0.57,2024-09-17,0139,N20,VIIRS,n,2,286.99,11.81,N,0
40.86637,-7.8895,311.41,0.36,0.57,2024-09-17,0139,N20,VIIRS,n,2,285.58,5.79,N,0
40.86615,-7.8852,307.37,0.36,0.57,2024-09-17,0139,N20,VIIRS,n,2,283.81,5.79,N,0
40.86594,-7.881,317.58,0.36,0.57,2024-09-17,0139,N20,VIIRS,n,2,286.12,9.06,N,0
40.86549,-7.87238,317.15,0.36,0.57,2024-09-17,0139,N20,VIIRS,n,2,288.63,6.78,N,0
40.86508,-7.86444,312.42,0.36,0.57,2024-09-17,0139,N20,VIIRS,n,2,288.72,19.38,N,0
40.86367,-7.83702,299.28,0.35,0.57,2024-09-17,0139,N20,VIIRS,n,2,283.65,1.97,N,0
40.86337,-7.93497,322.42,0.36,0.57,2024-09-17,0139,N20,VIIRS,n,2,288.72,7.1,N,0
40.86315,-7.93075,341.57,0.36,0.57,2024-09-17,0139,N20,VIIRS,n,2,292.65,7.1,N,0
40.86292,-7.92628,340.3,0.36,0.57,2024-09-17,0139,N20,VIIRS,n,2,294.32,20.73,N,0
40.86269,-7.92171,367,0.36,0.57,2024-09-17,0139,N20,VIIRS,h,2,299.62,20.73,N,0
40.86248,-7.91748,367,0.36,0.57,2024-09-17,0139,N20,VIIRS,h,2,298.78,9.04,N,0
40.86226,-7.91328,335.52,0.36,0.57,2024-09-17,0139,N20,VIIRS,n,2,292.91,9.04,N,0
40.86202,-7.90858,334.6,0.36,0.57,2024-09-17,0139,N20,VIIRS,n,2,291.36,11.81,N,0
40.86177,-7.90364,367,0.36,0.57,2024-09-17,0139,N20,VIIRS,h,2,298.22,11.81,N,0
40.86153,-7.89891,340.73,0.36,0.57,2024-09-17,0139,N20,VIIRS,n,2,314.12,31.85,N,0
40.86131,-7.89443,335.36,0.36,0.57,2024-09-17,0139,N20,VIIRS,n,2,312.13,31.85,N,0
40.86108,-7.89014,327.32,0.36,0.57,2024-09-17,0139,N20,VIIRS,n,2,289.52,5.79,N,0
40.86063,-7.88129,330.24,0.36,0.57,2024-09-17,0139,N20,VIIRS,n,2,286.02,9.06,N,0
40.8604,-7.87677,367,0.36,0.57,2024-09-17,0139,N20,VIIRS,h,2,291.04,9.06,N,0
40.86018,-7.87239,350.81,0.36,0.57,2024-09-17,0139,N20,VIIRS,n,2,290.48,6.78,N,0
40.85997,-7.86851,321.46,0.36,0.57,2024-09-17,0139,N20,VIIRS,n,2,285.9,6.78,N,0
40.85978,-7.86475,367,0.36,0.57,2024-09-17,0139,N20,VIIRS,h,2,286.93,19.38,N,0
40.85957,-7.86075,327.12,0.36,0.57,2024-09-17,0139,N20,VIIRS,n,2,302.29,19.38,N,0
40.86086,-7.88578,308.68,0.36,0.57,2024-09-17,0139,N20,VIIRS,n,2,285.85,5.79,N,0
40.85935,-7.85641,310.75,0.36,0.57,2024-09-17,0139,N20,VIIRS,n,2,285.25,26.34,N,0
40.85912,-7.85192,300.57,0.36,0.57,2024-09-17,0139,N20,VIIRS,n,2,284.56,26.34,N,0
40.85808,-7.93595,367,0.36,0.57,2024-09-17,0139,N20,VIIRS,h,2,293.2,18.2,N,0
40.85786,-7.93159,367,0.36,0.57,2024-09-17,0139,N20,VIIRS,h,2,302.7,18.2,N,0
40.85764,-7.92716,352.68,0.36,0.57,2024-09-17,0139,N20,VIIRS,n,2,317.86,24.41,N,0
40.85741,-7.92268,367,0.36,0.57,2024-09-17,0139,N20,VIIRS,h,2,305.02,24.41,N,0
40.85719,-7.91825,354.53,0.36,0.57,2024-09-17,0139,N20,VIIRS,n,2,298.16,14.14,N,0
40.85696,-7.91374,367,0.36,0.57,2024-09-17,0139,N20,VIIRS,h,2,296.58,14.14,N,0
40.85671,-7.90882,352.23,0.36,0.57,2024-09-17,0139,N20,VIIRS,n,2,307.91,84.95,N,0
40.85624,-7.89944,348.49,0.36,0.57,2024-09-17,0139,N20,VIIRS,n,2,290.22,20.35,N,0
40.85909,-7.95592,312.64,0.36,0.57,2024-09-17,0139,N20,VIIRS,n,2,287.3,9.8,N,0
40.85827,-7.93982,305.81,0.36,0.57,2024-09-17,0139,N20,VIIRS,n,2,289.08,11.2,N,0
40.85603,-7.89527,309.67,0.36,0.57,2024-09-17,0139,N20,VIIRS,n,2,286.44,20.35,N,0
40.85448,-7.86489,305.41,0.36,0.57,2024-09-17,0139,N20,VIIRS,n,2,284.92,1.85,N,0
40.85428,-7.8611,313.27,0.36,0.57,2024-09-17,0139,N20,VIIRS,n,2,284.81,1.85,N,0
40.85401,-7.96108,321.98,0.36,0.57,2024-09-17,0139,N20,VIIRS,n,2,286.45,9.8,N,0
40.85379,-7.95665,367,0.36,0.57,2024-09-17,0139,N20,VIIRS,h,2,291.31,9.8,N,0
40.85358,-7.95246,351,0.36,0.57,2024-09-17,0139,N20,VIIRS,n,2,295.16,34.15,N,0
40.85338,-7.94852,367,0.36,0.57,2024-09-17,0139,N20,VIIRS,h,2,293.88,34.15,N,0
40.85318,-7.94464,348.64,0.36,0.57,2024-09-17,0139,N20,VIIRS,n,2,295.24,11.2,N,0
40.85278,-7.93677,324.31,0.36,0.57,2024-09-17,0139,N20,VIIRS,n,2,289.6,18.2,N,0
40.85257,-7.93251,367,0.36,0.57,2024-09-17,0139,N20,VIIRS,h,2,296.6,18.2,N,0
40.85235,-7.92812,355.81,0.36,0.57,2024-09-17,0139,N20,VIIRS,n,2,305.54,24.41,N,0
40.85213,-7.92364,367,0.36,0.57,2024-09-17,0139,N20,VIIRS,h,2,299.3,24.41,N,0
40.85189,-7.91903,329.11,0.36,0.57,2024-09-17,0139,N20,VIIRS,n,2,292.93,14.14,N,0
40.85165,-7.9142,326.1,0.36,0.57,2024-09-17,0139,N20,VIIRS,n,2,290.16,14.14,N,0
40.85141,-7.90924,329.18,0.36,0.57,2024-09-17,0139,N20,VIIRS,n,2,289.87,84.95,N,0
40.85423,-7.96562,306.49,0.36,0.57,2024-09-17,0139,N20,VIIRS,n,2,286.83,1.57,N,0
40.85299,-7.94079,310.88,0.36,0.57,2024-09-17,0139,N20,VIIRS,n,2,288.28,11.2,N,0
40.86952,-7.92642,367,0.36,0.57,2024-09-17,0139,N20,VIIRS,h,2,296.7,13.72,N,0
40.86925,-7.92178,336.3,0.36,0.57,2024-09-17,0139,N20,VIIRS,n,2,316.5,35.39,N,0
40.86901,-7.91748,341.49,0.36,0.57,2024-09-17,0139,N20,VIIRS,n,2,303.79,35.39,N,0
40.86877,-7.91338,353.63,0.36,0.57,2024-09-17,0139,N20,VIIRS,n,2,302.77,18.09,N,0
40.86853,-7.90903,349.41,0.36,0.57,2024-09-17,0139,N20,VIIRS,n,2,295,18.09,N,0
40.86772,-7.89495,325.28,0.36,0.57,2024-09-17,0139,N20,VIIRS,n,2,286.87,24,N,0
40.86624,-7.86922,325.02,0.36,0.57,2024-09-17,0139,N20,VIIRS,n,2,288.59,5.68,N,0
40.86554,-7.85708,367,0.36,0.57,2024-09-17,0139,N20,VIIRS,h,2,291.12,15.24,N,0
40.86528,-7.85251,346.86,0.36,0.57,2024-09-17,0139,N20,VIIRS,n,2,307.23,27.92,N,0
40.865,-7.84769,334.35,0.36,0.57,2024-09-17,0139,N20,VIIRS,n,2,305.02,27.92,N,0
40.86472,-7.84286,350.76,0.35,0.57,2024-09-17,0139,N20,VIIRS,n,2,294.36,13.73,N,0
40.86977,-7.93088,309.11,0.36,0.57,2024-09-17,0139,N20,VIIRS,n,2,287.92,13.72,N,0
40.86826,-7.90433,310.21,0.36,0.57,2024-09-17,0139,N20,VIIRS,n,2,286.92,13.88,N,0
40.86798,-7.89961,313.06,0.36,0.57,2024-09-17,0139,N20,VIIRS,n,2,286.86,13.88,N,0
40.86746,-7.89043,319.51,0.36,0.57,2024-09-17,0139,N20,VIIRS,n,2,287.64,24,N,0
40.86721,-7.88612,304.94,0.36,0.57,2024-09-17,0139,N20,VIIRS,n,2,284.48,2.99,N,0
40.86697,-7.88195,314.23,0.36,0.57,2024-09-17,0139,N20,VIIRS,n,2,284.95,2.99,N,0
40.86673,-7.87768,318.56,0.36,0.57,2024-09-17,0139,N20,VIIRS,n,2,286.24,11.01,N,0
40.86648,-7.87334,318.6,0.36,0.57,2024-09-17,0139,N20,VIIRS,n,2,288.11,11.01,N,0
40.86602,-7.8653,305.77,0.36,0.57,2024-09-17,0139,N20,VIIRS,n,2,286.86,5.68,N,0
40.86579,-7.86133,312.06,0.36,0.57,2024-09-17,0139,N20,VIIRS,n,2,289.68,15.24,N,0
40.86444,-7.83806,304.21,0.35,0.57,2024-09-17,0139,N20,VIIRS,n,2,283.99,13.73,N,0
40.86418,-7.83342,297.8,0.35,0.57,2024-09-17,0139,N20,VIIRS,n,2,283.02,1.15,N,0
40.86448,-7.93154,332.09,0.36,0.57,2024-09-17,0139,N20,VIIRS,n,2,289.04,13.72,N,0
40.86423,-7.92715,342.21,0.36,0.57,2024-09-17,0139,N20,VIIRS,n,2,295.53,13.72,N,0
40.86397,-7.92254,332.22,0.36,0.57,2024-09-17,0139,N20,VIIRS,n,2,294.2,35.39,N,0
40.86372,-7.91826,348.83,0.36,0.57,2024-09-17,0139,N20,VIIRS,n,2,296.92,35.39,N,0
40.86349,-7.91412,339.71,0.36,0.57,2024-09-17,0139,N20,VIIRS,n,2,293.4,18.09,N,0
40.86323,-7.90959,321.07,0.36,0.57,2024-09-17,0139,N20,VIIRS,n,2,290.32,18.09,N,0
40.86295,-7.90468,338.77,0.36,0.57,2024-09-17,0139,N20,VIIRS,n,2,292.13,13.88,N,0
40.86267,-7.89988,367,0.36,0.57,2024-09-17,0139,N20,VIIRS,h,2,302.44,13.88,N,0
40.86242,-7.89535,342.45,0.36,0.57,2024-09-17,0139,N20,VIIRS,n,2,315.1,24,N,0
40.86217,-7.89098,349.65,0.36,0.57,2024-09-17,0139,N20,VIIRS,n,2,296.92,24,N,0
40.86142,-7.8778,367,0.36,0.57,2024-09-17,0139,N20,VIIRS,h,2,290.79,11.01,N,0
40.86117,-7.87341,348.48,0.36,0.57,2024-09-17,0139,N20,VIIRS,n,2,295.9,11.01,N,0
40.86094,-7.86943,320.44,0.36,0.57,2024-09-17,0139,N20,VIIRS,n,2,285.98,5.68,N,0
40.86072,-7.86563,324.54,0.36,0.57,2024-09-17,0139,N20,VIIRS,n,2,286.88,5.68,N,0
40.86049,-7.86168,354.46,0.36,0.57,2024-09-17,0139,N20,VIIRS,n,2,296.19,15.24,N,0
40.86025,-7.85739,367,0.36,0.57,2024-09-17,0139,N20,VIIRS,h,2,288.46,15.24,N,0
40.86471,-7.93566,301.81,0.36,0.57,2024-09-17,0139,N20,VIIRS,n,2,287.72,2.4,N,0
40.86192,-7.88666,308.81,0.36,0.57,2024-09-17,0139,N20,VIIRS,n,2,286.38,2.99,N,0
40.86167,-7.88225,312.28,0.36,0.57,2024-09-17,0139,N20,VIIRS,n,2,285.82,2.99,N,0
40.85999,-7.85288,313.23,0.36,0.57,2024-09-17,0139,N20,VIIRS,n,2,284.62,27.92,N,0
40.85973,-7.84834,298.97,0.36,0.57,2024-09-17,0139,N20,VIIRS,n,2,284.86,27.92,N,0
40.85943,-7.93661,336.93,0.36,0.57,2024-09-17,0139,N20,VIIRS,n,2,289.54,5.84,N,0
40.85919,-7.93234,367,0.36,0.57,2024-09-17,0139,N20,VIIRS,h,2,300.06,22.6,N,0
40.85894,-7.92793,367,0.36,0.57,2024-09-17,0139,N20,VIIRS,h,2,307.8,22.6,N,0
40.85869,-7.92345,355.38,0.36,0.57,2024-09-17,0139,N20,VIIRS,n,2,310.4,22.02,N,0
40.85844,-7.91903,350.83,0.36,0.57,2024-09-17,0139,N20,VIIRS,n,2,304.87,22.02,N,0
40.85819,-7.91467,345.51,0.36,0.57,2024-09-17,0139,N20,VIIRS,n,2,293.91,27.11,N,0
40.85793,-7.90994,367,0.36,0.57,2024-09-17,0139,N20,VIIRS,h,2,299.07,27.11,N,0
40.85764,-7.90491,367,0.36,0.57,2024-09-17,0139,N20,VIIRS,h,2,325.55,58.72,N,0
40.85738,-7.90033,337.88,0.36,0.57,2024-09-17,0139,N20,VIIRS,n,2,304.87,58.72,N,0
40.85714,-7.89606,322.26,0.36,0.57,2024-09-17,0139,N20,VIIRS,n,2,287.59,9.8,N,0
40.8552,-7.86198,352.59,0.36,0.57,2024-09-17,0139,N20,VIIRS,n,2,291.17,11.45,N,0
40.8569,-7.8919,306.27,0.36,0.57,2024-09-17,0139,N20,VIIRS,n,2,286.24,9.8,N,0
40.85665,-7.88755,300.37,0.36,0.57,2024-09-17,0139,N20,VIIRS,n,2,286.49,1.99,N,0
40.85541,-7.86573,310.47,0.36,0.57,2024-09-17,0139,N20,VIIRS,n,2,285.45,11.79,N,0
40.85496,-7.85787,301.41,0.36,0.57,2024-09-17,0139,N20,VIIRS,n,2,283.86,11.45,N,0
40.85526,-7.95741,348.87,0.36,0.57,2024-09-17,0139,N20,VIIRS,n,2,286.68,8.24,N,0
40.85502,-7.95314,355.99,0.36,0.57,2024-09-17,0139,N20,VIIRS,n,2,291.19,8.24,N,0
40.85414,-7.93744,322.73,0.36,0.57,2024-09-17,0139,N20,VIIRS,n,2,289.52,5.84,N,0
40.8539,-7.93324,367,0.36,0.57,2024-09-17,0139,N20,VIIRS,h,2,296.69,22.6,N,0
40.85366,-7.92886,354.73,0.36,0.57,2024-09-17,0139,N20,VIIRS,n,2,310.49,22.6,N,0
40.85341,-7.92442,367,0.36,0.57,2024-09-17,0139,N20,VIIRS,h,2,299.62,22.02,N,0
40.85316,-7.91989,347.15,0.36,0.57,2024-09-17,0139,N20,VIIRS,n,2,296.1,22.02,N,0
40.85289,-7.91517,335.78,0.36,0.57,2024-09-17,0139,N20,VIIRS,n,2,292.53,27.11,N,0
40.85261,-7.91023,367,0.36,0.57,2024-09-17,0139,N20,VIIRS,h,2,295.91,27.11,N,0
40.85551,-7.96188,308.24,0.36,0.57,2024-09-17,0139,N20,VIIRS,n,2,286.47,2.37,N,0
40.8548,-7.94912,317.61,0.36,0.57,2024-09-17,0139,N20,VIIRS,n,2,287.63,3.58,N,0
40.85458,-7.94521,316.76,0.36,0.57,2024-09-17,0139,N20,VIIRS,n,2,287.98,3.58,N,0
40.85436,-7.94137,308.74,0.36,0.57,2024-09-17,0139,N20,VIIRS,n,2,288.28,5.84,N,0
40.85233,-7.90532,309.04,0.36,0.57,2024-09-17,0139,N20,VIIRS,n,2,287.78,58.72,N,0
40.85019,-7.96226,367,0.36,0.57,2024-09-17,0139,N20,VIIRS,h,2,289.48,8.32,N,0
40.84995,-7.95789,367,0.36,0.57,2024-09-17,0139,N20,VIIRS,h,2,292.45,28.08,N,0
40.84972,-7.95377,348.1,0.36,0.57,2024-09-17,0139,N20,VIIRS,n,2,298.05,28.08,N,0
40.8495,-7.94988,367,0.36,0.57,2024-09-17,0139,N20,VIIRS,h,2,291.18,112.79,N,0
40.84908,-7.94225,328.46,0.36,0.57,2024-09-17,0139,N20,VIIRS,n,2,289.75,10.85,N,0
40.84862,-7.93411,320.74,0.36,0.57,2024-09-17,0139,N20,VIIRS,n,2,287.98,3.11,N,0
40.84838,-7.92976,332.47,0.36,0.57,2024-09-17,0139,N20,VIIRS,n,2,288.34,3.11,N,0
40.85044,-7.96688,307.86,0.36,0.57,2024-09-17,0139,N20,VIIRS,n,2,287.09,8.32,N,0
40.84885,-7.93832,302.64,0.36,0.57,2024-09-17,0139,N20,VIIRS,n,2,286.99,10.85,N,0
40.84813,-7.9253,301.29,0.36,0.57,2024-09-17,0139,N20,VIIRS,n,2,287.88,11.17,N,0
40.84787,-7.9207,306.68,0.36,0.57,2024-09-17,0139,N20,VIIRS,n,2,288.91,11.17,N,0
40.84758,-7.91558,316.19,0.36,0.57,2024-09-17,0139,N20,VIIRS,n,2,288.76,9.17,N,0
40.84731,-7.91067,316.28,0.36,0.57,2024-09-17,0139,N20,VIIRS,n,2,289.07,9.17,N,0
40.84487,-7.96258,367,0.36,0.57,2024-09-17,0139,N20,VIIRS,h,2,291.24,8.32,N,0
40.84255,-7.92078,367,0.36,0.57,2024-09-17,0139,N20,VIIRS,h,2,299.92,11.17,N,0
40.84228,-7.91594,354.35,0.36,0.57,2024-09-17,0139,N20,VIIRS,n,2,295.33,9.17,N,0
40.84202,-7.9113,321.55,0.36,0.57,2024-09-17,0139,N20,VIIRS,n,2,288.26,9.17,N,0
40.84513,-7.96734,303.91,0.36,0.57,2024-09-17,0139,N20,VIIRS,n,2,286.83,8.32,N,0
40.84463,-7.95828,301.95,0.36,0.57,2024-09-17,0139,N20,VIIRS,n,2,287.07,28.08,N,0
40.84281,-7.9255,316.6,0.36,0.57,2024-09-17,0139,N20,VIIRS,n,2,287.66,11.17,N,0
40.82677,-8.44584,311.11,0.38,0.59,2024-09-17,0139,N20,VIIRS,n,2,292.25,1.71,N,0
40.82132,-8.44641,316.89,0.38,0.59,2024-09-17,0139,N20,VIIRS,n,2,293.03,1.86,N,0
40.81567,-8.44283,315.98,0.38,0.59,2024-09-17,0139,N20,VIIRS,n,2,291.87,1.96,N,0
40.80478,-8.4439,367,0.38,0.59,2024-09-17,0139,N20,VIIRS,h,2,298.3,8.99,N,0
40.80422,-8.43214,329.43,0.38,0.59,2024-09-17,0139,N20,VIIRS,n,2,292.07,2.89,N,0
40.80451,-8.4382,313.61,0.38,0.59,2024-09-17,0139,N20,VIIRS,n,2,291.89,8.99,N,0
40.79903,-8.43804,320.91,0.38,0.59,2024-09-17,0139,N20,VIIRS,n,2,291.78,1.46,N,0
40.79358,-8.43855,322.29,0.38,0.59,2024-09-17,0139,N20,VIIRS,n,2,291.98,1.46,N,0
40.79271,-8.42006,340.47,0.38,0.59,2024-09-17,0139,N20,VIIRS,n,2,294.08,3.51,N,0
40.79243,-8.41422,336.23,0.38,0.59,2024-09-17,0139,N20,VIIRS,n,2,291.2,4.85,N,0
40.79383,-8.44392,312.49,0.38,0.59,2024-09-17,0139,N20,VIIRS,n,2,292.04,1.46,N,0
40.79295,-8.42516,317.19,0.38,0.59,2024-09-17,0139,N20,VIIRS,n,2,292.73,3.51,N,0
40.78816,-8.4396,327.27,0.38,0.59,2024-09-17,0139,N20,VIIRS,n,2,293.53,1.75,N,0
40.78726,-8.42055,341.04,0.38,0.59,2024-09-17,0139,N20,VIIRS,n,2,296.07,5.27,N,0
40.78698,-8.41449,367,0.38,0.59,2024-09-17,0139,N20,VIIRS,h,2,298.45,8.7,N,0
40.7884,-8.44486,306.16,0.38,0.59,2024-09-17,0139,N20,VIIRS,n,2,292.43,1.75,N,0
40.78752,-8.42612,311.45,0.38,0.59,2024-09-17,0139,N20,VIIRS,n,2,292.75,5.27,N,0
40.78342,-8.45546,326.67,0.38,0.59,2024-09-17,0139,N20,VIIRS,n,2,292.72,2.62,N,0
40.78209,-8.4269,336.6,0.38,0.59,2024-09-17,0139,N20,VIIRS,n,2,295.75,5.27,N,0
40.78185,-8.42168,334.04,0.38,0.59,2024-09-17,0139,N20,VIIRS,n,2,294.89,5.27,N,0
40.78159,-8.41607,332.19,0.38,0.59,2024-09-17,0139,N20,VIIRS,n,2,293.8,8.7,N,0
40.78361,-8.45953,319.27,0.38,0.59,2024-09-17,0139,N20,VIIRS,n,2,291.79,3.67,N,0
40.78321,-8.45086,316.35,0.38,0.59,2024-09-17,0139,N20,VIIRS,n,2,291.36,2.62,N,0
40.78297,-8.4457,311.05,0.38,0.59,2024-09-17,0139,N20,VIIRS,n,2,292.5,1.75,N,0
40.78231,-8.43164,314.05,0.38,0.59,2024-09-17,0139,N20,VIIRS,n,2,294,4.61,N,0
40.77665,-8.42751,341.42,0.38,0.59,2024-09-17,0139,N20,VIIRS,n,2,298.12,4.38,N,0
40.77642,-8.42245,345.32,0.38,0.59,2024-09-17,0139,N20,VIIRS,n,2,298.84,4.38,N,0
40.77797,-8.45607,305.38,0.38,0.59,2024-09-17,0139,N20,VIIRS,n,2,292.79,1.42,N,0
40.77731,-8.44176,308.97,0.38,0.59,2024-09-17,0139,N20,VIIRS,n,2,292.3,1.8,N,0
40.7771,-8.43706,306.06,0.38,0.59,2024-09-17,0139,N20,VIIRS,n,2,292.29,2.32,N,0
40.77688,-8.43235,311.04,0.38,0.59,2024-09-17,0139,N20,VIIRS,n,2,293.25,2.32,N,0
40.77232,-8.45214,320.01,0.38,0.59,2024-09-17,0139,N20,VIIRS,n,2,294.5,1.42,N,0
40.77143,-8.43285,323.63,0.38,0.59,2024-09-17,0139,N20,VIIRS,n,2,292.94,2.32,N,0
40.7712,-8.42781,322.43,0.38,0.59,2024-09-17,0139,N20,VIIRS,n,2,293.4,4.38,N,0
40.77333,-8.47402,306.67,0.38,0.59,2024-09-17,0139,N20,VIIRS,n,2,292.79,1.12,N,0
40.7731,-8.46911,305.65,0.38,0.59,2024-09-17,0139,N20,VIIRS,n,2,292.5,1.12,N,0
40.77252,-8.45655,309.62,0.38,0.59,2024-09-17,0139,N20,VIIRS,n,2,293.57,1.42,N,0
40.77189,-8.44279,308.24,0.38,0.59,2024-09-17,0139,N20,VIIRS,n,2,292.9,1.8,N,0
40.79165,-8.42186,324.17,0.38,0.59,2024-09-17,0139,N20,VIIRS,n,2,294.12,6.85,N,0
40.79135,-8.41611,367,0.38,0.59,2024-09-17,0139,N20,VIIRS,h,2,297.57,6.85,N,0
40.79264,-8.44036,311.3,0.38,0.59,2024-09-17,0139,N20,VIIRS,n,2,291.62,1.93,N,0
40.79238,-8.43557,310.69,0.38,0.59,2024-09-17,0139,N20,VIIRS,n,2,291.85,1.93,N,0
40.79192,-8.42686,310.85,0.38,0.59,2024-09-17,0139,N20,VIIRS,n,2,292.29,4.86,N,0
40.79102,-8.41005,310.53,0.38,0.59,2024-09-17,0139,N20,VIIRS,n,2,288.82,5.64,N,0
40.78722,-8.44137,325.31,0.38,0.59,2024-09-17,0139,N20,VIIRS,n,2,293.11,1.93,N,0
40.78622,-8.42255,333.57,0.38,0.59,2024-09-17,0139,N20,VIIRS,n,2,295.54,6.85,N,0
40.78592,-8.41668,352.14,0.38,0.59,2024-09-17,0139,N20,VIIRS,n,2,297.12,6.85,N,0
40.78559,-8.41062,309.92,0.38,0.59,2024-09-17,0139,N20,VIIRS,n,2,290.83,5.64,N,0
40.78255,-8.45682,344.45,0.38,0.59,2024-09-17,0139,N20,VIIRS,n,2,294.43,6.44,N,0
40.78205,-8.44738,327.59,0.38,0.59,2024-09-17,0139,N20,VIIRS,n,2,292.12,6.04,N,0
40.78081,-8.4235,341.97,0.38,0.59,2024-09-17,0139,N20,VIIRS,n,2,297.22,4.66,N,0
40.78052,-8.41809,353.61,0.38,0.59,2024-09-17,0139,N20,VIIRS,n,2,296.76,4.66,N,0
40.78131,-8.43318,312.99,0.38,0.59,2024-09-17,0139,N20,VIIRS,n,2,292.97,3.42,N,0
40.78107,-8.4286,319.72,0.38,0.59,2024-09-17,0139,N20,VIIRS,n,2,294.48,3.42,N,0
40.77563,-8.42905,328.47,0.38,0.59,2024-09-17,0139,N20,VIIRS,n,2,294.14,3.42,N,0
40.77537,-8.42409,337.34,0.38,0.59,2024-09-17,0139,N20,VIIRS,n,2,297.42,4.66,N,0
40.77511,-8.41912,323.58,0.38,0.59,2024-09-17,0139,N20,VIIRS,n,2,293.24,4.66,N,0
40.77143,-8.45355,320.74,0.38,0.59,2024-09-17,0139,N20,VIIRS,n,2,293.85,6.27,N,0
40.77018,-8.42936,329.01,0.38,0.59,2024-09-17,0139,N20,VIIRS,n,2,294.29,5.82,N,0
40.7723,-8.47044,308.4,0.38,0.59,2024-09-17,0139,N20,VIIRS,n,2,293.45,2.51,N,0
40.76791,-8.49162,347.02,0.38,0.59,2024-09-17,0139,N20,VIIRS,n,2,294.36,5.77,N,0
40.76685,-8.47094,326.07,0.38,0.59,2024-09-17,0139,N20,VIIRS,n,2,294.63,2.51,N,0
40.76662,-8.4665,323.07,0.38,0.59,2024-09-17,0139,N20,VIIRS,n,2,295.52,2.51,N,0
40.76524,-8.4397,320.8,0.38,0.59,2024-09-17,0139,N20,VIIRS,n,2,293.18,7.15,N,0
40.76498,-8.43453,329.34,0.38,0.59,2024-09-17,0139,N20,VIIRS,n,2,293.94,5.82,N,0
40.76473,-8.42977,367,0.38,0.59,2024-09-17,0139,N20,VIIRS,h,2,295.34,5.82,N,0
40.7645,-8.4254,327.91,0.38,0.59,2024-09-17,0139,N20,VIIRS,n,2,290.06,9.33,N,0
40.76816,-8.49653,309.13,0.38,0.59,2024-09-17,0139,N20,VIIRS,n,2,292.81,3.47,N,0
40.76168,-8.477,367,0.38,0.59,2024-09-17,0139,N20,VIIRS,h,2,297.45,18.55,N,0
40.7614,-8.47155,350.02,0.38,0.59,2024-09-17,0139,N20,VIIRS,n,2,317.72,34.61,N,0
40.76117,-8.46702,350.39,0.38,0.59,2024-09-17,0139,N20,VIIRS,n,2,305.29,34.61,N,0
40.76096,-8.46292,346.92,0.38,0.59,2024-09-17,0139,N20,VIIRS,n,2,298.59,10,N,0
40.76076,-8.45897,330.62,0.38,0.59,2024-09-17,0139,N20,VIIRS,n,2,298.84,10,N,0
40.76056,-8.45498,367,0.38,0.59,2024-09-17,0139,N20,VIIRS,h,2,299.59,8.86,N,0
40.76033,-8.4506,344.75,0.38,0.59,2024-09-17,0139,N20,VIIRS,n,2,295.66,8.86,N,0
40.7598,-8.44016,325.99,0.38,0.59,2024-09-17,0139,N20,VIIRS,n,2,293.6,7.26,N,0
40.75954,-8.43502,367,0.38,0.59,2024-09-17,0139,N20,VIIRS,h,2,297.63,32.52,N,0
40.7593,-8.43054,349.6,0.38,0.59,2024-09-17,0139,N20,VIIRS,n,2,300.63,32.52,N,0
40.76009,-8.44585,316.46,0.38,0.59,2024-09-17,0139,N20,VIIRS,n,2,292.41,7.26,N,0
40.75908,-8.4262,317.93,0.38,0.59,2024-09-17,0139,N20,VIIRS,n,2,285.62,5.85,N,0
40.75885,-8.42168,308.88,0.38,0.59,2024-09-17,0139,N20,VIIRS,n,2,281.22,5.85,N,0
40.75856,-8.41613,306.23,0.38,0.59,2024-09-17,0139,N20,VIIRS,n,2,280.27,1.67,N,0
40.75623,-8.47753,337.13,0.38,0.59,2024-09-17,0139,N20,VIIRS,n,2,294.41,18.55,N,0
40.75595,-8.47215,367,0.38,0.59,2024-09-17,0139,N20,VIIRS,h,2,303.32,34.61,N,0
40.75573,-8.46764,341.85,0.38,0.59,2024-09-17,0139,N20,VIIRS,n,2,311.53,34.61,N,0
40.75552,-8.46367,328.87,0.38,0.59,2024-09-17,0139,N20,VIIRS,n,2,298.85,10,N,0
40.75531,-8.45965,328.6,0.38,0.59,2024-09-17,0139,N20,VIIRS,n,2,298.7,10,N,0
40.75511,-8.45557,336.74,0.38,0.59,2024-09-17,0139,N20,VIIRS,n,2,300.1,8.86,N,0
40.75489,-8.45115,341.9,0.38,0.59,2024-09-17,0139,N20,VIIRS,n,2,297.47,8.86,N,0
40.75464,-8.44637,344.06,0.38,0.59,2024-09-17,0139,N20,VIIRS,n,2,296.71,7.26,N,0
40.75437,-8.44102,322.15,0.38,0.59,2024-09-17,0139,N20,VIIRS,n,2,293.87,7.26,N,0
40.75411,-8.43594,367,0.38,0.59,2024-09-17,0139,N20,VIIRS,h,2,303.82,32.52,N,0
40.75389,-8.43154,328.35,0.38,0.59,2024-09-17,0139,N20,VIIRS,n,2,308.41,32.52,N,0
40.71219,-7.66488,329.58,0.35,0.56,2024-09-17,0139,N20,VIIRS,n,2,286.32,1.18,N,0
40.75365,-8.42709,317.82,0.38,0.59,2024-09-17,0139,N20,VIIRS,n,2,287.96,5.85,N,0
40.75341,-8.42213,314.29,0.38,0.59,2024-09-17,0139,N20,VIIRS,n,2,283.06,5.85,N,0
40.75311,-8.41638,312.81,0.38,0.59,2024-09-17,0139,N20,VIIRS,n,2,280.64,1.67,N,0
40.75284,-8.41108,310.76,0.38,0.59,2024-09-17,0139,N20,VIIRS,n,2,278.45,1.67,N,0
40.75262,-8.40685,308.38,0.38,0.59,2024-09-17,0139,N20,VIIRS,n,2,277.15,1.52,N,0
40.75241,-8.40265,306.23,0.38,0.59,2024-09-17,0139,N20,VIIRS,n,2,277.1,1.52,N,0
40.75112,-8.37753,312.02,0.38,0.59,2024-09-17,0139,N20,VIIRS,n,2,283.23,1.16,N,0
40.71195,-7.66065,300.23,0.35,0.56,2024-09-17,0139,N20,VIIRS,n,2,285.92,1.18,N,0
40.75151,-8.49286,367,0.38,0.59,2024-09-17,0139,N20,VIIRS,h,2,296.61,14.3,N,0
40.75127,-8.48809,349.64,0.38,0.59,2024-09-17,0139,N20,VIIRS,n,2,299.29,14.3,N,0
40.75103,-8.4832,346.92,0.38,0.59,2024-09-17,0139,N20,VIIRS,n,2,295.14,51.15,N,0
40.75077,-8.47815,342.28,0.38,0.59,2024-09-17,0139,N20,VIIRS,n,2,298.28,51.15,N,0
40.75051,-8.47297,335.16,0.38,0.59,2024-09-17,0139,N20,VIIRS,n,2,296.99,11.01,N,0
40.75029,-8.46846,335.84,0.38,0.59,2024-09-17,0139,N20,VIIRS,n,2,298.14,11.01,N,0
40.75008,-8.46441,336.08,0.38,0.59,2024-09-17,0139,N20,VIIRS,n,2,299.49,11.79,N,0
40.74988,-8.46039,348.25,0.38,0.59,2024-09-17,0139,N20,VIIRS,n,2,300.34,11.79,N,0
40.74966,-8.45616,330.15,0.38,0.59,2024-09-17,0139,N20,VIIRS,n,2,298.57,11.16,N,0
40.74944,-8.45183,353.72,0.38,0.59,2024-09-17,0139,N20,VIIRS,n,2,300.16,11.16,N,0
40.74921,-8.4473,367,0.38,0.59,2024-09-17,0139,N20,VIIRS,h,2,302.41,10.6,N,0
40.74896,-8.44225,326.37,0.38,0.59,2024-09-17,0139,N20,VIIRS,n,2,296.64,10.6,N,0
40.7487,-8.43717,367,0.38,0.59,2024-09-17,0139,N20,VIIRS,h,2,298.89,27.06,N,0
40.74847,-8.43252,340.37,0.38,0.59,2024-09-17,0139,N20,VIIRS,n,2,301.61,27.06,N,0
40.74742,-8.41183,322.58,0.38,0.59,2024-09-17,0139,N20,VIIRS,n,2,281.76,55.72,N,0
40.74721,-8.40773,321.41,0.38,0.59,2024-09-17,0139,N20,VIIRS,n,2,277.56,12.31,N,0
40.74678,-8.39925,323.97,0.38,0.59,2024-09-17,0139,N20,VIIRS,n,2,277.56,4.89,N,0
40.74653,-8.39446,342.22,0.38,0.59,2024-09-17,0139,N20,VIIRS,n,2,279.39,4.89,N,0
40.74627,-8.38927,322.03,0.38,0.59,2024-09-17,0139,N20,VIIRS,n,2,277.78,3.78,N,0
40.74599,-8.38393,328.5,0.38,0.59,2024-09-17,0139,N20,VIIRS,n,2,280.74,3.78,N,0
40.74572,-8.37853,338.14,0.38,0.59,2024-09-17,0139,N20,VIIRS,n,2,282.34,3.74,N,0
40.74546,-8.37341,348.88,0.38,0.59,2024-09-17,0139,N20,VIIRS,n,2,285.47,3.74,N,0
40.74416,-8.3483,367,0.38,0.58,2024-09-17,0139,N20,VIIRS,h,2,287.05,9.96,N,0
40.74396,-8.34433,352.21,0.38,0.58,2024-09-17,0139,N20,VIIRS,n,2,291.32,5.39,N,0
40.70745,-7.67381,367,0.35,0.56,2024-09-17,0139,N20,VIIRS,h,2,289.87,6.72,N,0
40.7067,-7.66076,328.59,0.35,0.56,2024-09-17,0139,N20,VIIRS,n,2,288.29,1.42,N,0
40.74767,-8.41679,318.7,0.38,0.59,2024-09-17,0139,N20,VIIRS,n,2,285.22,55.72,N,0
40.747,-8.4037,317.88,0.38,0.59,2024-09-17,0139,N20,VIIRS,n,2,276.03,12.31,N,0
40.74376,-8.34049,305.42,0.38,0.58,2024-09-17,0139,N20,VIIRS,n,2,284.85,5.39,N,0
40.70695,-7.6651,299.5,0.35,0.56,2024-09-17,0139,N20,VIIRS,n,2,286.79,1.42,N,0
40.74605,-8.49338,335.7,0.38,0.59,2024-09-17,0139,N20,VIIRS,n,2,293.87,14.3,N,0
40.74582,-8.4886,367,0.38,0.59,2024-09-17,0139,N20,VIIRS,h,2,296.37,14.3,N,0
40.74557,-8.48375,354.27,0.38,0.59,2024-09-17,0139,N20,VIIRS,n,2,312.99,51.15,N,0
40.74508,-8.47378,367,0.38,0.59,2024-09-17,0139,N20,VIIRS,h,2,298.77,11.01,N,0
40.74484,-8.46915,367,0.38,0.59,2024-09-17,0139,N20,VIIRS,h,2,301.58,11.01,N,0
40.74464,-8.46519,367,0.38,0.59,2024-09-17,0139,N20,VIIRS,h,2,304.59,11.79,N,0
40.74444,-8.4611,367,0.38,0.59,2024-09-17,0139,N20,VIIRS,h,2,302.57,11.79,N,0
40.74422,-8.45683,355.09,0.38,0.59,2024-09-17,0139,N20,VIIRS,n,2,302.33,11.16,N,0
40.744,-8.45241,367,0.38,0.59,2024-09-17,0139,N20,VIIRS,h,2,300.45,11.16,N,0
40.74354,-8.44322,325.97,0.38,0.59,2024-09-17,0139,N20,VIIRS,n,2,296.55,10.6,N,0
40.74328,-8.43814,367,0.38,0.59,2024-09-17,0139,N20,VIIRS,h,2,300.48,27.06,N,0
40.74304,-8.43328,347.73,0.38,0.59,2024-09-17,0139,N20,VIIRS,n,2,307.25,27.06,N,0
40.74279,-8.42828,331.39,0.38,0.59,2024-09-17,0139,N20,VIIRS,n,2,292.29,22.43,N,0
40.7425,-8.42252,335.03,0.38,0.59,2024-09-17,0139,N20,VIIRS,n,2,291.64,22.43,N,0
40.74222,-8.41705,367,0.38,0.59,2024-09-17,0139,N20,VIIRS,h,2,307.88,55.72,N,0
40.74178,-8.4083,352.9,0.38,0.59,2024-09-17,0139,N20,VIIRS,n,2,289.71,12.31,N,0
40.74158,-8.40438,345.51,0.38,0.59,2024-09-17,0139,N20,VIIRS,n,2,281.47,12.31,N,0
40.74136,-8.40008,349.9,0.38,0.59,2024-09-17,0139,N20,VIIRS,n,2,284.47,4.89,N,0
40.74112,-8.3953,336.59,0.38,0.59,2024-09-17,0139,N20,VIIRS,n,2,281.98,4.89,N,0
40.74086,-8.39022,343.42,0.38,0.59,2024-09-17,0139,N20,VIIRS,n,2,281.91,3.78,N,0
40.74009,-8.37511,334.43,0.38,0.59,2024-09-17,0139,N20,VIIRS,n,2,281.88,3.74,N,0
40.73859,-8.34562,343.29,0.38,0.58,2024-09-17,0139,N20,VIIRS,n,2,285.7,5.39,N,0
40.74059,-8.38495,317.9,0.38,0.59,2024-09-17,0139,N20,VIIRS,n,2,275.64,3.78,N,0
40.74033,-8.37976,306.06,0.38,0.59,2024-09-17,0139,N20,VIIRS,n,2,276.12,3.74,N,0
40.73987,-8.37074,316.25,0.38,0.59,2024-09-17,0139,N20,VIIRS,n,2,281.6,6.34,N,0
40.73943,-8.36217,315.94,0.38,0.59,2024-09-17,0139,N20,VIIRS,n,2,283.07,2.07,N,0
40.73879,-8.34971,306.5,0.38,0.58,2024-09-17,0139,N20,VIIRS,n,2,282.79,9.96,N,0
40.73839,-8.34182,318.9,0.38,0.58,2024-09-17,0139,N20,VIIRS,n,2,285.78,5.39,N,0
40.74107,-8.50353,333.88,0.38,0.59,2024-09-17,0139,N20,VIIRS,n,2,295.44,4.9,N,0
40.74083,-8.49871,352.66,0.38,0.59,2024-09-17,0139,N20,VIIRS,n,2,296.81,4.9,N,0
40.7406,-8.49396,330.26,0.38,0.59,2024-09-17,0139,N20,VIIRS,n,2,294.74,20.78,N,0
40.74036,-8.48925,367,0.38,0.59,2024-09-17,0139,N20,VIIRS,h,2,295.33,20.78,N,0
40.74012,-8.4844,346.54,0.38,0.59,2024-09-17,0139,N20,VIIRS,n,2,309.46,27.64,N,0
40.73988,-8.47952,354.16,0.38,0.59,2024-09-17,0139,N20,VIIRS,n,2,308.46,27.64,N,0
40.73964,-8.47468,367,0.38,0.59,2024-09-17,0139,N20,VIIRS,h,2,309,14.76,N,0
40.73942,-8.47019,367,0.38,0.59,2024-09-17,0139,N20,VIIRS,h,2,304.79,14.76,N,0
40.73921,-8.46611,355.4,0.38,0.59,2024-09-17,0139,N20,VIIRS,n,2,302.84,11.99,N,0
40.73901,-8.46205,367,0.38,0.59,2024-09-17,0139,N20,VIIRS,h,2,303.4,11.99,N,0
40.73877,-8.4573,347.39,0.38,0.59,2024-09-17,0139,N20,VIIRS,n,2,303.36,7.52,N,0
40.73854,-8.45275,340.62,0.38,0.59,2024-09-17,0139,N20,VIIRS,n,2,299.72,7.52,N,0
40.7381,-8.44391,320.21,0.38,0.59,2024-09-17,0139,N20,VIIRS,n,2,296.02,9.37,N,0
40.73615,-8.4051,321.53,0.38,0.59,2024-09-17,0139,N20,VIIRS,n,2,280.37,2.31,N,0
40.73594,-8.4008,323.32,0.38,0.59,2024-09-17,0139,N20,VIIRS,n,2,281.91,5.46,N,0
40.73569,-8.39602,353.32,0.38,0.59,2024-09-17,0139,N20,VIIRS,n,2,285.74,5.46,N,0
40.73545,-8.39099,338.33,0.38,0.59,2024-09-17,0139,N20,VIIRS,n,2,284.76,5.81,N,0
40.73635,-8.40891,316.47,0.38,0.59,2024-09-17,0139,N20,VIIRS,n,2,283.53,2.31,N,0
40.73518,-8.38587,307.21,0.38,0.59,2024-09-17,0139,N20,VIIRS,n,2,280.21,5.81,N,0
40.73561,-8.50399,327.68,0.38,0.59,2024-09-17,0139,N20,VIIRS,n,2,293.8,4.9,N,0
40.73537,-8.49921,331.36,0.38,0.59,2024-09-17,0139,N20,VIIRS,n,2,294.25,4.9,N,0
40.73513,-8.49445,367,0.38,0.59,2024-09-17,0139,N20,VIIRS,h,2,299.01,20.78,N,0
40.7349,-8.48974,355.05,0.38,0.59,2024-09-17,0139,N20,VIIRS,n,2,301.02,20.78,N,0
40.73467,-8.48496,367,0.38,0.59,2024-09-17,0139,N20,VIIRS,h,2,301,27.64,N,0
40.73443,-8.48011,367,0.38,0.59,2024-09-17,0139,N20,VIIRS,h,2,302.82,27.64,N,0
40.7342,-8.47548,367,0.38,0.59,2024-09-17,0139,N20,VIIRS,h,2,300.35,14.76,N,0
40.73397,-8.47099,329.77,0.38,0.59,2024-09-17,0139,N20,VIIRS,n,2,295.25,14.76,N,0
40.73377,-8.46689,367,0.38,0.59,2024-09-17,0139,N20,VIIRS,h,2,300.4,11.99,N,0
40.73356,-8.46262,352.61,0.38,0.59,2024-09-17,0139,N20,VIIRS,n,2,298.36,11.99,N,0
40.73332,-8.45786,326.65,0.38,0.59,2024-09-17,0139,N20,VIIRS,n,2,296.59,7.52,N,0
40.73216,-8.43436,323.85,0.38,0.59,2024-09-17,0139,N20,VIIRS,n,2,295.06,9.1,N,0
40.73053,-8.40184,324.32,0.38,0.59,2024-09-17,0139,N20,VIIRS,n,2,280.64,5.46,N,0
40.73027,-8.3966,367,0.38,0.59,2024-09-17,0139,N20,VIIRS,h,2,285.43,5.46,N,0
40.72929,-8.3772,344.36,0.38,0.59,2024-09-17,0139,N20,VIIRS,n,2,285.13,5.82,N,0
40.69438,-7.72164,345.59,0.35,0.57,2024-09-17,0139,N20,VIIRS,n,2,293.63,3.17,N,0
40.69414,-7.71737,321.61,0.35,0.57,2024-09-17,0139,N20,VIIRS,n,2,291.53,3.91,N,0
40.73074,-8.40605,309.53,0.38,0.59,2024-09-17,0139,N20,VIIRS,n,2,281.39,2.31,N,0
40.72783,-8.34841,315.34,0.38,0.58,2024-09-17,0139,N20,VIIRS,n,2,281.7,0.89,N,0
40.72762,-8.34423,302.59,0.38,0.58,2024-09-17,0139,N20,VIIRS,n,2,280.88,0.89,N,0
40.69462,-7.72591,303.76,0.35,0.57,2024-09-17,0139,N20,VIIRS,n,2,288.39,3.17,N,0
40.69344,-7.70496,304.94,0.35,0.57,2024-09-17,0139,N20,VIIRS,n,2,290.02,1.56,N,0
40.73014,-8.50444,339.47,0.38,0.59,2024-09-17,0139,N20,VIIRS,n,2,294.7,107.05,N,0
40.7299,-8.49964,354.53,0.38,0.59,2024-09-17,0139,N20,VIIRS,n,2,309.85,107.05,N,0
40.72967,-8.49489,344.79,0.38,0.59,2024-09-17,0139,N20,VIIRS,n,2,317.74,61.88,N,0
40.72944,-8.49018,352.8,0.38,0.59,2024-09-17,0139,N20,VIIRS,n,2,309.85,61.88,N,0
40.72921,-8.48541,337.05,0.38,0.59,2024-09-17,0139,N20,VIIRS,n,2,321.91,98.85,N,0
40.72875,-8.47611,345.13,0.38,0.59,2024-09-17,0139,N20,VIIRS,n,2,312.22,67.51,N,0
40.72854,-8.47178,328.81,0.38,0.59,2024-09-17,0139,N20,VIIRS,n,2,322.85,67.51,N,0
40.72833,-8.46754,350.1,0.38,0.59,2024-09-17,0139,N20,VIIRS,n,2,309.49,32.98,N,0
40.72812,-8.46333,354.11,0.38,0.59,2024-09-17,0139,N20,VIIRS,n,2,297.78,32.98,N,0
40.72789,-8.45858,339.99,0.38,0.59,2024-09-17,0139,N20,VIIRS,n,2,296.65,5.26,N,0
40.72765,-8.45382,321.86,0.38,0.59,2024-09-17,0139,N20,VIIRS,n,2,294.37,5.26,N,0
40.72461,-8.39258,325.12,0.38,0.59,2024-09-17,0139,N20,VIIRS,n,2,282.34,3.25,N,0
40.72435,-8.38737,321.9,0.38,0.59,2024-09-17,0139,N20,VIIRS,n,2,284.09,3.25,N,0
40.68627,-7.67099,324,0.35,0.56,2024-09-17,0139,N20,VIIRS,n,2,286.34,3.19,N,0
40.68603,-7.66663,367,0.35,0.56,2024-09-17,0139,N20,VIIRS,h,2,289.81,18.03,N,0
40.72486,-8.39765,307.45,0.38,0.59,2024-09-17,0139,N20,VIIRS,n,2,278.76,2.39,N,0
40.72388,-8.37801,315.59,0.38,0.59,2024-09-17,0139,N20,VIIRS,n,2,284.85,2,N,0
40.72244,-8.34934,311.7,0.38,0.58,2024-09-17,0139,N20,VIIRS,n,2,282.7,5.81,N,0
40.68892,-7.71812,307.79,0.35,0.57,2024-09-17,0139,N20,VIIRS,n,2,290.97,2.11,N,0
40.6865,-7.67513,299.59,0.35,0.56,2024-09-17,0139,N20,VIIRS,n,2,285.95,3.19,N,0
40.68578,-7.66222,306.48,0.35,0.56,2024-09-17,0139,N20,VIIRS,n,2,285.24,18.03,N,0
40.72537,-8.51925,339.26,0.38,0.59,2024-09-17,0139,N20,VIIRS,n,2,289.89,12.15,N,0
40.72514,-8.51443,367,0.38,0.59,2024-09-17,0139,N20,VIIRS,h,2,294.6,54.76,N,0
40.72491,-8.50966,367,0.38,0.59,2024-09-17,0139,N20,VIIRS,h,2,293.78,54.76,N,0
40.72445,-8.50015,367,0.38,0.59,2024-09-17,0139,N20,VIIRS,h,2,320.61,107.05,N,0
40.72421,-8.49541,346.74,0.38,0.59,2024-09-17,0139,N20,VIIRS,n,2,312.06,61.88,N,0
40.72398,-8.49067,367,0.38,0.59,2024-09-17,0139,N20,VIIRS,h,2,309.57,61.88,N,0
40.72375,-8.48594,355.37,0.38,0.59,2024-09-17,0139,N20,VIIRS,n,2,303,98.85,N,0
40.72352,-8.48118,355.12,0.38,0.59,2024-09-17,0139,N20,VIIRS,n,2,298,98.85,N,0
40.7233,-8.47661,367,0.38,0.59,2024-09-17,0139,N20,VIIRS,h,2,302.88,67.51,N,0
40.72308,-8.47217,343.12,0.38,0.59,2024-09-17,0139,N20,VIIRS,n,2,312.47,67.51,N,0
40.72287,-8.46796,346.63,0.38,0.59,2024-09-17,0139,N20,VIIRS,n,2,300.74,32.98,N,0
40.72267,-8.46385,345.35,0.38,0.59,2024-09-17,0139,N20,VIIRS,n,2,293.08,32.98,N,0
40.72245,-8.45945,330.77,0.38,0.59,2024-09-17,0139,N20,VIIRS,n,2,293.14,5.26,N,0
40.71725,-8.35439,324.58,0.38,0.58,2024-09-17,0139,N20,VIIRS,n,2,286.51,5.44,N,0
40.71703,-8.34997,367,0.38,0.58,2024-09-17,0139,N20,VIIRS,h,2,289.06,5.81,N,0
40.71678,-8.34513,347.18,0.38,0.58,2024-09-17,0139,N20,VIIRS,n,2,288.37,5.81,N,0
40.68082,-7.66736,367,0.35,0.56,2024-09-17,0139,N20,VIIRS,h,2,291.86,18.03,N,0
40.68056,-7.66287,334.99,0.35,0.56,2024-09-17,0139,N20,VIIRS,n,2,298.3,18.03,N,0
40.7187,-8.38341,306.89,0.38,0.59,2024-09-17,0139,N20,VIIRS,n,2,279.98,2,N,0
41.58256,-7.59057,343.5,0.35,0.57,2024-09-17,0139,N20,VIIRS,n,2,286.29,3.72,N,0
41.58232,-7.58649,340.43,0.35,0.57,2024-09-17,0139,N20,VIIRS,n,2,290.54,3.72,N,0
41.61866,-8.25692,316.75,0.38,0.59,2024-09-17,0139,N20,VIIRS,n,2,285.31,1.17,N,0
41.58207,-7.58212,299.75,0.35,0.57,2024-09-17,0139,N20,VIIRS,n,2,287.28,4.8,N,0
41.57733,-7.5914,322.64,0.35,0.57,2024-09-17,0139,N20,VIIRS,n,2,288.27,2.47,N,0
41.57709,-7.58717,332.32,0.35,0.57,2024-09-17,0139,N20,VIIRS,n,2,287.3,2.47,N,0
41.57756,-7.59539,313.2,0.35,0.57,2024-09-17,0139,N20,VIIRS,n,2,285.68,1.65,N,0
41.55586,-7.58449,299.8,0.35,0.57,2024-09-17,0139,N20,VIIRS,n,2,285.58,0.79,N,0
41.57066,-7.9568,305.36,0.36,0.58,2024-09-17,0139,N20,VIIRS,n,2,286.65,0.64,N,0
41.5649,-7.84765,299.36,0.36,0.57,2024-09-17,0139,N20,VIIRS,n,2,285.11,1.31,N,0
41.56471,-7.84411,305.06,0.36,0.57,2024-09-17,0139,N20,VIIRS,n,2,286.07,1.3,N,0
41.56452,-7.84052,318.42,0.36,0.57,2024-09-17,0139,N20,VIIRS,n,2,287.85,1.3,N,0
41.56141,-7.88276,324.41,0.36,0.58,2024-09-17,0139,N20,VIIRS,n,2,284.58,126.55,N,0
41.56119,-7.87839,355.71,0.36,0.57,2024-09-17,0139,N20,VIIRS,n,2,292.38,126.55,N,0
41.56097,-7.87432,367,0.36,0.57,2024-09-17,0139,N20,VIIRS,h,2,287.15,20.02,N,0
41.56076,-7.87039,320.02,0.36,0.57,2024-09-17,0139,N20,VIIRS,n,2,284.67,20.02,N,0
41.55942,-7.84508,367,0.36,0.57,2024-09-17,0139,N20,VIIRS,h,2,291.09,8.78,N,0
41.55924,-7.8417,353.42,0.36,0.57,2024-09-17,0139,N20,VIIRS,n,2,295.49,8.78,N,0
41.56166,-7.88736,303.41,0.36,0.58,2024-09-17,0139,N20,VIIRS,n,2,284.99,34.76,N,0
41.56056,-7.86655,319.14,0.36,0.57,2024-09-17,0139,N20,VIIRS,n,2,284.26,14.29,N,0
41.56036,-7.86275,307.52,0.36,0.57,2024-09-17,0139,N20,VIIRS,n,2,283.9,14.29,N,0
41.56016,-7.85899,299.87,0.36,0.57,2024-09-17,0139,N20,VIIRS,n,2,284.21,3.75,N,0
41.55996,-7.85531,298.25,0.36,0.57,2024-09-17,0139,N20,VIIRS,n,2,284.31,3.75,N,0
41.55978,-7.85184,303.39,0.36,0.57,2024-09-17,0139,N20,VIIRS,n,2,284.99,21.57,N,0
41.5596,-7.84845,317.28,0.36,0.57,2024-09-17,0139,N20,VIIRS,n,2,288.89,21.57,N,0
41.55711,-7.90264,367,0.36,0.58,2024-09-17,0139,N20,VIIRS,h,2,290.84,10.85,N,0
41.55687,-7.89817,353.71,0.36,0.58,2024-09-17,0139,N20,VIIRS,n,2,289.41,10.85,N,0
41.55665,-7.89391,367,0.36,0.58,2024-09-17,0139,N20,VIIRS,h,2,291.31,34.76,N,0
41.55643,-7.88971,367,0.36,0.58,2024-09-17,0139,N20,VIIRS,h,2,294.23,34.76,N,0
41.55573,-7.8763,348.17,0.36,0.57,2024-09-17,0139,N20,VIIRS,n,2,292.29,20.02,N,0
41.55549,-7.87184,367,0.36,0.57,2024-09-17,0139,N20,VIIRS,h,2,292.66,20.02,N,0
41.55527,-7.8676,352.15,0.36,0.57,2024-09-17,0139,N20,VIIRS,n,2,301.45,14.29,N,0
41.55507,-7.86369,333.08,0.36,0.57,2024-09-17,0139,N20,VIIRS,n,2,289.7,14.29,N,0
41.55449,-7.85278,367,0.36,0.57,2024-09-17,0139,N20,VIIRS,h,2,299.19,21.57,N,0
41.55431,-7.84944,334.4,0.36,0.57,2024-09-17,0139,N20,VIIRS,n,2,303.25,21.57,N,0
41.55771,-7.91436,300,0.36,0.58,2024-09-17,0139,N20,VIIRS,n,2,286.59,2.77,N,0
41.55739,-7.90816,315.14,0.36,0.58,2024-09-17,0139,N20,VIIRS,n,2,286.12,2.77,N,0
41.55487,-7.85992,312.85,0.36,0.57,2024-09-17,0139,N20,VIIRS,n,2,286.92,3.75,N,0
41.55467,-7.85624,316.56,0.36,0.57,2024-09-17,0139,N20,VIIRS,n,2,287.1,3.75,N,0
41.55414,-7.8462,313.54,0.36,0.57,2024-09-17,0139,N20,VIIRS,n,2,286.58,8.78,N,0
41.55396,-7.84279,297.84,0.36,0.57,2024-09-17,0139,N20,VIIRS,n,2,284.29,8.78,N,0
41.55246,-7.91641,338.06,0.36,0.58,2024-09-17,0139,N20,VIIRS,n,2,287.92,26.21,N,0
41.55214,-7.91026,356.15,0.36,0.58,2024-09-17,0139,N20,VIIRS,n,2,295.65,26.21,N,0
41.55184,-7.90441,367,0.36,0.58,2024-09-17,0139,N20,VIIRS,h,2,318.53,37.85,N,0
41.55161,-7.90007,367,0.36,0.58,2024-09-17,0139,N20,VIIRS,h,2,305.24,37.85,N,0
41.55141,-7.89609,352.43,0.36,0.58,2024-09-17,0139,N20,VIIRS,n,2,315.31,19.23,N,0
41.5512,-7.89202,355.13,0.36,0.58,2024-09-17,0139,N20,VIIRS,n,2,302.32,19.23,N,0
41.55098,-7.88786,337.91,0.36,0.58,2024-09-17,0139,N20,VIIRS,n,2,296.24,4.74,N,0
41.55027,-7.87423,323.18,0.36,0.57,2024-09-17,0139,N20,VIIRS,n,2,291.98,13.47,N,0
41.55003,-7.86972,367,0.36,0.57,2024-09-17,0139,N20,VIIRS,h,2,297.12,36.93,N,0
41.54982,-7.86565,330.93,0.36,0.57,2024-09-17,0139,N20,VIIRS,n,2,304.98,36.93,N,0
41.54961,-7.86175,367,0.36,0.57,2024-09-17,0139,N20,VIIRS,h,2,296.1,20.73,N,0
41.54942,-7.85797,354.93,0.36,0.57,2024-09-17,0139,N20,VIIRS,n,2,302.94,20.73,N,0
41.54922,-7.85437,349.64,0.36,0.57,2024-09-17,0139,N20,VIIRS,n,2,298.67,20.09,N,0
41.5344,-7.57742,354.42,0.35,0.57,2024-09-17,0139,N20,VIIRS,n,2,305.74,8.57,N,0
41.5527,-7.92116,301.95,0.36,0.58,2024-09-17,0139,N20,VIIRS,n,2,288.05,1.71,N,0
41.55075,-7.8835,318.91,0.36,0.57,2024-09-17,0139,N20,VIIRS,n,2,291.78,4.74,N,0
41.55051,-7.87896,318.56,0.36,0.57,2024-09-17,0139,N20,VIIRS,n,2,290.76,13.47,N,0
41.54905,-7.85088,308.57,0.36,0.57,2024-09-17,0139,N20,VIIRS,n,2,286.9,20.09,N,0
41.53468,-7.58262,311.84,0.35,0.57,2024-09-17,0139,N20,VIIRS,n,2,286.11,8.57,N,0
41.53414,-7.57254,297.53,0.35,0.57,2024-09-17,0139,N20,VIIRS,n,2,283.46,11.35,N,0
40.66592,-7.68302,334.67,0.35,0.56,2024-09-17,0139,N20,VIIRS,n,2,291.36,7.18,N,0
40.66568,-7.67882,367,0.35,0.56,2024-09-17,0139,N20,VIIRS,h,2,292.16,6.07,N,0
40.66545,-7.67464,340.07,0.35,0.56,2024-09-17,0139,N20,VIIRS,n,2,288.67,6.07,N,0
40.66308,-7.63177,367,0.34,0.56,2024-09-17,0139,N20,VIIRS,h,2,287.8,2.64,N,0
40.66233,-7.61812,322.79,0.34,0.56,2024-09-17,0139,N20,VIIRS,n,2,288.85,3.28,N,0
40.66208,-7.61376,333.11,0.34,0.56,2024-09-17,0139,N20,VIIRS,n,2,290.14,3.28,N,0
40.66185,-7.60961,342.01,0.34,0.56,2024-09-17,0139,N20,VIIRS,n,2,288.37,6.26,N,0
40.66164,-7.60576,354.58,0.34,0.56,2024-09-17,0139,N20,VIIRS,n,2,290.09,6.26,N,0
40.70695,-8.47848,317.51,0.38,0.59,2024-09-17,0139,N20,VIIRS,n,2,282.38,3.32,N,0
40.70249,-8.38654,305.66,0.38,0.59,2024-09-17,0139,N20,VIIRS,n,2,281.1,4.16,N,0
40.70229,-8.38241,313.72,0.38,0.59,2024-09-17,0139,N20,VIIRS,n,2,282.5,4.16,N,0
40.70145,-8.3653,308.42,0.38,0.59,2024-09-17,0139,N20,VIIRS,n,2,283.76,4.35,N,0
40.70122,-8.36057,315.41,0.38,0.58,2024-09-17,0139,N20,VIIRS,n,2,284.98,2.07,N,0
40.70097,-8.35544,313.08,0.38,0.58,2024-09-17,0139,N20,VIIRS,n,2,284.6,2.07,N,0
40.66283,-7.62729,315.81,0.34,0.56,2024-09-17,0139,N20,VIIRS,n,2,288.95,3.47,N,0
40.66257,-7.62254,316.6,0.34,0.56,2024-09-17,0139,N20,VIIRS,n,2,288.28,3.47,N,0
40.70194,-8.48838,326.1,0.38,0.59,2024-09-17,0139,N20,VIIRS,n,2,286.68,5.56,N,0
40.69669,-8.37935,350.45,0.38,0.59,2024-09-17,0139,N20,VIIRS,n,2,289.21,10.46,N,0
40.6625,-7.71671,332.27,0.35,0.57,2024-09-17,0139,N20,VIIRS,n,2,289.76,13.92,N,0
40.66228,-7.71273,367,0.35,0.57,2024-09-17,0139,N20,VIIRS,h,2,298.92,11.53,N,0
40.66207,-7.70883,367,0.35,0.57,2024-09-17,0139,N20,VIIRS,h,2,297.74,11.53,N,0
40.66186,-7.70493,347.6,0.35,0.57,2024-09-17,0139,N20,VIIRS,n,2,292.01,9.23,N,0
40.66162,-7.70072,367,0.35,0.57,2024-09-17,0139,N20,VIIRS,h,2,289.94,9.23,N,0
40.70305,-8.51161,318.4,0.38,0.59,2024-09-17,0139,N20,VIIRS,n,2,277.21,2.82,N,0
40.69689,-8.38358,319.82,0.38,0.59,2024-09-17,0139,N20,VIIRS,n,2,285.28,4.16,N,0
40.65805,-7.63562,302.62,0.34,0.56,2024-09-17,0139,N20,VIIRS,n,2,287.98,2.64,N,0
40.65781,-7.63122,301.6,0.34,0.56,2024-09-17,0139,N20,VIIRS,n,2,287.37,2.64,N,0
40.69167,-8.38839,318.66,0.38,0.59,2024-09-17,0139,N20,VIIRS,n,2,284.29,3.03,N,0
40.68625,-8.38893,338.26,0.38,0.59,2024-09-17,0139,N20,VIIRS,n,2,284.51,3.03,N,0
40.68648,-8.39369,309.8,0.38,0.59,2024-09-17,0139,N20,VIIRS,n,2,282.3,3.83,N,0
40.68103,-8.39392,349.89,0.38,0.59,2024-09-17,0139,N20,VIIRS,n,2,284.99,8.75,N,0
40.68081,-8.38925,345.37,0.38,0.59,2024-09-17,0139,N20,VIIRS,n,2,302.58,9.73,N,0
40.68148,-8.40336,310.77,0.38,0.59,2024-09-17,0139,N20,VIIRS,n,2,282.1,2.13,N,0
40.68126,-8.39862,316.16,0.38,0.59,2024-09-17,0139,N20,VIIRS,n,2,282.67,8.75,N,0
40.68058,-8.38451,313.38,0.38,0.59,2024-09-17,0139,N20,VIIRS,n,2,284,9.73,N,0
40.68036,-8.37977,307.96,0.38,0.59,2024-09-17,0139,N20,VIIRS,n,2,282.87,1.55,N,0
40.64379,-7.66255,306.35,0.35,0.56,2024-09-17,0139,N20,VIIRS,n,2,287.29,0.66,N,0
40.64314,-7.65064,303.35,0.35,0.56,2024-09-17,0139,N20,VIIRS,n,2,287.01,0.76,N,0
40.67582,-8.39886,333.66,0.38,0.59,2024-09-17,0139,N20,VIIRS,n,2,282.22,8.75,N,0
40.67559,-8.39414,356.49,0.38,0.59,2024-09-17,0139,N20,VIIRS,n,2,284.77,8.75,N,0
40.67887,-8.46376,301.02,0.38,0.59,2024-09-17,0139,N20,VIIRS,n,2,273.34,0.42,N,0
40.67867,-8.45941,301.59,0.38,0.59,2024-09-17,0139,N20,VIIRS,n,2,274.35,0.42,N,0
40.67691,-8.4222,309.46,0.38,0.59,2024-09-17,0139,N20,VIIRS,n,2,279.42,2.71,N,0
40.6767,-8.41757,312.19,0.38,0.59,2024-09-17,0139,N20,VIIRS,n,2,279.46,2.12,N,0
40.67648,-8.413,315.54,0.38,0.59,2024-09-17,0139,N20,VIIRS,n,2,281.1,2.12,N,0
40.67626,-8.40827,319.43,0.38,0.59,2024-09-17,0139,N20,VIIRS,n,2,281.98,2.13,N,0
40.67603,-8.40356,319.85,0.38,0.59,2024-09-17,0139,N20,VIIRS,n,2,281.77,2.13,N,0
40.67537,-8.38934,315.77,0.38,0.59,2024-09-17,0139,N20,VIIRS,n,2,281.8,9.73,N,0
40.67514,-8.38454,313.64,0.38,0.59,2024-09-17,0139,N20,VIIRS,n,2,281.29,9.73,N,0
40.67491,-8.37974,312.67,0.38,0.59,2024-09-17,0139,N20,VIIRS,n,2,280.37,1.55,N,0
40.67469,-8.37503,310.4,0.38,0.59,2024-09-17,0139,N20,VIIRS,n,2,282.33,1.55,N,0
40.67446,-8.37019,308.88,0.38,0.59,2024-09-17,0139,N20,VIIRS,n,2,283.95,3.69,N,0
40.67373,-8.35471,307.3,0.38,0.58,2024-09-17,0139,N20,VIIRS,n,2,282.33,3.24,N,0
40.67349,-8.34981,308.06,0.38,0.58,2024-09-17,0139,N20,VIIRS,n,2,280.99,1.5,N,0
40.67325,-8.34474,308.24,0.38,0.58,2024-09-17,0139,N20,VIIRS,n,2,279.37,1.5,N,0
40.67299,-8.33923,308.51,0.38,0.58,2024-09-17,0139,N20,VIIRS,n,2,278.97,1.41,N,0
40.67274,-8.33401,316.28,0.38,0.58,2024-09-17,0139,N20,VIIRS,n,2,278.05,1.41,N,0
40.6725,-8.32908,313.46,0.38,0.58,2024-09-17,0139,N20,VIIRS,n,2,277.36,1.21,N,0
40.67227,-8.32411,308.96,0.38,0.58,2024-09-17,0139,N20,VIIRS,n,2,276.77,1.21,N,0
40.67202,-8.31901,304.42,0.38,0.58,2024-09-17,0139,N20,VIIRS,n,2,276.96,0.68,N,0
40.67179,-8.31423,300.62,0.37,0.58,2024-09-17,0139,N20,VIIRS,n,2,277.95,0.68,N,0
40.6384,-7.66001,301.89,0.35,0.56,2024-09-17,0139,N20,VIIRS,n,2,286.54,0.66,N,0
40.63749,-7.64328,313.67,0.34,0.56,2024-09-17,0139,N20,VIIRS,n,2,288.69,1.98,N,0
40.63726,-7.63902,313.97,0.34,0.56,2024-09-17,0139,N20,VIIRS,n,2,288.79,1.36,N,0
40.67147,-8.42255,367,0.38,0.59,2024-09-17,0139,N20,VIIRS,h,2,279.99,3.88,N,0
40.67125,-8.41775,367,0.38,0.59,2024-09-17,0139,N20,VIIRS,h,2,278.45,6.51,N,0
40.67102,-8.41302,330.96,0.38,0.59,2024-09-17,0139,N20,VIIRS,n,2,276.81,6.51,N,0
40.67081,-8.40844,353.96,0.38,0.59,2024-09-17,0139,N20,VIIRS,n,2,278.55,18.89,N,0
40.67059,-8.40382,356.71,0.38,0.59,2024-09-17,0139,N20,VIIRS,n,2,289.59,18.89,N,0
40.67037,-8.39917,341.75,0.38,0.59,2024-09-17,0139,N20,VIIRS,n,2,287.89,11.12,N,0
40.67015,-8.39442,324.88,0.38,0.59,2024-09-17,0139,N20,VIIRS,n,2,276.66,11.12,N,0
40.66992,-8.38948,321.46,0.38,0.59,2024-09-17,0139,N20,VIIRS,n,2,277.83,3.45,N,0
40.66969,-8.38454,320.22,0.38,0.59,2024-09-17,0139,N20,VIIRS,n,2,279.23,3.45,N,0
40.66946,-8.37978,320.52,0.38,0.59,2024-09-17,0139,N20,VIIRS,n,2,279.27,4.03,N,0
40.66924,-8.37505,320.5,0.38,0.59,2024-09-17,0139,N20,VIIRS,n,2,279.88,4.03,N,0
40.66901,-8.37014,321.14,0.38,0.59,2024-09-17,0139,N20,VIIRS,n,2,281.68,4.99,N,0
40.66876,-8.36487,323.52,0.38,0.59,2024-09-17,0139,N20,VIIRS,n,2,282.33,4.99,N,0
40.66851,-8.35945,324.27,0.38,0.58,2024-09-17,0139,N20,VIIRS,n,2,282.62,5.87,N,0
40.66827,-8.35422,325.89,0.38,0.58,2024-09-17,0139,N20,VIIRS,n,2,281.39,5.87,N,0
40.66805,-8.3498,325.96,0.38,0.58,2024-09-17,0139,N20,VIIRS,n,2,279.77,7.09,N,0
40.66784,-8.34542,328.84,0.38,0.58,2024-09-17,0139,N20,VIIRS,n,2,279.28,7.09,N,0
40.66759,-8.34006,331.58,0.38,0.58,2024-09-17,0139,N20,VIIRS,n,2,279.62,8.2,N,0
40.66735,-8.33492,330.01,0.38,0.58,2024-09-17,0139,N20,VIIRS,n,2,279.98,8.2,N,0
40.66712,-8.33006,329.74,0.38,0.58,2024-09-17,0139,N20,VIIRS,n,2,279.42,6.04,N,0
40.66689,-8.32527,322.7,0.38,0.58,2024-09-17,0139,N20,VIIRS,n,2,279.38,6.04,N,0
40.63247,-7.64726,367,0.35,0.56,2024-09-17,0139,N20,VIIRS,h,2,298.38,25.71,N,0
40.63224,-7.64312,352.15,0.34,0.56,2024-09-17,0139,N20,VIIRS,n,2,304.33,25.71,N,0
40.63201,-7.63887,332.82,0.34,0.56,2024-09-17,0139,N20,VIIRS,n,2,290.52,14.95,N,0
40.67344,-8.46473,302.01,0.38,0.59,2024-09-17,0139,N20,VIIRS,n,2,273.72,0.33,N,0
40.67324,-8.46046,302.95,0.38,0.59,2024-09-17,0139,N20,VIIRS,n,2,274.61,0.33,N,0
40.67302,-8.45585,303.45,0.38,0.59,2024-09-17,0139,N20,VIIRS,n,2,275.58,0.75,N,0
40.67194,-8.43262,309.72,0.38,0.59,2024-09-17,0139,N20,VIIRS,n,2,281.19,1.48,N,0
40.67171,-8.42763,316.62,0.38,0.59,2024-09-17,0139,N20,VIIRS,n,2,279.01,3.88,N,0
40.66667,-8.32054,317.06,0.38,0.58,2024-09-17,0139,N20,VIIRS,n,2,278.8,3.15,N,0
40.66644,-8.31593,312.33,0.37,0.58,2024-09-17,0139,N20,VIIRS,n,2,278.82,3.15,N,0
40.66624,-8.31158,307.5,0.37,0.58,2024-09-17,0139,N20,VIIRS,n,2,279.31,1.48,N,0
40.66604,-8.30748,303.37,0.37,0.58,2024-09-17,0139,N20,VIIRS,n,2,279.48,1.48,N,0
40.66585,-8.30357,300.82,0.37,0.58,2024-09-17,0139,N20,VIIRS,n,2,278.55,0.87,N,0
40.63429,-7.68133,312.4,0.35,0.56,2024-09-17,0139,N20,VIIRS,n,2,286.3,1.83,N,0
40.63315,-7.66001,306.31,0.35,0.56,2024-09-17,0139,N20,VIIRS,n,2,289.24,1.32,N,0
40.63269,-7.65135,309.72,0.35,0.56,2024-09-17,0139,N20,VIIRS,n,2,287.61,16.43,N,0
40.66604,-8.42319,324,0.38,0.59,2024-09-17,0139,N20,VIIRS,n,2,273.53,3.88,N,0
40.66582,-8.41839,333.21,0.38,0.59,2024-09-17,0139,N20,VIIRS,n,2,272.35,6.51,N,0
40.6656,-8.41371,349.3,0.38,0.59,2024-09-17,0139,N20,VIIRS,n,2,273.84,6.51,N,0
40.66538,-8.40903,367,0.38,0.59,2024-09-17,0139,N20,VIIRS,h,2,276.13,18.89,N,0
40.66516,-8.40433,338.13,0.38,0.59,2024-09-17,0139,N20,VIIRS,n,2,274.66,18.89,N,0
40.66494,-8.39966,328.36,0.38,0.59,2024-09-17,0139,N20,VIIRS,n,2,275.43,11.12,N,0
40.66472,-8.39491,326.92,0.38,0.59,2024-09-17,0139,N20,VIIRS,n,2,277.19,11.12,N,0
40.66449,-8.39,328.92,0.38,0.59,2024-09-17,0139,N20,VIIRS,n,2,278.22,3.45,N,0
40.66426,-8.38515,331.81,0.38,0.59,2024-09-17,0139,N20,VIIRS,n,2,279.66,3.45,N,0
40.66404,-8.38035,335.68,0.38,0.59,2024-09-17,0139,N20,VIIRS,n,2,280.12,4.03,N,0
40.66381,-8.3755,341.14,0.38,0.59,2024-09-17,0139,N20,VIIRS,n,2,279.6,4.03,N,0
40.66358,-8.37055,346.35,0.38,0.59,2024-09-17,0139,N20,VIIRS,n,2,279.39,4.99,N,0
40.66334,-8.36542,350.88,0.38,0.59,2024-09-17,0139,N20,VIIRS,n,2,278.97,4.99,N,0
40.66309,-8.36007,352.21,0.38,0.58,2024-09-17,0139,N20,VIIRS,n,2,279.3,5.87,N,0
40.66285,-8.35482,367,0.38,0.58,2024-09-17,0139,N20,VIIRS,h,2,278.87,5.87,N,0
40.66264,-8.35042,367,0.38,0.58,2024-09-17,0139,N20,VIIRS,h,2,278.61,7.09,N,0
40.66244,-8.34615,367,0.38,0.58,2024-09-17,0139,N20,VIIRS,h,2,278.53,7.09,N,0
40.6622,-8.34112,367,0.38,0.58,2024-09-17,0139,N20,VIIRS,h,2,276.68,8.2,N,0
40.66196,-8.33598,367,0.38,0.58,2024-09-17,0139,N20,VIIRS,h,2,278.28,8.2,N,0
40.66174,-8.33137,367,0.38,0.58,2024-09-17,0139,N20,VIIRS,h,2,279,6.04,N,0
40.66153,-8.32686,354.79,0.38,0.58,2024-09-17,0139,N20,VIIRS,n,2,279.8,6.04,N,0
40.66132,-8.32246,340.31,0.38,0.58,2024-09-17,0139,N20,VIIRS,n,2,280.7,3.15,N,0
40.66111,-8.31801,330.4,0.37,0.58,2024-09-17,0139,N20,VIIRS,n,2,280.04,3.15,N,0
40.6609,-8.31352,320.84,0.37,0.58,2024-09-17,0139,N20,VIIRS,n,2,280.12,1.48,N,0
40.62995,-7.6985,348.58,0.35,0.57,2024-09-17,0139,N20,VIIRS,n,2,292.4,5.95,N,0
40.62973,-7.69434,356.47,0.35,0.56,2024-09-17,0139,N20,VIIRS,n,2,292,5.95,N,0
40.6295,-7.6901,345.31,0.35,0.56,2024-09-17,0139,N20,VIIRS,n,2,290.96,4.87,N,0
40.62928,-7.68589,326.88,0.35,0.56,2024-09-17,0139,N20,VIIRS,n,2,290.99,4.87,N,0
40.62744,-7.65122,367,0.35,0.56,2024-09-17,0139,N20,VIIRS,h,2,291.82,16.43,N,0
40.62722,-7.64714,345.28,0.35,0.56,2024-09-17,0139,N20,VIIRS,n,2,297.88,25.71,N,0
40.668,-8.46553,302.87,0.38,0.59,2024-09-17,0139,N20,VIIRS,n,2,275.78,0.33,N,0
40.66781,-8.46136,303.58,0.38,0.59,2024-09-17,0139,N20,VIIRS,n,2,276.13,0.33,N,0
40.66758,-8.4564,306.37,0.38,0.59,2024-09-17,0139,N20,VIIRS,n,2,276.83,0.75,N,0
40.66736,-8.45173,308.38,0.38,0.59,2024-09-17,0139,N20,VIIRS,n,2,275.53,0.75,N,0
40.66714,-8.44693,310.82,0.38,0.59,2024-09-17,0139,N20,VIIRS,n,2,276.49,1.61,N,0
40.66693,-8.44246,311.03,0.38,0.59,2024-09-17,0139,N20,VIIRS,n,2,278.23,1.61,N,0
40.66673,-8.43802,312.9,0.38,0.59,2024-09-17,0139,N20,VIIRS,n,2,277.58,1.48,N,0
40.6665,-8.43315,315.57,0.38,0.59,2024-09-17,0139,N20,VIIRS,n,2,276.99,1.48,N,0
40.66627,-8.42815,318.68,0.38,0.59,2024-09-17,0139,N20,VIIRS,n,2,275.07,3.88,N,0
40.66069,-8.30919,313.41,0.37,0.58,2024-09-17,0139,N20,VIIRS,n,2,280.43,1.48,N,0
40.66049,-8.30509,307.7,0.37,0.58,2024-09-17,0139,N20,VIIRS,n,2,279.83,0.87,N,0
40.66031,-8.30119,302.8,0.37,0.58,2024-09-17,0139,N20,VIIRS,n,2,280.09,0.87,N,0
40.66012,-8.29743,299.95,0.37,0.58,2024-09-17,0139,N20,VIIRS,n,2,280.02,1.23,N,0
40.62906,-7.68177,308.35,0.35,0.56,2024-09-17,0139,N20,VIIRS,n,2,289.24,1.83,N,0
40.6279,-7.65989,310.1,0.35,0.56,2024-09-17,0139,N20,VIIRS,n,2,288.81,1.32,N,0
40.68479,-8.39203,322.6,0.38,0.59,2024-09-17,0139,N20,VIIRS,n,2,283.83,9.45,N,0
40.68453,-8.3873,325.35,0.38,0.59,2024-09-17,0139,N20,VIIRS,n,2,284.76,8.33,N,0
40.6853,-8.40152,306.69,0.38,0.59,2024-09-17,0139,N20,VIIRS,n,2,282.09,1.43,N,0
40.68504,-8.39677,308.82,0.38,0.59,2024-09-17,0139,N20,VIIRS,n,2,283.02,9.45,N,0
40.68427,-8.3825,305.6,0.38,0.59,2024-09-17,0139,N20,VIIRS,n,2,283.45,8.33,N,0
40.64325,-7.66177,302.72,0.35,0.56,2024-09-17,0139,N20,VIIRS,n,2,286.66,0.77,N,0
40.64252,-7.64979,307.44,0.34,0.56,2024-09-17,0139,N20,VIIRS,n,2,286.59,1,N,0
40.67959,-8.39693,333.33,0.38,0.59,2024-09-17,0139,N20,VIIRS,n,2,282.29,9.45,N,0
40.67934,-8.39226,367,0.38,0.59,2024-09-17,0139,N20,VIIRS,h,2,286.86,9.45,N,0
40.67909,-8.38757,340.12,0.38,0.59,2024-09-17,0139,N20,VIIRS,n,2,293.3,8.33,N,0
40.63683,-7.64228,326.23,0.34,0.56,2024-09-17,0139,N20,VIIRS,n,2,290.38,1.71,N,0
40.68036,-8.41122,308.15,0.38,0.59,2024-09-17,0139,N20,VIIRS,n,2,281.86,2.74,N,0
40.6801,-8.40643,310.77,0.38,0.59,2024-09-17,0139,N20,VIIRS,n,2,280.98,1.43,N,0
40.67985,-8.40167,313.8,0.38,0.59,2024-09-17,0139,N20,VIIRS,n,2,281.28,1.43,N,0
40.67884,-8.38284,312.8,0.38,0.59,2024-09-17,0139,N20,VIIRS,n,2,281.7,8.33,N,0
40.67859,-8.37812,308.95,0.38,0.59,2024-09-17,0139,N20,VIIRS,n,2,281.61,1.62,N,0
40.67834,-8.37343,307.11,0.38,0.59,2024-09-17,0139,N20,VIIRS,n,2,282.64,1.62,N,0
40.67808,-8.36865,305.63,0.38,0.58,2024-09-17,0139,N20,VIIRS,n,2,282.96,2.52,N,0
40.67728,-8.35371,303.71,0.38,0.58,2024-09-17,0139,N20,VIIRS,n,2,281.81,1.99,N,0
40.67699,-8.34836,303.64,0.38,0.58,2024-09-17,0139,N20,VIIRS,n,2,279.93,0.77,N,0
40.67669,-8.34273,302.99,0.38,0.58,2024-09-17,0139,N20,VIIRS,n,2,278.24,0.77,N,0
40.67638,-8.3371,303.04,0.38,0.58,2024-09-17,0139,N20,VIIRS,n,2,276.54,0.63,N,0
40.67612,-8.33215,310.22,0.38,0.58,2024-09-17,0139,N20,VIIRS,n,2,276.12,0.63,N,0
40.67586,-8.32732,303.72,0.38,0.58,2024-09-17,0139,N20,VIIRS,n,2,275.44,0.45,N,0
40.67559,-8.32239,302.79,0.37,0.58,2024-09-17,0139,N20,VIIRS,n,2,275.62,0.45,N,0
40.63808,-7.66324,303.55,0.35,0.56,2024-09-17,0139,N20,VIIRS,n,2,285.79,0.77,N,0
40.63708,-7.64655,299.37,0.34,0.56,2024-09-17,0139,N20,VIIRS,n,2,286.79,1.71,N,0
40.63657,-7.63807,311.84,0.34,0.56,2024-09-17,0139,N20,VIIRS,n,2,288.57,2.08,N,0
40.67514,-8.41588,342.82,0.38,0.59,2024-09-17,0139,N20,VIIRS,n,2,279.19,5.26,N,0
40.6749,-8.41123,322.36,0.38,0.59,2024-09-17,0139,N20,VIIRS,n,2,279.29,5.26,N,0
40.67465,-8.40655,323.09,0.38,0.59,2024-09-17,0139,N20,VIIRS,n,2,279.02,21.82,N,0
40.6744,-8.40186,326.43,0.38,0.59,2024-09-17,0139,N20,VIIRS,n,2,279.73,21.82,N,0
40.67415,-8.39718,348.86,0.38,0.59,2024-09-17,0139,N20,VIIRS,n,2,280.64,9.18,N,0
40.6739,-8.3924,327.79,0.38,0.59,2024-09-17,0139,N20,VIIRS,n,2,277.77,9.18,N,0
40.63385,-7.68037,320.74,0.35,0.56,2024-09-17,0139,N20,VIIRS,n,2,286.82,1.75,N,0
40.63206,-7.65031,329.61,0.34,0.56,2024-09-17,0139,N20,VIIRS,n,2,288.89,12.94,N,0
40.63182,-7.64622,354.6,0.34,0.56,2024-09-17,0139,N20,VIIRS,n,2,304.12,25.63,N,0
40.63157,-7.64208,348.87,0.34,0.56,2024-09-17,0139,N20,VIIRS,n,2,302.35,25.63,N,0
40.67759,-8.46232,301.67,0.38,0.59,2024-09-17,0139,N20,VIIRS,n,2,272.64,0.35,N,0
40.67736,-8.45787,302.2,0.38,0.59,2024-09-17,0139,N20,VIIRS,n,2,274.72,0.35,N,0
40.67564,-8.4253,309.85,0.38,0.59,2024-09-17,0139,N20,VIIRS,n,2,279.02,3.85,N,0
40.67538,-8.42049,316.3,0.38,0.59,2024-09-17,0139,N20,VIIRS,n,2,276.97,3.85,N,0
40.67364,-8.38753,316.96,0.38,0.59,2024-09-17,0139,N20,VIIRS,n,2,279.02,2.41,N,0
40.67338,-8.38271,315.69,0.38,0.59,2024-09-17,0139,N20,VIIRS,n,2,279.46,2.41,N,0
40.67313,-8.37794,314.65,0.38,0.59,2024-09-17,0139,N20,VIIRS,n,2,279.3,2.32,N,0
40.67287,-8.37321,312.79,0.38,0.59,2024-09-17,0139,N20,VIIRS,n,2,281.77,2.32,N,0
40.67261,-8.36819,311.48,0.38,0.58,2024-09-17,0139,N20,VIIRS,n,2,283.65,2.53,N,0
40.67233,-8.36284,310.74,0.38,0.58,2024-09-17,0139,N20,VIIRS,n,2,283.29,2.53,N,0
40.67204,-8.3576,310.77,0.38,0.58,2024-09-17,0139,N20,VIIRS,n,2,282.67,2.89,N,0
40.67178,-8.35256,311.2,0.38,0.58,2024-09-17,0139,N20,VIIRS,n,2,281.71,2.89,N,0
40.67153,-8.34794,312.65,0.38,0.58,2024-09-17,0139,N20,VIIRS,n,2,280.47,3.4,N,0
40.67126,-8.34295,315.37,0.38,0.58,2024-09-17,0139,N20,VIIRS,n,2,280.4,3.4,N,0
40.67097,-8.33748,316.49,0.38,0.58,2024-09-17,0139,N20,VIIRS,n,2,280.2,3.44,N,0
40.6707,-8.33244,318.02,0.38,0.58,2024-09-17,0139,N20,VIIRS,n,2,280.95,3.44,N,0
40.67043,-8.32751,317.21,0.38,0.58,2024-09-17,0139,N20,VIIRS,n,2,279.92,2.61,N,0
40.67016,-8.32243,310.07,0.37,0.58,2024-09-17,0139,N20,VIIRS,n,2,278.33,2.61,N,0
40.66991,-8.31773,306.4,0.37,0.58,2024-09-17,0139,N20,VIIRS,n,2,278.51,1.56,N,0
40.66966,-8.31317,303.83,0.37,0.58,2024-09-17,0139,N20,VIIRS,n,2,278.27,1.56,N,0
40.66944,-8.30902,301.59,0.37,0.58,2024-09-17,0139,N20,VIIRS,n,2,278.68,1.25,N,0
40.63257,-7.65888,303.39,0.35,0.56,2024-09-17,0139,N20,VIIRS,n,2,288.94,0.91,N,0
40.63231,-7.65448,301.15,0.35,0.56,2024-09-17,0139,N20,VIIRS,n,2,288.12,12.94,N,0
40.63131,-7.63778,314.28,0.34,0.56,2024-09-17,0139,N20,VIIRS,n,2,287.91,11.06,N,0
40.6702,-8.42575,325,0.38,0.59,2024-09-17,0139,N20,VIIRS,n,2,276,3.85,N,0
40.66994,-8.42079,367,0.38,0.59,2024-09-17,0139,N20,VIIRS,h,2,278.6,3.85,N,0
40.66969,-8.41606,335.37,0.38,0.59,2024-09-17,0139,N20,VIIRS,n,2,274.2,5.26,N,0
40.66945,-8.41142,343.35,0.38,0.59,2024-09-17,0139,N20,VIIRS,n,2,274.83,5.26,N,0
40.6692,-8.40683,367,0.38,0.59,2024-09-17,0139,N20,VIIRS,h,2,279.98,21.82,N,0
40.66896,-8.40219,350,0.38,0.59,2024-09-17,0139,N20,VIIRS,n,2,292.31,21.82,N,0
40.66872,-8.39755,347.43,0.38,0.59,2024-09-17,0139,N20,VIIRS,n,2,278.64,9.18,N,0
40.66846,-8.39271,324.6,0.38,0.59,2024-09-17,0139,N20,VIIRS,n,2,277.73,9.18,N,0
40.6682,-8.38777,322.77,0.38,0.59,2024-09-17,0139,N20,VIIRS,n,2,278.47,2.41,N,0
40.66794,-8.38294,322.86,0.38,0.59,2024-09-17,0139,N20,VIIRS,n,2,280.01,2.41,N,0
40.66769,-8.37817,324.62,0.38,0.59,2024-09-17,0139,N20,VIIRS,n,2,279.66,2.32,N,0
40.66744,-8.37339,326.59,0.38,0.59,2024-09-17,0139,N20,VIIRS,n,2,279.36,2.32,N,0
40.66717,-8.36838,330.43,0.38,0.58,2024-09-17,0139,N20,VIIRS,n,2,279.39,2.53,N,0
40.66689,-8.36306,333.63,0.38,0.58,2024-09-17,0139,N20,VIIRS,n,2,279.84,2.53,N,0
40.6666,-8.35764,335.9,0.38,0.58,2024-09-17,0139,N20,VIIRS,n,2,279.66,2.89,N,0
40.66634,-8.35268,340.73,0.38,0.58,2024-09-17,0139,N20,VIIRS,n,2,279.04,2.89,N,0
40.66611,-8.34845,339.48,0.38,0.58,2024-09-17,0139,N20,VIIRS,n,2,278.09,3.4,N,0
40.66587,-8.34389,341.37,0.38,0.58,2024-09-17,0139,N20,VIIRS,n,2,277.01,3.4,N,0
40.66558,-8.33853,343.63,0.38,0.58,2024-09-17,0139,N20,VIIRS,n,2,277,3.44,N,0
40.66532,-8.3336,340.89,0.38,0.58,2024-09-17,0139,N20,VIIRS,n,2,277.84,3.44,N,0
40.66507,-8.32885,336.98,0.38,0.58,2024-09-17,0139,N20,VIIRS,n,2,278.69,2.61,N,0
40.66482,-8.32418,329.35,0.37,0.58,2024-09-17,0139,N20,VIIRS,n,2,279.25,2.61,N,0
40.66457,-8.31958,323.17,0.37,0.58,2024-09-17,0139,N20,VIIRS,n,2,279.93,1.56,N,0
40.6296,-7.69753,347.53,0.35,0.56,2024-09-17,0139,N20,VIIRS,n,2,294.7,6.72,N,0
40.62936,-7.69335,367,0.35,0.56,2024-09-17,0139,N20,VIIRS,h,2,292.92,6.72,N,0
40.62911,-7.68911,350.04,0.35,0.56,2024-09-17,0139,N20,VIIRS,n,2,292.08,4.85,N,0
40.62681,-7.65027,367,0.34,0.56,2024-09-17,0139,N20,VIIRS,h,2,295.19,12.94,N,0
40.62657,-7.64616,352.56,0.34,0.56,2024-09-17,0139,N20,VIIRS,n,2,290.73,25.63,N,0
40.67218,-8.46342,302.33,0.38,0.59,2024-09-17,0139,N20,VIIRS,n,2,274.94,0.35,N,0
40.67195,-8.45906,302.93,0.38,0.59,2024-09-17,0139,N20,VIIRS,n,2,276.07,0.35,N,0
40.67171,-8.45442,304.54,0.38,0.59,2024-09-17,0139,N20,VIIRS,n,2,276.5,1.05,N,0
40.67146,-8.44968,305.99,0.38,0.59,2024-09-17,0139,N20,VIIRS,n,2,276.85,1.05,N,0
40.67122,-8.44507,306.63,0.38,0.59,2024-09-17,0139,N20,VIIRS,n,2,278.91,1.3,N,0
40.67098,-8.44064,306.97,0.38,0.59,2024-09-17,0139,N20,VIIRS,n,2,280.54,1.3,N,0
40.67074,-8.436,309.38,0.38,0.59,2024-09-17,0139,N20,VIIRS,n,2,278.91,1.88,N,0
40.67047,-8.43083,314.21,0.38,0.59,2024-09-17,0139,N20,VIIRS,n,2,278.17,1.88,N,0
40.66433,-8.31506,316.68,0.37,0.58,2024-09-17,0139,N20,VIIRS,n,2,279.74,1.56,N,0
40.6641,-8.31075,310.58,0.37,0.58,2024-09-17,0139,N20,VIIRS,n,2,280.67,1.25,N,0
40.66388,-8.30662,306.79,0.37,0.58,2024-09-17,0139,N20,VIIRS,n,2,280.65,1.25,N,0
40.66367,-8.30269,302.95,0.37,0.58,2024-09-17,0139,N20,VIIRS,n,2,279.98,1.29,N,0
40.66347,-8.29899,300.53,0.37,0.58,2024-09-17,0139,N20,VIIRS,n,2,280.22,1.29,N,0
40.62985,-7.70161,317.94,0.35,0.56,2024-09-17,0139,N20,VIIRS,n,2,288.42,3.57,N,0
40.62886,-7.68492,319.59,0.35,0.56,2024-09-17,0139,N20,VIIRS,n,2,291.13,4.85,N,0
40.62862,-7.68078,305.49,0.35,0.56,2024-09-17,0139,N20,VIIRS,n,2,289.36,1.75,N,0
40.62759,-7.66334,307.66,0.35,0.56,2024-09-17,0139,N20,VIIRS,n,2,289.11,0.91,N,0
40.62732,-7.65881,305.36,0.35,0.56,2024-09-17,0139,N20,VIIRS,n,2,288.91,0.91,N,0
40.66478,-8.42644,323.33,0.38,0.59,2024-09-17,0139,N20,VIIRS,n,2,271.42,4.73,N,0
40.66452,-8.42153,327.59,0.38,0.59,2024-09-17,0139,N20,VIIRS,n,2,270.62,4.73,N,0
40.66427,-8.41679,350.78,0.38,0.59,2024-09-17,0139,N20,VIIRS,n,2,271.42,4.59,N,0
40.66403,-8.41212,345.31,0.38,0.59,2024-09-17,0139,N20,VIIRS,n,2,273.08,4.59,N,0
40.66378,-8.4074,329.42,0.38,0.59,2024-09-17,0139,N20,VIIRS,n,2,273.39,3.73,N,0
40.66353,-8.4027,327.11,0.38,0.59,2024-09-17,0139,N20,VIIRS,n,2,274.55,3.73,N,0
40.66328,-8.39801,327.63,0.38,0.59,2024-09-17,0139,N20,VIIRS,n,2,276.38,5.16,N,0
40.66303,-8.39322,329.76,0.38,0.59,2024-09-17,0139,N20,VIIRS,n,2,278.06,5.16,N,0
40.66278,-8.38832,334.42,0.38,0.59,2024-09-17,0139,N20,VIIRS,n,2,278.16,9.95,N,0
40.66252,-8.3835,339.9,0.38,0.59,2024-09-17,0139,N20,VIIRS,n,2,278.56,9.95,N,0
40.66227,-8.37863,346.57,0.38,0.59,2024-09-17,0139,N20,VIIRS,n,2,278.5,21.1,N,0
40.66201,-8.37375,353.58,0.38,0.59,2024-09-17,0139,N20,VIIRS,n,2,277.38,21.1,N,0
40.66175,-8.36872,367,0.38,0.58,2024-09-17,0139,N20,VIIRS,h,2,278.04,40.2,N,0
40.66147,-8.36357,367,0.38,0.58,2024-09-17,0139,N20,VIIRS,h,2,277.43,40.2,N,0
40.66119,-8.35835,367,0.38,0.58,2024-09-17,0139,N20,VIIRS,h,2,278.38,42.68,N,0
40.66094,-8.35356,367,0.38,0.58,2024-09-17,0139,N20,VIIRS,h,2,278.45,42.68,N,0
40.66072,-8.34932,367,0.38,0.58,2024-09-17,0139,N20,VIIRS,h,2,279.57,120.35,N,0
40.66047,-8.34472,367,0.38,0.58,2024-09-17,0139,N20,VIIRS,h,2,280.4,120.35,N,0
40.6602,-8.33947,350.53,0.38,0.58,2024-09-17,0139,N20,VIIRS,n,2,299.33,799.65,N,0
40.6597,-8.33015,321.22,0.38,0.58,2024-09-17,0139,N20,VIIRS,n,2,303.02,113.19,N,0
40.65947,-8.32588,340.31,0.37,0.58,2024-09-17,0139,N20,VIIRS,n,2,289.99,113.19,N,0
40.65925,-8.32165,346.09,0.37,0.58,2024-09-17,0139,N20,VIIRS,n,2,279.34,8.66,N,0
40.65901,-8.31714,333.02,0.37,0.58,2024-09-17,0139,N20,VIIRS,n,2,280.79,8.66,N,0
40.65877,-8.31259,322.97,0.37,0.58,2024-09-17,0139,N20,VIIRS,n,2,280.4,3.03,N,0
40.62462,-7.70219,333.55,0.35,0.56,2024-09-17,0139,N20,VIIRS,n,2,291.29,1.8,N,0
40.62438,-7.69806,327.31,0.35,0.56,2024-09-17,0139,N20,VIIRS,n,2,296.43,1.62,N,0
40.62287,-7.67236,351.39,0.35,0.56,2024-09-17,0139,N20,VIIRS,n,2,293.89,19.35,N,0
40.62261,-7.66798,349.83,0.35,0.56,2024-09-17,0139,N20,VIIRS,n,2,307.87,19.35,N,0
40.62236,-7.66369,351.07,0.35,0.56,2024-09-17,0139,N20,VIIRS,n,2,301.23,15.69,N,0
40.66624,-8.45465,308.04,0.38,0.59,2024-09-17,0139,N20,VIIRS,n,2,277.76,1.28,N,0
40.66599,-8.44981,309.69,0.38,0.59,2024-09-17,0139,N20,VIIRS,n,2,275.42,1.28,N,0
40.66576,-8.44526,312.66,0.38,0.59,2024-09-17,0139,N20,VIIRS,n,2,275.34,2.09,N,0
40.66552,-8.44079,315.1,0.38,0.59,2024-09-17,0139,N20,VIIRS,n,2,276,2.09,N,0
40.66528,-8.43624,315.67,0.38,0.59,2024-09-17,0139,N20,VIIRS,n,2,275.22,4.68,N,0
40.66504,-8.43139,318.52,0.38,0.59,2024-09-17,0139,N20,VIIRS,n,2,273.91,4.68,N,0
40.65854,-8.30829,315.55,0.37,0.58,2024-09-17,0139,N20,VIIRS,n,2,280.07,3.03,N,0
40.65832,-8.30426,309.32,0.37,0.58,2024-09-17,0139,N20,VIIRS,n,2,280.46,1.39,N,0
40.65812,-8.30038,304.82,0.37,0.58,2024-09-17,0139,N20,VIIRS,n,2,279.85,1.39,N,0
40.65791,-8.29647,301.33,0.37,0.58,2024-09-17,0139,N20,VIIRS,n,2,279.46,0.9,N,0
40.62486,-7.70634,300.27,0.35,0.57,2024-09-17,0139,N20,VIIRS,n,2,287.7,1.8,N,0
40.62413,-7.69386,301.62,0.35,0.56,2024-09-17,0139,N20,VIIRS,n,2,288.9,1.62,N,0
40.62313,-7.67678,303.69,0.35,0.56,2024-09-17,0139,N20,VIIRS,n,2,289.52,5.5,N,0
40.6221,-7.65942,302,0.35,0.56,2024-09-17,0139,N20,VIIRS,n,2,287.97,15.69,N,0
40.66031,-8.44555,321.18,0.38,0.59,2024-09-17,0139,N20,VIIRS,n,2,279.19,2.09,N,0
40.66008,-8.44114,327.2,0.38,0.59,2024-09-17,0139,N20,VIIRS,n,2,276.4,2.09,N,0
40.65984,-8.43663,345.23,0.38,0.59,2024-09-17,0139,N20,VIIRS,n,2,275.28,4.68,N,0
40.65959,-8.43182,367,0.38,0.59,2024-09-17,0139,N20,VIIRS,h,2,275.75,4.68,N,0
40.65934,-8.42693,348.08,0.38,0.59,2024-09-17,0139,N20,VIIRS,n,2,275.77,4.73,N,0
40.65909,-8.42214,332.94,0.38,0.59,2024-09-17,0139,N20,VIIRS,n,2,274.16,4.73,N,0
40.65884,-8.41734,329.69,0.38,0.59,2024-09-17,0139,N20,VIIRS,n,2,273.69,4.59,N,0
40.65859,-8.4126,325.49,0.38,0.59,2024-09-17,0139,N20,VIIRS,n,2,272.38,4.59,N,0
40.65835,-8.40791,327.19,0.38,0.59,2024-09-17,0139,N20,VIIRS,n,2,273.58,3.73,N,0
40.6581,-8.40323,330.3,0.38,0.59,2024-09-17,0139,N20,VIIRS,n,2,275.97,3.73,N,0
40.65786,-8.39855,334.84,0.38,0.59,2024-09-17,0139,N20,VIIRS,n,2,276.9,5.16,N,0
40.65761,-8.3938,344.13,0.38,0.59,2024-09-17,0139,N20,VIIRS,n,2,276.89,5.16,N,0
40.65736,-8.38892,355.19,0.38,0.59,2024-09-17,0139,N20,VIIRS,n,2,277.12,9.95,N,0
40.65709,-8.38385,367,0.38,0.59,2024-09-17,0139,N20,VIIRS,h,2,277.43,9.95,N,0
40.65682,-8.37867,367,0.38,0.59,2024-09-17,0139,N20,VIIRS,h,2,276.74,21.1,N,0
40.65656,-8.37367,367,0.38,0.59,2024-09-17,0139,N20,VIIRS,h,2,275.86,21.1,N,0
40.6563,-8.36865,353.72,0.38,0.58,2024-09-17,0139,N20,VIIRS,n,2,276.42,40.2,N,0
40.65604,-8.36378,337.33,0.38,0.58,2024-09-17,0139,N20,VIIRS,n,2,283.87,40.2,N,0
40.65581,-8.35937,331.88,0.38,0.58,2024-09-17,0139,N20,VIIRS,n,2,286.15,42.68,N,0
40.65559,-8.35521,351.29,0.38,0.58,2024-09-17,0139,N20,VIIRS,n,2,279.91,42.68,N,0
40.65535,-8.35063,351.24,0.38,0.58,2024-09-17,0139,N20,VIIRS,n,2,285.31,120.35,N,0
40.65412,-8.32729,352.13,0.37,0.58,2024-09-17,0139,N20,VIIRS,n,2,290.44,113.19,N,0
40.65392,-8.32349,356,0.37,0.58,2024-09-17,0139,N20,VIIRS,n,2,280.07,8.66,N,0
40.65369,-8.3193,342.3,0.37,0.58,2024-09-17,0139,N20,VIIRS,n,2,279.02,8.66,N,0
40.65343,-8.31443,329.39,0.37,0.58,2024-09-17,0139,N20,VIIRS,n,2,279.24,3.03,N,0
40.61988,-7.71116,320.82,0.35,0.57,2024-09-17,0139,N20,VIIRS,n,2,288.5,1.48,N,0
40.6179,-7.67718,367,0.35,0.56,2024-09-17,0139,N20,VIIRS,h,2,293.95,5.5,N,0
40.61764,-7.67276,367,0.35,0.56,2024-09-17,0139,N20,VIIRS,h,2,296.37,19.35,N,0
40.61739,-7.66841,324.67,0.35,0.56,2024-09-17,0139,N20,VIIRS,n,2,289.37,19.35,N,0
40.66105,-8.45996,308.93,0.38,0.59,2024-09-17,0139,N20,VIIRS,n,2,280.7,2.93,N,0
40.66079,-8.45502,314.82,0.38,0.59,2024-09-17,0139,N20,VIIRS,n,2,281.98,1.28,N,0
40.66054,-8.45017,314.79,0.38,0.59,2024-09-17,0139,N20,VIIRS,n,2,281.22,1.28,N,0
40.6532,-8.31003,318.39,0.37,0.58,2024-09-17,0139,N20,VIIRS,n,2,280.9,3.03,N,0
40.65298,-8.30586,311.4,0.37,0.58,2024-09-17,0139,N20,VIIRS,n,2,282.03,1.39,N,0
40.65276,-8.30177,306.42,0.37,0.58,2024-09-17,0139,N20,VIIRS,n,2,281.83,1.39,N,0
40.65254,-8.29755,302.3,0.37,0.58,2024-09-17,0139,N20,VIIRS,n,2,281.26,0.9,N,0
40.6523,-8.29308,299.75,0.37,0.58,2024-09-17,0139,N20,VIIRS,n,2,280.9,0.9,N,0
40.62012,-7.71536,312.43,0.35,0.57,2024-09-17,0139,N20,VIIRS,n,2,286.92,1.48,N,0
40.61964,-7.70694,308.21,0.35,0.57,2024-09-17,0139,N20,VIIRS,n,2,290.25,1.8,N,0
40.61939,-7.7027,310.58,0.35,0.56,2024-09-17,0139,N20,VIIRS,n,2,291.23,1.8,N,0
40.61914,-7.69848,302.72,0.35,0.56,2024-09-17,0139,N20,VIIRS,n,2,289.2,1.62,N,0
40.6189,-7.69427,309.49,0.35,0.56,2024-09-17,0139,N20,VIIRS,n,2,291.52,1.62,N,0
40.61865,-7.69007,301.58,0.35,0.56,2024-09-17,0139,N20,VIIRS,n,2,288.04,2.44,N,0
40.61816,-7.68154,318.89,0.35,0.56,2024-09-17,0139,N20,VIIRS,n,2,289.05,5.5,N,0
40.65487,-8.44615,321.1,0.38,0.59,2024-09-17,0139,N20,VIIRS,n,2,281.49,3.34,N,0
40.65463,-8.44152,332.25,0.38,0.59,2024-09-17,0139,N20,VIIRS,n,2,279.09,3.34,N,0
40.65439,-8.43698,367,0.38,0.59,2024-09-17,0139,N20,VIIRS,h,2,282.48,21.2,N,0
40.65415,-8.43232,338.36,0.38,0.59,2024-09-17,0139,N20,VIIRS,n,2,293.08,21.2,N,0
40.6539,-8.42752,331.47,0.38,0.59,2024-09-17,0139,N20,VIIRS,n,2,277.76,5.79,N,0
40.65365,-8.42259,322.98,0.38,0.59,2024-09-17,0139,N20,VIIRS,n,2,278.12,5.79,N,0
40.6534,-8.41777,322.33,0.38,0.59,2024-09-17,0139,N20,VIIRS,n,2,276.73,2.51,N,0
40.65316,-8.41307,324.69,0.38,0.59,2024-09-17,0139,N20,VIIRS,n,2,276.92,2.51,N,0
40.65292,-8.40843,330.5,0.38,0.59,2024-09-17,0139,N20,VIIRS,n,2,277.76,4.24,N,0
40.65268,-8.40383,335.93,0.38,0.59,2024-09-17,0139,N20,VIIRS,n,2,277.84,4.24,N,0
40.65244,-8.39916,343.5,0.38,0.59,2024-09-17,0139,N20,VIIRS,n,2,277.53,9.04,N,0
40.65219,-8.39443,355.51,0.38,0.59,2024-09-17,0139,N20,VIIRS,n,2,279.82,9.04,N,0
40.65194,-8.38966,367,0.38,0.59,2024-09-17,0139,N20,VIIRS,h,2,282.32,26.52,N,0
40.65168,-8.38458,367,0.38,0.59,2024-09-17,0139,N20,VIIRS,h,2,284.48,26.52,N,0
40.65141,-8.37935,353.27,0.38,0.59,2024-09-17,0139,N20,VIIRS,n,2,284.66,114.14,N,0
40.65114,-8.37426,341.13,0.38,0.59,2024-09-17,0139,N20,VIIRS,n,2,287.61,114.14,N,0
40.6497,-8.34667,323.83,0.38,0.58,2024-09-17,0139,N20,VIIRS,n,2,302.83,166.05,N,0
40.6492,-8.33716,333.99,0.38,0.58,2024-09-17,0139,N20,VIIRS,n,2,291.11,70.74,N,0
40.64899,-8.33304,367,0.38,0.58,2024-09-17,0139,N20,VIIRS,h,2,283.19,12.03,N,0
40.64877,-8.32909,351.89,0.37,0.58,2024-09-17,0139,N20,VIIRS,n,2,282.64,12.03,N,0
40.64857,-8.32525,343.46,0.37,0.58,2024-09-17,0139,N20,VIIRS,n,2,281.49,4.56,N,0
40.64837,-8.32133,333.17,0.37,0.58,2024-09-17,0139,N20,VIIRS,n,2,280.43,4.56,N,0
40.64813,-8.31679,322.55,0.37,0.58,2024-09-17,0139,N20,VIIRS,n,2,280.99,1.99,N,0
40.61512,-7.71966,324.24,0.35,0.57,2024-09-17,0139,N20,VIIRS,n,2,291.04,1.26,N,0
40.61414,-7.70281,331.35,0.35,0.56,2024-09-17,0139,N20,VIIRS,n,2,290.94,5.37,N,0
40.66288,-8.60367,305.58,0.39,0.59,2024-09-17,0139,N20,VIIRS,n,2,288.43,1.48,N,0
40.66264,-8.59905,319.18,0.39,0.59,2024-09-17,0139,N20,VIIRS,n,2,288.5,1.48,N,0
40.65561,-8.4606,308.14,0.38,0.59,2024-09-17,0139,N20,VIIRS,n,2,280.33,1.4,N,0
40.65536,-8.45572,310.81,0.38,0.59,2024-09-17,0139,N20,VIIRS,n,2,281.82,1.24,N,0
40.65511,-8.45084,315.09,0.38,0.59,2024-09-17,0139,N20,VIIRS,n,2,282.92,1.24,N,0
40.64788,-8.3121,313.47,0.37,0.58,2024-09-17,0139,N20,VIIRS,n,2,282.04,1.99,N,0
40.64764,-8.30752,307.6,0.37,0.58,2024-09-17,0139,N20,VIIRS,n,2,283.69,1.36,N,0
40.6474,-8.30285,303.52,0.37,0.58,2024-09-17,0139,N20,VIIRS,n,2,283.83,1.36,N,0
40.61535,-7.7237,309.43,0.35,0.57,2024-09-17,0139,N20,VIIRS,n,2,289.24,1.26,N,0
40.61488,-7.7156,303.56,0.35,0.57,2024-09-17,0139,N20,VIIRS,n,2,288.04,3.81,N,0
40.61464,-7.71145,305.56,0.35,0.57,2024-09-17,0139,N20,VIIRS,n,2,287.9,3.81,N,0
40.61438,-7.70709,301.87,0.35,0.57,2024-09-17,0139,N20,VIIRS,n,2,289.13,5.37,N,0
40.61389,-7.69863,310.49,0.35,0.56,2024-09-17,0139,N20,VIIRS,n,2,289.34,2.06,N,0
40.61366,-7.69451,300.43,0.35,0.56,2024-09-17,0139,N20,VIIRS,n,2,288.42,2.06,N,0
40.65197,-8.49669,322.9,0.38,0.59,2024-09-17,0139,N20,VIIRS,n,2,283.55,3.16,N,0
40.65151,-8.48749,343.39,0.38,0.59,2024-09-17,0139,N20,VIIRS,n,2,281.86,4.69,N,0
40.65128,-8.4829,329.84,0.38,0.59,2024-09-17,0139,N20,VIIRS,n,2,280.11,6.12,N,0
40.6475,-8.40912,323.06,0.38,0.59,2024-09-17,0139,N20,VIIRS,n,2,278.68,4.24,N,0
40.64726,-8.40459,330.41,0.38,0.59,2024-09-17,0139,N20,VIIRS,n,2,279.06,4.24,N,0
40.64702,-8.39991,342.13,0.38,0.59,2024-09-17,0139,N20,VIIRS,n,2,279.5,9.04,N,0
40.64677,-8.39514,351.14,0.38,0.59,2024-09-17,0139,N20,VIIRS,n,2,278.9,9.04,N,0
40.64653,-8.39042,367,0.38,0.59,2024-09-17,0139,N20,VIIRS,h,2,279.29,26.52,N,0
40.64628,-8.38564,367,0.38,0.59,2024-09-17,0139,N20,VIIRS,h,2,279.31,26.52,N,0
40.64603,-8.38067,355.15,0.38,0.59,2024-09-17,0139,N20,VIIRS,n,2,279.04,114.14,N,0
40.64576,-8.37554,347.74,0.38,0.59,2024-09-17,0139,N20,VIIRS,n,2,283.84,114.14,N,0
40.64505,-8.36179,321.99,0.38,0.58,2024-09-17,0139,N20,VIIRS,n,2,285.27,600.06,N,0
40.64457,-8.35251,346.47,0.38,0.58,2024-09-17,0139,N20,VIIRS,n,2,281.32,166.05,N,0
40.64431,-8.34761,367,0.38,0.58,2024-09-17,0139,N20,VIIRS,h,2,280.13,166.05,N,0
40.64407,-8.34312,367,0.38,0.58,2024-09-17,0139,N20,VIIRS,h,2,281.12,70.74,N,0
40.64386,-8.33896,352.68,0.38,0.58,2024-09-17,0139,N20,VIIRS,n,2,282.15,70.74,N,0
40.64364,-8.33486,343.98,0.38,0.58,2024-09-17,0139,N20,VIIRS,n,2,282.27,12.03,N,0
40.64342,-8.33074,335.63,0.37,0.58,2024-09-17,0139,N20,VIIRS,n,2,281.8,12.03,N,0
40.64321,-8.32658,327.14,0.37,0.58,2024-09-17,0139,N20,VIIRS,n,2,281.27,4.56,N,0
40.6091,-7.70672,354.46,0.35,0.57,2024-09-17,0139,N20,VIIRS,n,2,300.08,5.37,N,0
40.60886,-7.70246,323.94,0.35,0.56,2024-09-17,0139,N20,VIIRS,n,2,288.55,5.37,N,0
40.65174,-8.49211,319.03,0.38,0.59,2024-09-17,0139,N20,VIIRS,n,2,281.88,4.69,N,0
40.65017,-8.4612,305.74,0.38,0.59,2024-09-17,0139,N20,VIIRS,n,2,279.31,1.4,N,0
40.64993,-8.45657,307.44,0.38,0.59,2024-09-17,0139,N20,VIIRS,n,2,280.41,1.24,N,0
40.64968,-8.45175,315.39,0.38,0.59,2024-09-17,0139,N20,VIIRS,n,2,282.5,1.24,N,0
40.64943,-8.44683,311.51,0.38,0.59,2024-09-17,0139,N20,VIIRS,n,2,282.52,3.34,N,0
40.64919,-8.44217,314.07,0.38,0.59,2024-09-17,0139,N20,VIIRS,n,2,281.1,3.34,N,0
40.64896,-8.4377,315.79,0.38,0.59,2024-09-17,0139,N20,VIIRS,n,2,279.6,21.2,N,0
40.64872,-8.43291,316.18,0.38,0.59,2024-09-17,0139,N20,VIIRS,n,2,279.42,21.2,N,0
40.64848,-8.42815,315.71,0.38,0.59,2024-09-17,0139,N20,VIIRS,n,2,278.01,5.79,N,0
40.64822,-8.42321,315.47,0.38,0.59,2024-09-17,0139,N20,VIIRS,n,2,278.08,5.79,N,0
40.64797,-8.4184,316.45,0.38,0.59,2024-09-17,0139,N20,VIIRS,n,2,278.53,2.51,N,0
40.64773,-8.41365,318.74,0.38,0.59,2024-09-17,0139,N20,VIIRS,n,2,278.08,2.51,N,0
40.64481,-8.35728,313.93,0.38,0.58,2024-09-17,0139,N20,VIIRS,n,2,286.76,600.06,N,0
40.64298,-8.32229,318.55,0.37,0.58,2024-09-17,0139,N20,VIIRS,n,2,281.45,4.56,N,0
40.64275,-8.31777,311.48,0.37,0.58,2024-09-17,0139,N20,VIIRS,n,2,282.47,1.99,N,0
40.6425,-8.31304,306.79,0.37,0.58,2024-09-17,0139,N20,VIIRS,n,2,282.95,1.99,N,0
40.64225,-8.30823,303.05,0.37,0.58,2024-09-17,0139,N20,VIIRS,n,2,283.31,1.36,N,0
40.61032,-7.72779,298.82,0.35,0.57,2024-09-17,0139,N20,VIIRS,n,2,287.08,1.13,N,0
40.61008,-7.72373,315.63,0.35,0.57,2024-09-17,0139,N20,VIIRS,n,2,291.47,1.26,N,0
40.60985,-7.71964,303.59,0.35,0.57,2024-09-17,0139,N20,VIIRS,n,2,290.85,1.26,N,0
40.60936,-7.71118,316.26,0.35,0.57,2024-09-17,0139,N20,VIIRS,n,2,289.4,3.81,N,0
40.64161,-8.40073,321.64,0.38,0.59,2024-09-17,0139,N20,VIIRS,n,2,281.93,2.47,N,0
40.64136,-8.39597,329.19,0.38,0.59,2024-09-17,0139,N20,VIIRS,n,2,280.4,2.47,N,0
40.64112,-8.39126,336.99,0.38,0.59,2024-09-17,0139,N20,VIIRS,n,2,278.19,4.37,N,0
40.64088,-8.38651,344.73,0.38,0.59,2024-09-17,0139,N20,VIIRS,n,2,277.3,4.37,N,0
40.64063,-8.38167,351.9,0.38,0.59,2024-09-17,0139,N20,VIIRS,n,2,276.91,6.8,N,0
40.64038,-8.37682,367,0.38,0.59,2024-09-17,0139,N20,VIIRS,h,2,275.68,6.8,N,0
40.64013,-8.37204,367,0.38,0.58,2024-09-17,0139,N20,VIIRS,h,2,276.19,8.13,N,0
40.63989,-8.36736,367,0.38,0.58,2024-09-17,0139,N20,VIIRS,h,2,277.02,8.13,N,0
40.63964,-8.36266,367,0.38,0.58,2024-09-17,0139,N20,VIIRS,h,2,278.19,7.17,N,0
40.63939,-8.35774,367,0.38,0.58,2024-09-17,0139,N20,VIIRS,h,2,278.67,7.17,N,0
40.63915,-8.35296,351.62,0.38,0.58,2024-09-17,0139,N20,VIIRS,n,2,279.18,5.14,N,0
40.63891,-8.34849,344.23,0.38,0.58,2024-09-17,0139,N20,VIIRS,n,2,279.81,5.14,N,0
40.6387,-8.34435,336.85,0.38,0.58,2024-09-17,0139,N20,VIIRS,n,2,280.96,3.01,N,0
40.6385,-8.34044,329.31,0.38,0.58,2024-09-17,0139,N20,VIIRS,n,2,282.22,3.01,N,0
40.63829,-8.3365,322.89,0.38,0.58,2024-09-17,0139,N20,VIIRS,n,2,282.41,1.65,N,0
40.60508,-7.72829,336.48,0.35,0.57,2024-09-17,0139,N20,VIIRS,n,2,295.47,2.54,N,0
40.60483,-7.72393,335.5,0.35,0.57,2024-09-17,0139,N20,VIIRS,n,2,294.83,8.84,N,0
40.60458,-7.71957,340.24,0.35,0.57,2024-09-17,0139,N20,VIIRS,n,2,294.52,8.84,N,0
40.60433,-7.71523,367,0.35,0.57,2024-09-17,0139,N20,VIIRS,h,2,291.11,32.88,N,0
40.60407,-7.71072,349.92,0.35,0.57,2024-09-17,0139,N20,VIIRS,n,2,304.05,32.88,N,0
40.60382,-7.70627,323.59,0.35,0.57,2024-09-17,0139,N20,VIIRS,n,2,289.08,16.01,N,0
40.64329,-8.43352,304.4,0.38,0.59,2024-09-17,0139,N20,VIIRS,n,2,282.54,2.14,N,0
40.64304,-8.42862,305.75,0.38,0.59,2024-09-17,0139,N20,VIIRS,n,2,282.78,1.5,N,0
40.64279,-8.42378,307.41,0.38,0.59,2024-09-17,0139,N20,VIIRS,n,2,281.8,1.5,N,0
40.64254,-8.41901,308.97,0.38,0.59,2024-09-17,0139,N20,VIIRS,n,2,282.3,1.34,N,0
40.64231,-8.41445,311.13,0.38,0.59,2024-09-17,0139,N20,VIIRS,n,2,281.9,1.34,N,0
40.64208,-8.4099,313.88,0.38,0.59,2024-09-17,0139,N20,VIIRS,n,2,282.67,1.45,N,0
40.64185,-8.40544,317.52,0.38,0.59,2024-09-17,0139,N20,VIIRS,n,2,282,1.45,N,0
40.63807,-8.33231,316.52,0.37,0.58,2024-09-17,0139,N20,VIIRS,n,2,282.48,1.65,N,0
40.63782,-8.32754,311.63,0.37,0.58,2024-09-17,0139,N20,VIIRS,n,2,282.03,1.7,N,0
40.63756,-8.3224,307.02,0.37,0.58,2024-09-17,0139,N20,VIIRS,n,2,282.96,1.7,N,0
40.63731,-8.31764,303.57,0.37,0.58,2024-09-17,0139,N20,VIIRS,n,2,283.36,1.91,N,0
40.60532,-7.73254,318.23,0.35,0.57,2024-09-17,0139,N20,VIIRS,n,2,289.98,2.54,N,0
40.63522,-8.38252,320.81,0.38,0.59,2024-09-17,0139,N20,VIIRS,n,2,280.89,6.8,N,0
40.63498,-8.3778,323.53,0.38,0.59,2024-09-17,0139,N20,VIIRS,n,2,281.54,6.8,N,0
40.63474,-8.37313,325.25,0.38,0.58,2024-09-17,0139,N20,VIIRS,n,2,281.6,8.13,N,0
40.6345,-8.3685,325.69,0.38,0.58,2024-09-17,0139,N20,VIIRS,n,2,282.61,8.13,N,0
40.63426,-8.36388,323.55,0.38,0.58,2024-09-17,0139,N20,VIIRS,n,2,283.02,7.17,N,0
40.63402,-8.35914,321.95,0.38,0.58,2024-09-17,0139,N20,VIIRS,n,2,283.22,7.17,N,0
40.63378,-8.35443,321.25,0.38,0.58,2024-09-17,0139,N20,VIIRS,n,2,282.72,5.14,N,0
40.59961,-7.72466,330.57,0.35,0.57,2024-09-17,0139,N20,VIIRS,n,2,289.56,8.84,N,0
40.59935,-7.72014,367,0.35,0.57,2024-09-17,0139,N20,VIIRS,h,2,294.64,8.84,N,0
40.59909,-7.71556,367,0.35,0.57,2024-09-17,0139,N20,VIIRS,h,2,295.32,32.88,N,0
40.63689,-8.41519,304.82,0.38,0.59,2024-09-17,0139,N20,VIIRS,n,2,285.62,1.34,N,0
40.63666,-8.41072,305.27,0.38,0.59,2024-09-17,0139,N20,VIIRS,n,2,285.57,1.45,N,0
40.63643,-8.40611,307.03,0.38,0.59,2024-09-17,0139,N20,VIIRS,n,2,285.03,1.45,N,0
40.63618,-8.40139,308.97,0.38,0.59,2024-09-17,0139,N20,VIIRS,n,2,284.43,2.47,N,0
40.63595,-8.39668,311.84,0.38,0.59,2024-09-17,0139,N20,VIIRS,n,2,282.92,2.47,N,0
40.6357,-8.39199,314.84,0.38,0.59,2024-09-17,0139,N20,VIIRS,n,2,281.45,4.37,N,0
40.63546,-8.38727,318.31,0.38,0.59,2024-09-17,0139,N20,VIIRS,n,2,280.82,4.37,N,0
40.63356,-8.35007,317.24,0.38,0.58,2024-09-17,0139,N20,VIIRS,n,2,282.92,5.14,N,0
40.63334,-8.34583,312.9,0.38,0.58,2024-09-17,0139,N20,VIIRS,n,2,283.77,3.01,N,0
40.63312,-8.34163,309.78,0.38,0.58,2024-09-17,0139,N20,VIIRS,n,2,285.27,3.01,N,0
40.63289,-8.33722,307.3,0.38,0.58,2024-09-17,0139,N20,VIIRS,n,2,285.07,1.65,N,0
40.63263,-8.33226,304.43,0.37,0.58,2024-09-17,0139,N20,VIIRS,n,2,285.03,1.65,N,0
40.59986,-7.72912,299.71,0.35,0.57,2024-09-17,0139,N20,VIIRS,n,2,288.1,2.54,N,0
40.59882,-7.711,313.6,0.35,0.57,2024-09-17,0139,N20,VIIRS,n,2,291.58,32.88,N,0
40.63051,-8.39703,302.97,0.38,0.59,2024-09-17,0139,N20,VIIRS,n,2,286.15,1.82,N,0
40.63028,-8.39237,304.1,0.38,0.59,2024-09-17,0139,N20,VIIRS,n,2,285.68,1.07,N,0
40.63004,-8.38781,305,0.38,0.59,2024-09-17,0139,N20,VIIRS,n,2,285.13,1.07,N,0
40.62981,-8.38323,305.45,0.38,0.59,2024-09-17,0139,N20,VIIRS,n,2,285.33,1.15,N,0
40.62957,-8.37865,306.05,0.38,0.59,2024-09-17,0139,N20,VIIRS,n,2,285.34,1.15,N,0
40.62934,-8.37394,305.83,0.38,0.58,2024-09-17,0139,N20,VIIRS,n,2,285.33,1.24,N,0
40.6291,-8.36941,305.79,0.38,0.58,2024-09-17,0139,N20,VIIRS,n,2,286.15,1.24,N,0
40.62888,-8.36508,305.19,0.38,0.58,2024-09-17,0139,N20,VIIRS,n,2,287.45,2.21,N,0
40.59631,-7.75941,309.63,0.35,0.57,2024-09-17,0139,N20,VIIRS,n,2,289.02,1.34,N,0
40.59413,-7.72083,301.92,0.35,0.57,2024-09-17,0139,N20,VIIRS,n,2,287.38,0.54,N,0
40.55738,-7.81982,367,0.35,0.57,2024-09-17,0139,N20,VIIRS,h,2,291.85,17.9,N,0
40.55716,-7.81576,347.94,0.35,0.57,2024-09-17,0139,N20,VIIRS,n,2,290.91,9.33,N,0
40.55693,-7.8116,367,0.35,0.57,2024-09-17,0139,N20,VIIRS,h,2,293.19,9.33,N,0
40.55671,-7.80736,344.15,0.35,0.57,2024-09-17,0139,N20,VIIRS,n,2,292.27,4.39,N,0
40.55648,-7.80315,341.67,0.35,0.57,2024-09-17,0139,N20,VIIRS,n,2,290.77,4.39,N,0
40.5576,-7.82394,303.4,0.35,0.57,2024-09-17,0139,N20,VIIRS,n,2,288.67,17.9,N,0
40.55626,-7.79906,299.58,0.35,0.57,2024-09-17,0139,N20,VIIRS,n,2,287.71,1.74,N,0
40.55256,-7.82864,367,0.35,0.57,2024-09-17,0139,N20,VIIRS,h,2,291.47,10.84,N,0
40.55234,-7.82456,344.58,0.35,0.57,2024-09-17,0139,N20,VIIRS,n,2,303.24,17.9,N,0
40.55212,-7.82049,367,0.35,0.57,2024-09-17,0139,N20,VIIRS,h,2,295.91,17.9,N,0
40.55191,-7.81641,336.42,0.35,0.57,2024-09-17,0139,N20,VIIRS,n,2,292.65,9.33,N,0
40.55278,-7.83273,303.72,0.35,0.57,2024-09-17,0139,N20,VIIRS,n,2,287.7,10.84,N,0
40.55124,-7.80394,318.21,0.35,0.57,2024-09-17,0139,N20,VIIRS,n,2,289.46,4.39,N,0
40.55101,-7.7998,302.53,0.35,0.57,2024-09-17,0139,N20,VIIRS,n,2,287.79,1.74,N,0
40.54751,-7.83327,325.73,0.35,0.57,2024-09-17,0139,N20,VIIRS,n,2,289.15,2.45,N,0
40.54729,-7.82919,324.32,0.35,0.57,2024-09-17,0139,N20,VIIRS,n,2,290.24,2.45,N,0
40.54708,-7.8252,301.91,0.35,0.57,2024-09-17,0139,N20,VIIRS,n,2,289.01,0.8,N,0
40.54687,-7.8212,303.12,0.35,0.57,2024-09-17,0139,N20,VIIRS,n,2,288.86,0.8,N,0
40.54799,-7.83091,346.35,0.35,0.57,2024-09-17,0139,N20,VIIRS,n,2,291.39,2.75,N,0
40.54823,-7.83503,300.7,0.35,0.57,2024-09-17,0139,N20,VIIRS,n,2,287.49,1.67,N,0
40.54775,-7.82689,311.35,0.35,0.57,2024-09-17,0139,N20,VIIRS,n,2,289.4,2.75,N,0
40.54728,-7.81884,300.03,0.35,0.57,2024-09-17,0139,N20,VIIRS,n,2,288.53,1.16,N,0
40.51433,-7.89043,367,0.35,0.57,2024-09-17,0139,N20,VIIRS,h,2,303.76,37.44,N,0
40.51409,-7.88622,353.22,0.35,0.57,2024-09-17,0139,N20,VIIRS,n,2,297.2,25.76,N,0
40.51384,-7.88189,367,0.35,0.57,2024-09-17,0139,N20,VIIRS,h,2,297.64,25.76,N,0
40.5136,-7.87757,367,0.35,0.57,2024-09-17,0139,N20,VIIRS,h,2,297.42,12.77,N,0
40.51456,-7.89458,310.83,0.35,0.57,2024-09-17,0139,N20,VIIRS,n,2,288.68,37.44,N,0
40.51311,-7.86901,304.82,0.35,0.57,2024-09-17,0139,N20,VIIRS,n,2,288.77,0.97,N,0
40.51287,-7.86475,306.43,0.35,0.57,2024-09-17,0139,N20,VIIRS,n,2,289.34,0.97,N,0
40.50906,-7.89114,367,0.35,0.57,2024-09-17,0139,N20,VIIRS,h,2,298.53,9.29,N,0
40.50929,-7.89526,311.81,0.35,0.57,2024-09-17,0139,N20,VIIRS,n,2,289.56,9.29,N,0
40.50883,-7.88698,306.47,0.35,0.57,2024-09-17,0139,N20,VIIRS,n,2,290.01,7.39,N,0
40.48819,-7.89766,312.66,0.35,0.57,2024-09-17,0139,N20,VIIRS,n,2,290.18,1.95,N,0
40.48525,-7.94107,328.91,0.36,0.57,2024-09-17,0139,N20,VIIRS,n,2,290.89,16.04,N,0
40.48503,-7.93693,367,0.36,0.57,2024-09-17,0139,N20,VIIRS,h,2,297.1,16.04,N,0
40.4848,-7.93276,344.67,0.36,0.57,2024-09-17,0139,N20,VIIRS,n,2,302.16,17.44,N,0
40.48457,-7.92854,354.27,0.36,0.57,2024-09-17,0139,N20,VIIRS,n,2,292.4,17.44,N,0
40.48433,-7.92425,348.82,0.36,0.57,2024-09-17,0139,N20,VIIRS,n,2,292.98,4.62,N,0
40.48338,-7.9068,328.61,0.35,0.57,2024-09-17,0139,N20,VIIRS,n,2,289.65,6.27,N,0
40.48315,-7.90251,367,0.35,0.57,2024-09-17,0139,N20,VIIRS,h,2,296.01,6.27,N,0
40.48204,-7.88236,325.99,0.35,0.57,2024-09-17,0139,N20,VIIRS,n,2,290.8,5.43,N,0
40.48183,-7.8786,367,0.35,0.57,2024-09-17,0139,N20,VIIRS,h,2,295.24,5.43,N,0
40.4841,-7.91991,307.39,0.36,0.57,2024-09-17,0139,N20,VIIRS,n,2,289.98,4.62,N,0
40.48292,-7.89833,303.6,0.35,0.57,2024-09-17,0139,N20,VIIRS,n,2,289.87,1.95,N,0
40.48225,-7.88613,306.11,0.35,0.57,2024-09-17,0139,N20,VIIRS,n,2,289.4,1.35,N,0
40.48066,-7.95457,338.8,0.36,0.57,2024-09-17,0139,N20,VIIRS,n,2,291.56,8.95,N,0
40.48044,-7.95036,344.25,0.36,0.57,2024-09-17,0139,N20,VIIRS,n,2,294.72,5.21,N,0
40.48021,-7.94619,346.32,0.36,0.57,2024-09-17,0139,N20,VIIRS,n,2,296.57,5.21,N,0
40.47999,-7.94204,326.39,0.36,0.57,2024-09-17,0139,N20,VIIRS,n,2,293.76,5.49,N,0
40.47834,-7.91173,326.74,0.36,0.57,2024-09-17,0139,N20,VIIRS,n,2,291.22,4.53,N,0
40.4781,-7.90739,367,0.35,0.57,2024-09-17,0139,N20,VIIRS,h,2,299.54,9.73,N,0
40.47787,-7.90317,350.99,0.35,0.57,2024-09-17,0139,N20,VIIRS,n,2,298.1,9.73,N,0
40.47765,-7.8991,326.81,0.35,0.57,2024-09-17,0139,N20,VIIRS,n,2,291.87,12.41,N,0
40.68418,-7.72772,304.68,0.35,0.57,2024-09-17,0139,N20,VIIRS,n,2,291.29,2.61,N,0
40.68129,-7.67579,302.37,0.35,0.56,2024-09-17,0139,N20,VIIRS,n,2,287.65,3.19,N,0
40.68106,-7.67173,305.62,0.35,0.56,2024-09-17,0139,N20,VIIRS,n,2,287.22,3.19,N,0
40.68033,-7.65878,299.81,0.35,0.56,2024-09-17,0139,N20,VIIRS,n,2,285.38,4.29,N,0
40.71991,-8.51973,347.6,0.38,0.59,2024-09-17,0139,N20,VIIRS,n,2,287.39,4.3,N,0
40.71944,-8.51011,324.86,0.38,0.59,2024-09-17,0139,N20,VIIRS,n,2,288.55,10.27,N,0
40.71922,-8.50539,367,0.38,0.59,2024-09-17,0139,N20,VIIRS,h,2,289.39,11.13,N,0
40.71898,-8.50067,354.51,0.38,0.59,2024-09-17,0139,N20,VIIRS,n,2,293.72,11.13,N,0
40.71876,-8.49595,338.18,0.38,0.59,2024-09-17,0139,N20,VIIRS,n,2,293.35,12.17,N,0
40.71852,-8.49122,367,0.38,0.59,2024-09-17,0139,N20,VIIRS,h,2,293.19,12.17,N,0
40.7183,-8.4865,353.35,0.38,0.59,2024-09-17,0139,N20,VIIRS,n,2,295.3,12.75,N,0
40.71807,-8.48177,348.31,0.38,0.59,2024-09-17,0139,N20,VIIRS,n,2,294.05,12.75,N,0
40.71784,-8.47713,346.97,0.38,0.59,2024-09-17,0139,N20,VIIRS,n,2,296.11,8.21,N,0
40.71762,-8.47265,327.86,0.38,0.59,2024-09-17,0139,N20,VIIRS,n,2,290.43,8.21,N,0
40.71741,-8.4684,323.36,0.38,0.59,2024-09-17,0139,N20,VIIRS,n,2,289.09,7.37,N,0
40.71185,-8.35536,367,0.38,0.58,2024-09-17,0139,N20,VIIRS,h,2,288.74,13.78,N,0
40.7116,-8.35025,367,0.38,0.58,2024-09-17,0139,N20,VIIRS,h,2,293.05,15.38,N,0
40.67631,-7.68084,324.58,0.35,0.56,2024-09-17,0139,N20,VIIRS,n,2,290.99,2.02,N,0
40.67563,-7.66859,367,0.35,0.56,2024-09-17,0139,N20,VIIRS,h,2,298.08,17.15,N,0
40.67538,-7.66419,342.22,0.35,0.56,2024-09-17,0139,N20,VIIRS,n,2,287.97,17.15,N,0
40.67187,-7.60157,367,0.34,0.56,2024-09-17,0139,N20,VIIRS,h,2,292.84,12.64,N,0
40.67162,-7.59706,337.85,0.34,0.56,2024-09-17,0139,N20,VIIRS,n,2,290.15,12.64,N,0
40.67139,-7.59296,367,0.34,0.56,2024-09-17,0139,N20,VIIRS,h,2,292.55,5.72,N,0
40.7206,-8.5343,311.06,0.38,0.59,2024-09-17,0139,N20,VIIRS,n,2,283,2.83,N,0
40.72013,-8.52454,317.46,0.38,0.59,2024-09-17,0139,N20,VIIRS,n,2,285.29,4.3,N,0
40.71701,-8.46008,317.96,0.38,0.59,2024-09-17,0139,N20,VIIRS,n,2,287.28,4.43,N,0
40.71307,-8.37988,306.25,0.38,0.59,2024-09-17,0139,N20,VIIRS,n,2,279.25,1.35,N,0
40.71288,-8.37592,306.82,0.38,0.59,2024-09-17,0139,N20,VIIRS,n,2,280.17,2.04,N,0
40.71206,-8.35968,310.46,0.38,0.58,2024-09-17,0139,N20,VIIRS,n,2,286.11,13.78,N,0
40.67872,-7.72431,308.89,0.35,0.57,2024-09-17,0139,N20,VIIRS,n,2,289.37,0.88,N,0
40.67824,-7.71569,305.73,0.35,0.57,2024-09-17,0139,N20,VIIRS,n,2,289.32,1.54,N,0
40.67609,-7.67682,309.43,0.35,0.56,2024-09-17,0139,N20,VIIRS,n,2,291.43,8.04,N,0
40.67586,-7.67281,317.62,0.35,0.56,2024-09-17,0139,N20,VIIRS,n,2,291.18,8.04,N,0
40.67117,-7.58907,299.39,0.34,0.56,2024-09-17,0139,N20,VIIRS,n,2,286.11,5.72,N,0
40.71262,-8.4824,347.26,0.38,0.59,2024-09-17,0139,N20,VIIRS,n,2,290.49,12.75,N,0
40.71239,-8.47776,367,0.38,0.59,2024-09-17,0139,N20,VIIRS,h,2,294.67,8.21,N,0
40.70768,-8.38118,320.06,0.38,0.59,2024-09-17,0139,N20,VIIRS,n,2,281.56,1.35,N,0
40.70749,-8.37709,322.76,0.38,0.59,2024-09-17,0139,N20,VIIRS,n,2,281.16,2.04,N,0
40.70666,-8.36047,367,0.38,0.58,2024-09-17,0139,N20,VIIRS,h,2,293.34,13.78,N,0
40.70641,-8.35546,348.68,0.38,0.58,2024-09-17,0139,N20,VIIRS,n,2,300.92,13.78,N,0
40.70615,-8.35012,328.66,0.38,0.58,2024-09-17,0139,N20,VIIRS,n,2,287.14,15.38,N,0
40.6709,-7.67804,327.13,0.35,0.56,2024-09-17,0139,N20,VIIRS,n,2,293.36,8.04,N,0
40.67067,-7.67398,367,0.35,0.56,2024-09-17,0139,N20,VIIRS,h,2,296.73,8.04,N,0
40.67045,-7.6699,347.36,0.35,0.56,2024-09-17,0139,N20,VIIRS,n,2,300.96,17.15,N,0
40.66733,-7.61403,330.57,0.34,0.56,2024-09-17,0139,N20,VIIRS,n,2,287.93,1.49,N,0
40.70789,-8.38546,306.44,0.38,0.59,2024-09-17,0139,N20,VIIRS,n,2,279.97,1.35,N,0
40.67227,-7.70276,308.72,0.35,0.57,2024-09-17,0139,N20,VIIRS,n,2,288.25,0.67,N,0
40.67204,-7.69862,302.36,0.35,0.57,2024-09-17,0139,N20,VIIRS,n,2,288.56,0.67,N,0
40.67159,-7.69039,304.25,0.35,0.56,2024-09-17,0139,N20,VIIRS,n,2,289.28,1.27,N,0
40.67136,-7.68628,312.41,0.35,0.56,2024-09-17,0139,N20,VIIRS,n,2,289.49,2.02,N,0
40.67113,-7.68217,317.15,0.35,0.56,2024-09-17,0139,N20,VIIRS,n,2,292.44,2.02,N,0
40.66758,-7.6185,306.86,0.34,0.56,2024-09-17,0139,N20,VIIRS,n,2,286.13,1.49,N,0
40.70209,-8.3784,367,0.38,0.59,2024-09-17,0139,N20,VIIRS,h,2,292.41,10.46,N,0
40.70189,-8.37419,351.69,0.38,0.59,2024-09-17,0139,N20,VIIRS,n,2,287.92,10.46,N,0
40.66751,-7.712,367,0.35,0.57,2024-09-17,0139,N20,VIIRS,h,2,295.19,11.53,N,0
40.66729,-7.70791,330.13,0.35,0.57,2024-09-17,0139,N20,VIIRS,n,2,291.31,11.53,N,0
40.66706,-7.70384,341.92,0.35,0.57,2024-09-17,0139,N20,VIIRS,n,2,292.34,9.23,N,0
40.66684,-7.69977,367,0.35,0.57,2024-09-17,0139,N20,VIIRS,h,2,296.16,9.23,N,0
40.66661,-7.69564,355.01,0.35,0.57,2024-09-17,0139,N20,VIIRS,n,2,301.82,19.5,N,0
40.66638,-7.69146,367,0.35,0.56,2024-09-17,0139,N20,VIIRS,h,2,297.1,19.5,N,0
40.66615,-7.68724,325.13,0.35,0.56,2024-09-17,0139,N20,VIIRS,n,2,290.61,7.18,N,0
40.45398,-7.95325,337.01,0.36,0.57,2024-09-17,0139,N20,VIIRS,n,2,291.68,6.94,N,0
40.45375,-7.94892,367,0.36,0.57,2024-09-17,0139,N20,VIIRS,h,2,296.73,6.94,N,0
40.45352,-7.94459,326.05,0.36,0.57,2024-09-17,0139,N20,VIIRS,n,2,293.6,4.17,N,0
40.45329,-7.94026,332.75,0.36,0.57,2024-09-17,0139,N20,VIIRS,n,2,293.08,4.17,N,0
40.45307,-7.93598,333.44,0.36,0.57,2024-09-17,0139,N20,VIIRS,n,2,294.3,7.39,N,0
40.45285,-7.93179,346.78,0.36,0.57,2024-09-17,0139,N20,VIIRS,n,2,294.38,7.39,N,0
40.45263,-7.92772,346.74,0.36,0.57,2024-09-17,0139,N20,VIIRS,n,2,308.13,34.9,N,0
40.45242,-7.92378,337.79,0.36,0.57,2024-09-17,0139,N20,VIIRS,n,2,311.86,34.9,N,0
40.45221,-7.91986,332.76,0.36,0.57,2024-09-17,0139,N20,VIIRS,n,2,293.56,35.28,N,0
40.45648,-8.00093,315.52,0.36,0.57,2024-09-17,0139,N20,VIIRS,n,2,289.53,5.87,N,0
40.45536,-7.9796,309.22,0.36,0.57,2024-09-17,0139,N20,VIIRS,n,2,290.89,1.8,N,0
40.45513,-7.97521,312.87,0.36,0.57,2024-09-17,0139,N20,VIIRS,n,2,290.52,1.8,N,0
40.45118,-8.00173,367,0.36,0.57,2024-09-17,0139,N20,VIIRS,h,2,294.98,9.75,N,0
40.45096,-7.99741,350.32,0.36,0.57,2024-09-17,0139,N20,VIIRS,n,2,305.78,22.18,N,0
40.45073,-7.99306,356.28,0.36,0.57,2024-09-17,0139,N20,VIIRS,n,2,294.94,22.18,N,0
40.45028,-7.98429,329.26,0.36,0.57,2024-09-17,0139,N20,VIIRS,n,2,292.19,3.02,N,0
40.44892,-7.95821,322.94,0.36,0.57,2024-09-17,0139,N20,VIIRS,n,2,291.91,5.27,N,0
40.4487,-7.95395,341.23,0.36,0.57,2024-09-17,0139,N20,VIIRS,n,2,294.54,8.44,N,0
40.44846,-7.9496,328.52,0.36,0.57,2024-09-17,0139,N20,VIIRS,n,2,293.57,8.44,N,0
40.44824,-7.94522,337.43,0.36,0.57,2024-09-17,0139,N20,VIIRS,n,2,294.81,60.7,N,0
40.44801,-7.94091,367,0.36,0.57,2024-09-17,0139,N20,VIIRS,h,2,299.25,60.7,N,0
40.44778,-7.93666,367,0.36,0.57,2024-09-17,0139,N20,VIIRS,h,2,299.19,34.91,N,0
40.44757,-7.9325,356.32,0.36,0.57,2024-09-17,0139,N20,VIIRS,n,2,309.36,34.91,N,0
40.44736,-7.9285,353.25,0.36,0.57,2024-09-17,0139,N20,VIIRS,n,2,295.58,28.09,N,0
40.4514,-8.00599,304.56,0.36,0.57,2024-09-17,0139,N20,VIIRS,n,2,290.23,9.75,N,0
40.4505,-7.98868,312.07,0.36,0.57,2024-09-17,0139,N20,VIIRS,n,2,290.93,3.02,N,0
40.44407,-7.96729,325.05,0.36,0.57,2024-09-17,0139,N20,VIIRS,n,2,290.9,5.47,N,0
40.44384,-7.96308,367,0.36,0.57,2024-09-17,0139,N20,VIIRS,h,2,296.87,5.27,N,0
40.44363,-7.9589,333.06,0.36,0.57,2024-09-17,0139,N20,VIIRS,n,2,295.25,5.27,N,0
40.44341,-7.95469,328.24,0.36,0.57,2024-09-17,0139,N20,VIIRS,n,2,293.06,8.44,N,0
40.44318,-7.95028,367,0.36,0.57,2024-09-17,0139,N20,VIIRS,h,2,298.01,8.44,N,0
40.44295,-7.94585,355.78,0.36,0.57,2024-09-17,0139,N20,VIIRS,n,2,311.96,60.7,N,0
40.44251,-7.93748,342.8,0.36,0.57,2024-09-17,0139,N20,VIIRS,n,2,313.7,34.91,N,0
40.44231,-7.93348,345.38,0.36,0.57,2024-09-17,0139,N20,VIIRS,n,2,300.72,34.91,N,0
40.44588,-8.00232,304.63,0.36,0.57,2024-09-17,0139,N20,VIIRS,n,2,290.81,9.75,N,0
40.43856,-7.96384,328.83,0.36,0.57,2024-09-17,0139,N20,VIIRS,n,2,291.36,26.78,N,0
40.43834,-7.95964,344.98,0.36,0.57,2024-09-17,0139,N20,VIIRS,n,2,294.16,26.78,N,0
40.43812,-7.95539,367,0.36,0.57,2024-09-17,0139,N20,VIIRS,h,2,302.41,69.4,N,0
40.4379,-7.95098,346.49,0.36,0.57,2024-09-17,0139,N20,VIIRS,n,2,312.35,69.4,N,0
40.43767,-7.94655,334.93,0.36,0.57,2024-09-17,0139,N20,VIIRS,n,2,306.54,46.63,N,0
40.43745,-7.94234,329.8,0.36,0.57,2024-09-17,0139,N20,VIIRS,n,2,292.54,46.63,N,0
40.43457,-7.98975,335.96,0.36,0.57,2024-09-17,0139,N20,VIIRS,n,2,291.9,9.57,N,0
40.43435,-7.98556,367,0.36,0.57,2024-09-17,0139,N20,VIIRS,h,2,299.05,9.57,N,0
40.43372,-7.97311,346.9,0.36,0.57,2024-09-17,0139,N20,VIIRS,n,2,293.58,4.48,N,0
40.43328,-7.96474,352.06,0.36,0.57,2024-09-17,0139,N20,VIIRS,n,2,292.11,26.78,N,0
40.43307,-7.96057,367,0.36,0.57,2024-09-17,0139,N20,VIIRS,h,2,298.13,26.78,N,0
40.43262,-7.95203,349.96,0.36,0.57,2024-09-17,0139,N20,VIIRS,n,2,295.31,69.4,N,0
40.43479,-7.99405,315.54,0.36,0.57,2024-09-17,0139,N20,VIIRS,n,2,290.27,1.68,N,0
40.43414,-7.98147,309.58,0.36,0.57,2024-09-17,0139,N20,VIIRS,n,2,291.55,5.83,N,0
40.43393,-7.97732,319.93,0.36,0.57,2024-09-17,0139,N20,VIIRS,n,2,291.07,5.83,N,0
40.43349,-7.96891,311.83,0.36,0.57,2024-09-17,0139,N20,VIIRS,n,2,291.73,4.48,N,0
40.45243,-8.00036,367,0.36,0.57,2024-09-17,0139,N20,VIIRS,h,2,293.33,9.94,N,0
40.45218,-7.99609,341.82,0.36,0.57,2024-09-17,0139,N20,VIIRS,n,2,308.32,17.52,N,0
40.45193,-7.99175,367,0.36,0.57,2024-09-17,0139,N20,VIIRS,h,2,297.11,17.52,N,0
40.45168,-7.98739,322.08,0.36,0.57,2024-09-17,0139,N20,VIIRS,n,2,291.07,3.82,N,0
40.45142,-7.98303,332.57,0.36,0.57,2024-09-17,0139,N20,VIIRS,n,2,292.78,3.82,N,0
40.44991,-7.95693,333.91,0.36,0.57,2024-09-17,0139,N20,VIIRS,n,2,292.68,5.54,N,0
40.44966,-7.95264,350.49,0.36,0.57,2024-09-17,0139,N20,VIIRS,n,2,295.71,7,N,0
40.4494,-7.94829,335.57,0.36,0.57,2024-09-17,0139,N20,VIIRS,n,2,293.92,7,N,0
40.44915,-7.94394,338.9,0.36,0.57,2024-09-17,0139,N20,VIIRS,n,2,295.77,29.57,N,0
40.4489,-7.93965,367,0.36,0.57,2024-09-17,0139,N20,VIIRS,h,2,298.55,29.57,N,0
40.44865,-7.93542,367,0.36,0.57,2024-09-17,0139,N20,VIIRS,h,2,297.71,37.76,N,0
40.44841,-7.93128,355.51,0.36,0.57,2024-09-17,0139,N20,VIIRS,n,2,308.62,37.76,N,0
40.44818,-7.92732,338.48,0.36,0.57,2024-09-17,0139,N20,VIIRS,n,2,298.38,13.71,N,0
40.45267,-8.00459,305.14,0.36,0.57,2024-09-17,0139,N20,VIIRS,n,2,290.2,9.94,N,0
40.44796,-7.92354,303.82,0.36,0.57,2024-09-17,0139,N20,VIIRS,n,2,290.66,13.71,N,0
40.44713,-8.00096,367,0.36,0.57,2024-09-17,0139,N20,VIIRS,h,2,294.83,9.94,N,0
40.44511,-7.96596,333.78,0.36,0.57,2024-09-17,0139,N20,VIIRS,n,2,290.99,5.67,N,0
40.44486,-7.96177,353.92,0.36,0.57,2024-09-17,0139,N20,VIIRS,n,2,296.33,5.54,N,0
40.44462,-7.9576,328.9,0.36,0.57,2024-09-17,0139,N20,VIIRS,n,2,294.83,5.54,N,0
40.44438,-7.95335,327.22,0.36,0.57,2024-09-17,0139,N20,VIIRS,n,2,293.16,7,N,0
40.44412,-7.94894,367,0.36,0.57,2024-09-17,0139,N20,VIIRS,h,2,299.01,7,N,0
40.44387,-7.94454,367,0.36,0.57,2024-09-17,0139,N20,VIIRS,h,2,304.69,29.57,N,0
40.44362,-7.94034,343.44,0.36,0.57,2024-09-17,0139,N20,VIIRS,n,2,314.6,29.57,N,0
40.44338,-7.93623,338.9,0.36,0.57,2024-09-17,0139,N20,VIIRS,n,2,315.15,37.76,N,0
40.44315,-7.93223,344.11,0.36,0.57,2024-09-17,0139,N20,VIIRS,n,2,300.14,37.76,N,0
40.44738,-8.00539,312.27,0.36,0.57,2024-09-17,0139,N20,VIIRS,n,2,291.46,9.94,N,0
40.44687,-7.99654,307.6,0.36,0.57,2024-09-17,0139,N20,VIIRS,n,2,290.25,17.52,N,0
40.44292,-7.92833,303.31,0.36,0.57,2024-09-17,0139,N20,VIIRS,n,2,291.31,13.71,N,0
40.43958,-7.9625,340.79,0.36,0.57,2024-09-17,0139,N20,VIIRS,n,2,292.33,27.26,N,0
40.43934,-7.9583,342.86,0.36,0.57,2024-09-17,0139,N20,VIIRS,n,2,294.5,27.26,N,0
40.43909,-7.95404,367,0.36,0.57,2024-09-17,0139,N20,VIIRS,h,2,302.31,74.7,N,0
40.43884,-7.94958,352.42,0.36,0.57,2024-09-17,0139,N20,VIIRS,n,2,309.94,74.7,N,0
40.43835,-7.94107,348.86,0.36,0.57,2024-09-17,0139,N20,VIIRS,n,2,293.37,76.94,N,0
40.43983,-7.96672,311.91,0.36,0.57,2024-09-17,0139,N20,VIIRS,n,2,290.98,3.05,N,0
40.43812,-7.9371,304.39,0.36,0.57,2024-09-17,0139,N20,VIIRS,n,2,291.22,6.54,N,0
40.43574,-7.98839,335.84,0.36,0.57,2024-09-17,0139,N20,VIIRS,n,2,292.09,7.43,N,0
40.4355,-7.98425,367,0.36,0.57,2024-09-17,0139,N20,VIIRS,h,2,296.74,7.43,N,0
40.43503,-7.97598,338.29,0.36,0.57,2024-09-17,0139,N20,VIIRS,n,2,291.28,8.84,N,0
40.43479,-7.97175,326.97,0.36,0.57,2024-09-17,0139,N20,VIIRS,n,2,292.42,3.05,N,0
40.43431,-7.96336,367,0.36,0.57,2024-09-17,0139,N20,VIIRS,h,2,292.81,27.26,N,0
40.43407,-7.95918,367,0.36,0.57,2024-09-17,0139,N20,VIIRS,h,2,300.44,27.26,N,0
40.43357,-7.95058,350.46,0.36,0.57,2024-09-17,0139,N20,VIIRS,n,2,295.99,74.7,N,0
40.43455,-7.96754,307.56,0.36,0.57,2024-09-17,0139,N20,VIIRS,n,2,291.18,3.05,N,0
40.43332,-7.94622,303.14,0.36,0.57,2024-09-17,0139,N20,VIIRS,n,2,291.17,76.94,N,0
40.43069,-7.99325,367,0.36,0.57,2024-09-17,0139,N20,VIIRS,h,2,297.88,9.71,N,0
40.43044,-7.98899,354.69,0.36,0.57,2024-09-17,0139,N20,VIIRS,n,2,297.69,10.37,N,0
40.43021,-7.98484,338.06,0.36,0.57,2024-09-17,0139,N20,VIIRS,n,2,294.25,10.37,N,0
40.42974,-7.97663,327.36,0.36,0.57,2024-09-17,0139,N20,VIIRS,n,2,292.02,8.88,N,0
40.4295,-7.97249,367,0.36,0.57,2024-09-17,0139,N20,VIIRS,h,2,308.91,31.3,N,0
40.42927,-7.96837,335.83,0.36,0.57,2024-09-17,0139,N20,VIIRS,n,2,310.44,31.3,N,0
40.42904,-7.96431,322.07,0.36,0.57,2024-09-17,0139,N20,VIIRS,n,2,292.89,19.33,N,0
40.4288,-7.96017,367,0.36,0.57,2024-09-17,0139,N20,VIIRS,h,2,298.4,19.33,N,0
40.42856,-7.95599,320.73,0.36,0.57,2024-09-17,0139,N20,VIIRS,n,2,292.19,13.94,N,0
40.43093,-7.9975,302.87,0.36,0.57,2024-09-17,0139,N20,VIIRS,n,2,290.47,9.71,N,0
40.42997,-7.98075,308.13,0.36,0.57,2024-09-17,0139,N20,VIIRS,n,2,291.48,8.88,N,0
40.42445,-7.97725,344.84,0.36,0.57,2024-09-17,0139,N20,VIIRS,n,2,293.06,8.88,N,0
40.42422,-7.9732,353.11,0.36,0.57,2024-09-17,0139,N20,VIIRS,n,2,299.51,31.3,N,0
40.42468,-7.98133,303.74,0.36,0.57,2024-09-17,0139,N20,VIIRS,n,2,291.1,8.88,N,0
40.42399,-7.96922,306.54,0.36,0.57,2024-09-17,0139,N20,VIIRS,n,2,291.84,31.3,N,0
40.20612,-7.37784,311.07,0.33,0.55,2024-09-17,0139,N20,VIIRS,n,2,289.01,0.79,N,0
40.20588,-7.37357,302.29,0.33,0.55,2024-09-17,0139,N20,VIIRS,n,2,289.97,0.79,N,0
40.20353,-7.3776,300.21,0.33,0.55,2024-09-17,0139,N20,VIIRS,n,2,288.1,0.74,N,0
40.18793,-8.3921,303.26,0.37,0.58,2024-09-17,0139,N20,VIIRS,n,2,292.26,0.86,N,0
40.18768,-8.38728,303.34,0.37,0.58,2024-09-17,0139,N20,VIIRS,n,2,293.06,0.83,N,0
40.18742,-8.38218,309.47,0.37,0.58,2024-09-17,0139,N20,VIIRS,n,2,292.98,0.83,N,0
40.47722,-7.89113,328.99,0.35,0.57,2024-09-17,0139,N20,VIIRS,n,2,290.94,18.97,N,0
40.47701,-7.88724,367,0.35,0.57,2024-09-17,0139,N20,VIIRS,h,2,296.66,18.97,N,0
40.4768,-7.8834,367,0.35,0.57,2024-09-17,0139,N20,VIIRS,h,2,301,34.49,N,0
40.47743,-7.89509,309.4,0.35,0.57,2024-09-17,0139,N20,VIIRS,n,2,290.38,12.41,N,0
40.47585,-7.96408,367,0.36,0.57,2024-09-17,0139,N20,VIIRS,h,2,292.97,13.97,N,0
40.47562,-7.9598,367,0.36,0.57,2024-09-17,0139,N20,VIIRS,h,2,298.13,8.95,N,0
40.47539,-7.95551,348.33,0.36,0.57,2024-09-17,0139,N20,VIIRS,n,2,295.07,8.95,N,0
40.47329,-7.91662,321.88,0.36,0.57,2024-09-17,0139,N20,VIIRS,n,2,289.42,4.53,N,0
40.47306,-7.91237,341.04,0.36,0.57,2024-09-17,0139,N20,VIIRS,n,2,291.84,4.53,N,0
40.47219,-7.8962,367,0.35,0.57,2024-09-17,0139,N20,VIIRS,h,2,299.97,12.41,N,0
40.47198,-7.89241,339.62,0.35,0.57,2024-09-17,0139,N20,VIIRS,n,2,305.77,18.97,N,0
40.47177,-7.88861,341.19,0.35,0.57,2024-09-17,0139,N20,VIIRS,n,2,293.05,18.97,N,0
40.47516,-7.95125,307.71,0.36,0.57,2024-09-17,0139,N20,VIIRS,n,2,292.22,5.21,N,0
40.47284,-7.90813,305.19,0.35,0.57,2024-09-17,0139,N20,VIIRS,n,2,289.47,9.73,N,0
40.47261,-7.90399,305.84,0.35,0.57,2024-09-17,0139,N20,VIIRS,n,2,289.34,9.73,N,0
40.4724,-7.90003,313.3,0.35,0.57,2024-09-17,0139,N20,VIIRS,n,2,289.73,12.41,N,0
40.4708,-7.96926,331.23,0.36,0.57,2024-09-17,0139,N20,VIIRS,n,2,291.93,2.76,N,0
40.47057,-7.96498,337,0.36,0.57,2024-09-17,0139,N20,VIIRS,n,2,296.37,2.76,N,0
40.46736,-7.90508,367,0.35,0.57,2024-09-17,0139,N20,VIIRS,h,2,293.79,22.65,N,0
40.46715,-7.90121,339.99,0.35,0.57,2024-09-17,0139,N20,VIIRS,n,2,310.9,27.82,N,0
40.46694,-7.89737,352.65,0.35,0.57,2024-09-17,0139,N20,VIIRS,n,2,296.37,27.82,N,0
40.47034,-7.96069,307.06,0.36,0.57,2024-09-17,0139,N20,VIIRS,n,2,292.63,1.5,N,0
40.46824,-7.92143,318.35,0.36,0.57,2024-09-17,0139,N20,VIIRS,n,2,289.18,2.28,N,0
40.46801,-7.91724,307.21,0.36,0.57,2024-09-17,0139,N20,VIIRS,n,2,289.24,15.62,N,0
40.46757,-7.90906,311.03,0.35,0.57,2024-09-17,0139,N20,VIIRS,n,2,289.48,22.65,N,0
40.46672,-7.89339,303.34,0.35,0.57,2024-09-17,0139,N20,VIIRS,n,2,289.72,4.32,N,0
40.46551,-7.96996,333.9,0.36,0.57,2024-09-17,0139,N20,VIIRS,n,2,291.91,2.76,N,0
40.46387,-7.93916,329.81,0.36,0.57,2024-09-17,0139,N20,VIIRS,n,2,290.03,7.23,N,0
40.46364,-7.93482,367,0.36,0.57,2024-09-17,0139,N20,VIIRS,h,2,295.65,7.55,N,0
40.46341,-7.93052,341.56,0.36,0.57,2024-09-17,0139,N20,VIIRS,n,2,294.61,7.55,N,0
40.46318,-7.92627,332.55,0.36,0.57,2024-09-17,0139,N20,VIIRS,n,2,292.39,2.28,N,0
40.46274,-7.91797,325.82,0.36,0.57,2024-09-17,0139,N20,VIIRS,n,2,290.25,15.62,N,0
40.46252,-7.91394,367,0.36,0.57,2024-09-17,0139,N20,VIIRS,h,2,300.47,15.62,N,0
40.46231,-7.91003,343.96,0.35,0.57,2024-09-17,0139,N20,VIIRS,n,2,302.41,22.65,N,0
40.46211,-7.90622,367,0.35,0.57,2024-09-17,0139,N20,VIIRS,h,2,294.14,22.65,N,0
40.4664,-7.98667,313.51,0.36,0.57,2024-09-17,0139,N20,VIIRS,n,2,289.36,1.24,N,0
40.46527,-7.96561,308.96,0.36,0.57,2024-09-17,0139,N20,VIIRS,n,2,291.67,2.76,N,0
40.46505,-7.96125,305.17,0.36,0.57,2024-09-17,0139,N20,VIIRS,n,2,292.18,1.5,N,0
40.46482,-7.95689,306.29,0.36,0.57,2024-09-17,0139,N20,VIIRS,n,2,291.1,1.5,N,0
40.46458,-7.95249,305.7,0.36,0.57,2024-09-17,0139,N20,VIIRS,n,2,291.26,1.71,N,0
40.46296,-7.92209,316.44,0.36,0.57,2024-09-17,0139,N20,VIIRS,n,2,291.01,2.28,N,0
40.4619,-7.9024,306.91,0.35,0.57,2024-09-17,0139,N20,VIIRS,n,2,290.73,27.82,N,0
40.46132,-7.99151,321.57,0.36,0.57,2024-09-17,0139,N20,VIIRS,n,2,290.35,24.58,N,0
40.4611,-7.98741,367,0.36,0.57,2024-09-17,0139,N20,VIIRS,h,2,293.06,40.04,N,0
40.45858,-7.93964,325.22,0.36,0.57,2024-09-17,0139,N20,VIIRS,n,2,291.01,4.17,N,0
40.45835,-7.93534,323.63,0.36,0.57,2024-09-17,0139,N20,VIIRS,n,2,292.92,7.39,N,0
40.45813,-7.93113,323.2,0.36,0.57,2024-09-17,0139,N20,VIIRS,n,2,293.42,7.39,N,0
40.45791,-7.92698,347.83,0.36,0.57,2024-09-17,0139,N20,VIIRS,n,2,293.24,34.9,N,0
40.4577,-7.9229,367,0.36,0.57,2024-09-17,0139,N20,VIIRS,h,2,293.42,34.9,N,0
40.45747,-7.91889,333.69,0.36,0.57,2024-09-17,0139,N20,VIIRS,n,2,312.87,35.28,N,0
40.45727,-7.91495,347.45,0.36,0.57,2024-09-17,0139,N20,VIIRS,n,2,298.15,35.28,N,0
40.46154,-7.99568,302.75,0.36,0.57,2024-09-17,0139,N20,VIIRS,n,2,289.11,24.58,N,0
40.46067,-7.97913,316.76,0.36,0.57,2024-09-17,0139,N20,VIIRS,n,2,290.82,1.8,N,0
40.46044,-7.97483,311.13,0.36,0.57,2024-09-17,0139,N20,VIIRS,n,2,291.57,1.8,N,0
40.46021,-7.97047,307.44,0.36,0.57,2024-09-17,0139,N20,VIIRS,n,2,291.24,2.44,N,0
40.45975,-7.96165,304,0.36,0.57,2024-09-17,0139,N20,VIIRS,n,2,290.4,2.36,N,0
40.45706,-7.91107,307.62,0.35,0.57,2024-09-17,0139,N20,VIIRS,n,2,290.01,9.66,N,0
40.45626,-7.99669,367,0.36,0.57,2024-09-17,0139,N20,VIIRS,h,2,297.45,24.58,N,0
40.45603,-7.99245,350.5,0.36,0.57,2024-09-17,0139,N20,VIIRS,n,2,311.56,24.58,N,0
40.45559,-7.98393,328.55,0.36,0.57,2024-09-17,0139,N20,VIIRS,n,2,292.64,40.04,N,0
41.54107,-7.88935,367,0.41,0.61,2024-09-17,0319,N20,VIIRS,h,2,294.57,11.13,N,0
41.9846,-7.15974,315.42,0.44,0.62,2024-09-17,0319,N20,VIIRS,n,2,282.91,19.16,N,0
41.77153,-7.33833,338.52,0.43,0.62,2024-09-17,0319,N20,VIIRS,n,2,286.69,2.61,N,0
41.77268,-7.34229,318.92,0.43,0.62,2024-09-17,0319,N20,VIIRS,n,2,284.77,2.5,N,0
41.77032,-7.33421,303.6,0.43,0.62,2024-09-17,0319,N20,VIIRS,n,2,283.6,2.61,N,0
41.76743,-7.34538,326.4,0.43,0.62,2024-09-17,0319,N20,VIIRS,n,2,286.99,6.82,N,0
41.76625,-7.34133,367,0.43,0.62,2024-09-17,0319,N20,VIIRS,h,2,293.19,25.85,N,0
41.76497,-7.33696,351.67,0.43,0.62,2024-09-17,0319,N20,VIIRS,n,2,292.88,25.85,N,0
41.76859,-7.34932,308.99,0.43,0.62,2024-09-17,0319,N20,VIIRS,n,2,285,6.82,N,0
41.7636,-7.33223,298.63,0.43,0.62,2024-09-17,0319,N20,VIIRS,n,2,283.45,4.6,N,0
41.76586,-7.36105,303.28,0.43,0.62,2024-09-17,0319,N20,VIIRS,n,2,284.79,1.64,N,0
41.76441,-7.37712,326.35,0.43,0.62,2024-09-17,0319,N20,VIIRS,n,2,285.73,16.76,N,0
41.76314,-7.37278,353.7,0.43,0.62,2024-09-17,0319,N20,VIIRS,n,2,303.48,13.92,N,0
41.76192,-7.3686,331.9,0.43,0.62,2024-09-17,0319,N20,VIIRS,n,2,288.75,13.92,N,0
41.76073,-7.36453,367,0.43,0.62,2024-09-17,0319,N20,VIIRS,h,2,290.97,5.78,N,0
41.75953,-7.36043,323.89,0.43,0.62,2024-09-17,0319,N20,VIIRS,n,2,287.3,5.78,N,0
41.75813,-7.37665,303.18,0.43,0.62,2024-09-17,0319,N20,VIIRS,n,2,283.49,13.92,N,0
41.75564,-7.36812,315.13,0.43,0.62,2024-09-17,0319,N20,VIIRS,n,2,283.21,5.78,N,0
41.75436,-7.36375,300.7,0.43,0.62,2024-09-17,0319,N20,VIIRS,n,2,283.1,5.78,N,0
41.7608,-7.37636,367,0.43,0.62,2024-09-17,0319,N20,VIIRS,h,2,289.86,25.29,N,0
41.75958,-7.37208,353.61,0.43,0.62,2024-09-17,0319,N20,VIIRS,n,2,292.74,16.42,N,0
41.75838,-7.3679,341.83,0.43,0.62,2024-09-17,0319,N20,VIIRS,n,2,285.2,16.42,N,0
41.75718,-7.3637,354.52,0.43,0.62,2024-09-17,0319,N20,VIIRS,n,2,293.42,16.4,N,0
41.80151,-7.6469,320.1,0.42,0.61,2024-09-17,0319,N20,VIIRS,n,2,277.49,2.58,N,0
41.80024,-7.64245,330.5,0.42,0.61,2024-09-17,0319,N20,VIIRS,n,2,278.22,3.18,N,0
41.80279,-7.65142,306.69,0.42,0.61,2024-09-17,0319,N20,VIIRS,n,2,273.81,2.58,N,0
41.79898,-7.63805,315.99,0.42,0.61,2024-09-17,0319,N20,VIIRS,n,2,277.83,3.18,N,0
41.79239,-7.63612,300.32,0.42,0.61,2024-09-17,0319,N20,VIIRS,n,2,275.01,1.63,N,0
41.96053,-8.46085,338.01,0.38,0.58,2024-09-17,0319,N20,VIIRS,n,2,287.45,2.4,N,0
41.95948,-8.45708,301.54,0.38,0.58,2024-09-17,0319,N20,VIIRS,n,2,287.21,3.4,N,0
41.96498,-8.49735,342.18,0.37,0.58,2024-09-17,0319,N20,VIIRS,n,2,286.67,8.86,N,0
41.96384,-8.49324,367,0.38,0.58,2024-09-17,0319,N20,VIIRS,h,2,290.72,8.86,N,0
41.96263,-8.48893,367,0.38,0.58,2024-09-17,0319,N20,VIIRS,h,2,290.1,10.43,N,0
41.96104,-8.48326,348.03,0.38,0.58,2024-09-17,0319,N20,VIIRS,n,2,287.79,10.43,N,0
41.95932,-8.47715,313.62,0.38,0.58,2024-09-17,0319,N20,VIIRS,n,2,284.74,3.61,N,0
41.95511,-8.46214,306.9,0.38,0.58,2024-09-17,0319,N20,VIIRS,n,2,285.37,2.4,N,0
41.96104,-8.50384,327.67,0.37,0.58,2024-09-17,0319,N20,VIIRS,n,2,288.65,9.63,N,0
41.95996,-8.50002,367,0.37,0.58,2024-09-17,0319,N20,VIIRS,h,2,305.09,6.48,N,0
41.95893,-8.49631,330.93,0.38,0.58,2024-09-17,0319,N20,VIIRS,n,2,292.88,6.48,N,0
41.95773,-8.49202,305.48,0.38,0.58,2024-09-17,0319,N20,VIIRS,n,2,287.94,7.63,N,0
41.95378,-8.49853,327.51,0.38,0.58,2024-09-17,0319,N20,VIIRS,n,2,292.04,6.48,N,0
41.95265,-8.49452,339.52,0.38,0.58,2024-09-17,0319,N20,VIIRS,n,2,290.9,7.63,N,0
41.95123,-8.48947,355.63,0.38,0.58,2024-09-17,0319,N20,VIIRS,n,2,294.01,7.63,N,0
41.94957,-8.48357,320.91,0.38,0.58,2024-09-17,0319,N20,VIIRS,n,2,288.89,6.08,N,0
41.95481,-8.50224,318.97,0.37,0.58,2024-09-17,0319,N20,VIIRS,n,2,289.32,6.48,N,0
41.94965,-8.50436,325.06,0.37,0.58,2024-09-17,0319,N20,VIIRS,n,2,286.07,10.76,N,0
41.94851,-8.50033,355.33,0.38,0.58,2024-09-17,0319,N20,VIIRS,n,2,301.72,10.76,N,0
41.94727,-8.49589,318.54,0.38,0.58,2024-09-17,0319,N20,VIIRS,n,2,288.51,7.53,N,0
41.94583,-8.49077,316.81,0.38,0.58,2024-09-17,0319,N20,VIIRS,n,2,287.92,7.53,N,0
41.94342,-8.50275,298.11,0.38,0.58,2024-09-17,0319,N20,VIIRS,n,2,284.32,10.76,N,0
41.96156,-8.50054,367,0.38,0.58,2024-09-17,0319,N20,VIIRS,h,2,297.78,6.06,N,0
41.96051,-8.4967,353.44,0.38,0.58,2024-09-17,0319,N20,VIIRS,n,2,296.93,4.97,N,0
41.96262,-8.50443,300.94,0.37,0.58,2024-09-17,0319,N20,VIIRS,n,2,286.06,6.06,N,0
41.95936,-8.49253,306.17,0.38,0.58,2024-09-17,0319,N20,VIIRS,n,2,287.7,4.97,N,0
41.95807,-8.4878,297.06,0.38,0.58,2024-09-17,0319,N20,VIIRS,n,2,284.24,2.49,N,0
41.95643,-8.50282,331.49,0.38,0.58,2024-09-17,0319,N20,VIIRS,n,2,288.94,6.06,N,0
41.95542,-8.49914,329.69,0.38,0.58,2024-09-17,0319,N20,VIIRS,n,2,293.42,4.97,N,0
41.95439,-8.4954,323,0.38,0.58,2024-09-17,0319,N20,VIIRS,n,2,291.8,4.97,N,0
41.95152,-8.4849,338.98,0.38,0.58,2024-09-17,0319,N20,VIIRS,n,2,289.37,2.49,N,0
41.19794,-7.9656,300.55,0.42,0.61,2024-09-17,0319,N20,VIIRS,n,2,286.86,2.32,N,0
41.18619,-7.94553,322.31,0.42,0.61,2024-09-17,0319,N20,VIIRS,n,2,284.95,1.89,N,0
41.1938,-7.97229,309.64,0.42,0.61,2024-09-17,0319,N20,VIIRS,n,2,287.7,5.67,N,0
41.21261,-8.05975,340.62,0.41,0.61,2024-09-17,0319,N20,VIIRS,n,2,291.02,5.9,N,0
41.21164,-8.05633,352.17,0.41,0.61,2024-09-17,0319,N20,VIIRS,n,2,296.24,5.9,N,0
41.21064,-8.05283,367,0.41,0.61,2024-09-17,0319,N20,VIIRS,h,2,298.1,7.53,N,0
41.18967,-7.97901,339.41,0.42,0.61,2024-09-17,0319,N20,VIIRS,n,2,289.7,4.65,N,0
41.95308,-8.49061,315.65,0.38,0.58,2024-09-17,0319,N20,VIIRS,n,2,287.19,2.49,N,0
41.9502,-8.50109,367,0.38,0.58,2024-09-17,0319,N20,VIIRS,h,2,294.51,10.13,N,0
41.94906,-8.49693,353.45,0.38,0.58,2024-09-17,0319,N20,VIIRS,n,2,295.18,10.13,N,0
41.94769,-8.49194,367,0.38,0.58,2024-09-17,0319,N20,VIIRS,h,2,293.55,10.27,N,0
41.94622,-8.48656,316.69,0.38,0.58,2024-09-17,0319,N20,VIIRS,n,2,288.44,10.27,N,0
41.94508,-8.50339,322.74,0.38,0.58,2024-09-17,0319,N20,VIIRS,n,2,284.58,10.13,N,0
41.94382,-8.49881,327.07,0.38,0.58,2024-09-17,0319,N20,VIIRS,n,2,286.54,10.13,N,0
41.65755,-7.56316,313.23,0.42,0.61,2024-09-17,0319,N20,VIIRS,n,2,283.46,2.77,N,0
41.65638,-7.55905,310.87,0.42,0.61,2024-09-17,0319,N20,VIIRS,n,2,288.04,1.63,N,0
41.65517,-7.55486,298.64,0.43,0.62,2024-09-17,0319,N20,VIIRS,n,2,286.08,1.63,N,0
41.65361,-7.57065,338.32,0.42,0.61,2024-09-17,0319,N20,VIIRS,n,2,287.18,4.82,N,0
41.65489,-7.57511,304.96,0.42,0.61,2024-09-17,0319,N20,VIIRS,n,2,283.34,2.72,N,0
41.64821,-7.57306,337.4,0.42,0.61,2024-09-17,0319,N20,VIIRS,n,2,286.63,4.82,N,0
41.64952,-7.57761,305.26,0.42,0.61,2024-09-17,0319,N20,VIIRS,n,2,284.39,2.72,N,0
41.58398,-7.58291,324.12,0.43,0.62,2024-09-17,0319,N20,VIIRS,n,2,285.82,1.66,N,0
41.58536,-7.58766,298.58,0.43,0.62,2024-09-17,0319,N20,VIIRS,n,2,282.68,1.66,N,0
41.57858,-7.58534,323.38,0.43,0.62,2024-09-17,0319,N20,VIIRS,n,2,283.59,1.66,N,0
41.58,-7.59021,300.3,0.43,0.62,2024-09-17,0319,N20,VIIRS,n,2,282.31,1.66,N,0
41.58638,-7.58371,325.99,0.43,0.62,2024-09-17,0319,N20,VIIRS,n,2,284.37,3.05,N,0
41.58098,-7.58614,323.37,0.43,0.62,2024-09-17,0319,N20,VIIRS,n,2,284.32,1.75,N,0
41.57563,-7.58873,296.2,0.43,0.62,2024-09-17,0319,N20,VIIRS,n,2,281.38,1.75,N,0
41.78292,-8.38933,341.96,0.38,0.59,2024-09-17,0319,N20,VIIRS,n,2,289.56,16.95,N,0
41.78193,-8.38575,346.8,0.38,0.59,2024-09-17,0319,N20,VIIRS,n,2,308.87,16.95,N,0
41.7809,-8.38205,312.66,0.38,0.59,2024-09-17,0319,N20,VIIRS,n,2,292.77,8.62,N,0
41.77982,-8.37816,314.58,0.38,0.59,2024-09-17,0319,N20,VIIRS,n,2,294.27,8.62,N,0
41.77691,-8.38862,367,0.38,0.59,2024-09-17,0319,N20,VIIRS,h,2,293.08,16.95,N,0
41.77595,-8.38517,353.12,0.38,0.59,2024-09-17,0319,N20,VIIRS,n,2,292.35,8.62,N,0
41.77498,-8.38169,351.91,0.38,0.59,2024-09-17,0319,N20,VIIRS,n,2,291.7,8.62,N,0
41.77188,-8.3915,300.15,0.38,0.59,2024-09-17,0319,N20,VIIRS,n,2,287.83,0.59,N,0
41.5358,-7.57745,352.95,0.43,0.62,2024-09-17,0319,N20,VIIRS,n,2,283.6,16.06,N,0
41.53462,-7.57336,353.47,0.43,0.62,2024-09-17,0319,N20,VIIRS,n,2,294.9,18.47,N,0
41.53051,-7.58027,334.8,0.43,0.62,2024-09-17,0319,N20,VIIRS,n,2,285.37,6.13,N,0
41.52923,-7.57586,320.37,0.43,0.62,2024-09-17,0319,N20,VIIRS,n,2,282.57,4.78,N,0
41.53168,-7.58433,295.85,0.43,0.62,2024-09-17,0319,N20,VIIRS,n,2,282.27,6.13,N,0
41.52648,-7.58749,367,0.43,0.62,2024-09-17,0319,N20,VIIRS,h,2,289.29,6.13,N,0
41.5278,-7.59209,313.53,0.43,0.62,2024-09-17,0319,N20,VIIRS,n,2,281.64,7.88,N,0
41.52597,-7.60691,367,0.43,0.62,2024-09-17,0319,N20,VIIRS,h,2,283.41,14.38,N,0
41.52492,-7.60327,354.45,0.43,0.62,2024-09-17,0319,N20,VIIRS,n,2,290.91,14.38,N,0
41.52702,-7.61056,297.19,0.43,0.62,2024-09-17,0319,N20,VIIRS,n,2,280.58,3.47,N,0
41.52382,-7.59945,312.01,0.43,0.62,2024-09-17,0319,N20,VIIRS,n,2,281.44,6.38,N,0
41.56387,-7.84404,304.93,0.41,0.61,2024-09-17,0319,N20,VIIRS,n,2,286.68,1,N,0
41.55862,-7.84674,304.64,0.41,0.61,2024-09-17,0319,N20,VIIRS,n,2,287.85,3.21,N,0
41.56327,-7.88382,338.08,0.41,0.61,2024-09-17,0319,N20,VIIRS,n,2,283.79,11.16,N,0
41.56185,-7.87891,367,0.41,0.61,2024-09-17,0319,N20,VIIRS,h,2,290.56,11.16,N,0
41.5603,-7.87349,367,0.41,0.61,2024-09-17,0319,N20,VIIRS,h,2,288.89,17.51,N,0
41.55871,-7.86799,367,0.41,0.61,2024-09-17,0319,N20,VIIRS,h,2,292.84,17.51,N,0
41.55711,-7.86241,345.67,0.41,0.61,2024-09-17,0319,N20,VIIRS,n,2,288.4,8.72,N,0
41.55333,-7.84929,344.6,0.41,0.61,2024-09-17,0319,N20,VIIRS,n,2,290.27,3.21,N,0
41.55539,-7.85647,309.68,0.41,0.61,2024-09-17,0319,N20,VIIRS,n,2,285.21,8.72,N,0
41.57504,-7.94568,325.56,0.41,0.61,2024-09-17,0319,N20,VIIRS,n,2,284.36,2.43,N,0
41.55889,-7.88951,367,0.41,0.61,2024-09-17,0319,N20,VIIRS,h,2,289.36,13.38,N,0
41.55742,-7.8844,352.29,0.41,0.61,2024-09-17,0319,N20,VIIRS,n,2,301.38,20.41,N,0
41.556,-7.87947,349.09,0.41,0.61,2024-09-17,0319,N20,VIIRS,n,2,292.99,20.41,N,0
41.55153,-7.86398,321.14,0.41,0.61,2024-09-17,0319,N20,VIIRS,n,2,288.13,20.24,N,0
41.54974,-7.85778,367,0.41,0.61,2024-09-17,0319,N20,VIIRS,h,2,290.96,20.24,N,0
41.54778,-7.85094,352.94,0.41,0.61,2024-09-17,0319,N20,VIIRS,n,2,293.04,18.07,N,0
41.56043,-7.89488,297.14,0.41,0.61,2024-09-17,0319,N20,VIIRS,n,2,284.85,13.38,N,0
41.5546,-7.87461,302.87,0.41,0.61,2024-09-17,0319,N20,VIIRS,n,2,287.1,10.48,N,0
41.55315,-7.86957,317.83,0.41,0.61,2024-09-17,0319,N20,VIIRS,n,2,286.6,10.48,N,0
41.55844,-7.90888,340.1,0.41,0.61,2024-09-17,0319,N20,VIIRS,n,2,284.87,13.48,N,0
41.55738,-7.90516,354.32,0.41,0.61,2024-09-17,0319,N20,VIIRS,n,2,295.47,16.5,N,0
41.55606,-7.90059,350.27,0.41,0.61,2024-09-17,0319,N20,VIIRS,n,2,289.66,16.5,N,0
41.55455,-7.89535,351.93,0.41,0.61,2024-09-17,0319,N20,VIIRS,n,2,291.52,13.38,N,0
41.55299,-7.88993,367,0.41,0.61,2024-09-17,0319,N20,VIIRS,h,2,293.1,13.38,N,0
41.54728,-7.87013,367,0.41,0.61,2024-09-17,0319,N20,VIIRS,h,2,296.04,10.48,N,0
41.54574,-7.86479,335.35,0.41,0.61,2024-09-17,0319,N20,VIIRS,n,2,308.06,20.24,N,0
41.57283,-7.9589,304.83,0.41,0.61,2024-09-17,0319,N20,VIIRS,n,2,288.4,1.36,N,0
41.55148,-7.8847,309.78,0.41,0.61,2024-09-17,0319,N20,VIIRS,n,2,289.7,20.41,N,0
41.55003,-7.87968,304.88,0.41,0.61,2024-09-17,0319,N20,VIIRS,n,2,288.8,20.41,N,0
41.54866,-7.87491,310.46,0.41,0.61,2024-09-17,0319,N20,VIIRS,n,2,289.74,10.48,N,0
41.54406,-7.85896,308.18,0.41,0.61,2024-09-17,0319,N20,VIIRS,n,2,288.75,20.24,N,0
41.55279,-7.91009,367,0.41,0.61,2024-09-17,0319,N20,VIIRS,h,2,295.55,10.37,N,0
41.5517,-7.90631,324.72,0.41,0.61,2024-09-17,0319,N20,VIIRS,n,2,291.3,6.94,N,0
41.5442,-7.88033,329.67,0.41,0.61,2024-09-17,0319,N20,VIIRS,n,2,295.07,21.08,N,0
41.54296,-7.87604,327.15,0.41,0.61,2024-09-17,0319,N20,VIIRS,n,2,293.64,22.49,N,0
41.54175,-7.87183,367,0.41,0.61,2024-09-17,0319,N20,VIIRS,h,2,307.53,22.49,N,0
41.54035,-7.86699,330.35,0.41,0.61,2024-09-17,0319,N20,VIIRS,n,2,291.08,25.74,N,0
41.56894,-7.96618,297.42,0.41,0.6,2024-09-17,0319,N20,VIIRS,n,2,286.01,1.09,N,0
41.55384,-7.91376,316.77,0.41,0.61,2024-09-17,0319,N20,VIIRS,n,2,286.25,10.37,N,0
41.55045,-7.90196,305.48,0.41,0.61,2024-09-17,0319,N20,VIIRS,n,2,288.62,6.94,N,0
41.54877,-7.89615,310.54,0.41,0.61,2024-09-17,0319,N20,VIIRS,n,2,290.14,6.83,N,0
41.54712,-7.89045,309.6,0.41,0.61,2024-09-17,0319,N20,VIIRS,n,2,290.52,6.83,N,0
41.5456,-7.88518,314.2,0.41,0.61,2024-09-17,0319,N20,VIIRS,n,2,292.23,21.08,N,0
41.54823,-7.91516,342.37,0.41,0.61,2024-09-17,0319,N20,VIIRS,n,2,288.77,10.37,N,0
41.54718,-7.91151,367,0.41,0.61,2024-09-17,0319,N20,VIIRS,h,2,297.95,10.37,N,0
41.5461,-7.90775,348.86,0.41,0.61,2024-09-17,0319,N20,VIIRS,n,2,296.57,6.94,N,0
41.54481,-7.90329,323.39,0.41,0.61,2024-09-17,0319,N20,VIIRS,n,2,293.99,6.94,N,0
41.5414,-7.89149,343.06,0.41,0.61,2024-09-17,0319,N20,VIIRS,n,2,293.4,6.83,N,0
41.53991,-7.88632,350.93,0.41,0.61,2024-09-17,0319,N20,VIIRS,n,2,307.2,21.08,N,0
41.53865,-7.88196,354.71,0.41,0.61,2024-09-17,0319,N20,VIIRS,n,2,305.47,21.08,N,0
41.53746,-7.87786,356,0.41,0.61,2024-09-17,0319,N20,VIIRS,n,2,310.29,22.49,N,0
41.5871,-8.0502,316.59,0.4,0.6,2024-09-17,0319,N20,VIIRS,n,2,286.39,1.29,N,0
41.54309,-7.89734,314.59,0.41,0.61,2024-09-17,0319,N20,VIIRS,n,2,291.01,6.83,N,0
41.53619,-7.87346,317.77,0.41,0.61,2024-09-17,0319,N20,VIIRS,n,2,290.72,22.49,N,0
41.56298,-7.88198,367,0.41,0.61,2024-09-17,0319,N20,VIIRS,h,2,284.79,24.22,N,0
41.56151,-7.87674,367,0.41,0.61,2024-09-17,0319,N20,VIIRS,h,2,289.71,24.22,N,0
41.55995,-7.87117,367,0.41,0.61,2024-09-17,0319,N20,VIIRS,h,2,287.98,9.85,N,0
41.55839,-7.86562,355.78,0.41,0.61,2024-09-17,0319,N20,VIIRS,n,2,294.06,9.85,N,0
41.55505,-7.85374,327.09,0.41,0.61,2024-09-17,0319,N20,VIIRS,n,2,286.27,10.11,N,0
41.55679,-7.85991,308.58,0.41,0.61,2024-09-17,0319,N20,VIIRS,n,2,285.52,10.11,N,0
41.55287,-7.84595,313.29,0.41,0.61,2024-09-17,0319,N20,VIIRS,n,2,287.47,8.41,N,0
41.55852,-7.88743,367,0.41,0.61,2024-09-17,0319,N20,VIIRS,h,2,292.48,21.97,N,0
41.55712,-7.88243,345.86,0.41,0.61,2024-09-17,0319,N20,VIIRS,n,2,305.48,24.22,N,0
41.55573,-7.87749,320.72,0.41,0.61,2024-09-17,0319,N20,VIIRS,n,2,289.58,24.22,N,0
41.55287,-7.86734,335.9,0.41,0.61,2024-09-17,0319,N20,VIIRS,n,2,287.33,9.85,N,0
41.54941,-7.85505,367,0.41,0.61,2024-09-17,0319,N20,VIIRS,h,2,296.39,10.11,N,0
41.54745,-7.84805,325.98,0.41,0.61,2024-09-17,0319,N20,VIIRS,n,2,288.7,8.41,N,0
41.57551,-7.94786,301.35,0.41,0.61,2024-09-17,0319,N20,VIIRS,n,2,283.5,1.2,N,0
41.57452,-7.94434,314.38,0.41,0.61,2024-09-17,0319,N20,VIIRS,n,2,283.95,1.2,N,0
41.56002,-7.89277,299.85,0.41,0.61,2024-09-17,0319,N20,VIIRS,n,2,284.54,21.97,N,0
41.55436,-7.87262,301.86,0.41,0.61,2024-09-17,0319,N20,VIIRS,n,2,286.98,9.85,N,0
41.55125,-7.86158,310.25,0.41,0.61,2024-09-17,0319,N20,VIIRS,n,2,287.36,10.11,N,0
41.55816,-7.90744,367,0.41,0.61,2024-09-17,0319,N20,VIIRS,h,2,287.11,11.93,N,0
41.55703,-7.90343,354.88,0.41,0.61,2024-09-17,0319,N20,VIIRS,n,2,294.59,9.42,N,0
41.55567,-7.89858,348.99,0.41,0.61,2024-09-17,0319,N20,VIIRS,n,2,289.41,9.42,N,0
41.55415,-7.89321,367,0.41,0.61,2024-09-17,0319,N20,VIIRS,h,2,292.33,6.39,N,0
41.55264,-7.88781,367,0.41,0.61,2024-09-17,0319,N20,VIIRS,h,2,294.5,6.39,N,0
41.54704,-7.86795,367,0.41,0.61,2024-09-17,0319,N20,VIIRS,h,2,299.34,26.33,N,0
41.54548,-7.86241,331.7,0.41,0.61,2024-09-17,0319,N20,VIIRS,n,2,300.09,18.41,N,0
41.57358,-7.96225,300.22,0.41,0.61,2024-09-17,0319,N20,VIIRS,n,2,286.45,0.68,N,0
41.5512,-7.88271,305.78,0.41,0.61,2024-09-17,0319,N20,VIIRS,n,2,288.64,2.73,N,0
41.54981,-7.87778,305.2,0.41,0.61,2024-09-17,0319,N20,VIIRS,n,2,289.16,2.73,N,0
41.54848,-7.87306,313.99,0.41,0.61,2024-09-17,0319,N20,VIIRS,n,2,289.54,26.33,N,0
41.5438,-7.85644,302.01,0.41,0.61,2024-09-17,0319,N20,VIIRS,n,2,287.77,18.41,N,0
41.55355,-7.91233,346.25,0.41,0.61,2024-09-17,0319,N20,VIIRS,n,2,286.59,11.93,N,0
41.55251,-7.90864,355.92,0.41,0.61,2024-09-17,0319,N20,VIIRS,n,2,295.55,11.93,N,0
41.54402,-7.87853,320.01,0.41,0.61,2024-09-17,0319,N20,VIIRS,n,2,293.99,2.73,N,0
41.54283,-7.87431,342.43,0.41,0.61,2024-09-17,0319,N20,VIIRS,n,2,294.76,26.33,N,0
41.54157,-7.86987,348.06,0.41,0.61,2024-09-17,0319,N20,VIIRS,n,2,311.44,26.33,N,0
41.56801,-7.9637,304.24,0.41,0.61,2024-09-17,0319,N20,VIIRS,n,2,287.6,0.68,N,0
41.5514,-7.90471,317.06,0.41,0.61,2024-09-17,0319,N20,VIIRS,n,2,289.25,9.42,N,0
41.55,-7.89974,308.21,0.41,0.61,2024-09-17,0319,N20,VIIRS,n,2,288.9,9.42,N,0
41.54835,-7.89389,310.02,0.41,0.61,2024-09-17,0319,N20,VIIRS,n,2,289.97,6.39,N,0
41.54677,-7.8883,311.31,0.41,0.61,2024-09-17,0319,N20,VIIRS,n,2,291.19,6.39,N,0
41.54534,-7.88321,314.61,0.41,0.61,2024-09-17,0319,N20,VIIRS,n,2,291.76,2.73,N,0
41.54012,-7.86472,312.68,0.41,0.61,2024-09-17,0319,N20,VIIRS,n,2,288.96,18.41,N,0
41.54795,-7.91376,367,0.41,0.61,2024-09-17,0319,N20,VIIRS,h,2,292.21,9.67,N,0
41.54691,-7.91006,367,0.41,0.61,2024-09-17,0319,N20,VIIRS,h,2,300.66,9.67,N,0
41.5458,-7.90612,341.73,0.41,0.61,2024-09-17,0319,N20,VIIRS,n,2,296.28,4.86,N,0
41.53971,-7.88454,343.68,0.41,0.61,2024-09-17,0319,N20,VIIRS,n,2,306.25,22.67,N,0
41.53851,-7.88027,355.45,0.41,0.61,2024-09-17,0319,N20,VIIRS,n,2,309.25,22.67,N,0
41.53734,-7.87615,353.66,0.41,0.61,2024-09-17,0319,N20,VIIRS,n,2,305.33,9.97,N,0
41.58603,-8.04903,315.9,0.4,0.6,2024-09-17,0319,N20,VIIRS,n,2,286.77,1.6,N,0
41.54437,-7.90105,316.89,0.41,0.61,2024-09-17,0319,N20,VIIRS,n,2,291.83,4.86,N,0
41.54266,-7.89497,316.49,0.41,0.61,2024-09-17,0319,N20,VIIRS,n,2,290.55,11.13,N,0
41.53607,-7.87165,313.63,0.41,0.61,2024-09-17,0319,N20,VIIRS,n,2,288.58,9.97,N,0
41.53698,-7.89612,351.8,0.41,0.61,2024-09-17,0319,N20,VIIRS,n,2,293.38,11.13,N,0
41.53548,-7.8908,347.07,0.41,0.61,2024-09-17,0319,N20,VIIRS,n,2,294.23,11.13,N,0
41.53411,-7.88598,347.39,0.41,0.61,2024-09-17,0319,N20,VIIRS,n,2,290.88,22.67,N,0
41.53283,-7.88144,325.87,0.41,0.61,2024-09-17,0319,N20,VIIRS,n,2,289.93,22.67,N,0
41.64097,-8.26659,301.65,0.39,0.6,2024-09-17,0319,N20,VIIRS,n,2,288.47,0.55,N,0
41.54131,-7.91146,309.64,0.41,0.61,2024-09-17,0319,N20,VIIRS,n,2,288.48,9.67,N,0
41.54014,-7.90732,303.87,0.41,0.61,2024-09-17,0319,N20,VIIRS,n,2,288.47,4.86,N,0
41.53876,-7.90244,315.32,0.41,0.61,2024-09-17,0319,N20,VIIRS,n,2,289.84,4.86,N,0
41.53151,-7.87679,312.75,0.41,0.61,2024-09-17,0319,N20,VIIRS,n,2,289.08,9.97,N,0
41.63497,-8.26616,341.54,0.39,0.6,2024-09-17,0319,N20,VIIRS,n,2,289.84,12.39,N,0
41.63397,-8.26257,354.16,0.39,0.6,2024-09-17,0319,N20,VIIRS,n,2,301.13,15.44,N,0
41.63299,-8.25905,367,0.39,0.6,2024-09-17,0319,N20,VIIRS,h,2,298.66,15.44,N,0
41.632,-8.25552,353.64,0.39,0.6,2024-09-17,0319,N20,VIIRS,n,2,293.52,7.65,N,0
41.63095,-8.25176,367,0.39,0.6,2024-09-17,0319,N20,VIIRS,h,2,295.5,7.65,N,0
41.53151,-7.89802,336.25,0.41,0.61,2024-09-17,0319,N20,VIIRS,n,2,292.19,5.03,N,0
41.45981,-7.646,320.19,0.43,0.62,2024-09-17,0319,N20,VIIRS,n,2,283.68,14.06,N,0
41.45877,-7.64238,350.98,0.43,0.62,2024-09-17,0319,N20,VIIRS,n,2,300.39,37.09,N,0
41.45769,-7.63861,350.06,0.43,0.62,2024-09-17,0319,N20,VIIRS,n,2,298.57,37.09,N,0
41.4564,-7.63409,355.95,0.43,0.62,2024-09-17,0319,N20,VIIRS,n,2,289.2,17.73,N,0
41.45477,-7.62837,330.39,0.43,0.62,2024-09-17,0319,N20,VIIRS,n,2,284.88,17.73,N,0
41.70573,-8.52105,305.88,0.38,0.59,2024-09-17,0319,N20,VIIRS,n,2,291.38,2.26,N,0
41.63597,-8.26974,308.15,0.39,0.6,2024-09-17,0319,N20,VIIRS,n,2,289.4,12.39,N,0
41.62972,-8.24738,304.68,0.39,0.6,2024-09-17,0319,N20,VIIRS,n,2,287.98,2.24,N,0
41.53321,-7.90406,307.36,0.41,0.61,2024-09-17,0319,N20,VIIRS,n,2,289.19,1.4,N,0
41.63094,-8.27275,367,0.39,0.6,2024-09-17,0319,N20,VIIRS,h,2,291.12,12.39,N,0
41.62988,-8.26898,352.13,0.39,0.6,2024-09-17,0319,N20,VIIRS,n,2,304.98,12.39,N,0
41.62883,-8.2652,335.17,0.39,0.6,2024-09-17,0319,N20,VIIRS,n,2,293.91,15.44,N,0
41.62671,-8.25763,321.26,0.39,0.6,2024-09-17,0319,N20,VIIRS,n,2,290.18,7.65,N,0
41.45549,-7.65219,348.23,0.43,0.62,2024-09-17,0319,N20,VIIRS,n,2,282.91,14.06,N,0
41.45444,-7.64855,344.21,0.43,0.62,2024-09-17,0319,N20,VIIRS,n,2,289.02,14.06,N,0
41.4534,-7.64492,367,0.43,0.62,2024-09-17,0319,N20,VIIRS,h,2,296.38,37.09,N,0
41.45232,-7.64116,367,0.43,0.62,2024-09-17,0319,N20,VIIRS,h,2,293.56,37.09,N,0
41.45108,-7.6368,350.76,0.43,0.62,2024-09-17,0319,N20,VIIRS,n,2,297.33,17.73,N,0
41.44949,-7.63124,367,0.43,0.62,2024-09-17,0319,N20,VIIRS,h,2,290.3,17.73,N,0
41.4477,-7.62502,323.32,0.43,0.62,2024-09-17,0319,N20,VIIRS,n,2,285.39,11.61,N,0
41.63199,-8.27652,305.19,0.39,0.6,2024-09-17,0319,N20,VIIRS,n,2,289.66,2.92,N,0
41.62777,-8.26144,319.95,0.39,0.6,2024-09-17,0319,N20,VIIRS,n,2,289.84,15.44,N,0
41.6256,-8.25368,300.47,0.39,0.6,2024-09-17,0319,N20,VIIRS,n,2,287.96,7.65,N,0
41.62443,-8.24947,302.03,0.39,0.6,2024-09-17,0319,N20,VIIRS,n,2,287.3,2.24,N,0
41.62321,-8.24513,301.94,0.39,0.6,2024-09-17,0319,N20,VIIRS,n,2,286.99,2.24,N,0
41.52767,-7.90566,300.82,0.41,0.61,2024-09-17,0319,N20,VIIRS,n,2,289.48,1.4,N,0
41.45659,-7.65604,297.23,0.43,0.62,2024-09-17,0319,N20,VIIRS,n,2,278.92,2.81,N,0
41.62881,-8.28618,367,0.39,0.59,2024-09-17,0319,N20,VIIRS,h,2,292.96,15.97,N,0
41.6278,-8.28255,367,0.39,0.59,2024-09-17,0319,N20,VIIRS,h,2,296.17,97.05,N,0
41.62678,-8.2789,353.57,0.39,0.6,2024-09-17,0319,N20,VIIRS,n,2,316.19,97.05,N,0
41.62575,-8.27523,367,0.39,0.6,2024-09-17,0319,N20,VIIRS,h,2,332.34,133.21,N,0
41.6247,-8.27147,367,0.39,0.6,2024-09-17,0319,N20,VIIRS,h,2,321.19,133.21,N,0
41.62357,-8.26743,348.54,0.39,0.6,2024-09-17,0319,N20,VIIRS,n,2,298.17,9.43,N,0
41.62116,-8.25881,344.77,0.39,0.6,2024-09-17,0319,N20,VIIRS,n,2,291.02,3.01,N,0
41.62987,-8.28996,303.38,0.39,0.59,2024-09-17,0319,N20,VIIRS,n,2,290.55,15.97,N,0
41.62236,-8.26312,316.82,0.39,0.6,2024-09-17,0319,N20,VIIRS,n,2,288.81,9.43,N,0
41.61998,-8.25462,305.87,0.39,0.6,2024-09-17,0319,N20,VIIRS,n,2,288.67,3.01,N,0
41.46465,-7.70553,308.35,0.42,0.61,2024-09-17,0319,N20,VIIRS,n,2,284.39,5.03,N,0
41.46318,-7.70039,299.81,0.42,0.61,2024-09-17,0319,N20,VIIRS,n,2,284.77,5.03,N,0
41.45124,-7.65863,316.95,0.43,0.62,2024-09-17,0319,N20,VIIRS,n,2,281.3,1.91,N,0
41.45015,-7.65484,312.48,0.43,0.62,2024-09-17,0319,N20,VIIRS,n,2,285.35,2.45,N,0
41.62364,-8.28868,367,0.39,0.59,2024-09-17,0319,N20,VIIRS,h,2,293.55,15.97,N,0
41.62259,-8.28492,334.35,0.39,0.59,2024-09-17,0319,N20,VIIRS,n,2,306.53,97.05,N,0
41.62155,-8.28122,335.68,0.39,0.6,2024-09-17,0319,N20,VIIRS,n,2,323.14,97.05,N,0
41.61946,-8.27376,352.51,0.39,0.6,2024-09-17,0319,N20,VIIRS,n,2,292.43,133.21,N,0
41.46533,-7.72915,328.54,0.42,0.61,2024-09-17,0319,N20,VIIRS,n,2,286.95,7.66,N,0
41.4638,-7.7238,355.4,0.42,0.61,2024-09-17,0319,N20,VIIRS,n,2,293.28,7.66,N,0
41.4623,-7.71856,367,0.42,0.61,2024-09-17,0319,N20,VIIRS,h,2,291.48,17.29,N,0
41.46085,-7.71346,367,0.42,0.61,2024-09-17,0319,N20,VIIRS,h,2,295.86,17.29,N,0
41.45932,-7.70812,367,0.42,0.61,2024-09-17,0319,N20,VIIRS,h,2,293.24,5.03,N,0
41.45761,-7.70217,322.27,0.42,0.61,2024-09-17,0319,N20,VIIRS,n,2,286.59,5.03,N,0
41.43888,-7.63682,327.35,0.43,0.62,2024-09-17,0319,N20,VIIRS,n,2,288.19,3.17,N,0
41.4372,-7.63096,333.2,0.43,0.62,2024-09-17,0319,N20,VIIRS,n,2,288.73,5.19,N,0
41.62472,-8.29254,305.54,0.39,0.59,2024-09-17,0319,N20,VIIRS,n,2,290.11,15.97,N,0
41.61831,-8.26966,309.47,0.39,0.6,2024-09-17,0319,N20,VIIRS,n,2,289.88,9.43,N,0
41.61707,-8.26522,302.54,0.39,0.6,2024-09-17,0319,N20,VIIRS,n,2,288.94,9.43,N,0
41.6158,-8.26068,317.92,0.39,0.6,2024-09-17,0319,N20,VIIRS,n,2,288.45,3.01,N,0
41.44586,-7.66114,301.28,0.43,0.62,2024-09-17,0319,N20,VIIRS,n,2,281.79,1.91,N,0
41.44484,-7.65757,304.4,0.43,0.62,2024-09-17,0319,N20,VIIRS,n,2,284.56,2.45,N,0
41.44036,-7.64197,298.99,0.43,0.62,2024-09-17,0319,N20,VIIRS,n,2,284.37,3.17,N,0
41.45211,-7.70417,328.44,0.42,0.61,2024-09-17,0319,N20,VIIRS,n,2,286.28,5.11,N,0
41.43751,-7.6533,321.73,0.43,0.62,2024-09-17,0319,N20,VIIRS,n,2,284.7,8.9,N,0
41.43631,-7.64911,367,0.43,0.62,2024-09-17,0319,N20,VIIRS,h,2,293.07,8.9,N,0
41.43499,-7.64454,367,0.43,0.62,2024-09-17,0319,N20,VIIRS,h,2,286.39,19.29,N,0
41.43358,-7.63963,352.25,0.43,0.62,2024-09-17,0319,N20,VIIRS,n,2,292.65,19.29,N,0
41.61848,-8.29125,300.96,0.39,0.59,2024-09-17,0319,N20,VIIRS,n,2,288.89,1.07,N,0
41.61744,-8.28751,303,0.39,0.59,2024-09-17,0319,N20,VIIRS,n,2,289.39,1,N,0
41.61639,-8.28377,305.51,0.39,0.6,2024-09-17,0319,N20,VIIRS,n,2,289.56,1,N,0
41.61531,-8.27995,301.58,0.39,0.6,2024-09-17,0319,N20,VIIRS,n,2,288.86,1.7,N,0
41.45885,-7.72772,308.77,0.42,0.61,2024-09-17,0319,N20,VIIRS,n,2,287.35,2.68,N,0
41.45731,-7.72233,302.76,0.42,0.61,2024-09-17,0319,N20,VIIRS,n,2,286.92,1.49,N,0
41.44061,-7.66407,309.67,0.43,0.62,2024-09-17,0319,N20,VIIRS,n,2,287.25,1.57,N,0
41.43956,-7.66042,307.78,0.43,0.62,2024-09-17,0319,N20,VIIRS,n,2,288.67,1.8,N,0
41.45078,-7.72073,327.08,0.42,0.61,2024-09-17,0319,N20,VIIRS,n,2,284.43,1.49,N,0
41.44684,-7.70699,351.71,0.42,0.61,2024-09-17,0319,N20,VIIRS,n,2,289.28,5.11,N,0
41.45236,-7.72626,301.78,0.42,0.61,2024-09-17,0319,N20,VIIRS,n,2,284.85,1.49,N,0
41.43643,-7.67073,304.12,0.43,0.62,2024-09-17,0319,N20,VIIRS,n,2,286.55,1.57,N,0
41.43531,-7.66683,317.7,0.43,0.62,2024-09-17,0319,N20,VIIRS,n,2,292.2,1.57,N,0
41.43425,-7.66315,309.56,0.43,0.62,2024-09-17,0319,N20,VIIRS,n,2,291.48,1.8,N,0
41.4332,-7.65953,303.51,0.43,0.62,2024-09-17,0319,N20,VIIRS,n,2,285.72,1.8,N,0
41.43211,-7.6557,307.88,0.43,0.62,2024-09-17,0319,N20,VIIRS,n,2,285.85,8.9,N,0
41.44732,-7.72988,327.37,0.42,0.61,2024-09-17,0319,N20,VIIRS,n,2,284.64,3.02,N,0
41.44386,-7.71778,334.49,0.42,0.61,2024-09-17,0319,N20,VIIRS,n,2,285.03,6.85,N,0
41.44166,-7.71014,343.6,0.42,0.61,2024-09-17,0319,N20,VIIRS,n,2,288.04,6.85,N,0
41.43111,-7.67343,336.88,0.43,0.62,2024-09-17,0319,N20,VIIRS,n,2,288.72,37.75,N,0
41.42996,-7.66943,367,0.43,0.62,2024-09-17,0319,N20,VIIRS,h,2,301.96,37.75,N,0
41.42891,-7.6658,367,0.43,0.62,2024-09-17,0319,N20,VIIRS,h,2,307.24,27.29,N,0
41.42786,-7.66214,367,0.43,0.62,2024-09-17,0319,N20,VIIRS,h,2,296.55,27.29,N,0
41.42673,-7.65823,330.61,0.43,0.62,2024-09-17,0319,N20,VIIRS,n,2,287.52,8.14,N,0
41.4486,-7.73432,295.6,0.42,0.61,2024-09-17,0319,N20,VIIRS,n,2,282.95,1.04,N,0
41.44577,-7.72448,318.83,0.42,0.61,2024-09-17,0319,N20,VIIRS,n,2,284.98,3.02,N,0
41.44047,-7.72716,336.21,0.42,0.61,2024-09-17,0319,N20,VIIRS,n,2,285.74,3.02,N,0
41.43851,-7.72034,351.71,0.42,0.61,2024-09-17,0319,N20,VIIRS,n,2,288.06,6.85,N,0
41.43635,-7.71285,345.81,0.42,0.61,2024-09-17,0319,N20,VIIRS,n,2,289.28,6.85,N,0
41.42583,-7.67627,367,0.43,0.62,2024-09-17,0319,N20,VIIRS,h,2,290.1,37.75,N,0
41.42466,-7.67222,350.8,0.43,0.62,2024-09-17,0319,N20,VIIRS,n,2,306.17,37.75,N,0
41.42355,-7.66835,342.96,0.43,0.62,2024-09-17,0319,N20,VIIRS,n,2,297.38,27.29,N,0
41.44324,-7.73681,313.49,0.42,0.61,2024-09-17,0319,N20,VIIRS,n,2,283.48,1.04,N,0
41.44197,-7.73238,306.18,0.42,0.61,2024-09-17,0319,N20,VIIRS,n,2,283.08,3.02,N,0
41.42245,-7.66455,299.6,0.43,0.62,2024-09-17,0319,N20,VIIRS,n,2,286.19,27.29,N,0
41.43792,-7.73943,367,0.42,0.61,2024-09-17,0319,N20,VIIRS,h,2,298.15,233.25,N,0
41.43521,-7.73002,333.8,0.42,0.61,2024-09-17,0319,N20,VIIRS,n,2,300.14,308.82,N,0
41.43324,-7.72315,367,0.42,0.61,2024-09-17,0319,N20,VIIRS,h,2,297.22,23.42,N,0
41.43104,-7.71552,334.11,0.42,0.61,2024-09-17,0319,N20,VIIRS,n,2,287.91,23.42,N,0
41.44032,-7.74774,299.48,0.42,0.61,2024-09-17,0319,N20,VIIRS,n,2,283.9,6.62,N,0
41.43914,-7.74369,317.76,0.42,0.61,2024-09-17,0319,N20,VIIRS,n,2,283.91,233.25,N,0
41.42921,-7.70917,296.71,0.42,0.61,2024-09-17,0319,N20,VIIRS,n,2,284.21,7.4,N,0
41.55567,-8.173,339.9,0.4,0.6,2024-09-17,0319,N20,VIIRS,n,2,290.96,3.5,N,0
41.55454,-8.16899,339.65,0.4,0.6,2024-09-17,0319,N20,VIIRS,n,2,290.02,2.58,N,0
41.55042,-8.15444,337.43,0.4,0.6,2024-09-17,0319,N20,VIIRS,n,2,289.51,2.14,N,0
41.43497,-7.75029,324.71,0.42,0.61,2024-09-17,0319,N20,VIIRS,n,2,285.13,6.62,N,0
41.43382,-7.74628,367,0.42,0.61,2024-09-17,0319,N20,VIIRS,h,2,295.73,233.25,N,0
41.4299,-7.73265,351.66,0.42,0.61,2024-09-17,0319,N20,VIIRS,n,2,295.98,308.82,N,0
41.42813,-7.72653,367,0.42,0.61,2024-09-17,0319,N20,VIIRS,h,2,292.49,23.42,N,0
41.55691,-8.17738,310.57,0.4,0.6,2024-09-17,0319,N20,VIIRS,n,2,288.29,3.5,N,0
41.55346,-8.16518,301.38,0.4,0.6,2024-09-17,0319,N20,VIIRS,n,2,288.97,2.58,N,0
41.55241,-8.16147,301.92,0.4,0.6,2024-09-17,0319,N20,VIIRS,n,2,288.16,1.14,N,0
41.5514,-8.1579,314.61,0.4,0.6,2024-09-17,0319,N20,VIIRS,n,2,288.23,1.14,N,0
41.54941,-8.1509,317.38,0.4,0.6,2024-09-17,0319,N20,VIIRS,n,2,288.14,2.14,N,0
41.54839,-8.1473,299.95,0.4,0.6,2024-09-17,0319,N20,VIIRS,n,2,287.07,0.84,N,0
41.43612,-7.75429,302.99,0.42,0.61,2024-09-17,0319,N20,VIIRS,n,2,284.3,6.62,N,0
41.42595,-7.71898,303.85,0.42,0.61,2024-09-17,0319,N20,VIIRS,n,2,285.48,23.42,N,0
41.55317,-8.18506,367,0.4,0.6,2024-09-17,0319,N20,VIIRS,h,2,290.26,52.88,N,0
41.55193,-8.1807,342.58,0.4,0.6,2024-09-17,0319,N20,VIIRS,n,2,306.24,41.98,N,0
41.55074,-8.17648,335.93,0.4,0.6,2024-09-17,0319,N20,VIIRS,n,2,315.55,41.98,N,0
41.54958,-8.17243,345.88,0.4,0.6,2024-09-17,0319,N20,VIIRS,n,2,294.76,40,N,0
41.54849,-8.16856,367,0.4,0.6,2024-09-17,0319,N20,VIIRS,h,2,302.8,40,N,0
41.54742,-8.16479,346.04,0.4,0.6,2024-09-17,0319,N20,VIIRS,n,2,304.57,34.56,N,0
41.54641,-8.16123,353.32,0.4,0.6,2024-09-17,0319,N20,VIIRS,n,2,302.92,34.56,N,0
41.54543,-8.15777,354.94,0.4,0.6,2024-09-17,0319,N20,VIIRS,n,2,295.12,10.06,N,0
41.54439,-8.15411,367,0.4,0.6,2024-09-17,0319,N20,VIIRS,h,2,291.04,10.06,N,0
41.5433,-8.15026,333.41,0.4,0.6,2024-09-17,0319,N20,VIIRS,n,2,289.19,4.47,N,0
41.4297,-7.75305,329.36,0.42,0.61,2024-09-17,0319,N20,VIIRS,n,2,284.96,28.23,N,0
41.42851,-7.74895,353.26,0.42,0.61,2024-09-17,0319,N20,VIIRS,n,2,304.07,121.22,N,0
41.42604,-7.74036,329.04,0.42,0.61,2024-09-17,0319,N20,VIIRS,n,2,285.46,21.26,N,0
41.55434,-8.18919,307.25,0.4,0.6,2024-09-17,0319,N20,VIIRS,n,2,288.44,52.88,N,0
41.43219,-7.7617,295.91,0.42,0.61,2024-09-17,0319,N20,VIIRS,n,2,284.19,1.51,N,0
41.43093,-7.75734,304,0.42,0.61,2024-09-17,0319,N20,VIIRS,n,2,284.6,28.23,N,0
41.42465,-7.73553,318.26,0.42,0.61,2024-09-17,0319,N20,VIIRS,n,2,283.47,21.26,N,0
41.42301,-7.72988,300.43,0.42,0.61,2024-09-17,0319,N20,VIIRS,n,2,283.04,1.87,N,0
41.55008,-8.19507,367,0.4,0.6,2024-09-17,0319,N20,VIIRS,h,2,290.48,20.79,N,0
41.54897,-8.19116,338.31,0.4,0.6,2024-09-17,0319,N20,VIIRS,n,2,315,52.88,N,0
41.18853,-7.975,333.92,0.42,0.61,2024-09-17,0319,N20,VIIRS,n,2,288.99,4.65,N,0
41.19085,-7.98316,304.01,0.42,0.61,2024-09-17,0319,N20,VIIRS,n,2,287.55,1.91,N,0
41.18741,-7.97106,301.3,0.42,0.61,2024-09-17,0319,N20,VIIRS,n,2,286.82,6.28,N,0
41.17966,-7.96507,367,0.42,0.61,2024-09-17,0319,N20,VIIRS,h,2,290.78,11.05,N,0
41.17825,-7.96011,367,0.42,0.61,2024-09-17,0319,N20,VIIRS,h,2,293.32,11.05,N,0
41.17672,-7.95477,327.06,0.42,0.61,2024-09-17,0319,N20,VIIRS,n,2,289.83,6.17,N,0
41.21152,-8.07707,307.33,0.41,0.61,2024-09-17,0319,N20,VIIRS,n,2,289.33,0.7,N,0
41.21049,-8.07344,303.06,0.41,0.61,2024-09-17,0319,N20,VIIRS,n,2,290.52,0.7,N,0
41.20658,-8.05968,300.89,0.41,0.61,2024-09-17,0319,N20,VIIRS,n,2,289.43,5.9,N,0
41.20561,-8.05627,310.97,0.41,0.61,2024-09-17,0319,N20,VIIRS,n,2,289.69,7.53,N,0
41.18679,-7.99008,300.05,0.42,0.61,2024-09-17,0319,N20,VIIRS,n,2,288.03,1.91,N,0
41.20144,-8.06276,353.55,0.41,0.61,2024-09-17,0319,N20,VIIRS,n,2,294.14,13.27,N,0
41.20045,-8.0593,352.95,0.41,0.61,2024-09-17,0319,N20,VIIRS,n,2,297.26,13.53,N,0
41.20532,-8.07641,309.58,0.41,0.61,2024-09-17,0319,N20,VIIRS,n,2,291.09,2.03,N,0
41.2043,-8.07282,301.65,0.41,0.61,2024-09-17,0319,N20,VIIRS,n,2,290.62,1.59,N,0
41.2024,-8.06612,301.78,0.41,0.61,2024-09-17,0319,N20,VIIRS,n,2,290.86,13.27,N,0
41.18669,-8.01093,302.5,0.42,0.61,2024-09-17,0319,N20,VIIRS,n,2,287.57,2.11,N,0
41.18521,-8.00573,318.99,0.42,0.61,2024-09-17,0319,N20,VIIRS,n,2,288.01,2.11,N,0
41.18399,-8.00143,304.78,0.42,0.61,2024-09-17,0319,N20,VIIRS,n,2,287.08,2.03,N,0
41.20249,-8.08758,340.53,0.41,0.61,2024-09-17,0319,N20,VIIRS,n,2,294.81,3.13,N,0
41.1973,-8.06933,327.97,0.41,0.61,2024-09-17,0319,N20,VIIRS,n,2,294.29,13.27,N,0
41.19631,-8.06585,351.13,0.41,0.61,2024-09-17,0319,N20,VIIRS,n,2,310.48,13.27,N,0
41.17986,-8.00811,329.41,0.42,0.61,2024-09-17,0319,N20,VIIRS,n,2,288.42,2.11,N,0
41.17766,-8.00041,320.5,0.42,0.61,2024-09-17,0319,N20,VIIRS,n,2,288.29,2.03,N,0
41.17178,-7.97983,345.27,0.42,0.61,2024-09-17,0319,N20,VIIRS,n,2,289.93,6.42,N,0
41.20364,-8.09164,304.77,0.41,0.61,2024-09-17,0319,N20,VIIRS,n,2,289.81,3.13,N,0
41.20136,-8.08362,308.3,0.41,0.61,2024-09-17,0319,N20,VIIRS,n,2,291.05,2.03,N,0
41.20028,-8.0798,317.85,0.41,0.61,2024-09-17,0319,N20,VIIRS,n,2,292.34,2.03,N,0
41.19926,-8.07622,316.85,0.41,0.61,2024-09-17,0319,N20,VIIRS,n,2,293.83,1.59,N,0
41.19828,-8.07279,304.06,0.41,0.61,2024-09-17,0319,N20,VIIRS,n,2,291.61,1.59,N,0
41.19529,-8.06228,306.82,0.41,0.61,2024-09-17,0319,N20,VIIRS,n,2,288.89,13.53,N,0
41.1787,-8.00406,302.11,0.42,0.61,2024-09-17,0319,N20,VIIRS,n,2,288.24,2.03,N,0
41.17317,-7.98468,316.9,0.42,0.61,2024-09-17,0319,N20,VIIRS,n,2,288.73,4.95,N,0
41.19988,-8.09951,339.1,0.41,0.61,2024-09-17,0319,N20,VIIRS,n,2,292,6.42,N,0
41.54783,-8.18714,367,0.4,0.6,2024-09-17,0319,N20,VIIRS,h,2,319.13,52.88,N,0
41.5467,-8.18316,355.87,0.4,0.6,2024-09-17,0319,N20,VIIRS,n,2,301.43,41.98,N,0
41.54559,-8.17922,340.62,0.4,0.6,2024-09-17,0319,N20,VIIRS,n,2,294.97,41.98,N,0
41.54451,-8.17542,367,0.4,0.6,2024-09-17,0319,N20,VIIRS,h,2,299.29,40,N,0
41.54345,-8.17169,352.8,0.4,0.6,2024-09-17,0319,N20,VIIRS,n,2,304.04,40,N,0
41.54235,-8.16782,342.74,0.4,0.6,2024-09-17,0319,N20,VIIRS,n,2,302.73,34.56,N,0
41.54124,-8.16392,329.93,0.4,0.6,2024-09-17,0319,N20,VIIRS,n,2,291.89,34.56,N,0
41.53412,-8.13886,327.38,0.4,0.6,2024-09-17,0319,N20,VIIRS,n,2,290.09,2.89,N,0
41.53291,-8.13459,345.29,0.4,0.6,2024-09-17,0319,N20,VIIRS,n,2,289.02,3.43,N,0
41.55118,-8.19896,302.82,0.4,0.6,2024-09-17,0319,N20,VIIRS,n,2,289.02,20.79,N,0
41.54014,-8.16005,301.13,0.4,0.6,2024-09-17,0319,N20,VIIRS,n,2,287.84,10.06,N,0
41.53904,-8.15615,301.42,0.4,0.6,2024-09-17,0319,N20,VIIRS,n,2,287.37,10.06,N,0
41.53671,-8.14797,306.05,0.4,0.6,2024-09-17,0319,N20,VIIRS,n,2,287.55,4.47,N,0
41.53543,-8.14347,309.36,0.4,0.6,2024-09-17,0319,N20,VIIRS,n,2,287.75,2.89,N,0
41.53176,-8.13056,299.95,0.4,0.6,2024-09-17,0319,N20,VIIRS,n,2,286.88,3.43,N,0
41.4233,-7.75193,295.68,0.42,0.61,2024-09-17,0319,N20,VIIRS,n,2,282.99,121.22,N,0
41.42206,-7.74763,296.91,0.42,0.61,2024-09-17,0319,N20,VIIRS,n,2,282.16,121.22,N,0
41.54476,-8.1972,367,0.4,0.6,2024-09-17,0319,N20,VIIRS,h,2,292.81,7.56,N,0
41.53836,-8.17466,367,0.4,0.6,2024-09-17,0319,N20,VIIRS,h,2,290.18,7.16,N,0
41.53724,-8.1707,329.52,0.4,0.6,2024-09-17,0319,N20,VIIRS,n,2,289.36,10.9,N,0
41.52751,-8.13651,367,0.4,0.6,2024-09-17,0319,N20,VIIRS,h,2,296.95,10.87,N,0
41.54584,-8.20099,313.27,0.4,0.6,2024-09-17,0319,N20,VIIRS,n,2,288.61,7.56,N,0
41.5437,-8.19345,318.34,0.4,0.6,2024-09-17,0319,N20,VIIRS,n,2,289.17,3.77,N,0
41.54267,-8.18984,306.18,0.4,0.6,2024-09-17,0319,N20,VIIRS,n,2,289.07,3.77,N,0
41.53946,-8.1785,305.43,0.4,0.6,2024-09-17,0319,N20,VIIRS,n,2,289.03,7.16,N,0
41.53126,-8.14968,319.73,0.4,0.6,2024-09-17,0319,N20,VIIRS,n,2,292.72,2.81,N,0
41.52872,-8.14076,305.69,0.4,0.6,2024-09-17,0319,N20,VIIRS,n,2,287.9,8,N,0
41.5263,-8.13225,307.29,0.4,0.6,2024-09-17,0319,N20,VIIRS,n,2,287.9,10.87,N,0
41.52584,-8.15152,329.39,0.4,0.6,2024-09-17,0319,N20,VIIRS,n,2,289.04,2.81,N,0
41.52324,-8.14239,367,0.4,0.6,2024-09-17,0319,N20,VIIRS,h,2,289.35,8,N,0
41.522,-8.13801,349.19,0.4,0.6,2024-09-17,0319,N20,VIIRS,n,2,291.58,10.87,N,0
41.52452,-8.14687,304.77,0.4,0.6,2024-09-17,0319,N20,VIIRS,n,2,287.88,8,N,0
41.49865,-8.07708,367,0.41,0.6,2024-09-17,0319,N20,VIIRS,h,2,289.87,7.9,N,0
41.49732,-8.07246,334.88,0.41,0.6,2024-09-17,0319,N20,VIIRS,n,2,289.98,7.9,N,0
41.53774,-8.23498,336.13,0.4,0.6,2024-09-17,0319,N20,VIIRS,n,2,290.07,2.2,N,0
41.49339,-8.07957,355.14,0.41,0.6,2024-09-17,0319,N20,VIIRS,n,2,289.13,7.9,N,0
41.49222,-8.07545,338.52,0.41,0.6,2024-09-17,0319,N20,VIIRS,n,2,288.55,7.9,N,0
41.53658,-8.23089,312.44,0.4,0.6,2024-09-17,0319,N20,VIIRS,n,2,290.28,2.2,N,0
41.49463,-8.08388,306.01,0.4,0.6,2024-09-17,0319,N20,VIIRS,n,2,288.69,6.1,N,0
41.53624,-8.25046,330.58,0.4,0.6,2024-09-17,0319,N20,VIIRS,n,2,289.65,3.34,N,0
41.53513,-8.24656,321.86,0.4,0.6,2024-09-17,0319,N20,VIIRS,n,2,290.57,3.72,N,0
41.49043,-8.09007,300.43,0.4,0.6,2024-09-17,0319,N20,VIIRS,n,2,288.21,0.74,N,0
41.52692,-8.23851,327.23,0.4,0.6,2024-09-17,0319,N20,VIIRS,n,2,288.74,4.07,N,0
41.52581,-8.2346,333.09,0.4,0.6,2024-09-17,0319,N20,VIIRS,n,2,290.37,7.07,N,0
41.52464,-8.23049,367,0.4,0.6,2024-09-17,0319,N20,VIIRS,h,2,292.57,7.07,N,0
41.52336,-8.226,335.41,0.4,0.6,2024-09-17,0319,N20,VIIRS,n,2,290.41,6.49,N,0
41.52445,-8.1492,334.16,0.4,0.6,2024-09-17,0319,N20,VIIRS,n,2,289.77,3.83,N,0
41.52194,-8.14019,367,0.4,0.6,2024-09-17,0319,N20,VIIRS,h,2,290.66,8.61,N,0
41.52317,-8.14463,313.09,0.4,0.6,2024-09-17,0319,N20,VIIRS,n,2,287.62,8.61,N,0
41.4977,-8.07463,367,0.41,0.6,2024-09-17,0319,N20,VIIRS,h,2,296.23,10.52,N,0
41.499,-8.07929,318.38,0.41,0.6,2024-09-17,0319,N20,VIIRS,n,2,287.14,9.61,N,0
41.49638,-8.06992,299.48,0.41,0.6,2024-09-17,0319,N20,VIIRS,n,2,287.67,10.52,N,0
41.53613,-8.23357,333.99,0.4,0.6,2024-09-17,0319,N20,VIIRS,n,2,291.69,4.04,N,0
41.49251,-8.07737,353.21,0.41,0.6,2024-09-17,0319,N20,VIIRS,n,2,287.99,2.87,N,0
41.53841,-8.24178,307.22,0.4,0.6,2024-09-17,0319,N20,VIIRS,n,2,288.49,1.62,N,0
41.53725,-8.23763,307.54,0.4,0.6,2024-09-17,0319,N20,VIIRS,n,2,288.29,1.62,N,0
41.49368,-8.08154,306.26,0.41,0.6,2024-09-17,0319,N20,VIIRS,n,2,289.33,3.92,N,0
41.49137,-8.0733,297.19,0.41,0.6,2024-09-17,0319,N20,VIIRS,n,2,286.22,2.87,N,0
41.53455,-8.24909,324.68,0.4,0.6,2024-09-17,0319,N20,VIIRS,n,2,291.23,2.01,N,0
41.53019,-8.23347,338.55,0.4,0.6,2024-09-17,0319,N20,VIIRS,n,2,289.24,4.04,N,0
41.53565,-8.25303,301.33,0.4,0.6,2024-09-17,0319,N20,VIIRS,n,2,287.73,2.01,N,0
41.19527,-8.08333,323.99,0.41,0.61,2024-09-17,0319,N20,VIIRS,n,2,293.35,11.97,N,0
41.19419,-8.07954,323.3,0.41,0.61,2024-09-17,0319,N20,VIIRS,n,2,294.32,21.57,N,0
41.19213,-8.07231,347.76,0.41,0.61,2024-09-17,0319,N20,VIIRS,n,2,298.33,7.76,N,0
41.17574,-8.01482,321.64,0.42,0.61,2024-09-17,0319,N20,VIIRS,n,2,288.78,3.03,N,0
41.17453,-8.01058,335.26,0.42,0.61,2024-09-17,0319,N20,VIIRS,n,2,290.39,3.03,N,0
41.17345,-8.00679,327.27,0.42,0.61,2024-09-17,0319,N20,VIIRS,n,2,294.46,8.59,N,0
41.17239,-8.00311,346.77,0.42,0.61,2024-09-17,0319,N20,VIIRS,n,2,297.01,8.59,N,0
41.17134,-7.99941,353.82,0.42,0.61,2024-09-17,0319,N20,VIIRS,n,2,298.95,7.14,N,0
41.17027,-7.99565,341.61,0.42,0.61,2024-09-17,0319,N20,VIIRS,n,2,297.64,7.14,N,0
41.16914,-7.99172,367,0.42,0.61,2024-09-17,0319,N20,VIIRS,h,2,297.16,34.84,N,0
41.16795,-7.98756,347.89,0.42,0.61,2024-09-17,0319,N20,VIIRS,n,2,308.98,34.84,N,0
41.1666,-7.98284,337.63,0.42,0.61,2024-09-17,0319,N20,VIIRS,n,2,288.74,24.89,N,0
41.19875,-8.09553,312.79,0.41,0.61,2024-09-17,0319,N20,VIIRS,n,2,290.99,4.32,N,0
41.19758,-8.09143,308.88,0.41,0.61,2024-09-17,0319,N20,VIIRS,n,2,290.96,4.32,N,0
41.1964,-8.08728,313.86,0.41,0.61,2024-09-17,0319,N20,VIIRS,n,2,292.74,11.97,N,0
41.19316,-8.0759,318.66,0.41,0.61,2024-09-17,0319,N20,VIIRS,n,2,293.86,21.57,N,0
41.19109,-8.06867,319.6,0.41,0.61,2024-09-17,0319,N20,VIIRS,n,2,291.29,7.76,N,0
41.19592,-8.10669,320.82,0.41,0.61,2024-09-17,0319,N20,VIIRS,n,2,290.55,6.42,N,0
41.19485,-8.10292,367,0.41,0.61,2024-09-17,0319,N20,VIIRS,h,2,296.55,6.42,N,0
41.19255,-8.09486,328.46,0.41,0.61,2024-09-17,0319,N20,VIIRS,n,2,294.66,4.32,N,0
41.19134,-8.0906,367,0.41,0.61,2024-09-17,0319,N20,VIIRS,h,2,302.73,11.97,N,0
41.19016,-8.08647,367,0.41,0.61,2024-09-17,0319,N20,VIIRS,h,2,301.32,11.97,N,0
41.18903,-8.08251,367,0.41,0.61,2024-09-17,0319,N20,VIIRS,h,2,301.92,21.57,N,0
41.18796,-8.07874,342.85,0.41,0.61,2024-09-17,0319,N20,VIIRS,n,2,307.84,21.57,N,0
41.18687,-8.07495,323.65,0.41,0.61,2024-09-17,0319,N20,VIIRS,n,2,292.58,7.76,N,0
41.18121,-8.05509,367,0.41,0.61,2024-09-17,0319,N20,VIIRS,h,2,288.07,31.51,N,0
41.18002,-8.05093,342.55,0.42,0.61,2024-09-17,0319,N20,VIIRS,n,2,304.2,55.11,N,0
41.17875,-8.04649,345.54,0.42,0.61,2024-09-17,0319,N20,VIIRS,n,2,305.11,55.11,N,0
41.17724,-8.04118,367,0.42,0.61,2024-09-17,0319,N20,VIIRS,h,2,296.99,15.71,N,0
41.17531,-8.03443,367,0.42,0.61,2024-09-17,0319,N20,VIIRS,h,2,295.65,15.71,N,0
41.16599,-8.0018,331.45,0.42,0.61,2024-09-17,0319,N20,VIIRS,n,2,287.96,7.14,N,0
41.19373,-8.09898,314.7,0.41,0.61,2024-09-17,0319,N20,VIIRS,n,2,292.45,4.32,N,0
41.17334,-8.02753,303.16,0.42,0.61,2024-09-17,0319,N20,VIIRS,n,2,287.74,7.56,N,0
41.16922,-8.01309,306.35,0.42,0.61,2024-09-17,0319,N20,VIIRS,n,2,287.54,3.03,N,0
41.16491,-7.99804,316.03,0.42,0.61,2024-09-17,0319,N20,VIIRS,n,2,288.5,7.14,N,0
41.19168,-8.11289,367,0.41,0.61,2024-09-17,0319,N20,VIIRS,h,2,294.36,4.93,N,0
41.19064,-8.10919,343.4,0.41,0.61,2024-09-17,0319,N20,VIIRS,n,2,296.36,23.82,N,0
41.18959,-8.10556,341.2,0.41,0.61,2024-09-17,0319,N20,VIIRS,n,2,295.07,23.82,N,0
41.18846,-8.10158,367,0.41,0.61,2024-09-17,0319,N20,VIIRS,h,2,302.48,34.74,N,0
41.18729,-8.09749,347.82,0.41,0.61,2024-09-17,0319,N20,VIIRS,n,2,305.21,34.74,N,0
41.18603,-8.09306,354.95,0.41,0.61,2024-09-17,0319,N20,VIIRS,n,2,295.26,22.75,N,0
41.17579,-8.05718,367,0.41,0.61,2024-09-17,0319,N20,VIIRS,h,2,292.4,10.34,N,0
41.17456,-8.05287,348.13,0.42,0.61,2024-09-17,0319,N20,VIIRS,n,2,294.64,11.61,N,0
41.17331,-8.04851,367,0.42,0.61,2024-09-17,0319,N20,VIIRS,h,2,293.43,11.61,N,0
41.17179,-8.04319,342.73,0.42,0.61,2024-09-17,0319,N20,VIIRS,n,2,290.35,6.03,N,0
41.19276,-8.11666,300.67,0.41,0.61,2024-09-17,0319,N20,VIIRS,n,2,289.56,4.93,N,0
41.1699,-8.0366,304.42,0.42,0.61,2024-09-17,0319,N20,VIIRS,n,2,287.28,6.03,N,0
41.18636,-8.11525,335.4,0.41,0.61,2024-09-17,0319,N20,VIIRS,n,2,291.51,4.93,N,0
41.1852,-8.1112,367,0.41,0.61,2024-09-17,0319,N20,VIIRS,h,2,293.71,23.82,N,0
41.18404,-8.10713,350.48,0.41,0.61,2024-09-17,0319,N20,VIIRS,n,2,303.48,23.82,N,0
41.18284,-8.10292,351.4,0.41,0.61,2024-09-17,0319,N20,VIIRS,n,2,296.69,34.74,N,0
41.17587,-8.07853,367,0.41,0.61,2024-09-17,0319,N20,VIIRS,h,2,291.56,31.73,N,0
41.17489,-8.0751,347.47,0.41,0.61,2024-09-17,0319,N20,VIIRS,n,2,305.1,31.73,N,0
41.17388,-8.07157,354,0.41,0.61,2024-09-17,0319,N20,VIIRS,n,2,301.1,29.33,N,0
41.1691,-8.05486,352.58,0.42,0.61,2024-09-17,0319,N20,VIIRS,n,2,289.89,11.61,N,0
41.18751,-8.11928,303.92,0.41,0.61,2024-09-17,0319,N20,VIIRS,n,2,289.54,4.93,N,0
41.17039,-8.05936,298.84,0.41,0.61,2024-09-17,0319,N20,VIIRS,n,2,287.07,10.34,N,0
41.19262,-8.17919,315.29,0.41,0.6,2024-09-17,0319,N20,VIIRS,n,2,290.53,1.3,N,0
41.20674,-8.24963,306.12,0.4,0.6,2024-09-17,0319,N20,VIIRS,n,2,289.82,1.97,N,0
41.19807,-8.24013,324.27,0.41,0.6,2024-09-17,0319,N20,VIIRS,n,2,290.14,2.47,N,0
41.19683,-8.23576,329.09,0.41,0.6,2024-09-17,0319,N20,VIIRS,n,2,290.05,3.58,N,0
41.14413,-8.05186,367,0.42,0.61,2024-09-17,0319,N20,VIIRS,h,2,294.53,21.35,N,0
41.14272,-8.04695,352.02,0.42,0.61,2024-09-17,0319,N20,VIIRS,n,2,298.13,21.35,N,0
41.14124,-8.0418,322.14,0.42,0.61,2024-09-17,0319,N20,VIIRS,n,2,291.96,3.64,N,0
41.13643,-8.02509,354.02,0.42,0.61,2024-09-17,0319,N20,VIIRS,n,2,289.71,7.24,N,0
41.19925,-8.24425,310.59,0.41,0.6,2024-09-17,0319,N20,VIIRS,n,2,289.88,2.47,N,0
41.14544,-8.05643,308.67,0.42,0.61,2024-09-17,0319,N20,VIIRS,n,2,287.62,6.99,N,0
41.13984,-8.03696,302.94,0.42,0.61,2024-09-17,0319,N20,VIIRS,n,2,288.8,3.64,N,0
41.13757,-8.02906,300.93,0.42,0.61,2024-09-17,0319,N20,VIIRS,n,2,287.41,2.86,N,0
41.19746,-8.25889,349.64,0.4,0.6,2024-09-17,0319,N20,VIIRS,n,2,291.02,13.22,N,0
41.19632,-8.25487,367,0.4,0.6,2024-09-17,0319,N20,VIIRS,h,2,301.74,18.35,N,0
41.19516,-8.25082,353.46,0.4,0.6,2024-09-17,0319,N20,VIIRS,n,2,295.95,18.35,N,0
41.19401,-8.24677,367,0.41,0.6,2024-09-17,0319,N20,VIIRS,h,2,300.42,15.48,N,0
41.19285,-8.24273,356.76,0.41,0.6,2024-09-17,0319,N20,VIIRS,n,2,295.7,15.48,N,0
41.19167,-8.2386,326.97,0.41,0.6,2024-09-17,0319,N20,VIIRS,n,2,290,7.35,N,0
41.08982,-7.88474,324.49,0.43,0.62,2024-09-17,0319,N20,VIIRS,n,2,282.18,3.34,N,0
41.14566,-8.07815,312.08,0.41,0.61,2024-09-17,0319,N20,VIIRS,n,2,288.31,2.93,N,0
41.14406,-8.07258,311.5,0.41,0.61,2024-09-17,0319,N20,VIIRS,n,2,289.81,6,N,0
41.14258,-8.06744,300.58,0.41,0.61,2024-09-17,0319,N20,VIIRS,n,2,288.81,6,N,0
41.12967,-8.02261,304.12,0.42,0.61,2024-09-17,0319,N20,VIIRS,n,2,288.13,1.05,N,0
41.09078,-7.88802,303.73,0.42,0.61,2024-09-17,0319,N20,VIIRS,n,2,281.57,3.34,N,0
41.08886,-7.88141,306.83,0.43,0.62,2024-09-17,0319,N20,VIIRS,n,2,281.57,4.3,N,0
41.08785,-7.87793,302.89,0.43,0.62,2024-09-17,0319,N20,VIIRS,n,2,280.77,4.3,N,0
41.08678,-7.87424,318.38,0.43,0.62,2024-09-17,0319,N20,VIIRS,n,2,280.75,6.82,N,0
41.13874,-8.07504,367,0.41,0.61,2024-09-17,0319,N20,VIIRS,h,2,289.92,6,N,0
41.13741,-8.07041,352.92,0.41,0.61,2024-09-17,0319,N20,VIIRS,n,2,293.32,6,N,0
41.13591,-8.06521,340.24,0.42,0.61,2024-09-17,0319,N20,VIIRS,n,2,291.79,6.59,N,0
41.08537,-7.89038,331.87,0.42,0.61,2024-09-17,0319,N20,VIIRS,n,2,283.55,3.34,N,0
41.08443,-7.88714,339.9,0.43,0.62,2024-09-17,0319,N20,VIIRS,n,2,286.22,3.34,N,0
41.08349,-7.8839,320.29,0.43,0.62,2024-09-17,0319,N20,VIIRS,n,2,282.26,4.3,N,0
41.08255,-7.88065,344.26,0.43,0.62,2024-09-17,0319,N20,VIIRS,n,2,282.73,4.3,N,0
41.08141,-7.87671,367,0.43,0.62,2024-09-17,0319,N20,VIIRS,h,2,285.89,6.82,N,0
41.13039,-8.04607,303.52,0.42,0.61,2024-09-17,0319,N20,VIIRS,n,2,288.31,1.79,N,0
41.12373,-8.02298,308.57,0.42,0.61,2024-09-17,0319,N20,VIIRS,n,2,288.96,1.05,N,0
41.53347,-8.24524,311.17,0.4,0.6,2024-09-17,0319,N20,VIIRS,n,2,289.56,1.62,N,0
41.52907,-8.22944,303.33,0.4,0.6,2024-09-17,0319,N20,VIIRS,n,2,288.6,2.14,N,0
41.49075,-8.09231,302.28,0.4,0.6,2024-09-17,0319,N20,VIIRS,n,2,287.94,0.79,N,0
41.52423,-8.23325,345.49,0.4,0.6,2024-09-17,0319,N20,VIIRS,n,2,290.26,6.67,N,0
41.52304,-8.229,367,0.4,0.6,2024-09-17,0319,N20,VIIRS,h,2,293.03,6.67,N,0
41.52453,-8.25546,326.71,0.4,0.6,2024-09-17,0319,N20,VIIRS,n,2,292.08,2.46,N,0
41.5192,-8.2364,336.57,0.4,0.6,2024-09-17,0319,N20,VIIRS,n,2,290.31,6.67,N,0
41.51795,-8.23192,346.41,0.4,0.6,2024-09-17,0319,N20,VIIRS,n,2,291.16,6.67,N,0
41.52574,-8.2598,310.97,0.4,0.6,2024-09-17,0319,N20,VIIRS,n,2,289.38,2.46,N,0
41.52344,-8.25156,315.7,0.4,0.6,2024-09-17,0319,N20,VIIRS,n,2,292.55,3.38,N,0
41.52036,-8.24053,304.05,0.4,0.6,2024-09-17,0319,N20,VIIRS,n,2,289.36,4.05,N,0
41.52307,-8.27135,367,0.4,0.6,2024-09-17,0319,N20,VIIRS,h,2,294.22,5.89,N,0
41.52204,-8.26765,332.73,0.4,0.6,2024-09-17,0319,N20,VIIRS,n,2,292.71,5.89,N,0
41.51841,-8.25469,340.38,0.4,0.6,2024-09-17,0319,N20,VIIRS,n,2,295.32,20,N,0
41.5173,-8.25073,327.56,0.4,0.6,2024-09-17,0319,N20,VIIRS,n,2,291.69,20,N,0
41.5162,-8.24679,325.33,0.4,0.6,2024-09-17,0319,N20,VIIRS,n,2,290.45,4.23,N,0
41.51506,-8.24269,320.6,0.4,0.6,2024-09-17,0319,N20,VIIRS,n,2,291.54,4.23,N,0
41.49587,-8.17414,342.52,0.4,0.6,2024-09-17,0319,N20,VIIRS,n,2,289.85,10.36,N,0
41.49467,-8.1699,367,0.4,0.6,2024-09-17,0319,N20,VIIRS,h,2,294.88,10.36,N,0
41.4935,-8.1657,321.65,0.4,0.6,2024-09-17,0319,N20,VIIRS,n,2,291.49,8.09,N,0
41.47501,-8.09984,321.15,0.4,0.6,2024-09-17,0319,N20,VIIRS,n,2,291,1.8,N,0
41.52411,-8.27506,316.69,0.4,0.6,2024-09-17,0319,N20,VIIRS,n,2,288.76,5.31,N,0
41.51976,-8.25953,304.13,0.4,0.6,2024-09-17,0319,N20,VIIRS,n,2,291,15.69,N,0
41.51388,-8.23847,300.04,0.4,0.6,2024-09-17,0319,N20,VIIRS,n,2,288.65,1.57,N,0
41.4761,-8.10372,305.61,0.4,0.6,2024-09-17,0319,N20,VIIRS,n,2,288.09,1.8,N,0
41.52013,-8.2819,367,0.4,0.6,2024-09-17,0319,N20,VIIRS,h,2,291.49,5.31,N,0
41.51908,-8.27818,322.06,0.4,0.6,2024-09-17,0319,N20,VIIRS,n,2,292.53,5.31,N,0
41.51608,-8.26744,323.06,0.4,0.6,2024-09-17,0319,N20,VIIRS,n,2,292.38,15.69,N,0
41.51499,-8.26355,367,0.4,0.6,2024-09-17,0319,N20,VIIRS,h,2,303.83,15.69,N,0
41.51372,-8.25901,344.64,0.4,0.6,2024-09-17,0319,N20,VIIRS,n,2,316.92,20,N,0
41.49186,-8.18098,321.38,0.4,0.6,2024-09-17,0319,N20,VIIRS,n,2,288.6,6.24,N,0
41.49067,-8.17674,367,0.4,0.6,2024-09-17,0319,N20,VIIRS,h,2,293.93,10.36,N,0
41.48951,-8.1726,367,0.4,0.6,2024-09-17,0319,N20,VIIRS,h,2,295.77,10.36,N,0
41.47324,-8.11472,367,0.4,0.6,2024-09-17,0319,N20,VIIRS,h,2,296.36,7.71,N,0
41.47203,-8.11043,326.21,0.4,0.6,2024-09-17,0319,N20,VIIRS,n,2,293.37,7.71,N,0
41.51809,-8.27463,304.32,0.4,0.6,2024-09-17,0319,N20,VIIRS,n,2,290.73,5.89,N,0
41.5171,-8.27109,305.83,0.4,0.6,2024-09-17,0319,N20,VIIRS,n,2,290.28,5.89,N,0
41.51231,-8.25397,319.76,0.4,0.6,2024-09-17,0319,N20,VIIRS,n,2,291.86,20,N,0
41.4883,-8.16829,313.43,0.4,0.6,2024-09-17,0319,N20,VIIRS,n,2,288.96,8.09,N,0
41.47093,-8.10652,304.36,0.4,0.6,2024-09-17,0319,N20,VIIRS,n,2,289.15,1.8,N,0
41.4688,-8.09895,299.85,0.41,0.6,2024-09-17,0319,N20,VIIRS,n,2,286.98,1.71,N,0
41.51606,-8.28842,337.45,0.39,0.6,2024-09-17,0319,N20,VIIRS,n,2,290.04,6.06,N,0
41.515,-8.28466,355.59,0.4,0.6,2024-09-17,0319,N20,VIIRS,n,2,300.23,6.15,N,0
41.514,-8.28109,320.97,0.4,0.6,2024-09-17,0319,N20,VIIRS,n,2,295.35,6.15,N,0
41.51204,-8.27408,354.99,0.4,0.6,2024-09-17,0319,N20,VIIRS,n,2,293.73,5.38,N,0
41.51102,-8.27043,367,0.4,0.6,2024-09-17,0319,N20,VIIRS,h,2,293.76,21.24,N,0
41.50987,-8.26635,342.12,0.4,0.6,2024-09-17,0319,N20,VIIRS,n,2,298.48,21.24,N,0
41.51303,-8.27763,314.01,0.4,0.6,2024-09-17,0319,N20,VIIRS,n,2,294.04,5.38,N,0
41.50861,-8.26184,318.25,0.4,0.6,2024-09-17,0319,N20,VIIRS,n,2,289.13,14.26,N,0
41.46799,-8.11721,309.19,0.4,0.6,2024-09-17,0319,N20,VIIRS,n,2,290.87,1.53,N,0
41.50878,-8.28349,321.58,0.4,0.6,2024-09-17,0319,N20,VIIRS,n,2,293.05,6.15,N,0
41.50672,-8.27615,344.76,0.4,0.6,2024-09-17,0319,N20,VIIRS,n,2,291.47,5.38,N,0
41.45936,-8.10772,320.11,0.4,0.6,2024-09-17,0319,N20,VIIRS,n,2,291.15,2.72,N,0
41.45825,-8.10378,337.13,0.41,0.6,2024-09-17,0319,N20,VIIRS,n,2,291.29,5.37,N,0
41.57047,-8.50464,308.79,0.38,0.59,2024-09-17,0319,N20,VIIRS,n,2,290.14,1.83,N,0
41.51087,-8.29095,306.4,0.39,0.6,2024-09-17,0319,N20,VIIRS,n,2,288.04,6.06,N,0
41.5098,-8.2871,319.9,0.4,0.6,2024-09-17,0319,N20,VIIRS,n,2,290.51,6.15,N,0
41.50777,-8.27987,319.9,0.4,0.6,2024-09-17,0319,N20,VIIRS,n,2,291.52,5.38,N,0
41.50564,-8.27229,301.62,0.4,0.6,2024-09-17,0319,N20,VIIRS,n,2,289.59,21.24,N,0
41.46398,-8.12408,300.57,0.4,0.6,2024-09-17,0319,N20,VIIRS,n,2,289.58,1.22,N,0
41.4616,-8.11566,300.75,0.4,0.6,2024-09-17,0319,N20,VIIRS,n,2,289.68,1.53,N,0
41.46048,-8.11166,307.98,0.4,0.6,2024-09-17,0319,N20,VIIRS,n,2,290.37,2.72,N,0
41.45632,-8.11803,342.96,0.4,0.6,2024-09-17,0319,N20,VIIRS,n,2,294.13,3.23,N,0
41.4575,-8.12221,309.55,0.4,0.6,2024-09-17,0319,N20,VIIRS,n,2,289.33,3.23,N,0
41.45517,-8.11398,301.07,0.4,0.6,2024-09-17,0319,N20,VIIRS,n,2,289.47,1.96,N,0
41.45404,-8.10997,314.52,0.4,0.6,2024-09-17,0319,N20,VIIRS,n,2,288.76,1.96,N,0
41.47401,-8.20182,332.92,0.4,0.6,2024-09-17,0319,N20,VIIRS,n,2,290.48,1.85,N,0
41.47697,-8.21231,313.11,0.4,0.6,2024-09-17,0319,N20,VIIRS,n,2,288.07,1.08,N,0
41.47552,-8.20718,303.39,0.4,0.6,2024-09-17,0319,N20,VIIRS,n,2,289.63,1.85,N,0
41.47038,-8.20994,321.76,0.4,0.6,2024-09-17,0319,N20,VIIRS,n,2,290.47,2.74,N,0
41.46885,-8.20454,322.43,0.4,0.6,2024-09-17,0319,N20,VIIRS,n,2,290.76,2.74,N,0
41.47179,-8.21494,304.79,0.4,0.6,2024-09-17,0319,N20,VIIRS,n,2,290.01,3.34,N,0
41.47338,-8.24161,323.29,0.4,0.6,2024-09-17,0319,N20,VIIRS,n,2,291.07,2.84,N,0
41.47232,-8.23782,342.31,0.4,0.6,2024-09-17,0319,N20,VIIRS,n,2,294.11,3.37,N,0
41.46765,-8.22127,341.23,0.4,0.6,2024-09-17,0319,N20,VIIRS,n,2,291.54,3.34,N,0
41.4663,-8.2165,331.68,0.4,0.6,2024-09-17,0319,N20,VIIRS,n,2,289.65,3.34,N,0
41.47557,-8.24935,317.67,0.4,0.6,2024-09-17,0319,N20,VIIRS,n,2,290.17,1.82,N,0
41.47447,-8.24545,303.69,0.4,0.6,2024-09-17,0319,N20,VIIRS,n,2,290.13,2.84,N,0
41.47124,-8.23401,300.6,0.4,0.6,2024-09-17,0319,N20,VIIRS,n,2,289.21,3.37,N,0
41.46894,-8.22586,301.42,0.4,0.6,2024-09-17,0319,N20,VIIRS,n,2,288.69,3.13,N,0
41.43475,-8.18886,306.3,0.4,0.6,2024-09-17,0319,N20,VIIRS,n,2,289.28,0.96,N,0
41.43198,-8.20004,320.89,0.4,0.6,2024-09-17,0319,N20,VIIRS,n,2,291.97,1.43,N,0
41.43313,-8.20409,310.12,0.4,0.6,2024-09-17,0319,N20,VIIRS,n,2,288.55,1.43,N,0
41.42674,-8.20251,308.92,0.4,0.6,2024-09-17,0319,N20,VIIRS,n,2,290.08,1.43,N,0
41.42264,-8.20894,338,0.4,0.6,2024-09-17,0319,N20,VIIRS,n,2,291.01,26.79,N,0
41.42142,-8.20467,319.74,0.4,0.6,2024-09-17,0319,N20,VIIRS,n,2,291.58,26.79,N,0
41.41872,-8.21605,327.31,0.4,0.6,2024-09-17,0319,N20,VIIRS,n,2,290.32,32.91,N,0
41.41739,-8.21136,351.88,0.4,0.6,2024-09-17,0319,N20,VIIRS,n,2,310.73,26.79,N,0
41.4161,-8.20685,351.26,0.4,0.6,2024-09-17,0319,N20,VIIRS,n,2,297.25,26.79,N,0
41.36047,-8.01254,355.09,0.41,0.61,2024-09-17,0319,N20,VIIRS,n,2,288.42,6,N,0
41.35893,-8.00718,326.44,0.41,0.61,2024-09-17,0319,N20,VIIRS,n,2,289.68,6,N,0
41.42378,-8.23379,309.06,0.4,0.6,2024-09-17,0319,N20,VIIRS,n,2,288.73,0.68,N,0
41.35526,-8.01532,332.07,0.41,0.61,2024-09-17,0319,N20,VIIRS,n,2,288.71,3.17,N,0
41.48146,-8.45781,314.49,0.39,0.59,2024-09-17,0319,N20,VIIRS,n,2,290.79,1.78,N,0
41.41851,-8.23611,301.75,0.4,0.6,2024-09-17,0319,N20,VIIRS,n,2,288.13,0.37,N,0
41.35692,-8.02108,302.43,0.41,0.61,2024-09-17,0319,N20,VIIRS,n,2,287.04,2,N,0
41.35359,-8.00951,312.36,0.41,0.61,2024-09-17,0319,N20,VIIRS,n,2,289.72,3.17,N,0
41.4705,-8.43977,325.03,0.39,0.59,2024-09-17,0319,N20,VIIRS,n,2,292.36,2.27,N,0
41.34977,-8.01713,344.55,0.41,0.61,2024-09-17,0319,N20,VIIRS,n,2,292.36,3.17,N,0
41.34805,-8.01117,325.68,0.41,0.61,2024-09-17,0319,N20,VIIRS,n,2,291.74,3.17,N,0
41.35152,-8.02321,306.71,0.41,0.61,2024-09-17,0319,N20,VIIRS,n,2,289.46,2,N,0
41.42543,-8.20147,317.7,0.4,0.6,2024-09-17,0319,N20,VIIRS,n,2,290.92,7.99,N,0
41.42133,-8.20804,367,0.4,0.6,2024-09-17,0319,N20,VIIRS,h,2,297.83,7.99,N,0
41.42254,-8.21238,302.59,0.4,0.6,2024-09-17,0319,N20,VIIRS,n,2,289.32,7.33,N,0
41.42011,-8.20364,314.01,0.4,0.6,2024-09-17,0319,N20,VIIRS,n,2,292.04,7.99,N,0
41.41735,-8.21502,351.81,0.4,0.6,2024-09-17,0319,N20,VIIRS,n,2,291.25,31.75,N,0
41.41606,-8.21039,334.3,0.4,0.6,2024-09-17,0319,N20,VIIRS,n,2,309.46,30.4,N,0
41.36013,-8.01059,367,0.41,0.61,2024-09-17,0319,N20,VIIRS,h,2,289.94,3.8,N,0
41.42233,-8.23288,313.35,0.4,0.6,2024-09-17,0319,N20,VIIRS,n,2,290.22,1.42,N,0
41.41479,-8.20582,313.78,0.4,0.6,2024-09-17,0319,N20,VIIRS,n,2,291.5,30.4,N,0
41.35863,-8.00524,299.38,0.41,0.61,2024-09-17,0319,N20,VIIRS,n,2,288.24,3.8,N,0
41.35489,-8.01328,348.89,0.41,0.61,2024-09-17,0319,N20,VIIRS,n,2,289.67,3.8,N,0
41.48001,-8.46192,301.59,0.39,0.59,2024-09-17,0319,N20,VIIRS,n,2,289.48,0.79,N,0
41.47885,-8.45772,310.1,0.39,0.59,2024-09-17,0319,N20,VIIRS,n,2,290.66,0.79,N,0
41.35652,-8.01909,307.5,0.41,0.61,2024-09-17,0319,N20,VIIRS,n,2,287.05,5.05,N,0
41.35325,-8.00747,299.58,0.41,0.61,2024-09-17,0319,N20,VIIRS,n,2,288.5,3.8,N,0
41.46804,-8.43978,326.49,0.39,0.59,2024-09-17,0319,N20,VIIRS,n,2,293.19,2.59,N,0
41.34938,-8.01503,349.35,0.41,0.61,2024-09-17,0319,N20,VIIRS,n,2,293.48,4.25,N,0
41.35112,-8.0212,309.73,0.41,0.61,2024-09-17,0319,N20,VIIRS,n,2,289.92,11.35,N,0
41.34774,-8.0092,313.37,0.41,0.61,2024-09-17,0319,N20,VIIRS,n,2,290.66,4.25,N,0
41.34855,-8.03336,330.6,0.41,0.61,2024-09-17,0319,N20,VIIRS,n,2,288.99,10.04,N,0
41.34709,-8.02818,367,0.41,0.61,2024-09-17,0319,N20,VIIRS,h,2,298.46,11.35,N,0
41.34547,-8.02241,367,0.41,0.61,2024-09-17,0319,N20,VIIRS,h,2,294.66,11.35,N,0
41.34383,-8.01663,304.81,0.41,0.61,2024-09-17,0319,N20,VIIRS,n,2,290.05,4.25,N,0
41.36588,-8.24288,299.6,0.4,0.6,2024-09-17,0319,N20,VIIRS,n,2,289.03,1.76,N,0
41.29454,-8.15929,321.64,0.41,0.6,2024-09-17,0319,N20,VIIRS,n,2,292.21,3.61,N,0
41.29571,-8.16339,317.65,0.41,0.6,2024-09-17,0319,N20,VIIRS,n,2,289.14,2.6,N,0
41.2596,-8.0373,307.24,0.41,0.61,2024-09-17,0319,N20,VIIRS,n,2,289.92,0.97,N,0
41.34157,-8.34529,367,0.4,0.6,2024-09-17,0319,N20,VIIRS,h,2,293.77,13.59,N,0
41.3405,-8.3415,351.52,0.4,0.6,2024-09-17,0319,N20,VIIRS,n,2,295.46,7.82,N,0
41.3394,-8.33765,336.25,0.4,0.6,2024-09-17,0319,N20,VIIRS,n,2,292.51,7.82,N,0
41.33828,-8.33368,305.9,0.4,0.6,2024-09-17,0319,N20,VIIRS,n,2,291.04,2.05,N,0
41.33775,-8.35264,367,0.4,0.6,2024-09-17,0319,N20,VIIRS,h,2,292.86,16.97,N,0
41.33665,-8.34876,354.54,0.4,0.6,2024-09-17,0319,N20,VIIRS,n,2,305.15,16.97,N,0
41.33549,-8.34471,336.45,0.4,0.6,2024-09-17,0319,N20,VIIRS,n,2,297.31,7.82,N,0
41.33431,-8.34053,324.22,0.4,0.6,2024-09-17,0319,N20,VIIRS,n,2,291.42,7.82,N,0
41.33887,-8.35658,308.66,0.4,0.6,2024-09-17,0319,N20,VIIRS,n,2,289.54,4.34,N,0
41.3377,-8.37325,321.29,0.4,0.6,2024-09-17,0319,N20,VIIRS,n,2,290.96,1.77,N,0
41.33643,-8.36876,308.37,0.4,0.6,2024-09-17,0319,N20,VIIRS,n,2,292.37,1.77,N,0
41.2944,-8.15896,322.7,0.41,0.6,2024-09-17,0319,N20,VIIRS,n,2,292.25,1.93,N,0
41.29555,-8.16309,315.87,0.41,0.6,2024-09-17,0319,N20,VIIRS,n,2,289.19,1.93,N,0
41.26011,-8.03651,308.68,0.41,0.61,2024-09-17,0319,N20,VIIRS,n,2,290.1,1.08,N,0
41.34161,-8.34976,330,0.4,0.6,2024-09-17,0319,N20,VIIRS,n,2,290.43,6.59,N,0
41.34051,-8.34582,367,0.4,0.6,2024-09-17,0319,N20,VIIRS,h,2,303.71,13.15,N,0
41.33945,-8.342,354.68,0.4,0.6,2024-09-17,0319,N20,VIIRS,n,2,302.44,13.15,N,0
41.33835,-8.33803,339.14,0.4,0.6,2024-09-17,0319,N20,VIIRS,n,2,294.28,4.22,N,0
41.33722,-8.334,307.97,0.4,0.6,2024-09-17,0319,N20,VIIRS,n,2,291.56,4.22,N,0
41.33664,-8.35312,340.05,0.4,0.6,2024-09-17,0319,N20,VIIRS,n,2,290.96,6.59,N,0
41.33554,-8.34917,342.88,0.4,0.6,2024-09-17,0319,N20,VIIRS,n,2,295.11,13.15,N,0
41.33323,-8.34082,321.59,0.4,0.6,2024-09-17,0319,N20,VIIRS,n,2,290.09,4.22,N,0
41.33775,-8.3571,305.81,0.4,0.6,2024-09-17,0319,N20,VIIRS,n,2,290.04,6.59,N,0
41.33441,-8.34509,314.83,0.4,0.6,2024-09-17,0319,N20,VIIRS,n,2,292.18,13.15,N,0
41.33656,-8.37402,320.2,0.4,0.6,2024-09-17,0319,N20,VIIRS,n,2,291.32,1.6,N,0
41.33905,-8.38299,307.57,0.4,0.6,2024-09-17,0319,N20,VIIRS,n,2,289.75,7.8,N,0
41.33782,-8.37855,300.98,0.4,0.6,2024-09-17,0319,N20,VIIRS,n,2,289.79,1.6,N,0
41.3353,-8.3695,309.51,0.4,0.6,2024-09-17,0319,N20,VIIRS,n,2,292.34,3.51,N,0
41.39495,-8.60598,367,0.38,0.59,2024-09-17,0319,N20,VIIRS,h,2,292.5,10.73,N,0
41.39378,-8.6017,338.79,0.38,0.59,2024-09-17,0319,N20,VIIRS,n,2,295.05,10.73,N,0
41.33541,-8.39106,367,0.4,0.6,2024-09-17,0319,N20,VIIRS,h,2,296.82,7.8,N,0
41.33425,-8.38691,355.31,0.4,0.6,2024-09-17,0319,N20,VIIRS,n,2,295.81,7.8,N,0
41.33655,-8.39515,310.54,0.39,0.6,2024-09-17,0319,N20,VIIRS,n,2,289.64,7.1,N,0
41.33306,-8.38263,299.66,0.4,0.6,2024-09-17,0319,N20,VIIRS,n,2,289.43,1.6,N,0
41.33184,-8.37824,300.11,0.4,0.6,2024-09-17,0319,N20,VIIRS,n,2,289.36,1.6,N,0
41.32803,-8.36455,315.59,0.4,0.6,2024-09-17,0319,N20,VIIRS,n,2,290.59,1.95,N,0
41.32671,-8.35981,315.73,0.4,0.6,2024-09-17,0319,N20,VIIRS,n,2,290.93,1.95,N,0
41.27648,-8.1801,303.59,0.41,0.6,2024-09-17,0319,N20,VIIRS,n,2,288.55,1.26,N,0
41.21855,-7.97445,299.93,0.42,0.61,2024-09-17,0319,N20,VIIRS,n,2,286.99,0.36,N,0
41.20948,-7.98501,367,0.42,0.61,2024-09-17,0319,N20,VIIRS,h,2,289.21,8.97,N,0
41.2081,-7.98014,355.02,0.42,0.61,2024-09-17,0319,N20,VIIRS,n,2,304.15,27.12,N,0
41.20676,-7.97541,355.88,0.42,0.61,2024-09-17,0319,N20,VIIRS,n,2,306.07,27.12,N,0
41.20544,-7.97078,355.16,0.42,0.61,2024-09-17,0319,N20,VIIRS,n,2,299.6,28.88,N,0
41.20418,-7.96631,367,0.42,0.61,2024-09-17,0319,N20,VIIRS,h,2,296.7,28.88,N,0
41.20297,-7.96205,336.12,0.42,0.61,2024-09-17,0319,N20,VIIRS,n,2,310.12,30.42,N,0
41.20179,-7.95789,340.62,0.42,0.61,2024-09-17,0319,N20,VIIRS,n,2,291.79,30.42,N,0
41.21085,-7.98984,301.19,0.42,0.61,2024-09-17,0319,N20,VIIRS,n,2,286.66,8.97,N,0
41.19947,-7.94973,319.28,0.42,0.61,2024-09-17,0319,N20,VIIRS,n,2,286.4,5.35,N,0
41.20736,-7.99881,367,0.42,0.61,2024-09-17,0319,N20,VIIRS,h,2,289.84,13.55,N,0
41.20594,-7.99382,367,0.42,0.61,2024-09-17,0319,N20,VIIRS,h,2,289.35,136.55,N,0
41.20454,-7.98887,367,0.42,0.61,2024-09-17,0319,N20,VIIRS,h,2,325.81,136.55,N,0
41.20312,-7.98387,367,0.42,0.61,2024-09-17,0319,N20,VIIRS,h,2,316.41,84.05,N,0
41.20161,-7.97856,367,0.42,0.61,2024-09-17,0319,N20,VIIRS,h,2,295.79,84.05,N,0
41.20028,-7.97385,367,0.42,0.61,2024-09-17,0319,N20,VIIRS,h,2,294.89,5.67,N,0
41.19905,-7.96952,307.98,0.42,0.61,2024-09-17,0319,N20,VIIRS,n,2,287.6,5.67,N,0
41.19196,-8.17739,311.87,0.41,0.61,2024-09-17,0319,N20,VIIRS,n,2,290.89,1.53,N,0
41.20703,-8.25281,300.49,0.4,0.6,2024-09-17,0319,N20,VIIRS,n,2,288.91,0.59,N,0
41.20588,-8.2487,300.33,0.41,0.6,2024-09-17,0319,N20,VIIRS,n,2,289.44,0.96,N,0
41.19724,-8.23908,343.34,0.41,0.6,2024-09-17,0319,N20,VIIRS,n,2,291.62,8.51,N,0
41.14428,-8.05004,367,0.42,0.61,2024-09-17,0319,N20,VIIRS,h,2,300.24,20.87,N,0
41.14286,-8.04498,355.87,0.42,0.61,2024-09-17,0319,N20,VIIRS,n,2,296.38,20.87,N,0
41.13678,-8.0234,352.52,0.42,0.61,2024-09-17,0319,N20,VIIRS,n,2,290.68,6.48,N,0
41.19955,-8.24734,302.01,0.41,0.6,2024-09-17,0319,N20,VIIRS,n,2,288.86,12.63,N,0
41.19841,-8.24325,312.84,0.41,0.6,2024-09-17,0319,N20,VIIRS,n,2,290.78,8.51,N,0
41.19598,-8.23454,316.44,0.41,0.6,2024-09-17,0319,N20,VIIRS,n,2,289.29,4.37,N,0
41.1456,-8.05472,304.59,0.42,0.61,2024-09-17,0319,N20,VIIRS,n,2,287.56,5.93,N,0
41.14139,-8.03974,309.84,0.42,0.61,2024-09-17,0319,N20,VIIRS,n,2,290.09,2.31,N,0
41.13791,-8.02738,309.51,0.42,0.61,2024-09-17,0319,N20,VIIRS,n,2,287.46,4.34,N,0
41.19657,-8.25795,367,0.4,0.6,2024-09-17,0319,N20,VIIRS,h,2,293.54,16.25,N,0
41.19544,-8.25391,367,0.41,0.6,2024-09-17,0319,N20,VIIRS,h,2,300.9,12.63,N,0
41.19431,-8.24986,354.62,0.41,0.6,2024-09-17,0319,N20,VIIRS,n,2,293.35,12.63,N,0
41.19318,-8.24581,355.15,0.41,0.6,2024-09-17,0319,N20,VIIRS,n,2,299.98,8.51,N,0
41.19204,-8.24175,353.83,0.41,0.6,2024-09-17,0319,N20,VIIRS,n,2,293.72,8.51,N,0
41.19085,-8.2375,303.36,0.41,0.6,2024-09-17,0319,N20,VIIRS,n,2,288.53,4.37,N,0
41.14558,-8.07604,316.54,0.41,0.61,2024-09-17,0319,N20,VIIRS,n,2,288.52,1.56,N,0
41.14402,-8.07049,310.33,0.42,0.61,2024-09-17,0319,N20,VIIRS,n,2,289.29,1.99,N,0
41.13998,-8.05614,314.35,0.42,0.61,2024-09-17,0319,N20,VIIRS,n,2,288.48,5.93,N,0
41.13601,-8.042,303.52,0.42,0.61,2024-09-17,0319,N20,VIIRS,n,2,289.05,2.31,N,0
41.13479,-8.03769,303.95,0.42,0.61,2024-09-17,0319,N20,VIIRS,n,2,289.1,2.31,N,0
41.13879,-8.07327,327.68,0.42,0.61,2024-09-17,0319,N20,VIIRS,n,2,289.23,15.91,N,0
41.13741,-8.06834,334.47,0.42,0.61,2024-09-17,0319,N20,VIIRS,n,2,290.92,15.91,N,0
41.08655,-7.88847,350.12,0.43,0.62,2024-09-17,0319,N20,VIIRS,n,2,284.96,4.99,N,0
41.08562,-7.88518,326.87,0.43,0.62,2024-09-17,0319,N20,VIIRS,n,2,284.78,4.99,N,0
41.08468,-7.88188,340.29,0.43,0.62,2024-09-17,0319,N20,VIIRS,n,2,283.81,9.77,N,0
41.08368,-7.87837,367,0.43,0.62,2024-09-17,0319,N20,VIIRS,h,2,284.37,9.77,N,0
41.0825,-7.87426,348.46,0.43,0.62,2024-09-17,0319,N20,VIIRS,n,2,285.58,11.35,N,0
41.14016,-8.07812,305.59,0.41,0.61,2024-09-17,0319,N20,VIIRS,n,2,288.7,6.45,N,0
41.13593,-8.06312,311.29,0.42,0.61,2024-09-17,0319,N20,VIIRS,n,2,289.48,6.9,N,0
41.13064,-8.04433,304.23,0.42,0.61,2024-09-17,0319,N20,VIIRS,n,2,288.33,1.03,N,0
41.12548,-8.02605,303.31,0.42,0.61,2024-09-17,0319,N20,VIIRS,n,2,288.48,1.11,N,0
41.12414,-8.02128,314.59,0.42,0.61,2024-09-17,0319,N20,VIIRS,n,2,289.59,1.11,N,0
41.13351,-8.07585,367,0.42,0.61,2024-09-17,0319,N20,VIIRS,h,2,299.08,15.91,N,0
41.13229,-8.07152,367,0.42,0.61,2024-09-17,0319,N20,VIIRS,h,2,303.03,15.91,N,0
41.0812,-7.89103,322.2,0.43,0.62,2024-09-17,0319,N20,VIIRS,n,2,283.46,4.99,N,0
41.13476,-8.08029,302.11,0.41,0.61,2024-09-17,0319,N20,VIIRS,n,2,288.29,6.45,N,0
41.13088,-8.06653,311.69,0.42,0.61,2024-09-17,0319,N20,VIIRS,n,2,289.1,6.9,N,0
41.09829,-7.97261,327.52,0.42,0.61,2024-09-17,0319,N20,VIIRS,n,2,289.51,5.36,N,0
41.07313,-7.88405,297.28,0.43,0.62,2024-09-17,0319,N20,VIIRS,n,2,282.38,1.16,N,0
41.07203,-7.88021,298.45,0.43,0.62,2024-09-17,0319,N20,VIIRS,n,2,285.36,1.07,N,0
41.09473,-7.98139,331.96,0.42,0.61,2024-09-17,0319,N20,VIIRS,n,2,290.21,5.8,N,0
41.09356,-7.97727,367,0.42,0.61,2024-09-17,0319,N20,VIIRS,h,2,294.7,5.36,N,0
41.09583,-7.98525,315.41,0.42,0.61,2024-09-17,0319,N20,VIIRS,n,2,288.44,5.8,N,0
41.0923,-7.97283,301.03,0.42,0.61,2024-09-17,0319,N20,VIIRS,n,2,289.12,5.36,N,0
41.07151,-7.89969,297.06,0.43,0.62,2024-09-17,0319,N20,VIIRS,n,2,285.21,0.75,N,0
41.06786,-7.88692,301.45,0.43,0.62,2024-09-17,0319,N20,VIIRS,n,2,284.54,1.16,N,0
41.06672,-7.88292,300.53,0.43,0.62,2024-09-17,0319,N20,VIIRS,n,2,289.31,1.07,N,0
41.14351,-8.17514,367,0.41,0.61,2024-09-17,0319,N20,VIIRS,h,2,299.39,30.54,N,0
41.14232,-8.17092,339.3,0.41,0.61,2024-09-17,0319,N20,VIIRS,n,2,293.11,30.54,N,0
41.09072,-7.98858,367,0.42,0.61,2024-09-17,0319,N20,VIIRS,h,2,293.52,3.58,N,0
41.14585,-8.18346,300.83,0.41,0.61,2024-09-17,0319,N20,VIIRS,n,2,288.98,9.65,N,0
41.14468,-8.1793,308.67,0.41,0.61,2024-09-17,0319,N20,VIIRS,n,2,289.59,9.65,N,0
41.14109,-8.16656,315.95,0.41,0.61,2024-09-17,0319,N20,VIIRS,n,2,291.01,17.01,N,0
41.08969,-7.98495,299.46,0.42,0.61,2024-09-17,0319,N20,VIIRS,n,2,288.09,3.58,N,0
41.06548,-7.89989,296.54,0.43,0.62,2024-09-17,0319,N20,VIIRS,n,2,284.82,1.18,N,0
41.06458,-7.89675,301.22,0.43,0.62,2024-09-17,0319,N20,VIIRS,n,2,286.32,1.18,N,0
41.06268,-7.89009,303.88,0.43,0.62,2024-09-17,0319,N20,VIIRS,n,2,285.82,2.74,N,0
41.13976,-8.18307,349.78,0.41,0.61,2024-09-17,0319,N20,VIIRS,n,2,290.1,9.65,N,0
41.13862,-8.17904,338.8,0.41,0.61,2024-09-17,0319,N20,VIIRS,n,2,308.98,30.54,N,0
41.13743,-8.17482,367,0.41,0.61,2024-09-17,0319,N20,VIIRS,h,2,297.61,30.54,N,0
41.13613,-8.17021,349.08,0.41,0.61,2024-09-17,0319,N20,VIIRS,n,2,308.55,17.01,N,0
41.09022,-8.00811,335.6,0.42,0.61,2024-09-17,0319,N20,VIIRS,n,2,291.28,6.29,N,0
41.08911,-8.0042,355.79,0.42,0.61,2024-09-17,0319,N20,VIIRS,n,2,294.98,6.29,N,0
41.08788,-7.99986,321.8,0.42,0.61,2024-09-17,0319,N20,VIIRS,n,2,291.73,4.84,N,0
41.08013,-7.97265,327.83,0.42,0.61,2024-09-17,0319,N20,VIIRS,n,2,288.71,3.39,N,0
41.14192,-8.19072,304.72,0.41,0.61,2024-09-17,0319,N20,VIIRS,n,2,288.94,0.66,N,0
41.14086,-8.18697,301.56,0.41,0.61,2024-09-17,0319,N20,VIIRS,n,2,288.84,9.65,N,0
41.13481,-8.16554,311.87,0.41,0.61,2024-09-17,0319,N20,VIIRS,n,2,289.82,17.01,N,0
41.08669,-7.99566,308.58,0.42,0.61,2024-09-17,0319,N20,VIIRS,n,2,289.87,4.84,N,0
41.08561,-7.99188,306.32,0.42,0.61,2024-09-17,0319,N20,VIIRS,n,2,288.47,3.58,N,0
41.13675,-8.1936,326.55,0.41,0.61,2024-09-17,0319,N20,VIIRS,n,2,290.03,95.05,N,0
41.1357,-8.18989,353.81,0.41,0.61,2024-09-17,0319,N20,VIIRS,n,2,303.51,74.16,N,0
41.13462,-8.18605,350.12,0.41,0.61,2024-09-17,0319,N20,VIIRS,n,2,305.83,74.16,N,0
41.1335,-8.1821,352.51,0.41,0.61,2024-09-17,0319,N20,VIIRS,n,2,299.92,78.79,N,0
41.13233,-8.17794,367,0.41,0.61,2024-09-17,0319,N20,VIIRS,h,2,306.45,78.79,N,0
41.13105,-8.17344,323.02,0.41,0.61,2024-09-17,0319,N20,VIIRS,n,2,306.21,20.73,N,0
41.08625,-8.0154,340.15,0.42,0.61,2024-09-17,0319,N20,VIIRS,n,2,291.16,21.25,N,0
41.08524,-8.01184,350.88,0.42,0.61,2024-09-17,0319,N20,VIIRS,n,2,296.55,4.14,N,0
41.07967,-7.99229,342.62,0.42,0.61,2024-09-17,0319,N20,VIIRS,n,2,293.9,10.06,N,0
41.13779,-8.19727,302.6,0.41,0.61,2024-09-17,0319,N20,VIIRS,n,2,289.71,95.05,N,0
41.12961,-8.16834,300.81,0.41,0.61,2024-09-17,0319,N20,VIIRS,n,2,288.99,20.73,N,0
41.10679,-8.08772,310.96,0.41,0.61,2024-09-17,0319,N20,VIIRS,n,2,290.74,1.67,N,0
41.09647,-8.05136,310.27,0.42,0.61,2024-09-17,0319,N20,VIIRS,n,2,291.35,1.13,N,0
41.08419,-8.00817,301.64,0.42,0.61,2024-09-17,0319,N20,VIIRS,n,2,289.46,4.14,N,0
41.08311,-8.00437,301.59,0.42,0.61,2024-09-17,0319,N20,VIIRS,n,2,289.52,2.5,N,0
41.08196,-8.00034,304.62,0.42,0.61,2024-09-17,0319,N20,VIIRS,n,2,289.8,2.5,N,0
41.08078,-7.99619,317.33,0.42,0.61,2024-09-17,0319,N20,VIIRS,n,2,293.18,10.06,N,0
41.07857,-7.98844,305.44,0.42,0.61,2024-09-17,0319,N20,VIIRS,n,2,287.5,5.4,N,0
41.07748,-7.9846,308.29,0.42,0.61,2024-09-17,0319,N20,VIIRS,n,2,288.18,5.4,N,0
41.07642,-7.98089,310.08,0.42,0.61,2024-09-17,0319,N20,VIIRS,n,2,289.13,5.2,N,0
41.07526,-7.97683,315.99,0.42,0.61,2024-09-17,0319,N20,VIIRS,n,2,288.56,5.2,N,0
41.13246,-8.19957,367,0.41,0.61,2024-09-17,0319,N20,VIIRS,h,2,299.27,95.05,N,0
41.13036,-8.19213,367,0.41,0.61,2024-09-17,0319,N20,VIIRS,h,2,318.5,74.16,N,0
41.12928,-8.18832,350.02,0.41,0.61,2024-09-17,0319,N20,VIIRS,n,2,315.8,74.16,N,0
41.12696,-8.18014,332.97,0.41,0.61,2024-09-17,0319,N20,VIIRS,n,2,303.41,78.79,N,0
41.08485,-8.03171,345.21,0.42,0.61,2024-09-17,0319,N20,VIIRS,n,2,290.3,24.71,N,0
41.08347,-8.02684,367,0.42,0.61,2024-09-17,0319,N20,VIIRS,h,2,302.83,24.71,N,0
41.08212,-8.02213,344.82,0.42,0.61,2024-09-17,0319,N20,VIIRS,n,2,305.76,21.25,N,0
41.08102,-8.01824,346.17,0.42,0.61,2024-09-17,0319,N20,VIIRS,n,2,293.19,21.25,N,0
41.07566,-7.99947,367,0.42,0.61,2024-09-17,0319,N20,VIIRS,h,2,296.61,10.06,N,0
41.0745,-7.99537,355.82,0.42,0.61,2024-09-17,0319,N20,VIIRS,n,2,299.52,10.06,N,0
41.0734,-7.99153,350.3,0.42,0.61,2024-09-17,0319,N20,VIIRS,n,2,295.74,5.4,N,0
41.07126,-7.98403,355.34,0.42,0.61,2024-09-17,0319,N20,VIIRS,n,2,294.25,5.2,N,0
41.07014,-7.98011,347.43,0.42,0.61,2024-09-17,0319,N20,VIIRS,n,2,291.89,5.2,N,0
41.13466,-8.20733,301.57,0.41,0.61,2024-09-17,0319,N20,VIIRS,n,2,289.39,9.55,N,0
41.13354,-8.20339,319.62,0.41,0.61,2024-09-17,0319,N20,VIIRS,n,2,290.16,9.55,N,0
41.12553,-8.17505,305.75,0.41,0.61,2024-09-17,0319,N20,VIIRS,n,2,290.08,20.73,N,0
41.08002,-8.01474,307.09,0.42,0.61,2024-09-17,0319,N20,VIIRS,n,2,289.71,4.14,N,0
41.07902,-8.01125,318.08,0.42,0.61,2024-09-17,0319,N20,VIIRS,n,2,292.57,4.14,N,0
41.078,-8.00765,319.55,0.42,0.61,2024-09-17,0319,N20,VIIRS,n,2,291.75,2.5,N,0
41.07686,-8.00366,317.3,0.42,0.61,2024-09-17,0319,N20,VIIRS,n,2,293.77,2.5,N,0
41.07237,-7.98792,316.48,0.42,0.61,2024-09-17,0319,N20,VIIRS,n,2,291.53,5.4,N,0
41.1282,-8.20564,321.33,0.41,0.61,2024-09-17,0319,N20,VIIRS,n,2,289.47,10.65,N,0
41.12707,-8.20166,367,0.41,0.61,2024-09-17,0319,N20,VIIRS,h,2,296.5,64.33,N,0
41.12483,-8.19376,350.91,0.41,0.61,2024-09-17,0319,N20,VIIRS,n,2,294.51,22.28,N,0
41.08011,-8.03627,367,0.42,0.61,2024-09-17,0319,N20,VIIRS,h,2,300.99,29.3,N,0
41.07866,-8.03117,355.78,0.42,0.61,2024-09-17,0319,N20,VIIRS,n,2,298.5,29.3,N,0
41.07715,-8.02589,346.21,0.42,0.61,2024-09-17,0319,N20,VIIRS,n,2,291.7,7.07,N,0
41.07575,-8.02098,339.26,0.42,0.61,2024-09-17,0319,N20,VIIRS,n,2,293.66,7.07,N,0
41.07353,-8.01321,321.22,0.42,0.61,2024-09-17,0319,N20,VIIRS,n,2,291.3,7.05,N,0
41.07244,-8.00939,353.69,0.42,0.61,2024-09-17,0319,N20,VIIRS,n,2,295.33,9.95,N,0
41.07134,-8.00553,351.66,0.42,0.61,2024-09-17,0319,N20,VIIRS,n,2,297.67,9.95,N,0
41.0668,-7.9896,327.16,0.42,0.61,2024-09-17,0319,N20,VIIRS,n,2,289.38,3.83,N,0
41.06565,-7.98559,367,0.42,0.61,2024-09-17,0319,N20,VIIRS,h,2,293.09,10.66,N,0
41.12936,-8.20973,302.78,0.41,0.61,2024-09-17,0319,N20,VIIRS,n,2,289.15,10.65,N,0
41.1237,-8.18975,310.68,0.41,0.61,2024-09-17,0319,N20,VIIRS,n,2,289.38,22.28,N,0
41.1225,-8.18553,302.28,0.41,0.61,2024-09-17,0319,N20,VIIRS,n,2,289.49,1.31,N,0
41.08127,-8.04036,308.53,0.42,0.61,2024-09-17,0319,N20,VIIRS,n,2,289,10.4,N,0
41.07018,-8.00147,310.76,0.42,0.61,2024-09-17,0319,N20,VIIRS,n,2,287.48,4.34,N,0
41.06792,-7.99353,302.62,0.42,0.61,2024-09-17,0319,N20,VIIRS,n,2,286.41,3.83,N,0
41.07633,-8.04421,331.99,0.42,0.61,2024-09-17,0319,N20,VIIRS,n,2,290.41,10.4,N,0
41.07524,-8.04039,367,0.42,0.61,2024-09-17,0319,N20,VIIRS,h,2,301.94,29.3,N,0
41.07399,-8.03599,347.19,0.42,0.61,2024-09-17,0319,N20,VIIRS,n,2,292.93,29.3,N,0
41.12172,-8.2039,301.43,0.41,0.61,2024-09-17,0319,N20,VIIRS,n,2,287.69,64.33,N,0
41.12057,-8.19985,301.83,0.41,0.61,2024-09-17,0319,N20,VIIRS,n,2,288.02,64.33,N,0
41.07751,-8.04833,301.81,0.42,0.61,2024-09-17,0319,N20,VIIRS,n,2,288.65,10.4,N,0
41.07244,-8.03057,312.59,0.42,0.61,2024-09-17,0319,N20,VIIRS,n,2,289.78,7.07,N,0
41.07464,-8.05945,329.71,0.42,0.61,2024-09-17,0319,N20,VIIRS,n,2,289.29,15.9,N,0
41.0736,-8.05579,367,0.42,0.61,2024-09-17,0319,N20,VIIRS,h,2,298.95,15.9,N,0
41.0725,-8.05194,353.62,0.42,0.61,2024-09-17,0319,N20,VIIRS,n,2,307.83,21.36,N,0
41.07138,-8.04803,340.47,0.42,0.61,2024-09-17,0319,N20,VIIRS,n,2,295.06,21.36,N,0
41.0678,-8.03549,367,0.42,0.61,2024-09-17,0319,N20,VIIRS,h,2,297.66,16,N,0
41.07027,-8.04415,305.44,0.42,0.61,2024-09-17,0319,N20,VIIRS,n,2,289.39,9.3,N,0
41.06913,-8.04014,311.03,0.42,0.61,2024-09-17,0319,N20,VIIRS,n,2,289.26,9.3,N,0
41.06626,-8.03009,316.22,0.42,0.61,2024-09-17,0319,N20,VIIRS,n,2,289.75,16,N,0
41.0691,-8.06115,367,0.42,0.61,2024-09-17,0319,N20,VIIRS,h,2,293.51,15.9,N,0
41.0681,-8.05769,367,0.42,0.61,2024-09-17,0319,N20,VIIRS,h,2,302.25,15.9,N,0
41.06709,-8.05416,340.09,0.42,0.61,2024-09-17,0319,N20,VIIRS,n,2,294.88,21.36,N,0
41.06607,-8.05056,367,0.42,0.61,2024-09-17,0319,N20,VIIRS,h,2,297.84,21.36,N,0
41.065,-8.04682,346.11,0.42,0.61,2024-09-17,0319,N20,VIIRS,n,2,298.65,9.3,N,0
41.06391,-8.04301,332.79,0.42,0.61,2024-09-17,0319,N20,VIIRS,n,2,293.53,9.3,N,0
41.06276,-8.039,367,0.42,0.61,2024-09-17,0319,N20,VIIRS,h,2,307.17,16,N,0
41.06147,-8.03448,349.36,0.42,0.61,2024-09-17,0319,N20,VIIRS,n,2,293.32,16,N,0
41.07014,-8.06485,301.91,0.42,0.61,2024-09-17,0319,N20,VIIRS,n,2,289.71,4.66,N,0
41.06062,-8.05262,367,0.42,0.61,2024-09-17,0319,N20,VIIRS,h,2,290.01,36.67,N,0
41.0596,-8.04908,342.49,0.42,0.61,2024-09-17,0319,N20,VIIRS,n,2,313.69,44.38,N,0
41.05857,-8.04546,342.73,0.42,0.61,2024-09-17,0319,N20,VIIRS,n,2,310.95,44.38,N,0
41.0575,-8.04173,353.4,0.42,0.61,2024-09-17,0319,N20,VIIRS,n,2,293.07,24.37,N,0
41.05413,-8.05107,301.5,0.42,0.61,2024-09-17,0319,N20,VIIRS,n,2,287.33,44.38,N,0
41.11313,-8.32074,299.01,0.4,0.6,2024-09-17,0319,N20,VIIRS,n,2,287.94,19.89,N,0
41.10919,-8.32782,367,0.4,0.6,2024-09-17,0319,N20,VIIRS,h,2,289.62,19.89,N,0
41.10788,-8.32322,333.77,0.4,0.6,2024-09-17,0319,N20,VIIRS,n,2,306.86,19.89,N,0
41.10641,-8.31807,315.86,0.4,0.6,2024-09-17,0319,N20,VIIRS,n,2,289.87,11.54,N,0
41.02618,-8.05899,367,0.42,0.61,2024-09-17,0319,N20,VIIRS,h,2,291.88,6.47,N,0
41.02443,-8.05291,339.24,0.42,0.61,2024-09-17,0319,N20,VIIRS,n,2,289.24,6.47,N,0
41.10261,-8.3256,301.03,0.4,0.6,2024-09-17,0319,N20,VIIRS,n,2,287.55,1.1,N,0
41.02802,-8.06538,301.47,0.42,0.61,2024-09-17,0319,N20,VIIRS,n,2,285.61,3.78,N,0
41.01958,-8.05708,354.25,0.42,0.61,2024-09-17,0319,N20,VIIRS,n,2,289.73,6.47,N,0
41.02143,-8.0635,315.45,0.42,0.61,2024-09-17,0319,N20,VIIRS,n,2,285.78,6.47,N,0
41.11198,-8.31786,304.69,0.4,0.6,2024-09-17,0319,N20,VIIRS,n,2,288.78,1.08,N,0
41.10814,-8.3254,367,0.4,0.6,2024-09-17,0319,N20,VIIRS,h,2,301.92,27.98,N,0
41.10679,-8.32055,351.41,0.4,0.6,2024-09-17,0319,N20,VIIRS,n,2,294.45,27.98,N,0
41.10939,-8.32991,302.7,0.4,0.6,2024-09-17,0319,N20,VIIRS,n,2,287.51,13.65,N,0
41.10524,-8.31495,299.73,0.4,0.6,2024-09-17,0319,N20,VIIRS,n,2,288.32,5.02,N,0
41.02791,-8.06034,336.8,0.42,0.61,2024-09-17,0319,N20,VIIRS,n,2,287.57,6.14,N,0
41.0262,-8.05429,340.01,0.42,0.61,2024-09-17,0319,N20,VIIRS,n,2,288.88,6.79,N,0
41.02141,-8.05869,367,0.42,0.61,2024-09-17,0319,N20,VIIRS,h,2,291.64,9.26,N,0
41.02324,-8.06519,298.02,0.42,0.61,2024-09-17,0319,N20,VIIRS,n,2,284.65,5.36,N,0
41.01971,-8.05267,303.45,0.42,0.61,2024-09-17,0319,N20,VIIRS,n,2,286.25,9.26,N,0
41.1371,-8.51449,312.91,0.39,0.6,2024-09-17,0319,N20,VIIRS,n,2,290.7,1.64,N,0
41.12424,-8.4894,367,0.4,0.6,2024-09-17,0319,N20,VIIRS,h,2,294.08,9.65,N,0
41.00807,-8.07557,323.78,0.42,0.61,2024-09-17,0319,N20,VIIRS,n,2,284.96,2.06,N,0
41.12309,-8.48524,308.07,0.4,0.6,2024-09-17,0319,N20,VIIRS,n,2,291.89,5.6,N,0
41.12146,-8.50053,332.03,0.4,0.6,2024-09-17,0319,N20,VIIRS,n,2,291.94,7.98,N,0
41.12019,-8.49598,367,0.4,0.6,2024-09-17,0319,N20,VIIRS,h,2,294.31,14.25,N,0
41.119,-8.49172,367,0.4,0.6,2024-09-17,0319,N20,VIIRS,h,2,302.94,14.25,N,0
41.11786,-8.4876,326.47,0.4,0.6,2024-09-17,0319,N20,VIIRS,n,2,292.85,15.1,N,0
41.1164,-8.50351,367,0.4,0.6,2024-09-17,0319,N20,VIIRS,h,2,293.12,7.98,N,0
41.11503,-8.49862,306.78,0.4,0.6,2024-09-17,0319,N20,VIIRS,n,2,290.55,14.25,N,0
41.12099,-8.54107,307.09,0.39,0.6,2024-09-17,0319,N20,VIIRS,n,2,290.95,0.57,N,0
40.89915,-7.82187,346.01,0.43,0.62,2024-09-17,0319,N20,VIIRS,n,2,285.3,8.28,N,0
40.89781,-7.8172,343.94,0.43,0.62,2024-09-17,0319,N20,VIIRS,n,2,289.4,7.18,N,0
40.89641,-7.83365,367,0.43,0.62,2024-09-17,0319,N20,VIIRS,h,2,287.05,23.7,N,0
40.89511,-7.82911,345.53,0.43,0.62,2024-09-17,0319,N20,VIIRS,n,2,305.2,17.06,N,0
40.89378,-7.82453,326.38,0.43,0.62,2024-09-17,0319,N20,VIIRS,n,2,290.92,17.06,N,0
40.89501,-7.85005,367,0.43,0.62,2024-09-17,0319,N20,VIIRS,h,2,288.6,18.58,N,0
40.89377,-7.84575,367,0.43,0.62,2024-09-17,0319,N20,VIIRS,h,2,296.5,18.58,N,0
40.89246,-7.84122,367,0.43,0.62,2024-09-17,0319,N20,VIIRS,h,2,297.57,23.7,N,0
40.89114,-7.83663,355.1,0.43,0.62,2024-09-17,0319,N20,VIIRS,n,2,293.98,23.7,N,0
40.88982,-7.83206,311.72,0.43,0.62,2024-09-17,0319,N20,VIIRS,n,2,285.87,17.06,N,0
40.89199,-7.86081,367,0.43,0.62,2024-09-17,0319,N20,VIIRS,h,2,293.34,34.28,N,0
40.89074,-7.85651,334.09,0.43,0.62,2024-09-17,0319,N20,VIIRS,n,2,303.94,34.28,N,0
40.88954,-7.85233,354.36,0.43,0.62,2024-09-17,0319,N20,VIIRS,n,2,296.34,10.31,N,0
40.88033,-7.82044,338.37,0.43,0.62,2024-09-17,0319,N20,VIIRS,n,2,291.35,4.26,N,0
40.8932,-7.865,298.84,0.43,0.62,2024-09-17,0319,N20,VIIRS,n,2,286.13,22.33,N,0
40.88839,-7.84832,308.64,0.43,0.62,2024-09-17,0319,N20,VIIRS,n,2,289.34,10.31,N,0
40.88311,-7.83009,297.93,0.43,0.62,2024-09-17,0319,N20,VIIRS,n,2,284.51,1.45,N,0
40.88176,-7.82538,298.51,0.43,0.62,2024-09-17,0319,N20,VIIRS,n,2,286.16,4.26,N,0
40.89026,-7.87604,367,0.43,0.62,2024-09-17,0319,N20,VIIRS,h,2,293.7,17.88,N,0
40.88897,-7.87156,353.95,0.43,0.62,2024-09-17,0319,N20,VIIRS,n,2,294.43,22.33,N,0
40.88768,-7.86713,367,0.43,0.62,2024-09-17,0319,N20,VIIRS,h,2,293.79,22.33,N,0
40.88639,-7.86264,344.76,0.43,0.62,2024-09-17,0319,N20,VIIRS,n,2,301.07,34.28,N,0
40.87629,-7.8277,328.58,0.43,0.62,2024-09-17,0319,N20,VIIRS,n,2,286.84,4.26,N,0
40.87484,-7.82272,351.01,0.43,0.62,2024-09-17,0319,N20,VIIRS,n,2,289.82,4.26,N,0
40.89162,-7.88077,303.74,0.43,0.62,2024-09-17,0319,N20,VIIRS,n,2,286.53,17.88,N,0
40.88514,-7.8583,319.93,0.43,0.62,2024-09-17,0319,N20,VIIRS,n,2,290.73,34.28,N,0
40.88395,-7.8542,302.31,0.43,0.62,2024-09-17,0319,N20,VIIRS,n,2,287.85,10.31,N,0
40.88757,-7.88795,367,0.43,0.62,2024-09-17,0319,N20,VIIRS,h,2,298.32,24.08,N,0
40.88617,-7.88306,347.46,0.43,0.62,2024-09-17,0319,N20,VIIRS,n,2,299.13,14.2,N,0
40.8848,-7.87832,353.88,0.43,0.62,2024-09-17,0319,N20,VIIRS,n,2,293.34,14.2,N,0
40.87329,-7.83857,367,0.43,0.62,2024-09-17,0319,N20,VIIRS,h,2,289.17,25.54,N,0
40.8889,-7.89253,304.54,0.43,0.62,2024-09-17,0319,N20,VIIRS,n,2,285.83,24.08,N,0
40.88348,-7.87379,307.39,0.43,0.62,2024-09-17,0319,N20,VIIRS,n,2,290.5,2.76,N,0
40.88213,-7.86913,301.93,0.43,0.62,2024-09-17,0319,N20,VIIRS,n,2,289.3,2.76,N,0
40.87587,-7.84745,299.3,0.43,0.62,2024-09-17,0319,N20,VIIRS,n,2,286.78,8.38,N,0
40.87458,-7.843,298.87,0.43,0.62,2024-09-17,0319,N20,VIIRS,n,2,287.02,8.38,N,0
40.87203,-7.83422,316.13,0.43,0.62,2024-09-17,0319,N20,VIIRS,n,2,287.16,25.54,N,0
40.88495,-7.90003,355.69,0.43,0.62,2024-09-17,0319,N20,VIIRS,n,2,286.63,13.61,N,0
40.88367,-7.89561,353.82,0.43,0.62,2024-09-17,0319,N20,VIIRS,n,2,294.77,24.08,N,0
40.88232,-7.89094,354.92,0.43,0.62,2024-09-17,0319,N20,VIIRS,n,2,294.87,24.08,N,0
40.86888,-7.84453,333.38,0.43,0.62,2024-09-17,0319,N20,VIIRS,n,2,290.84,8.38,N,0
40.86769,-7.84041,355.22,0.43,0.62,2024-09-17,0319,N20,VIIRS,n,2,308.87,25.54,N,0
40.86645,-7.83612,346.15,0.43,0.62,2024-09-17,0319,N20,VIIRS,n,2,295.24,25.54,N,0
40.8809,-7.88604,309.58,0.43,0.62,2024-09-17,0319,N20,VIIRS,n,2,290.03,14.2,N,0
40.87946,-7.88105,314.57,0.43,0.62,2024-09-17,0319,N20,VIIRS,n,2,291.36,14.2,N,0
40.87812,-7.87644,315.06,0.43,0.62,2024-09-17,0319,N20,VIIRS,n,2,290.5,2.76,N,0
40.8768,-7.87188,301.29,0.43,0.62,2024-09-17,0319,N20,VIIRS,n,2,288.62,2.76,N,0
40.87546,-7.86723,308.86,0.43,0.62,2024-09-17,0319,N20,VIIRS,n,2,290.37,3.65,N,0
40.87981,-7.90341,367,0.43,0.62,2024-09-17,0319,N20,VIIRS,h,2,290.56,31.74,N,0
40.87854,-7.89902,321,0.43,0.62,2024-09-17,0319,N20,VIIRS,n,2,289.59,5.79,N,0
40.86471,-7.85131,367,0.43,0.62,2024-09-17,0319,N20,VIIRS,h,2,291.87,31.62,N,0
40.86347,-7.84703,367,0.43,0.62,2024-09-17,0319,N20,VIIRS,h,2,300.57,31.62,N,0
40.86221,-7.84267,342.81,0.43,0.62,2024-09-17,0319,N20,VIIRS,n,2,289.82,23.43,N,0
40.87721,-7.89443,306.06,0.43,0.62,2024-09-17,0319,N20,VIIRS,n,2,287.15,5.79,N,0
40.87582,-7.88964,309.68,0.43,0.62,2024-09-17,0319,N20,VIIRS,n,2,289.87,1.34,N,0
40.87442,-7.88481,309.72,0.43,0.62,2024-09-17,0319,N20,VIIRS,n,2,288.78,1.34,N,0
40.87302,-7.87997,304.3,0.43,0.62,2024-09-17,0319,N20,VIIRS,n,2,288.71,1.88,N,0
40.87169,-7.87537,305.43,0.43,0.62,2024-09-17,0319,N20,VIIRS,n,2,290.29,1.88,N,0
40.86736,-7.86045,300.74,0.43,0.62,2024-09-17,0319,N20,VIIRS,n,2,288.43,26.16,N,0
40.86596,-7.85564,314.61,0.43,0.62,2024-09-17,0319,N20,VIIRS,n,2,288.22,26.16,N,0
40.87727,-7.91576,336.67,0.43,0.62,2024-09-17,0319,N20,VIIRS,n,2,286.79,8.76,N,0
40.87586,-7.9109,367,0.43,0.62,2024-09-17,0319,N20,VIIRS,h,2,292,31.74,N,0
40.87448,-7.90613,336.59,0.43,0.62,2024-09-17,0319,N20,VIIRS,n,2,306.52,31.74,N,0
40.8651,-7.8738,327.49,0.43,0.62,2024-09-17,0319,N20,VIIRS,n,2,289.32,5.03,N,0
40.86364,-7.86877,336.11,0.43,0.62,2024-09-17,0319,N20,VIIRS,n,2,291.08,5.03,N,0
40.86206,-7.86332,331.12,0.43,0.62,2024-09-17,0319,N20,VIIRS,n,2,289.24,26.16,N,0
40.86066,-7.85848,350.05,0.43,0.62,2024-09-17,0319,N20,VIIRS,n,2,303.93,26.16,N,0
40.85932,-7.8539,335.32,0.43,0.62,2024-09-17,0319,N20,VIIRS,n,2,297.99,31.62,N,0
40.87317,-7.9016,317.34,0.43,0.62,2024-09-17,0319,N20,VIIRS,n,2,289.41,5.79,N,0
40.87189,-7.89721,308.32,0.43,0.62,2024-09-17,0319,N20,VIIRS,n,2,288.28,5.79,N,0
40.87061,-7.89279,304.63,0.43,0.62,2024-09-17,0319,N20,VIIRS,n,2,287.06,1.34,N,0
40.8693,-7.88827,304.8,0.43,0.62,2024-09-17,0319,N20,VIIRS,n,2,288.02,1.34,N,0
40.86645,-7.87845,309.6,0.43,0.62,2024-09-17,0319,N20,VIIRS,n,2,288.28,1.88,N,0
40.85797,-7.84925,311,0.43,0.62,2024-09-17,0319,N20,VIIRS,n,2,287.76,31.62,N,0
40.87328,-7.92309,367,0.43,0.62,2024-09-17,0319,N20,VIIRS,h,2,290.02,12.92,N,0
40.87191,-7.91837,367,0.43,0.62,2024-09-17,0319,N20,VIIRS,h,2,298.06,12.92,N,0
40.87044,-7.91332,336.12,0.43,0.62,2024-09-17,0319,N20,VIIRS,n,2,292.25,4.38,N,0
40.86527,-7.8955,341.59,0.43,0.62,2024-09-17,0319,N20,VIIRS,n,2,287.75,16.53,N,0
40.86393,-7.89087,339.17,0.43,0.62,2024-09-17,0319,N20,VIIRS,n,2,290.44,16.53,N,0
40.85989,-7.87694,367,0.43,0.62,2024-09-17,0319,N20,VIIRS,h,2,300.25,28.16,N,0
40.85856,-7.87237,333.5,0.43,0.62,2024-09-17,0319,N20,VIIRS,n,2,297.94,28.16,N,0
40.85698,-7.86695,325.18,0.43,0.62,2024-09-17,0319,N20,VIIRS,n,2,287.15,17.8,N,0
40.85536,-7.86138,367,0.43,0.62,2024-09-17,0319,N20,VIIRS,h,2,292.44,17.8,N,0
41.03154,-8.47473,301.38,0.4,0.6,2024-09-17,0319,N20,VIIRS,n,2,290.66,0.79,N,0
40.86907,-7.90858,310.9,0.43,0.62,2024-09-17,0319,N20,VIIRS,n,2,288.96,4.38,N,0
40.86655,-7.89989,304.27,0.43,0.62,2024-09-17,0319,N20,VIIRS,n,2,287.59,5.7,N,0
40.86119,-7.88146,308.83,0.43,0.62,2024-09-17,0319,N20,VIIRS,n,2,286.63,13.82,N,0
40.85394,-7.85648,298.89,0.43,0.62,2024-09-17,0319,N20,VIIRS,n,2,286.22,10.16,N,0
40.86783,-7.92541,367,0.43,0.62,2024-09-17,0319,N20,VIIRS,h,2,297.98,12.92,N,0
40.85991,-7.89811,367,0.43,0.62,2024-09-17,0319,N20,VIIRS,h,2,299.58,16.53,N,0
40.85849,-7.89322,349.6,0.43,0.62,2024-09-17,0319,N20,VIIRS,n,2,292.65,16.53,N,0
40.86916,-7.92996,310.43,0.43,0.62,2024-09-17,0319,N20,VIIRS,n,2,287.71,10.87,N,0
40.86654,-7.92093,318.57,0.43,0.62,2024-09-17,0319,N20,VIIRS,n,2,290.91,12.92,N,0
40.86504,-7.91578,303.62,0.43,0.62,2024-09-17,0319,N20,VIIRS,n,2,288.72,4.38,N,0
40.86365,-7.911,302.32,0.43,0.62,2024-09-17,0319,N20,VIIRS,n,2,287.79,4.38,N,0
40.86242,-7.90676,303.42,0.43,0.62,2024-09-17,0319,N20,VIIRS,n,2,287.8,5.7,N,0
40.8612,-7.90256,318.4,0.43,0.62,2024-09-17,0319,N20,VIIRS,n,2,288.58,5.7,N,0
40.85706,-7.8883,303.58,0.43,0.62,2024-09-17,0319,N20,VIIRS,n,2,287.23,13.82,N,0
40.85462,-7.87993,304.06,0.43,0.62,2024-09-17,0319,N20,VIIRS,n,2,286.4,28.16,N,0
40.85335,-7.87556,301.11,0.43,0.62,2024-09-17,0319,N20,VIIRS,n,2,285.49,28.16,N,0
40.88637,-7.89679,339.13,0.43,0.62,2024-09-17,0319,N20,VIIRS,n,2,286.45,14.94,N,0
40.88511,-7.89232,367,0.43,0.62,2024-09-17,0319,N20,VIIRS,h,2,292.98,16.87,N,0
40.88379,-7.88765,343.91,0.43,0.62,2024-09-17,0319,N20,VIIRS,n,2,303.84,16.87,N,0
40.86963,-7.83766,367,0.43,0.62,2024-09-17,0319,N20,VIIRS,h,2,303.98,25.32,N,0
40.88239,-7.8827,314.39,0.43,0.62,2024-09-17,0319,N20,VIIRS,n,2,291.27,3.48,N,0
40.88102,-7.87788,307.5,0.43,0.62,2024-09-17,0319,N20,VIIRS,n,2,289.77,3.48,N,0
40.87971,-7.87326,304.42,0.43,0.62,2024-09-17,0319,N20,VIIRS,n,2,289.88,1.88,N,0
40.87837,-7.8685,302.96,0.43,0.62,2024-09-17,0319,N20,VIIRS,n,2,288.62,1.88,N,0
40.87703,-7.86378,304.57,0.43,0.62,2024-09-17,0319,N20,VIIRS,n,2,290.28,2.38,N,0
40.87083,-7.84189,315.17,0.43,0.62,2024-09-17,0319,N20,VIIRS,n,2,288.88,20.29,N,0
40.8684,-7.83332,315.49,0.43,0.62,2024-09-17,0319,N20,VIIRS,n,2,287.36,25.32,N,0
40.88128,-7.90035,367,0.43,0.62,2024-09-17,0319,N20,VIIRS,h,2,294.21,14.94,N,0
40.86533,-7.84411,367,0.43,0.62,2024-09-17,0319,N20,VIIRS,h,2,300.07,20.29,N,0
40.86411,-7.8398,338.73,0.43,0.62,2024-09-17,0319,N20,VIIRS,n,2,301.55,25.32,N,0
40.88003,-7.89596,313.03,0.43,0.62,2024-09-17,0319,N20,VIIRS,n,2,287.6,16.87,N,0
40.87864,-7.89106,313.36,0.43,0.62,2024-09-17,0319,N20,VIIRS,n,2,288.53,16.87,N,0
40.87723,-7.88606,310.19,0.43,0.62,2024-09-17,0319,N20,VIIRS,n,2,289.31,3.48,N,0
40.87585,-7.8812,309.47,0.43,0.62,2024-09-17,0319,N20,VIIRS,n,2,289.95,3.48,N,0
40.87453,-7.87655,314.49,0.43,0.62,2024-09-17,0319,N20,VIIRS,n,2,291.6,1.88,N,0
40.8677,-7.85245,303.21,0.43,0.62,2024-09-17,0319,N20,VIIRS,n,2,288.34,2.39,N,0
40.86652,-7.84829,315.01,0.43,0.62,2024-09-17,0319,N20,VIIRS,n,2,288.36,20.29,N,0
40.86283,-7.83529,301.68,0.43,0.62,2024-09-17,0319,N20,VIIRS,n,2,286.75,25.32,N,0
40.87732,-7.90793,367,0.43,0.62,2024-09-17,0319,N20,VIIRS,h,2,296.47,23.48,N,0
40.87599,-7.90325,338.53,0.43,0.62,2024-09-17,0319,N20,VIIRS,n,2,302.29,23.48,N,0
40.86374,-7.86003,325.68,0.43,0.62,2024-09-17,0319,N20,VIIRS,n,2,289.53,35.53,N,0
40.86243,-7.85545,354.37,0.43,0.62,2024-09-17,0319,N20,VIIRS,n,2,301.97,35.53,N,0
40.86115,-7.85093,345.04,0.43,0.62,2024-09-17,0319,N20,VIIRS,n,2,298.75,36.58,N,0
40.85986,-7.84638,345.31,0.43,0.62,2024-09-17,0319,N20,VIIRS,n,2,295.04,36.58,N,0
40.87869,-7.91278,299.36,0.43,0.62,2024-09-17,0319,N20,VIIRS,n,2,286.77,13.24,N,0
40.87473,-7.8988,318.56,0.43,0.62,2024-09-17,0319,N20,VIIRS,n,2,288.88,5.01,N,0
40.87345,-7.8943,312.64,0.43,0.62,2024-09-17,0319,N20,VIIRS,n,2,288.88,5.01,N,0
40.87216,-7.88975,308.54,0.43,0.62,2024-09-17,0319,N20,VIIRS,n,2,288.08,2.83,N,0
40.87083,-7.88506,304.46,0.43,0.62,2024-09-17,0319,N20,VIIRS,n,2,287.33,2.83,N,0
40.86806,-7.87529,304.19,0.43,0.62,2024-09-17,0319,N20,VIIRS,n,2,288.58,6.83,N,0
40.8667,-7.8705,308.74,0.43,0.62,2024-09-17,0319,N20,VIIRS,n,2,288.78,10.69,N,0
40.86517,-7.8651,307.19,0.43,0.62,2024-09-17,0319,N20,VIIRS,n,2,288.98,10.69,N,0
40.87471,-7.92025,348.19,0.43,0.62,2024-09-17,0319,N20,VIIRS,n,2,288.02,13.24,N,0
40.87332,-7.91535,367,0.43,0.62,2024-09-17,0319,N20,VIIRS,h,2,297.35,13.24,N,0
40.87191,-7.9104,335.13,0.43,0.62,2024-09-17,0319,N20,VIIRS,n,2,291.92,23.48,N,0
40.86685,-7.89257,354.06,0.43,0.62,2024-09-17,0319,N20,VIIRS,n,2,288.02,2.83,N,0
40.8628,-7.87833,329.4,0.43,0.62,2024-09-17,0319,N20,VIIRS,n,2,287.63,6.83,N,0
40.86149,-7.87367,367,0.43,0.62,2024-09-17,0319,N20,VIIRS,h,2,296.6,10.69,N,0
40.86005,-7.86861,332.48,0.43,0.62,2024-09-17,0319,N20,VIIRS,n,2,289.66,10.69,N,0
40.85846,-7.86303,367,0.43,0.62,2024-09-17,0319,N20,VIIRS,h,2,291.87,35.53,N,0
40.85704,-7.85802,334.69,0.43,0.62,2024-09-17,0319,N20,VIIRS,n,2,297.44,35.53,N,0
40.87061,-7.9058,311.21,0.43,0.62,2024-09-17,0319,N20,VIIRS,n,2,288.99,23.48,N,0
40.86812,-7.89704,307.65,0.43,0.62,2024-09-17,0319,N20,VIIRS,n,2,286.41,5.01,N,0
40.86552,-7.88787,305.57,0.43,0.62,2024-09-17,0319,N20,VIIRS,n,2,287.29,2.83,N,0
40.85569,-7.85329,301.59,0.43,0.62,2024-09-17,0319,N20,VIIRS,n,2,286.46,36.58,N,0
40.87057,-7.92718,326.24,0.43,0.62,2024-09-17,0319,N20,VIIRS,n,2,287.41,10.46,N,0
40.86935,-7.92285,353.3,0.43,0.62,2024-09-17,0319,N20,VIIRS,n,2,302.3,8.36,N,0
40.86797,-7.91799,320.42,0.43,0.62,2024-09-17,0319,N20,VIIRS,n,2,290.65,8.36,N,0
40.86149,-7.8952,367,0.43,0.62,2024-09-17,0319,N20,VIIRS,h,2,296.82,50.63,N,0
40.8601,-7.89032,321.83,0.43,0.62,2024-09-17,0319,N20,VIIRS,n,2,289.06,50.63,N,0
40.8563,-7.87694,345.4,0.43,0.62,2024-09-17,0319,N20,VIIRS,n,2,302.39,32.95,N,0
40.85498,-7.87232,320.83,0.43,0.62,2024-09-17,0319,N20,VIIRS,n,2,286.7,32.95,N,0
40.86651,-7.91287,304,0.43,0.62,2024-09-17,0319,N20,VIIRS,n,2,288.26,1.47,N,0
40.86522,-7.90832,299.93,0.43,0.62,2024-09-17,0319,N20,VIIRS,n,2,287.51,1.47,N,0
40.86401,-7.90408,300,0.43,0.62,2024-09-17,0319,N20,VIIRS,n,2,287.39,31,N,0
40.86279,-7.89977,314.59,0.43,0.62,2024-09-17,0319,N20,VIIRS,n,2,288.41,31,N,0
40.85752,-7.88126,317.27,0.43,0.62,2024-09-17,0319,N20,VIIRS,n,2,286.6,10.13,N,0
40.8534,-7.86678,301.5,0.43,0.62,2024-09-17,0319,N20,VIIRS,n,2,285.6,1.31,N,0
40.86516,-7.92959,346.97,0.43,0.62,2024-09-17,0319,N20,VIIRS,n,2,291.86,10.46,N,0
40.86388,-7.9251,328.56,0.43,0.62,2024-09-17,0319,N20,VIIRS,n,2,293.74,8.36,N,0
40.85744,-7.90246,367,0.43,0.62,2024-09-17,0319,N20,VIIRS,h,2,298.45,31,N,0
40.85461,-7.89249,322.78,0.43,0.62,2024-09-17,0319,N20,VIIRS,n,2,288.7,50.63,N,0
40.86255,-7.92042,313.15,0.43,0.62,2024-09-17,0319,N20,VIIRS,n,2,290.38,8.36,N,0
40.86111,-7.91537,311.85,0.43,0.62,2024-09-17,0319,N20,VIIRS,n,2,289.44,1.47,N,0
40.85981,-7.91079,312.34,0.43,0.62,2024-09-17,0319,N20,VIIRS,n,2,289.17,1.47,N,0
40.85866,-7.90673,319.22,0.43,0.62,2024-09-17,0319,N20,VIIRS,n,2,289.35,31,N,0
40.85325,-7.88773,306.8,0.43,0.62,2024-09-17,0319,N20,VIIRS,n,2,287.42,10.13,N,0
40.85208,-7.88363,298.15,0.43,0.62,2024-09-17,0319,N20,VIIRS,n,2,286.33,10.13,N,0
40.86118,-7.93705,336.08,0.43,0.62,2024-09-17,0319,N20,VIIRS,n,2,289.11,5.59,N,0
40.85975,-7.93205,334.23,0.43,0.62,2024-09-17,0319,N20,VIIRS,n,2,293.97,5.59,N,0
40.8584,-7.92729,344.15,0.43,0.62,2024-09-17,0319,N20,VIIRS,n,2,297.39,5.94,N,0
40.85707,-7.92261,324.96,0.43,0.62,2024-09-17,0319,N20,VIIRS,n,2,294.54,5.94,N,0
40.85572,-7.91785,323.65,0.43,0.62,2024-09-17,0319,N20,VIIRS,n,2,290.96,3.84,N,0
40.85446,-7.91345,325.98,0.43,0.62,2024-09-17,0319,N20,VIIRS,n,2,291.14,3.84,N,0
40.85328,-7.9093,367,0.43,0.62,2024-09-17,0319,N20,VIIRS,h,2,292.59,72.27,N,0
40.85064,-7.90002,331.42,0.43,0.62,2024-09-17,0319,N20,VIIRS,n,2,290.37,27.85,N,0
40.84915,-7.89481,306.53,0.43,0.62,2024-09-17,0319,N20,VIIRS,n,2,287.28,27.85,N,0
40.85429,-7.93429,325.04,0.43,0.62,2024-09-17,0319,N20,VIIRS,n,2,290.93,5.59,N,0
40.85292,-7.92948,349.76,0.43,0.62,2024-09-17,0319,N20,VIIRS,n,2,297.79,5.94,N,0
40.85157,-7.92474,326.51,0.43,0.62,2024-09-17,0319,N20,VIIRS,n,2,292.62,5.94,N,0
40.85028,-7.92019,319.58,0.43,0.62,2024-09-17,0319,N20,VIIRS,n,2,290.09,3.84,N,0
40.84908,-7.91599,314.19,0.43,0.62,2024-09-17,0319,N20,VIIRS,n,2,288.89,3.84,N,0
40.84789,-7.91183,307.52,0.43,0.62,2024-09-17,0319,N20,VIIRS,n,2,288.49,72.27,N,0
40.8466,-7.90729,301.53,0.43,0.62,2024-09-17,0319,N20,VIIRS,n,2,288.01,72.27,N,0
40.85494,-7.95799,324.46,0.43,0.62,2024-09-17,0319,N20,VIIRS,n,2,287.36,25.18,N,0
40.85354,-7.95309,367,0.43,0.62,2024-09-17,0319,N20,VIIRS,h,2,296.96,28.95,N,0
40.85198,-7.9476,367,0.43,0.62,2024-09-17,0319,N20,VIIRS,h,2,300.76,28.95,N,0
40.84746,-7.93172,348.48,0.43,0.62,2024-09-17,0319,N20,VIIRS,n,2,291.07,16.98,N,0
40.84368,-7.91849,325.51,0.43,0.62,2024-09-17,0319,N20,VIIRS,n,2,290.33,52.78,N,0
40.84249,-7.91431,367,0.43,0.62,2024-09-17,0319,N20,VIIRS,h,2,294.33,16.21,N,0
40.84116,-7.90968,341.94,0.43,0.62,2024-09-17,0319,N20,VIIRS,n,2,291,16.21,N,0
40.85038,-7.94196,313.31,0.43,0.62,2024-09-17,0319,N20,VIIRS,n,2,289.77,5.36,N,0
40.84884,-7.93659,300.76,0.43,0.62,2024-09-17,0319,N20,VIIRS,n,2,288.34,5.36,N,0
40.84485,-7.92259,311.62,0.43,0.62,2024-09-17,0319,N20,VIIRS,n,2,288.55,52.78,N,0
40.85092,-7.96526,367,0.43,0.62,2024-09-17,0319,N20,VIIRS,h,2,288.25,25.18,N,0
40.84963,-7.96075,344.46,0.43,0.62,2024-09-17,0319,N20,VIIRS,n,2,314.17,25.18,N,0
40.84823,-7.95585,353.02,0.43,0.62,2024-09-17,0319,N20,VIIRS,n,2,316.77,28.95,N,0
40.84666,-7.95034,352.04,0.43,0.62,2024-09-17,0319,N20,VIIRS,n,2,311.37,28.95,N,0
40.84091,-7.93017,330.05,0.43,0.62,2024-09-17,0319,N20,VIIRS,n,2,288.9,16.98,N,0
40.83969,-7.92591,342.29,0.43,0.62,2024-09-17,0319,N20,VIIRS,n,2,314.57,52.78,N,0
40.83844,-7.92155,325.9,0.43,0.62,2024-09-17,0319,N20,VIIRS,n,2,311.72,52.78,N,0
40.83715,-7.91701,348.15,0.43,0.62,2024-09-17,0319,N20,VIIRS,n,2,294.84,16.21,N,0
40.845,-7.9445,315.18,0.43,0.62,2024-09-17,0319,N20,VIIRS,n,2,290.61,5.36,N,0
40.8435,-7.93925,303.36,0.43,0.62,2024-09-17,0319,N20,VIIRS,n,2,288.44,5.36,N,0
40.84214,-7.9345,305.23,0.43,0.62,2024-09-17,0319,N20,VIIRS,n,2,288.58,16.98,N,0
40.83577,-7.91217,303.84,0.43,0.62,2024-09-17,0319,N20,VIIRS,n,2,288.02,16.21,N,0
40.84554,-7.96779,367,0.43,0.62,2024-09-17,0319,N20,VIIRS,h,2,293.14,104.48,N,0
40.84294,-7.95866,328.55,0.43,0.62,2024-09-17,0319,N20,VIIRS,n,2,310.25,32.42,N,0
40.84135,-7.95311,322.67,0.43,0.62,2024-09-17,0319,N20,VIIRS,n,2,289.34,32.42,N,0
40.83558,-7.93291,329.71,0.43,0.62,2024-09-17,0319,N20,VIIRS,n,2,288.43,21.61,N,0
40.83435,-7.92861,330.99,0.43,0.62,2024-09-17,0319,N20,VIIRS,n,2,302.79,60.79,N,0
40.8331,-7.92422,351.61,0.43,0.62,2024-09-17,0319,N20,VIIRS,n,2,292.58,60.79,N,0
40.84675,-7.972,306.43,0.43,0.62,2024-09-17,0319,N20,VIIRS,n,2,288.29,19.17,N,0
40.8397,-7.94731,304.96,0.43,0.62,2024-09-17,0319,N20,VIIRS,n,2,287.89,7.11,N,0
40.83679,-7.93714,301.42,0.43,0.62,2024-09-17,0319,N20,VIIRS,n,2,288.18,21.61,N,0
40.83179,-7.91967,308,0.43,0.62,2024-09-17,0319,N20,VIIRS,n,2,287.31,8.18,N,0
40.84139,-7.97459,367,0.43,0.62,2024-09-17,0319,N20,VIIRS,h,2,290.81,19.17,N,0
40.84021,-7.97043,351.09,0.43,0.62,2024-09-17,0319,N20,VIIRS,n,2,294.24,104.48,N,0
40.83896,-7.9661,347.57,0.43,0.62,2024-09-17,0319,N20,VIIRS,n,2,294.49,104.48,N,0
40.83759,-7.96129,319.5,0.43,0.62,2024-09-17,0319,N20,VIIRS,n,2,288.92,32.42,N,0
40.83601,-7.95575,299.53,0.43,0.62,2024-09-17,0319,N20,VIIRS,n,2,288.05,32.42,N,0
40.71048,-7.67048,330.61,0.45,0.63,2024-09-17,0319,N20,VIIRS,n,2,287.75,2.79,N,0
40.70907,-7.66562,332.16,0.45,0.63,2024-09-17,0319,N20,VIIRS,n,2,290.39,4.64,N,0
40.7077,-7.66092,333.28,0.45,0.63,2024-09-17,0319,N20,VIIRS,n,2,289.93,4.64,N,0
40.70638,-7.67772,326.74,0.45,0.63,2024-09-17,0319,N20,VIIRS,n,2,288.63,2.79,N,0
40.70501,-7.673,300.52,0.45,0.63,2024-09-17,0319,N20,VIIRS,n,2,287.45,2.79,N,0
40.67119,-7.60011,307.62,0.45,0.63,2024-09-17,0319,N20,VIIRS,n,2,285.86,1.51,N,0
40.66988,-7.59563,306.72,0.45,0.63,2024-09-17,0319,N20,VIIRS,n,2,285.98,2.09,N,0
40.66842,-7.59065,316.9,0.45,0.63,2024-09-17,0319,N20,VIIRS,n,2,286.53,2.09,N,0
40.68468,-7.66734,367,0.45,0.63,2024-09-17,0319,N20,VIIRS,h,2,290.72,7.91,N,0
40.68331,-7.66267,354.6,0.45,0.63,2024-09-17,0319,N20,VIIRS,n,2,290.32,7.91,N,0
40.68609,-7.67213,297.87,0.45,0.63,2024-09-17,0319,N20,VIIRS,n,2,286.04,3.97,N,0
40.68185,-7.65769,318.39,0.45,0.63,2024-09-17,0319,N20,VIIRS,n,2,287.63,6.14,N,0
40.66868,-7.61281,298.56,0.45,0.63,2024-09-17,0319,N20,VIIRS,n,2,285.29,6.12,N,0
40.69477,-7.72297,367,0.44,0.63,2024-09-17,0319,N20,VIIRS,h,2,294.75,16.04,N,0
40.69334,-7.71809,328.89,0.44,0.63,2024-09-17,0319,N20,VIIRS,n,2,292.93,9.14,N,0
40.67772,-7.66485,367,0.45,0.63,2024-09-17,0319,N20,VIIRS,h,2,292.86,7.91,N,0
40.6648,-7.62087,338.62,0.45,0.63,2024-09-17,0319,N20,VIIRS,n,2,288.31,6.12,N,0
40.66351,-7.61648,367,0.45,0.63,2024-09-17,0319,N20,VIIRS,h,2,292.74,6.12,N,0
40.67912,-7.66962,309.12,0.45,0.63,2024-09-17,0319,N20,VIIRS,n,2,287.17,7.91,N,0
40.67622,-7.65972,307.29,0.45,0.63,2024-09-17,0319,N20,VIIRS,n,2,287.3,6.14,N,0
40.66602,-7.62504,308.18,0.45,0.63,2024-09-17,0319,N20,VIIRS,n,2,285.01,2.87,N,0
40.66214,-7.61184,314.97,0.45,0.63,2024-09-17,0319,N20,VIIRS,n,2,288.22,6.71,N,0
40.70808,-7.66791,331.48,0.45,0.63,2024-09-17,0319,N20,VIIRS,n,2,289.57,2.39,N,0
40.70945,-7.67271,312.7,0.45,0.63,2024-09-17,0319,N20,VIIRS,n,2,288.45,2.39,N,0
40.70532,-7.67997,320.99,0.45,0.63,2024-09-17,0319,N20,VIIRS,n,2,287.96,2.82,N,0
40.70395,-7.67515,304.81,0.45,0.63,2024-09-17,0319,N20,VIIRS,n,2,287.05,2.39,N,0
40.67307,-7.58909,310.17,0.45,0.63,2024-09-17,0319,N20,VIIRS,n,2,286.27,1.55,N,0
40.6693,-7.59768,298.82,0.45,0.63,2024-09-17,0319,N20,VIIRS,n,2,286.01,2.45,N,0
40.66794,-7.59294,318.97,0.45,0.63,2024-09-17,0319,N20,VIIRS,n,2,285.93,1.55,N,0
40.69764,-7.71809,339.17,0.44,0.63,2024-09-17,0319,N20,VIIRS,n,2,292.51,6.76,N,0
40.68369,-7.66947,339.69,0.45,0.63,2024-09-17,0319,N20,VIIRS,n,2,287.82,6.14,N,0
40.68237,-7.66483,355.93,0.45,0.63,2024-09-17,0319,N20,VIIRS,n,2,292.39,9.77,N,0
40.68097,-7.65997,367,0.45,0.63,2024-09-17,0319,N20,VIIRS,h,2,292.6,9.77,N,0
40.66805,-7.615,340.96,0.45,0.63,2024-09-17,0319,N20,VIIRS,n,2,285.75,4.78,N,0
40.66673,-7.6104,328.3,0.45,0.63,2024-09-17,0319,N20,VIIRS,n,2,287.67,4.78,N,0
40.69353,-7.72537,352.47,0.44,0.63,2024-09-17,0319,N20,VIIRS,n,2,288.67,6.76,N,0
40.69214,-7.72052,332.53,0.44,0.63,2024-09-17,0319,N20,VIIRS,n,2,291.67,6.76,N,0
40.67673,-7.66683,367,0.45,0.63,2024-09-17,0319,N20,VIIRS,h,2,292.21,9.77,N,0
40.6753,-7.66185,328.47,0.45,0.63,2024-09-17,0319,N20,VIIRS,n,2,288.66,9.77,N,0
40.66411,-7.62295,337.33,0.45,0.63,2024-09-17,0319,N20,VIIRS,n,2,288.05,7.65,N,0
40.66285,-7.6186,345.91,0.45,0.63,2024-09-17,0319,N20,VIIRS,n,2,289.92,4.78,N,0
40.67968,-7.6771,299.58,0.45,0.63,2024-09-17,0319,N20,VIIRS,n,2,286.98,6.14,N,0
40.66152,-7.61398,306.61,0.45,0.63,2024-09-17,0319,N20,VIIRS,n,2,287.53,4.78,N,0
40.67098,-7.66846,367,0.45,0.63,2024-09-17,0319,N20,VIIRS,h,2,292.87,11.89,N,0
40.66011,-7.63071,347.35,0.45,0.63,2024-09-17,0319,N20,VIIRS,n,2,290.91,6.12,N,0
40.68941,-7.73261,308.21,0.44,0.63,2024-09-17,0319,N20,VIIRS,n,2,285.93,1.92,N,0
40.68797,-7.72756,306.12,0.44,0.63,2024-09-17,0319,N20,VIIRS,n,2,288.56,1.68,N,0
40.67554,-7.6843,304.82,0.45,0.63,2024-09-17,0319,N20,VIIRS,n,2,285.26,1.03,N,0
40.674,-7.67897,302.08,0.45,0.63,2024-09-17,0319,N20,VIIRS,n,2,288,2.62,N,0
40.67246,-7.6736,313.35,0.45,0.63,2024-09-17,0319,N20,VIIRS,n,2,288.57,2.62,N,0
40.68243,-7.72986,302.54,0.44,0.63,2024-09-17,0319,N20,VIIRS,n,2,288.65,1.68,N,0
40.66985,-7.68612,300.48,0.45,0.63,2024-09-17,0319,N20,VIIRS,n,2,284.88,1.03,N,0
40.6684,-7.68107,313.12,0.45,0.63,2024-09-17,0319,N20,VIIRS,n,2,286.76,2.62,N,0
40.66695,-7.67604,316.32,0.45,0.63,2024-09-17,0319,N20,VIIRS,n,2,287.23,2.62,N,0
40.66573,-7.69335,345.31,0.45,0.63,2024-09-17,0319,N20,VIIRS,n,2,287.69,10.14,N,0
40.66872,-7.70377,302.79,0.45,0.63,2024-09-17,0319,N20,VIIRS,n,2,284.45,6.53,N,0
40.66721,-7.69849,314.37,0.45,0.63,2024-09-17,0319,N20,VIIRS,n,2,284.5,6.53,N,0
40.66309,-7.70577,349.68,0.45,0.63,2024-09-17,0319,N20,VIIRS,n,2,287.82,6.53,N,0
40.66165,-7.70074,367,0.45,0.63,2024-09-17,0319,N20,VIIRS,h,2,290.03,6.53,N,0
40.66468,-7.71126,318.47,0.45,0.63,2024-09-17,0319,N20,VIIRS,n,2,285.85,4.71,N,0
40.64212,-7.63313,299.22,0.45,0.63,2024-09-17,0319,N20,VIIRS,n,2,285.37,0.28,N,0
40.638,-7.64042,330.2,0.45,0.63,2024-09-17,0319,N20,VIIRS,n,2,287.44,16.54,N,0
40.63663,-7.63569,353.55,0.45,0.63,2024-09-17,0319,N20,VIIRS,n,2,295.74,16.54,N,0
40.65915,-7.71361,296.22,0.45,0.63,2024-09-17,0319,N20,VIIRS,n,2,284.11,0.77,N,0
40.63274,-7.64379,367,0.45,0.63,2024-09-17,0319,N20,VIIRS,h,2,302.22,16.54,N,0
40.63139,-7.63913,350.99,0.45,0.63,2024-09-17,0319,N20,VIIRS,n,2,292.22,16.54,N,0
40.65657,-7.72615,302.4,0.45,0.63,2024-09-17,0319,N20,VIIRS,n,2,284.94,0.63,N,0
40.63827,-7.66289,300.26,0.45,0.63,2024-09-17,0319,N20,VIIRS,n,2,285.73,1.03,N,0
40.63411,-7.64853,306.47,0.45,0.63,2024-09-17,0319,N20,VIIRS,n,2,287.26,10.65,N,0
40.63034,-7.657,340.93,0.45,0.63,2024-09-17,0319,N20,VIIRS,n,2,289.7,36.93,N,0
40.62901,-7.6524,367,0.45,0.63,2024-09-17,0319,N20,VIIRS,h,2,297.95,36.93,N,0
40.62755,-7.64738,350.77,0.45,0.63,2024-09-17,0319,N20,VIIRS,n,2,317.94,73.28,N,0
40.62613,-7.64248,344.07,0.45,0.63,2024-09-17,0319,N20,VIIRS,n,2,292.77,73.28,N,0
40.62625,-7.66438,323.23,0.45,0.63,2024-09-17,0319,N20,VIIRS,n,2,288.34,18.54,N,0
40.6249,-7.65976,355.31,0.45,0.63,2024-09-17,0319,N20,VIIRS,n,2,315.98,36.93,N,0
40.62353,-7.65501,367,0.45,0.63,2024-09-17,0319,N20,VIIRS,h,2,300.3,36.93,N,0
40.62213,-7.6502,327.83,0.45,0.63,2024-09-17,0319,N20,VIIRS,n,2,289.63,73.28,N,0
40.63174,-7.68332,308.3,0.45,0.63,2024-09-17,0319,N20,VIIRS,n,2,287.19,2.01,N,0
40.6303,-7.67835,303.24,0.45,0.63,2024-09-17,0319,N20,VIIRS,n,2,287.06,1.94,N,0
40.62918,-7.69591,344.51,0.45,0.63,2024-09-17,0319,N20,VIIRS,n,2,292.12,2.76,N,0
40.62776,-7.69103,330.08,0.45,0.63,2024-09-17,0319,N20,VIIRS,n,2,288.83,7.68,N,0
40.62223,-7.67199,335.24,0.45,0.63,2024-09-17,0319,N20,VIIRS,n,2,291.28,9.96,N,0
40.62087,-7.66731,367,0.45,0.63,2024-09-17,0319,N20,VIIRS,h,2,300.63,9.96,N,0
40.61946,-7.66245,355.64,0.45,0.63,2024-09-17,0319,N20,VIIRS,n,2,294.33,10.47,N,0
40.63063,-7.70091,304.26,0.45,0.63,2024-09-17,0319,N20,VIIRS,n,2,286.18,2.76,N,0
40.61803,-7.65754,299.82,0.45,0.63,2024-09-17,0319,N20,VIIRS,n,2,286.04,10.47,N,0
40.61813,-7.67931,321.54,0.45,0.63,2024-09-17,0319,N20,VIIRS,n,2,288.29,6.77,N,0
40.61677,-7.67464,342.87,0.45,0.63,2024-09-17,0319,N20,VIIRS,n,2,290.75,9.96,N,0
40.83755,-8.44506,311.49,0.41,0.6,2024-09-17,0319,N20,VIIRS,n,2,288.77,0.9,N,0
40.6252,-7.70365,303.32,0.45,0.63,2024-09-17,0319,N20,VIIRS,n,2,286.54,2.76,N,0
40.62374,-7.69862,308.89,0.45,0.63,2024-09-17,0319,N20,VIIRS,n,2,290.29,2.76,N,0
40.61541,-7.66995,302.77,0.45,0.63,2024-09-17,0319,N20,VIIRS,n,2,286.75,9.96,N,0
40.61695,-7.69666,304.69,0.45,0.63,2024-09-17,0319,N20,VIIRS,n,2,288.49,3.15,N,0
40.61169,-7.69995,343.65,0.45,0.63,2024-09-17,0319,N20,VIIRS,n,2,290.06,3.15,N,0
40.61579,-7.71405,301.1,0.45,0.63,2024-09-17,0319,N20,VIIRS,n,2,286.13,1.28,N,0
40.60662,-7.70393,367,0.45,0.63,2024-09-17,0319,N20,VIIRS,h,2,292.18,20.58,N,0
40.81176,-8.41712,301.42,0.41,0.6,2024-09-17,0319,N20,VIIRS,n,2,289.44,0.72,N,0
40.61201,-7.72241,299.89,0.45,0.63,2024-09-17,0319,N20,VIIRS,n,2,287.71,1.29,N,0
40.60791,-7.70834,313.71,0.45,0.63,2024-09-17,0319,N20,VIIRS,n,2,286.97,13.22,N,0
40.60267,-7.71172,367,0.45,0.63,2024-09-17,0319,N20,VIIRS,h,2,288.88,13.22,N,0
40.60135,-7.7072,339.09,0.45,0.63,2024-09-17,0319,N20,VIIRS,n,2,305.12,20.58,N,0
40.81015,-8.43247,319.82,0.41,0.6,2024-09-17,0319,N20,VIIRS,n,2,290.75,1.6,N,0
40.60673,-7.72561,310.51,0.45,0.63,2024-09-17,0319,N20,VIIRS,n,2,289.23,1.29,N,0
40.60535,-7.72089,313.53,0.45,0.63,2024-09-17,0319,N20,VIIRS,n,2,289.28,1.29,N,0
40.60398,-7.71622,303.75,0.45,0.63,2024-09-17,0319,N20,VIIRS,n,2,287.65,13.22,N,0
40.59991,-7.70225,304.79,0.45,0.63,2024-09-17,0319,N20,VIIRS,n,2,287.16,20.58,N,0
40.80408,-8.43207,324.93,0.41,0.6,2024-09-17,0319,N20,VIIRS,n,2,291.93,15.83,N,0
40.8029,-8.42792,353.83,0.41,0.6,2024-09-17,0319,N20,VIIRS,n,2,316.42,84.23,N,0
40.59853,-7.71883,367,0.45,0.63,2024-09-17,0319,N20,VIIRS,h,2,292.56,20.33,N,0
40.59723,-7.7144,348.72,0.45,0.63,2024-09-17,0319,N20,VIIRS,n,2,298.45,20.33,N,0
40.80509,-8.43567,302.97,0.41,0.6,2024-09-17,0319,N20,VIIRS,n,2,291.29,15.83,N,0
40.80033,-8.4189,307.57,0.41,0.6,2024-09-17,0319,N20,VIIRS,n,2,292.42,6.7,N,0
40.60263,-7.7329,299.39,0.45,0.63,2024-09-17,0319,N20,VIIRS,n,2,287.71,1.03,N,0
40.60123,-7.72807,299.69,0.45,0.63,2024-09-17,0319,N20,VIIRS,n,2,287.94,5.48,N,0
40.59986,-7.72339,312.88,0.45,0.63,2024-09-17,0319,N20,VIIRS,n,2,288.83,5.48,N,0
40.59591,-7.70987,313.58,0.45,0.63,2024-09-17,0319,N20,VIIRS,n,2,287.42,15.7,N,0
40.79738,-8.42953,367,0.41,0.6,2024-09-17,0319,N20,VIIRS,h,2,298.45,84.23,N,0
40.79602,-8.42474,350.04,0.41,0.6,2024-09-17,0319,N20,VIIRS,n,2,298.34,84.23,N,0
40.79264,-8.41285,349.28,0.41,0.6,2024-09-17,0319,N20,VIIRS,n,2,296.19,33.49,N,0
40.79161,-8.40924,355.82,0.41,0.6,2024-09-17,0319,N20,VIIRS,n,2,308.95,33.49,N,0
40.79057,-8.40559,340.72,0.41,0.61,2024-09-17,0319,N20,VIIRS,n,2,298.73,36.07,N,0
40.59299,-7.72118,367,0.45,0.63,2024-09-17,0319,N20,VIIRS,h,2,292.85,20.33,N,0
40.7987,-8.43417,306.14,0.41,0.6,2024-09-17,0319,N20,VIIRS,n,2,292.24,15.83,N,0
40.79475,-8.42029,317.44,0.41,0.6,2024-09-17,0319,N20,VIIRS,n,2,294.68,6.7,N,0
40.79368,-8.41651,319.56,0.41,0.6,2024-09-17,0319,N20,VIIRS,n,2,295.33,6.7,N,0
40.59431,-7.72568,312.34,0.45,0.63,2024-09-17,0319,N20,VIIRS,n,2,287.99,5.48,N,0
40.59169,-7.71672,304.75,0.45,0.63,2024-09-17,0319,N20,VIIRS,n,2,287.51,20.33,N,0
40.78732,-8.41518,338.15,0.41,0.6,2024-09-17,0319,N20,VIIRS,n,2,300.67,9.29,N,0
40.78627,-8.41149,367,0.41,0.6,2024-09-17,0319,N20,VIIRS,h,2,303.39,9.29,N,0
40.78945,-8.42264,308.42,0.41,0.6,2024-09-17,0319,N20,VIIRS,n,2,295.13,2.34,N,0
40.78837,-8.41884,316.02,0.41,0.6,2024-09-17,0319,N20,VIIRS,n,2,295.84,2.34,N,0
40.78513,-8.40748,319.07,0.41,0.61,2024-09-17,0319,N20,VIIRS,n,2,293.44,15.62,N,0
40.78291,-8.42063,320.56,0.41,0.6,2024-09-17,0319,N20,VIIRS,n,2,295.4,2.34,N,0
40.78179,-8.41673,338.19,0.41,0.6,2024-09-17,0319,N20,VIIRS,n,2,300.36,9.29,N,0
40.78403,-8.42461,310.76,0.41,0.6,2024-09-17,0319,N20,VIIRS,n,2,294.03,2.34,N,0
40.78064,-8.41271,311.63,0.41,0.6,2024-09-17,0319,N20,VIIRS,n,2,294.62,9.29,N,0
40.60512,-7.70527,367,0.45,0.63,2024-09-17,0319,N20,VIIRS,h,2,296.62,28.97,N,0
40.81002,-8.43334,315.04,0.41,0.6,2024-09-17,0319,N20,VIIRS,n,2,291.29,2.66,N,0
40.6104,-7.72376,299.3,0.45,0.63,2024-09-17,0319,N20,VIIRS,n,2,287.86,1.19,N,0
40.60638,-7.70967,304,0.45,0.63,2024-09-17,0319,N20,VIIRS,n,2,287.42,28.97,N,0
40.60367,-7.70019,303.81,0.45,0.63,2024-09-17,0319,N20,VIIRS,n,2,286.96,13.46,N,0
40.8028,-8.42881,367,0.41,0.6,2024-09-17,0319,N20,VIIRS,h,2,302.4,66.97,N,0
40.80027,-8.4197,321.01,0.41,0.6,2024-09-17,0319,N20,VIIRS,n,2,295.2,162.81,N,0
40.60106,-7.71281,367,0.45,0.63,2024-09-17,0319,N20,VIIRS,h,2,293.52,28.97,N,0
40.59977,-7.70827,342.59,0.45,0.63,2024-09-17,0319,N20,VIIRS,n,2,301.41,28.97,N,0
40.80709,-8.4442,305.31,0.41,0.6,2024-09-17,0319,N20,VIIRS,n,2,293.11,2.14,N,0
40.80392,-8.43282,309.49,0.41,0.6,2024-09-17,0319,N20,VIIRS,n,2,291.08,66.97,N,0
40.60644,-7.73163,297.26,0.45,0.63,2024-09-17,0319,N20,VIIRS,n,2,286.87,1.19,N,0
40.60505,-7.72675,313.64,0.45,0.63,2024-09-17,0319,N20,VIIRS,n,2,290.51,1.19,N,0
40.60371,-7.72206,319.23,0.45,0.63,2024-09-17,0319,N20,VIIRS,n,2,290.33,5.86,N,0
40.60237,-7.71738,309.6,0.45,0.63,2024-09-17,0319,N20,VIIRS,n,2,288.62,5.86,N,0
40.59838,-7.70343,307,0.45,0.63,2024-09-17,0319,N20,VIIRS,n,2,287.21,13.46,N,0
40.7973,-8.43044,367,0.41,0.6,2024-09-17,0319,N20,VIIRS,h,2,293.95,21.5,N,0
40.79597,-8.42563,346.13,0.41,0.6,2024-09-17,0319,N20,VIIRS,n,2,301.78,13.88,N,0
40.79261,-8.41356,337.44,0.41,0.6,2024-09-17,0319,N20,VIIRS,n,2,296.63,6.19,N,0
40.7916,-8.40995,367,0.41,0.61,2024-09-17,0319,N20,VIIRS,h,2,302.9,30.39,N,0
40.79058,-8.4063,321.13,0.41,0.61,2024-09-17,0319,N20,VIIRS,n,2,311.21,30.39,N,0
40.59686,-7.71981,367,0.45,0.63,2024-09-17,0319,N20,VIIRS,h,2,293.76,13.16,N,0
40.5956,-7.71542,345.61,0.45,0.63,2024-09-17,0319,N20,VIIRS,n,2,296.13,33.25,N,0
40.79471,-8.42112,313.09,0.41,0.6,2024-09-17,0319,N20,VIIRS,n,2,293.52,13.88,N,0
40.79364,-8.41724,316.08,0.41,0.6,2024-09-17,0319,N20,VIIRS,n,2,294.91,6.19,N,0
40.59816,-7.72437,304.86,0.45,0.63,2024-09-17,0319,N20,VIIRS,n,2,287.82,13.16,N,0
40.78729,-8.41588,334.63,0.41,0.6,2024-09-17,0319,N20,VIIRS,n,2,299.21,6.19,N,0
40.78627,-8.41223,367,0.41,0.61,2024-09-17,0319,N20,VIIRS,h,2,300.29,30.39,N,0
40.78516,-8.40823,353.81,0.41,0.61,2024-09-17,0319,N20,VIIRS,n,2,295.54,30.39,N,0
40.59133,-7.72219,367,0.45,0.63,2024-09-17,0319,N20,VIIRS,h,2,288.22,13.16,N,0
40.78832,-8.41958,312.94,0.41,0.6,2024-09-17,0319,N20,VIIRS,n,2,295.22,6.19,N,0
40.78178,-8.41749,333.1,0.41,0.6,2024-09-17,0319,N20,VIIRS,n,2,299.5,4.03,N,0
40.78066,-8.41349,327.12,0.41,0.61,2024-09-17,0319,N20,VIIRS,n,2,297.72,7.01,N,0
40.78288,-8.42143,317.54,0.41,0.6,2024-09-17,0319,N20,VIIRS,n,2,295.18,4.03,N,0
40.7775,-8.4235,325.46,0.41,0.6,2024-09-17,0319,N20,VIIRS,n,2,297.78,4.03,N,0
40.77634,-8.41935,340.05,0.41,0.6,2024-09-17,0319,N20,VIIRS,n,2,300.98,4.03,N,0
40.77866,-8.42766,316.27,0.41,0.6,2024-09-17,0319,N20,VIIRS,n,2,295.19,5.21,N,0
40.77223,-8.426,312.38,0.41,0.6,2024-09-17,0319,N20,VIIRS,n,2,295.48,2.02,N,0
40.74406,-8.34679,329.8,0.41,0.61,2024-09-17,0319,N20,VIIRS,n,2,290.07,2.8,N,0
40.74241,-8.34092,323.43,0.41,0.61,2024-09-17,0319,N20,VIIRS,n,2,291.72,2.8,N,0
40.76697,-8.42849,311.44,0.41,0.6,2024-09-17,0319,N20,VIIRS,n,2,295.63,2.02,N,0
40.76171,-8.43103,334.44,0.41,0.6,2024-09-17,0319,N20,VIIRS,n,2,297.2,6.48,N,0
40.74704,-8.37874,337.18,0.41,0.61,2024-09-17,0319,N20,VIIRS,n,2,293.84,5.3,N,0
40.74588,-8.37461,333.99,0.41,0.61,2024-09-17,0319,N20,VIIRS,n,2,294.79,5.3,N,0
40.74459,-8.37003,325.47,0.41,0.61,2024-09-17,0319,N20,VIIRS,n,2,293.18,4.19,N,0
40.76297,-8.43551,311.19,0.41,0.6,2024-09-17,0319,N20,VIIRS,n,2,295.62,5.94,N,0
40.76033,-8.42609,316.84,0.41,0.6,2024-09-17,0319,N20,VIIRS,n,2,294.37,6.48,N,0
40.74924,-8.38656,318.11,0.41,0.61,2024-09-17,0319,N20,VIIRS,n,2,291.86,3.23,N,0
40.74815,-8.38269,311.4,0.41,0.61,2024-09-17,0319,N20,VIIRS,n,2,292.23,3.23,N,0
40.73856,-8.34854,305.83,0.41,0.61,2024-09-17,0319,N20,VIIRS,n,2,291.67,1.21,N,0
40.73695,-8.34282,311.89,0.41,0.61,2024-09-17,0319,N20,VIIRS,n,2,292.88,1.21,N,0
40.76238,-8.45467,338.03,0.41,0.6,2024-09-17,0319,N20,VIIRS,n,2,296.04,7.62,N,0
40.76104,-8.44988,324.8,0.41,0.6,2024-09-17,0319,N20,VIIRS,n,2,295.03,3.88,N,0
40.75635,-8.43316,367,0.41,0.6,2024-09-17,0319,N20,VIIRS,h,2,301.48,6.48,N,0
40.75045,-8.41216,367,0.41,0.61,2024-09-17,0319,N20,VIIRS,h,2,298.65,10.53,N,0
40.74899,-8.40697,325.06,0.41,0.61,2024-09-17,0319,N20,VIIRS,n,2,293.61,11.16,N,0
40.74623,-8.39715,333.55,0.41,0.61,2024-09-17,0319,N20,VIIRS,n,2,293.03,6.22,N,0
40.74503,-8.39286,341.43,0.41,0.61,2024-09-17,0319,N20,VIIRS,n,2,297.09,6.22,N,0
40.74388,-8.38876,335.52,0.41,0.61,2024-09-17,0319,N20,VIIRS,n,2,295.91,3.23,N,0
40.74273,-8.3847,325.36,0.41,0.61,2024-09-17,0319,N20,VIIRS,n,2,296.87,3.23,N,0
40.74032,-8.37612,337.82,0.41,0.61,2024-09-17,0319,N20,VIIRS,n,2,290.83,5.3,N,0
40.76537,-8.46534,307.28,0.41,0.6,2024-09-17,0319,N20,VIIRS,n,2,294.14,3.36,N,0
40.75982,-8.44553,311.13,0.41,0.6,2024-09-17,0319,N20,VIIRS,n,2,295.03,3.88,N,0
40.75763,-8.43772,318.78,0.41,0.6,2024-09-17,0319,N20,VIIRS,n,2,296,5.94,N,0
40.75497,-8.42826,318.54,0.41,0.6,2024-09-17,0319,N20,VIIRS,n,2,294.94,6.48,N,0
40.75156,-8.4161,319.45,0.41,0.61,2024-09-17,0319,N20,VIIRS,n,2,292.31,10.53,N,0
40.73889,-8.37104,317.38,0.41,0.61,2024-09-17,0319,N20,VIIRS,n,2,291.31,4.19,N,0
40.76254,-8.47646,320.03,0.41,0.6,2024-09-17,0319,N20,VIIRS,n,2,292.85,9.02,N,0
40.76144,-8.47255,367,0.41,0.6,2024-09-17,0319,N20,VIIRS,h,2,309.01,6.93,N,0
40.76017,-8.46804,348.68,0.41,0.6,2024-09-17,0319,N20,VIIRS,n,2,301.43,6.93,N,0
40.75453,-8.44791,328.03,0.41,0.6,2024-09-17,0319,N20,VIIRS,n,2,295.73,2.57,N,0
40.75224,-8.43976,323.14,0.41,0.6,2024-09-17,0319,N20,VIIRS,n,2,297.44,4.08,N,0
40.75097,-8.43526,367,0.41,0.6,2024-09-17,0319,N20,VIIRS,h,2,299.61,120.84,N,0
40.74845,-8.42627,352.84,0.41,0.61,2024-09-17,0319,N20,VIIRS,n,2,304.61,68.27,N,0
40.74733,-8.42232,347.24,0.41,0.61,2024-09-17,0319,N20,VIIRS,n,2,311.53,68.27,N,0
40.74625,-8.41847,367,0.41,0.61,2024-09-17,0319,N20,VIIRS,h,2,326.55,39.67,N,0
40.74512,-8.41446,350.72,0.41,0.61,2024-09-17,0319,N20,VIIRS,n,2,309.92,39.67,N,0
40.74377,-8.40963,330.48,0.41,0.61,2024-09-17,0319,N20,VIIRS,n,2,296.5,10.56,N,0
40.74223,-8.40418,325.47,0.41,0.61,2024-09-17,0319,N20,VIIRS,n,2,294.42,10.56,N,0
40.74088,-8.39936,330.31,0.41,0.61,2024-09-17,0319,N20,VIIRS,n,2,298.11,4.2,N,0
40.73964,-8.39497,325.7,0.41,0.61,2024-09-17,0319,N20,VIIRS,n,2,298.41,4.2,N,0
40.73846,-8.39075,322.52,0.41,0.61,2024-09-17,0319,N20,VIIRS,n,2,296.95,4.15,N,0
40.75871,-8.46281,312.92,0.41,0.6,2024-09-17,0319,N20,VIIRS,n,2,294.55,2.94,N,0
40.75719,-8.45739,318.92,0.41,0.6,2024-09-17,0319,N20,VIIRS,n,2,297.35,2.94,N,0
40.75579,-8.45242,319.19,0.41,0.6,2024-09-17,0319,N20,VIIRS,n,2,296.32,2.57,N,0
40.75333,-8.44367,315.82,0.41,0.6,2024-09-17,0319,N20,VIIRS,n,2,296.77,4.08,N,0
40.73729,-8.38663,311.07,0.41,0.61,2024-09-17,0319,N20,VIIRS,n,2,292.95,4.15,N,0
40.7561,-8.47474,343.35,0.41,0.6,2024-09-17,0319,N20,VIIRS,n,2,294.52,6.93,N,0
40.75492,-8.47054,320.68,0.41,0.6,2024-09-17,0319,N20,VIIRS,n,2,296.98,6.93,N,0
40.75198,-8.46004,322.6,0.41,0.6,2024-09-17,0319,N20,VIIRS,n,2,296.94,2.94,N,0
40.74551,-8.43705,352.84,0.41,0.6,2024-09-17,0319,N20,VIIRS,n,2,299.99,120.84,N,0
40.74429,-8.43273,367,0.41,0.6,2024-09-17,0319,N20,VIIRS,h,2,311.06,120.84,N,0
40.74311,-8.42854,348.09,0.41,0.61,2024-09-17,0319,N20,VIIRS,n,2,317.6,68.27,N,0
40.74205,-8.42478,367,0.41,0.61,2024-09-17,0319,N20,VIIRS,h,2,309.73,68.27,N,0
40.74099,-8.42101,367,0.41,0.61,2024-09-17,0319,N20,VIIRS,h,2,307.12,39.67,N,0
40.73431,-8.39729,334.8,0.41,0.61,2024-09-17,0319,N20,VIIRS,n,2,298.4,4.2,N,0
40.73312,-8.39307,348.26,0.41,0.61,2024-09-17,0319,N20,VIIRS,n,2,300.45,4.15,N,0
40.72811,-8.37528,327,0.41,0.61,2024-09-17,0319,N20,VIIRS,n,2,292.93,2.91,N,0
40.75348,-8.46541,311.68,0.41,0.6,2024-09-17,0319,N20,VIIRS,n,2,295.18,2.94,N,0
40.75055,-8.45498,312.19,0.41,0.6,2024-09-17,0319,N20,VIIRS,n,2,296.74,2.57,N,0
40.7492,-8.45019,313.04,0.41,0.6,2024-09-17,0319,N20,VIIRS,n,2,296.29,2.57,N,0
40.74792,-8.44564,316.08,0.41,0.6,2024-09-17,0319,N20,VIIRS,n,2,297.09,4.08,N,0
40.74673,-8.4414,316.13,0.41,0.6,2024-09-17,0319,N20,VIIRS,n,2,296.15,4.08,N,0
40.73988,-8.41704,309.55,0.41,0.61,2024-09-17,0319,N20,VIIRS,n,2,293.51,39.67,N,0
40.73556,-8.4017,309.44,0.41,0.61,2024-09-17,0319,N20,VIIRS,n,2,293.15,4.2,N,0
40.72069,-8.34897,305.21,0.41,0.61,2024-09-17,0319,N20,VIIRS,n,2,292.17,2.05,N,0
40.71944,-8.34454,317.06,0.41,0.61,2024-09-17,0319,N20,VIIRS,n,2,292.93,1.85,N,0
40.74395,-8.45272,346.94,0.41,0.6,2024-09-17,0319,N20,VIIRS,n,2,295.59,3.98,N,0
40.74263,-8.44801,330.67,0.41,0.6,2024-09-17,0319,N20,VIIRS,n,2,294.9,4.49,N,0
40.74136,-8.44351,322.22,0.41,0.6,2024-09-17,0319,N20,VIIRS,n,2,296.53,4.49,N,0
40.74022,-8.43945,323.51,0.41,0.6,2024-09-17,0319,N20,VIIRS,n,2,298.66,3.73,N,0
40.73673,-8.42709,332.65,0.41,0.61,2024-09-17,0319,N20,VIIRS,n,2,296.4,1.99,N,0
40.72657,-8.39105,322.59,0.41,0.61,2024-09-17,0319,N20,VIIRS,n,2,294.42,3.41,N,0
40.72538,-8.38684,327.05,0.41,0.61,2024-09-17,0319,N20,VIIRS,n,2,295.35,2.78,N,0
40.71422,-8.34731,340.52,0.41,0.61,2024-09-17,0319,N20,VIIRS,n,2,295.58,6.02,N,0
40.55885,-7.80334,320.31,0.44,0.63,2024-09-17,0319,N20,VIIRS,n,2,287.79,3.35,N,0
40.75075,-8.4769,317.04,0.41,0.6,2024-09-17,0319,N20,VIIRS,n,2,295.4,4.09,N,0
40.74961,-8.47281,305.89,0.41,0.6,2024-09-17,0319,N20,VIIRS,n,2,293.41,4.09,N,0
40.74825,-8.46799,310.59,0.41,0.6,2024-09-17,0319,N20,VIIRS,n,2,293.49,2.25,N,0
40.74673,-8.4626,317.65,0.41,0.6,2024-09-17,0319,N20,VIIRS,n,2,295.45,2.25,N,0
40.7453,-8.45752,316.47,0.41,0.6,2024-09-17,0319,N20,VIIRS,n,2,294.45,3.98,N,0
40.73904,-8.43529,312.43,0.41,0.6,2024-09-17,0319,N20,VIIRS,n,2,295.77,3.73,N,0
40.73783,-8.431,312.46,0.41,0.61,2024-09-17,0319,N20,VIIRS,n,2,295.76,1.99,N,0
40.72894,-8.39946,311.06,0.41,0.61,2024-09-17,0319,N20,VIIRS,n,2,292.4,2.44,N,0
40.72777,-8.39528,317.67,0.41,0.61,2024-09-17,0319,N20,VIIRS,n,2,293.67,3.41,N,0
40.72282,-8.37776,306.17,0.41,0.61,2024-09-17,0319,N20,VIIRS,n,2,292.15,1.35,N,0
40.71677,-8.35633,304.62,0.41,0.61,2024-09-17,0319,N20,VIIRS,n,2,292.1,2.42,N,0
40.71544,-8.35161,315.3,0.41,0.61,2024-09-17,0319,N20,VIIRS,n,2,294.23,2.42,N,0
40.74907,-8.49207,320.45,0.41,0.6,2024-09-17,0319,N20,VIIRS,n,2,292.49,2.97,N,0
40.74662,-8.48338,342.09,0.41,0.6,2024-09-17,0319,N20,VIIRS,n,2,297.68,6.66,N,0
40.74543,-8.47913,367,0.41,0.6,2024-09-17,0319,N20,VIIRS,h,2,299.74,4.09,N,0
40.74144,-8.46496,320.11,0.41,0.6,2024-09-17,0319,N20,VIIRS,n,2,295.09,2.25,N,0
40.74002,-8.45995,322.19,0.41,0.6,2024-09-17,0319,N20,VIIRS,n,2,296.76,3.98,N,0
40.73876,-8.45547,323.08,0.41,0.6,2024-09-17,0319,N20,VIIRS,n,2,298.04,3.98,N,0
40.71012,-8.35404,320.41,0.41,0.61,2024-09-17,0319,N20,VIIRS,n,2,295.55,2.42,N,0
40.70902,-8.35012,347.29,0.41,0.61,2024-09-17,0319,N20,VIIRS,n,2,296.96,6.02,N,0
40.55773,-7.82092,367,0.44,0.63,2024-09-17,0319,N20,VIIRS,h,2,291.98,10.51,N,0
40.55624,-7.81576,367,0.44,0.63,2024-09-17,0319,N20,VIIRS,h,2,293.59,10.51,N,0
40.55478,-7.81071,322.83,0.44,0.63,2024-09-17,0319,N20,VIIRS,n,2,290.19,3.35,N,0
40.74784,-8.48771,312.23,0.41,0.6,2024-09-17,0319,N20,VIIRS,n,2,293.54,6.66,N,0
40.74423,-8.4749,311.64,0.41,0.6,2024-09-17,0319,N20,VIIRS,n,2,293.17,4.09,N,0
40.74295,-8.47036,316.52,0.41,0.6,2024-09-17,0319,N20,VIIRS,n,2,294.83,2.25,N,0
40.73605,-8.44585,315.05,0.41,0.6,2024-09-17,0319,N20,VIIRS,n,2,294.14,4.49,N,0
40.73252,-8.43332,309.94,0.41,0.61,2024-09-17,0319,N20,VIIRS,n,2,294.62,1.99,N,0
40.73137,-8.42924,309.04,0.41,0.61,2024-09-17,0319,N20,VIIRS,n,2,294.76,1.99,N,0
40.71997,-8.38885,310.38,0.41,0.61,2024-09-17,0319,N20,VIIRS,n,2,293.24,2.78,N,0
40.71138,-8.35849,309.06,0.41,0.61,2024-09-17,0319,N20,VIIRS,n,2,291.81,2.42,N,0
40.55919,-7.82597,314.62,0.44,0.63,2024-09-17,0319,N20,VIIRS,n,2,287.92,4.74,N,0
40.55334,-7.80575,302.89,0.44,0.63,2024-09-17,0319,N20,VIIRS,n,2,288.36,3.35,N,0
40.55188,-7.80067,297.83,0.44,0.63,2024-09-17,0319,N20,VIIRS,n,2,287.35,1.52,N,0
40.74133,-8.48571,326.25,0.41,0.6,2024-09-17,0319,N20,VIIRS,n,2,293.74,2.95,N,0
40.7401,-8.48139,327.98,0.41,0.6,2024-09-17,0319,N20,VIIRS,n,2,295.34,3.35,N,0
40.73888,-8.47705,328.51,0.41,0.6,2024-09-17,0319,N20,VIIRS,n,2,296.36,3.35,N,0
40.73763,-8.4726,322.42,0.41,0.6,2024-09-17,0319,N20,VIIRS,n,2,294.51,6.5,N,0
40.73618,-8.46744,342.94,0.41,0.6,2024-09-17,0319,N20,VIIRS,n,2,294.39,6.5,N,0
40.73474,-8.46237,348.45,0.41,0.6,2024-09-17,0319,N20,VIIRS,n,2,296.67,4.48,N,0
40.70487,-8.35668,347.44,0.41,0.61,2024-09-17,0319,N20,VIIRS,n,2,302,5.43,N,0
40.70377,-8.35281,342.43,0.41,0.61,2024-09-17,0319,N20,VIIRS,n,2,294.97,6.59,N,0
40.55525,-7.83375,328.64,0.44,0.63,2024-09-17,0319,N20,VIIRS,n,2,287.85,13.23,N,0
40.55378,-7.82866,353.53,0.44,0.63,2024-09-17,0319,N20,VIIRS,n,2,300.73,13.23,N,0
40.5523,-7.82354,346.92,0.44,0.63,2024-09-17,0319,N20,VIIRS,n,2,293.49,20.28,N,0
40.7438,-8.49452,312.74,0.41,0.6,2024-09-17,0319,N20,VIIRS,n,2,292.11,2.23,N,0
40.7335,-8.45795,310.16,0.41,0.6,2024-09-17,0319,N20,VIIRS,n,2,293.6,4.48,N,0
40.70609,-8.36098,318.73,0.41,0.61,2024-09-17,0319,N20,VIIRS,n,2,292.6,5.43,N,0
40.73854,-8.49695,325.78,0.41,0.6,2024-09-17,0319,N20,VIIRS,n,2,293.02,2.23,N,0
40.73729,-8.49253,321.84,0.41,0.6,2024-09-17,0319,N20,VIIRS,n,2,291.56,2.95,N,0
40.73359,-8.47942,320.94,0.41,0.6,2024-09-17,0319,N20,VIIRS,n,2,294.52,3.35,N,0
40.73229,-8.47482,332.43,0.41,0.6,2024-09-17,0319,N20,VIIRS,n,2,295.61,6.5,N,0
40.73092,-8.46994,367,0.41,0.6,2024-09-17,0319,N20,VIIRS,h,2,297.36,6.5,N,0
40.72947,-8.46481,332.16,0.41,0.6,2024-09-17,0319,N20,VIIRS,n,2,295.57,4.48,N,0
40.70507,-8.37858,323.87,0.41,0.61,2024-09-17,0319,N20,VIIRS,n,2,295.15,3.71,N,0
40.741,-8.50569,307.22,0.4,0.6,2024-09-17,0319,N20,VIIRS,n,2,290.56,1.35,N,0
40.73978,-8.50134,316.71,0.41,0.6,2024-09-17,0319,N20,VIIRS,n,2,291.39,2.23,N,0
40.73604,-8.4881,316.87,0.41,0.6,2024-09-17,0319,N20,VIIRS,n,2,291.42,2.95,N,0
40.73482,-8.48378,310.55,0.41,0.6,2024-09-17,0319,N20,VIIRS,n,2,292.16,3.35,N,0
40.72817,-8.46021,311.4,0.41,0.6,2024-09-17,0319,N20,VIIRS,n,2,292.43,4.48,N,0
40.7035,-8.37301,311.32,0.41,0.61,2024-09-17,0319,N20,VIIRS,n,2,292.66,3.04,N,0
40.54839,-7.83145,304.01,0.44,0.63,2024-09-17,0319,N20,VIIRS,n,2,288.35,13.23,N,0
40.7333,-8.49948,326.63,0.41,0.6,2024-09-17,0319,N20,VIIRS,n,2,292.53,5.23,N,0
40.73206,-8.4951,332.14,0.41,0.6,2024-09-17,0319,N20,VIIRS,n,2,294.87,5.47,N,0
40.73081,-8.49067,343.98,0.41,0.6,2024-09-17,0319,N20,VIIRS,n,2,293.96,5.47,N,0
40.72957,-8.48628,333.25,0.41,0.6,2024-09-17,0319,N20,VIIRS,n,2,295.93,3.57,N,0
40.72833,-8.48188,325.15,0.41,0.6,2024-09-17,0319,N20,VIIRS,n,2,294.84,3.57,N,0
40.72705,-8.47737,320.27,0.41,0.6,2024-09-17,0319,N20,VIIRS,n,2,293.63,2.97,N,0
40.72571,-8.47263,328.28,0.41,0.6,2024-09-17,0319,N20,VIIRS,n,2,294.18,2.97,N,0
40.72431,-8.46767,339.77,0.41,0.6,2024-09-17,0319,N20,VIIRS,n,2,296.15,3.63,N,0
40.72288,-8.46263,330.07,0.41,0.6,2024-09-17,0319,N20,VIIRS,n,2,293.91,3.63,N,0
40.73453,-8.50385,303.14,0.41,0.6,2024-09-17,0319,N20,VIIRS,n,2,290.91,5.23,N,0
40.72929,-8.50637,326.63,0.41,0.6,2024-09-17,0319,N20,VIIRS,n,2,290.05,5.23,N,0
40.72806,-8.502,367,0.41,0.6,2024-09-17,0319,N20,VIIRS,h,2,296.88,5.23,N,0
40.72682,-8.49761,342.73,0.41,0.6,2024-09-17,0319,N20,VIIRS,n,2,295.48,5.47,N,0
40.72431,-8.48876,339.3,0.41,0.6,2024-09-17,0319,N20,VIIRS,n,2,294.45,3.57,N,0
40.72051,-8.47532,327.89,0.41,0.6,2024-09-17,0319,N20,VIIRS,n,2,296.47,2.97,N,0
40.7354,-8.52801,318.21,0.4,0.6,2024-09-17,0319,N20,VIIRS,n,2,290.81,1.39,N,0
40.73052,-8.51072,302.05,0.4,0.6,2024-09-17,0319,N20,VIIRS,n,2,290.03,1.45,N,0
40.72557,-8.49319,312.61,0.41,0.6,2024-09-17,0319,N20,VIIRS,n,2,293.61,5.47,N,0
40.72307,-8.48435,305.81,0.41,0.6,2024-09-17,0319,N20,VIIRS,n,2,292.51,3.57,N,0
40.72181,-8.47993,305.17,0.41,0.6,2024-09-17,0319,N20,VIIRS,n,2,292.1,2.97,N,0
40.71915,-8.47052,307.62,0.41,0.6,2024-09-17,0319,N20,VIIRS,n,2,292.77,3.63,N,0
40.72529,-8.51327,329.01,0.4,0.6,2024-09-17,0319,N20,VIIRS,n,2,293.71,4.01,N,0
40.72281,-8.5045,340.81,0.41,0.6,2024-09-17,0319,N20,VIIRS,n,2,296.58,4.98,N,0
40.72156,-8.50009,327.64,0.41,0.6,2024-09-17,0319,N20,VIIRS,n,2,295.59,3.4,N,0
40.71779,-8.48678,320.49,0.41,0.6,2024-09-17,0319,N20,VIIRS,n,2,291.96,2.06,N,0
40.71525,-8.47782,321.99,0.41,0.6,2024-09-17,0319,N20,VIIRS,n,2,294.07,2.26,N,0
40.69047,-8.39048,323.3,0.41,0.61,2024-09-17,0319,N20,VIIRS,n,2,292.82,2.68,N,0
40.68916,-8.3859,330.14,0.41,0.61,2024-09-17,0319,N20,VIIRS,n,2,292.46,2.68,N,0
40.72652,-8.51762,319.98,0.4,0.6,2024-09-17,0319,N20,VIIRS,n,2,291.83,4.01,N,0
40.72405,-8.50889,318.66,0.41,0.6,2024-09-17,0319,N20,VIIRS,n,2,292.73,4.98,N,0
40.7203,-8.49565,314.15,0.41,0.6,2024-09-17,0319,N20,VIIRS,n,2,292.59,3.4,N,0
40.71905,-8.49122,310.25,0.41,0.6,2024-09-17,0319,N20,VIIRS,n,2,292.1,2.06,N,0
40.71653,-8.48233,314.06,0.41,0.6,2024-09-17,0319,N20,VIIRS,n,2,293.77,2.26,N,0
40.71394,-8.4732,306.93,0.41,0.6,2024-09-17,0319,N20,VIIRS,n,2,291.87,3.3,N,0
40.68792,-8.38154,305.16,0.41,0.61,2024-09-17,0319,N20,VIIRS,n,2,291.19,2.36,N,0
40.72128,-8.52014,367,0.4,0.6,2024-09-17,0319,N20,VIIRS,h,2,296.48,4.01,N,0
40.70997,-8.48023,321.43,0.41,0.6,2024-09-17,0319,N20,VIIRS,n,2,292.69,2.26,N,0
40.68391,-8.38852,325.5,0.41,0.61,2024-09-17,0319,N20,VIIRS,n,2,290.94,2.68,N,0
40.68267,-8.38416,321.9,0.41,0.61,2024-09-17,0319,N20,VIIRS,n,2,291.8,2.36,N,0
40.7225,-8.52445,304.77,0.4,0.6,2024-09-17,0319,N20,VIIRS,n,2,292.09,5.87,N,0
40.72005,-8.51579,319.31,0.4,0.6,2024-09-17,0319,N20,VIIRS,n,2,292.82,4.01,N,0
40.67995,-8.39567,333.45,0.41,0.61,2024-09-17,0319,N20,VIIRS,n,2,292.33,17.27,N,0
40.67869,-8.39126,367,0.41,0.61,2024-09-17,0319,N20,VIIRS,h,2,300.44,17.27,N,0
40.67745,-8.3869,354.34,0.41,0.61,2024-09-17,0319,N20,VIIRS,n,2,296.54,19.97,N,0
40.66302,-8.3363,326.13,0.42,0.61,2024-09-17,0319,N20,VIIRS,n,2,289.74,25.06,N,0
40.66172,-8.33176,367,0.42,0.61,2024-09-17,0319,N20,VIIRS,h,2,298.1,25.06,N,0
40.70193,-8.47293,308.83,0.41,0.6,2024-09-17,0319,N20,VIIRS,n,2,290.97,1.12,N,0
40.66926,-8.35816,305.06,0.41,0.61,2024-09-17,0319,N20,VIIRS,n,2,290.84,70.62,N,0
40.66809,-8.35405,314.51,0.41,0.61,2024-09-17,0319,N20,VIIRS,n,2,290.79,149.24,N,0
40.66673,-8.34928,302.54,0.41,0.61,2024-09-17,0319,N20,VIIRS,n,2,290.07,149.24,N,0
40.66033,-8.32687,305.54,0.42,0.61,2024-09-17,0319,N20,VIIRS,n,2,291.11,7.01,N,0
40.70706,-8.51199,321.34,0.41,0.6,2024-09-17,0319,N20,VIIRS,n,2,291.02,1.72,N,0
40.67472,-8.39839,320.98,0.41,0.61,2024-09-17,0319,N20,VIIRS,n,2,292.47,17.27,N,0
40.67349,-8.39404,367,0.41,0.61,2024-09-17,0319,N20,VIIRS,h,2,297.85,17.27,N,0
40.67228,-8.3898,337.93,0.41,0.61,2024-09-17,0319,N20,VIIRS,n,2,294.63,19.97,N,0
40.66617,-8.36839,367,0.41,0.61,2024-09-17,0319,N20,VIIRS,h,2,293.84,11.93,N,0
40.66502,-8.36436,352.59,0.41,0.61,2024-09-17,0319,N20,VIIRS,n,2,304.85,70.62,N,0
40.66388,-8.36038,347.32,0.41,0.61,2024-09-17,0319,N20,VIIRS,n,2,319,70.62,N,0
40.65996,-8.34666,367,0.41,0.61,2024-09-17,0319,N20,VIIRS,h,2,296.56,42.85,N,0
40.65878,-8.34251,354.1,0.41,0.61,2024-09-17,0319,N20,VIIRS,n,2,300.49,42.85,N,0
40.65762,-8.33845,347.24,0.42,0.61,2024-09-17,0319,N20,VIIRS,n,2,317.76,25.06,N,0
40.65633,-8.33395,352.47,0.42,0.61,2024-09-17,0319,N20,VIIRS,n,2,311.87,25.06,N,0
40.6686,-8.37691,304.76,0.41,0.61,2024-09-17,0319,N20,VIIRS,n,2,291.75,2.35,N,0
40.66736,-8.37256,314.63,0.41,0.61,2024-09-17,0319,N20,VIIRS,n,2,292.68,11.93,N,0
40.65482,-8.32867,319.44,0.42,0.61,2024-09-17,0319,N20,VIIRS,n,2,296.19,7.01,N,0
40.67331,-8.41444,329.61,0.41,0.61,2024-09-17,0319,N20,VIIRS,n,2,293.69,2.98,N,0
40.67077,-8.40554,333.83,0.41,0.61,2024-09-17,0319,N20,VIIRS,n,2,294.38,9.27,N,0
40.66949,-8.40107,367,0.41,0.61,2024-09-17,0319,N20,VIIRS,h,2,307.06,36.79,N,0
40.66822,-8.39659,328.71,0.41,0.61,2024-09-17,0319,N20,VIIRS,n,2,302.8,36.79,N,0
40.66453,-8.3837,367,0.41,0.61,2024-09-17,0319,N20,VIIRS,h,2,294.7,47.89,N,0
40.6633,-8.37937,330.64,0.41,0.61,2024-09-17,0319,N20,VIIRS,n,2,315.03,47.89,N,0
40.66208,-8.3751,347.77,0.41,0.61,2024-09-17,0319,N20,VIIRS,n,2,311.26,40.45,N,0
40.66089,-8.37095,350.02,0.41,0.61,2024-09-17,0319,N20,VIIRS,n,2,309.8,40.45,N,0
40.65973,-8.36689,353.45,0.41,0.61,2024-09-17,0319,N20,VIIRS,n,2,312.6,30.89,N,0
40.65854,-8.36273,350.31,0.41,0.61,2024-09-17,0319,N20,VIIRS,n,2,320.19,30.89,N,0
40.65725,-8.35822,348.17,0.41,0.61,2024-09-17,0319,N20,VIIRS,n,2,314.07,26.82,N,0
40.6558,-8.35316,356.54,0.41,0.61,2024-09-17,0319,N20,VIIRS,n,2,306.96,26.82,N,0
40.65451,-8.34866,353.96,0.41,0.61,2024-09-17,0319,N20,VIIRS,n,2,312.1,30.31,N,0
40.65331,-8.34445,367,0.41,0.61,2024-09-17,0319,N20,VIIRS,h,2,306.6,30.31,N,0
40.65213,-8.34032,367,0.42,0.61,2024-09-17,0319,N20,VIIRS,h,2,304.51,13.7,N,0
40.65076,-8.33554,367,0.42,0.61,2024-09-17,0319,N20,VIIRS,h,2,303.05,13.7,N,0
40.67457,-8.41887,311.23,0.41,0.61,2024-09-17,0319,N20,VIIRS,n,2,290.91,2.98,N,0
40.67205,-8.41004,307.16,0.41,0.61,2024-09-17,0319,N20,VIIRS,n,2,292.11,9.27,N,0
40.66699,-8.39231,309.97,0.41,0.61,2024-09-17,0319,N20,VIIRS,n,2,292.38,14.52,N,0
40.66578,-8.38805,310.95,0.41,0.61,2024-09-17,0319,N20,VIIRS,n,2,291.84,14.52,N,0
40.64911,-8.32979,308.84,0.42,0.61,2024-09-17,0319,N20,VIIRS,n,2,292.95,8.4,N,0
40.66933,-8.4215,350.09,0.41,0.61,2024-09-17,0319,N20,VIIRS,n,2,296.05,2.98,N,0
40.66677,-8.41252,321.16,0.41,0.61,2024-09-17,0319,N20,VIIRS,n,2,293.11,9.27,N,0
40.66549,-8.40803,349.11,0.41,0.61,2024-09-17,0319,N20,VIIRS,n,2,296.89,9.27,N,0
40.66421,-8.40357,367,0.41,0.61,2024-09-17,0319,N20,VIIRS,h,2,312.42,36.79,N,0
40.66294,-8.39912,346.18,0.41,0.61,2024-09-17,0319,N20,VIIRS,n,2,302.53,36.79,N,0
40.66168,-8.39473,335.32,0.41,0.61,2024-09-17,0319,N20,VIIRS,n,2,292.94,14.52,N,0
40.66045,-8.39042,367,0.41,0.61,2024-09-17,0319,N20,VIIRS,h,2,295.78,14.52,N,0
40.65922,-8.38614,350.62,0.41,0.61,2024-09-17,0319,N20,VIIRS,n,2,304.62,47.89,N,0
40.65805,-8.38202,356.57,0.41,0.61,2024-09-17,0319,N20,VIIRS,n,2,300.2,47.89,N,0
40.65688,-8.37794,367,0.41,0.61,2024-09-17,0319,N20,VIIRS,h,2,305.27,40.45,N,0
40.6557,-8.37383,345.97,0.41,0.61,2024-09-17,0319,N20,VIIRS,n,2,300.04,40.45,N,0
40.65451,-8.36966,338.75,0.41,0.61,2024-09-17,0319,N20,VIIRS,n,2,298.29,30.89,N,0
40.65324,-8.36523,332.15,0.41,0.61,2024-09-17,0319,N20,VIIRS,n,2,298.03,30.89,N,0
40.65184,-8.36032,338.49,0.41,0.61,2024-09-17,0319,N20,VIIRS,n,2,296.5,26.82,N,0
40.65035,-8.35513,347.13,0.41,0.61,2024-09-17,0319,N20,VIIRS,n,2,299.2,26.82,N,0
40.64905,-8.3506,367,0.41,0.61,2024-09-17,0319,N20,VIIRS,h,2,306.48,30.31,N,0
40.64784,-8.34637,355.14,0.41,0.61,2024-09-17,0319,N20,VIIRS,n,2,312.2,30.31,N,0
40.64652,-8.34175,351.45,0.42,0.61,2024-09-17,0319,N20,VIIRS,n,2,302.13,13.7,N,0
40.51624,-7.89115,351.42,0.44,0.62,2024-09-17,0319,N20,VIIRS,n,2,290.17,7.96,N,0
40.51477,-7.88612,337.12,0.44,0.62,2024-09-17,0319,N20,VIIRS,n,2,290.48,7.69,N,0
40.51338,-7.88132,346.57,0.44,0.62,2024-09-17,0319,N20,VIIRS,n,2,293.66,7.69,N,0
40.67054,-8.42571,309.3,0.41,0.61,2024-09-17,0319,N20,VIIRS,n,2,291.29,4.36,N,0
40.66806,-8.41704,307.3,0.41,0.61,2024-09-17,0319,N20,VIIRS,n,2,291.71,2.98,N,0
40.64501,-8.3365,303.72,0.42,0.61,2024-09-17,0319,N20,VIIRS,n,2,291.76,13.7,N,0
40.51195,-7.87644,299.52,0.44,0.62,2024-09-17,0319,N20,VIIRS,n,2,288.35,3.15,N,0
40.7216,-8.52211,347.93,0.4,0.6,2024-09-17,0319,N20,VIIRS,n,2,292.33,7.67,N,0
40.7204,-8.5178,334.81,0.41,0.6,2024-09-17,0319,N20,VIIRS,n,2,293.69,7.33,N,0
40.68374,-8.38569,338.84,0.41,0.61,2024-09-17,0319,N20,VIIRS,n,2,292.43,10.88,N,0
40.71053,-8.48217,307.41,0.41,0.6,2024-09-17,0319,N20,VIIRS,n,2,290.57,1.43,N,0
40.70925,-8.47755,315.17,0.41,0.6,2024-09-17,0319,N20,VIIRS,n,2,292.14,1.43,N,0
40.68496,-8.39007,303.9,0.41,0.61,2024-09-17,0319,N20,VIIRS,n,2,289.98,10.88,N,0
40.67974,-8.39282,367,0.41,0.61,2024-09-17,0319,N20,VIIRS,h,2,294.92,10.88,N,0
40.67851,-8.38842,351.82,0.41,0.61,2024-09-17,0319,N20,VIIRS,n,2,301.12,10.88,N,0
40.66314,-8.33332,333.49,0.42,0.61,2024-09-17,0319,N20,VIIRS,n,2,289.99,5.17,N,0
40.66183,-8.32863,339.86,0.42,0.61,2024-09-17,0319,N20,VIIRS,n,2,294.43,5.17,N,0
40.68097,-8.39725,305.8,0.41,0.61,2024-09-17,0319,N20,VIIRS,n,2,291.25,4.55,N,0
40.6773,-8.38408,307.7,0.41,0.61,2024-09-17,0319,N20,VIIRS,n,2,292.32,11.39,N,0
40.66933,-8.3555,305.29,0.41,0.61,2024-09-17,0319,N20,VIIRS,n,2,290.87,1.83,N,0
40.66805,-8.35092,304.32,0.41,0.61,2024-09-17,0319,N20,VIIRS,n,2,290.36,2.27,N,0
40.67453,-8.3956,345.21,0.41,0.61,2024-09-17,0319,N20,VIIRS,n,2,293.63,31.01,N,0
40.67333,-8.3913,341.2,0.41,0.61,2024-09-17,0319,N20,VIIRS,n,2,305.36,31.01,N,0
40.66619,-8.36575,367,0.41,0.61,2024-09-17,0319,N20,VIIRS,h,2,296.2,40.89,N,0
40.66507,-8.36174,351.62,0.41,0.61,2024-09-17,0319,N20,VIIRS,n,2,307.82,92.56,N,0
40.66396,-8.35777,367,0.41,0.61,2024-09-17,0319,N20,VIIRS,h,2,332.88,92.56,N,0
40.66134,-8.34838,350.45,0.41,0.61,2024-09-17,0319,N20,VIIRS,n,2,298.66,105.92,N,0
40.66008,-8.34388,367,0.42,0.61,2024-09-17,0319,N20,VIIRS,h,2,298.61,36.82,N,0
40.65895,-8.33983,367,0.42,0.61,2024-09-17,0319,N20,VIIRS,h,2,305.19,36.82,N,0
40.65775,-8.33553,345.7,0.42,0.61,2024-09-17,0319,N20,VIIRS,n,2,319.87,26.31,N,0
40.65637,-8.33059,367,0.42,0.61,2024-09-17,0319,N20,VIIRS,h,2,305.28,26.31,N,0
40.70625,-8.50959,311.5,0.41,0.6,2024-09-17,0319,N20,VIIRS,n,2,290.56,1.45,N,0
40.67576,-8.4,307.67,0.41,0.61,2024-09-17,0319,N20,VIIRS,n,2,292.21,12.61,N,0
40.66733,-8.36982,315.44,0.41,0.61,2024-09-17,0319,N20,VIIRS,n,2,292.57,40.89,N,0
40.67426,-8.41609,334.53,0.41,0.61,2024-09-17,0319,N20,VIIRS,n,2,291.78,2.59,N,0
40.67054,-8.40274,367,0.41,0.61,2024-09-17,0319,N20,VIIRS,h,2,296.98,12.61,N,0
40.66928,-8.39824,340.2,0.41,0.61,2024-09-17,0319,N20,VIIRS,n,2,317.73,31.01,N,0
40.66443,-8.3809,367,0.41,0.61,2024-09-17,0319,N20,VIIRS,h,2,305.92,69.13,N,0
40.66323,-8.37658,346.63,0.41,0.61,2024-09-17,0319,N20,VIIRS,n,2,310.49,69.13,N,0
40.66205,-8.37236,350.58,0.41,0.61,2024-09-17,0319,N20,VIIRS,n,2,309.76,40.89,N,0
40.6609,-8.36825,350.7,0.41,0.61,2024-09-17,0319,N20,VIIRS,n,2,312.35,40.89,N,0
40.65976,-8.36416,353.04,0.41,0.61,2024-09-17,0319,N20,VIIRS,n,2,315.16,92.56,N,0
40.65855,-8.35985,348.25,0.41,0.61,2024-09-17,0319,N20,VIIRS,n,2,322.45,92.56,N,0
40.6572,-8.35502,367,0.41,0.61,2024-09-17,0319,N20,VIIRS,h,2,307.38,105.92,N,0
40.65586,-8.35024,353.99,0.41,0.61,2024-09-17,0319,N20,VIIRS,n,2,306.19,105.92,N,0
40.65464,-8.34588,349.27,0.42,0.61,2024-09-17,0319,N20,VIIRS,n,2,313.9,36.82,N,0
40.65351,-8.34183,367,0.42,0.61,2024-09-17,0319,N20,VIIRS,h,2,305.27,36.82,N,0
40.65229,-8.33748,367,0.42,0.61,2024-09-17,0319,N20,VIIRS,h,2,304.45,26.31,N,0
40.65078,-8.33208,347.92,0.42,0.61,2024-09-17,0319,N20,VIIRS,n,2,301.93,26.31,N,0
40.67303,-8.41168,307.1,0.41,0.61,2024-09-17,0319,N20,VIIRS,n,2,292.21,2.59,N,0
40.67179,-8.40724,312.05,0.41,0.61,2024-09-17,0319,N20,VIIRS,n,2,292.11,12.61,N,0
40.66806,-8.39388,318.51,0.41,0.61,2024-09-17,0319,N20,VIIRS,n,2,294.12,31.01,N,0
40.66687,-8.38962,308.09,0.41,0.61,2024-09-17,0319,N20,VIIRS,n,2,292.06,16.85,N,0
40.66566,-8.3853,316.92,0.41,0.61,2024-09-17,0319,N20,VIIRS,n,2,292.4,16.85,N,0
40.67025,-8.42314,341.18,0.41,0.61,2024-09-17,0319,N20,VIIRS,n,2,292.99,7.25,N,0
40.66904,-8.41882,323.69,0.41,0.61,2024-09-17,0319,N20,VIIRS,n,2,294.18,2.94,N,0
40.66652,-8.40977,328.99,0.41,0.61,2024-09-17,0319,N20,VIIRS,n,2,295.27,36.84,N,0
40.66526,-8.40527,367,0.41,0.61,2024-09-17,0319,N20,VIIRS,h,2,302.67,36.84,N,0
40.66401,-8.40079,347.56,0.41,0.61,2024-09-17,0319,N20,VIIRS,n,2,317.29,81.97,N,0
40.66277,-8.39636,335.53,0.41,0.61,2024-09-17,0319,N20,VIIRS,n,2,293.27,81.97,N,0
40.66155,-8.39202,343.3,0.41,0.61,2024-09-17,0319,N20,VIIRS,n,2,291.71,39.82,N,0
40.66035,-8.38771,353.42,0.41,0.61,2024-09-17,0319,N20,VIIRS,n,2,303.43,39.82,N,0
40.65916,-8.38348,351.6,0.41,0.61,2024-09-17,0319,N20,VIIRS,n,2,303,31.9,N,0
40.65801,-8.37936,367,0.41,0.61,2024-09-17,0319,N20,VIIRS,h,2,302.36,31.9,N,0
40.65686,-8.37523,367,0.41,0.61,2024-09-17,0319,N20,VIIRS,h,2,303.85,14.95,N,0
40.6557,-8.3711,335.49,0.41,0.61,2024-09-17,0319,N20,VIIRS,n,2,297.53,14.95,N,0
40.65451,-8.36686,335.15,0.41,0.61,2024-09-17,0319,N20,VIIRS,n,2,298.92,7.63,N,0
40.65321,-8.36223,338.69,0.41,0.61,2024-09-17,0319,N20,VIIRS,n,2,298.68,7.63,N,0
40.65175,-8.35699,346.59,0.41,0.61,2024-09-17,0319,N20,VIIRS,n,2,297.48,35.64,N,0
40.65039,-8.35212,367,0.41,0.61,2024-09-17,0319,N20,VIIRS,h,2,300.28,35.64,N,0
40.64919,-8.34785,353.66,0.42,0.61,2024-09-17,0319,N20,VIIRS,n,2,315.63,41.5,N,0
40.64796,-8.34347,367,0.42,0.61,2024-09-17,0319,N20,VIIRS,h,2,309.76,41.5,N,0
40.64659,-8.33857,344.43,0.42,0.61,2024-09-17,0319,N20,VIIRS,n,2,294.8,17.98,N,0
40.51739,-7.88147,367,0.44,0.62,2024-09-17,0319,N20,VIIRS,h,2,292,4.35,N,0
40.66778,-8.41429,310.98,0.41,0.61,2024-09-17,0319,N20,VIIRS,n,2,292.36,2.94,N,0
40.516,-7.8766,317.44,0.44,0.62,2024-09-17,0319,N20,VIIRS,n,2,290.65,4.35,N,0
40.66121,-8.41218,342.72,0.41,0.61,2024-09-17,0319,N20,VIIRS,n,2,296.57,36.84,N,0
40.65997,-8.40774,367,0.41,0.61,2024-09-17,0319,N20,VIIRS,h,2,301.65,36.84,N,0
40.65747,-8.39881,343.3,0.41,0.61,2024-09-17,0319,N20,VIIRS,n,2,305.53,81.97,N,0
40.65622,-8.39437,349.65,0.41,0.61,2024-09-17,0319,N20,VIIRS,n,2,303.32,39.82,N,0
40.655,-8.39001,354.78,0.41,0.61,2024-09-17,0319,N20,VIIRS,n,2,301.47,39.82,N,0
40.65382,-8.38581,367,0.41,0.61,2024-09-17,0319,N20,VIIRS,h,2,298.7,31.9,N,0
40.65268,-8.38173,367,0.41,0.61,2024-09-17,0319,N20,VIIRS,h,2,305.53,31.9,N,0
40.65152,-8.37757,354.97,0.41,0.61,2024-09-17,0319,N20,VIIRS,n,2,308.22,14.95,N,0
40.65031,-8.37327,351.76,0.41,0.61,2024-09-17,0319,N20,VIIRS,n,2,300.15,14.95,N,0
40.64905,-8.36879,333.6,0.41,0.61,2024-09-17,0319,N20,VIIRS,n,2,297.23,7.63,N,0
40.64769,-8.36392,338.57,0.41,0.61,2024-09-17,0319,N20,VIIRS,n,2,299.81,7.63,N,0
40.64629,-8.3589,367,0.41,0.61,2024-09-17,0319,N20,VIIRS,h,2,309.89,35.64,N,0
40.645,-8.35431,350.47,0.41,0.61,2024-09-17,0319,N20,VIIRS,n,2,319.43,35.64,N,0
40.64378,-8.34996,367,0.42,0.61,2024-09-17,0319,N20,VIIRS,h,2,329.85,41.5,N,0
40.64249,-8.34536,345.35,0.42,0.61,2024-09-17,0319,N20,VIIRS,n,2,297.73,41.5,N,0
40.51328,-7.88867,348.89,0.44,0.62,2024-09-17,0319,N20,VIIRS,n,2,294.24,6.84,N,0
40.66369,-8.42106,309.93,0.41,0.61,2024-09-17,0319,N20,VIIRS,n,2,292.25,2.94,N,0
40.66245,-8.4166,317.51,0.41,0.61,2024-09-17,0319,N20,VIIRS,n,2,292.93,2.94,N,0
40.51472,-7.89376,317.35,0.44,0.62,2024-09-17,0319,N20,VIIRS,n,2,288.37,6.84,N,0
40.51186,-7.88373,300.21,0.44,0.62,2024-09-17,0319,N20,VIIRS,n,2,288.47,4.35,N,0
40.66082,-8.43216,327.35,0.41,0.61,2024-09-17,0319,N20,VIIRS,n,2,292.59,4.45,N,0
40.65958,-8.42776,328.58,0.41,0.61,2024-09-17,0319,N20,VIIRS,n,2,292.73,4.45,N,0
40.65839,-8.42348,334.03,0.41,0.61,2024-09-17,0319,N20,VIIRS,n,2,294.14,9.34,N,0
40.65718,-8.41916,346.55,0.41,0.61,2024-09-17,0319,N20,VIIRS,n,2,296.55,9.34,N,0
40.65594,-8.41475,367,0.41,0.61,2024-09-17,0319,N20,VIIRS,h,2,297.1,36.12,N,0
40.65469,-8.41029,354.23,0.41,0.61,2024-09-17,0319,N20,VIIRS,n,2,311.34,36.12,N,0
40.65343,-8.40577,353.79,0.41,0.61,2024-09-17,0319,N20,VIIRS,n,2,303.49,36.88,N,0
40.65215,-8.40121,350.8,0.41,0.61,2024-09-17,0319,N20,VIIRS,n,2,305.39,36.88,N,0
40.65089,-8.39674,354.45,0.41,0.61,2024-09-17,0319,N20,VIIRS,n,2,298.55,15.1,N,0
40.64965,-8.39228,352.72,0.41,0.61,2024-09-17,0319,N20,VIIRS,n,2,297.02,15.1,N,0
40.6484,-8.38782,355.11,0.41,0.61,2024-09-17,0319,N20,VIIRS,n,2,299.57,14.39,N,0
40.64719,-8.38353,367,0.41,0.61,2024-09-17,0319,N20,VIIRS,h,2,305.65,14.39,N,0
40.64599,-8.37925,367,0.41,0.61,2024-09-17,0319,N20,VIIRS,h,2,307.55,31.42,N,0
40.6448,-8.375,353.97,0.41,0.61,2024-09-17,0319,N20,VIIRS,n,2,302.09,31.42,N,0
40.64356,-8.37058,350.83,0.41,0.61,2024-09-17,0319,N20,VIIRS,n,2,299.25,225.44,N,0
40.64222,-8.36582,355.86,0.41,0.61,2024-09-17,0319,N20,VIIRS,n,2,310.4,225.44,N,0
40.64093,-8.36121,355.27,0.41,0.61,2024-09-17,0319,N20,VIIRS,n,2,305.71,126.89,N,0
40.63971,-8.35687,356.07,0.41,0.61,2024-09-17,0319,N20,VIIRS,n,2,311.34,126.89,N,0
40.63845,-8.35238,350.08,0.42,0.61,2024-09-17,0319,N20,VIIRS,n,2,301.73,17.39,N,0
40.66203,-8.43648,313.13,0.41,0.61,2024-09-17,0319,N20,VIIRS,n,2,291.85,4.96,N,0
40.63707,-8.34746,306.58,0.42,0.61,2024-09-17,0319,N20,VIIRS,n,2,291.01,17.39,N,0
40.50783,-7.89121,311.57,0.44,0.62,2024-09-17,0319,N20,VIIRS,n,2,287.41,1.02,N,0
40.6581,-8.44382,340.21,0.41,0.61,2024-09-17,0319,N20,VIIRS,n,2,291.85,4.96,N,0
40.6568,-8.43916,344.44,0.41,0.61,2024-09-17,0319,N20,VIIRS,n,2,293.66,4.96,N,0
40.65553,-8.43465,326.92,0.41,0.61,2024-09-17,0319,N20,VIIRS,n,2,291.68,4.45,N,0
40.65428,-8.43019,332.57,0.41,0.61,2024-09-17,0319,N20,VIIRS,n,2,294.32,4.45,N,0
40.65307,-8.42587,335.46,0.41,0.61,2024-09-17,0319,N20,VIIRS,n,2,293.62,9.34,N,0
40.65188,-8.42159,367,0.41,0.61,2024-09-17,0319,N20,VIIRS,h,2,295.19,9.34,N,0
40.65065,-8.41723,367,0.41,0.61,2024-09-17,0319,N20,VIIRS,h,2,299.58,36.12,N,0
40.6494,-8.41276,353.2,0.41,0.61,2024-09-17,0319,N20,VIIRS,n,2,302.47,36.12,N,0
40.64809,-8.4081,347.76,0.41,0.61,2024-09-17,0319,N20,VIIRS,n,2,294.5,36.88,N,0
40.64679,-8.40347,340.44,0.41,0.61,2024-09-17,0319,N20,VIIRS,n,2,293,36.88,N,0
40.64553,-8.39899,338.63,0.41,0.61,2024-09-17,0319,N20,VIIRS,n,2,294.46,15.1,N,0
40.64429,-8.39456,335.97,0.41,0.61,2024-09-17,0319,N20,VIIRS,n,2,295.46,15.1,N,0
40.64302,-8.39003,341.35,0.41,0.61,2024-09-17,0319,N20,VIIRS,n,2,297.9,14.39,N,0
40.64177,-8.38558,367,0.41,0.61,2024-09-17,0319,N20,VIIRS,h,2,302.35,14.39,N,0
40.64054,-8.3812,367,0.41,0.61,2024-09-17,0319,N20,VIIRS,h,2,306.88,31.42,N,0
40.6393,-8.37676,367,0.41,0.61,2024-09-17,0319,N20,VIIRS,h,2,310.81,31.42,N,0
40.63802,-8.37223,343.59,0.41,0.61,2024-09-17,0319,N20,VIIRS,n,2,318.6,225.44,N,0
40.63418,-8.35856,337.7,0.41,0.61,2024-09-17,0319,N20,VIIRS,n,2,302.31,126.89,N,0
40.65939,-8.4484,318.18,0.41,0.61,2024-09-17,0319,N20,VIIRS,n,2,290.81,3.79,N,0
40.63284,-8.35377,312.96,0.42,0.61,2024-09-17,0319,N20,VIIRS,n,2,292.79,17.39,N,0
40.65404,-8.45064,339.73,0.41,0.61,2024-09-17,0319,N20,VIIRS,n,2,289.99,4.85,N,0
40.65282,-8.44629,367,0.41,0.61,2024-09-17,0319,N20,VIIRS,h,2,295.15,10.15,N,0
40.65154,-8.44174,329.48,0.41,0.61,2024-09-17,0319,N20,VIIRS,n,2,290.42,10.15,N,0
40.65024,-8.43708,334.86,0.41,0.61,2024-09-17,0319,N20,VIIRS,n,2,290.72,12.54,N,0
40.64897,-8.43254,340.25,0.41,0.61,2024-09-17,0319,N20,VIIRS,n,2,293.12,12.54,N,0
40.64775,-8.42821,355.98,0.41,0.61,2024-09-17,0319,N20,VIIRS,n,2,295.33,14.18,N,0
40.64655,-8.42395,367,0.41,0.61,2024-09-17,0319,N20,VIIRS,h,2,295.44,14.18,N,0
40.64533,-8.41959,348.35,0.41,0.61,2024-09-17,0319,N20,VIIRS,n,2,294.55,13.99,N,0
40.64407,-8.4151,342.2,0.41,0.61,2024-09-17,0319,N20,VIIRS,n,2,293.68,13.99,N,0
40.64276,-8.41043,342.37,0.41,0.61,2024-09-17,0319,N20,VIIRS,n,2,293.23,24.36,N,0
40.64143,-8.40569,343.94,0.41,0.61,2024-09-17,0319,N20,VIIRS,n,2,294.75,24.36,N,0
40.64016,-8.40117,367,0.41,0.61,2024-09-17,0319,N20,VIIRS,h,2,300.01,32.32,N,0
40.63891,-8.39673,367,0.41,0.61,2024-09-17,0319,N20,VIIRS,h,2,304.85,32.32,N,0
40.63764,-8.39222,367,0.41,0.61,2024-09-17,0319,N20,VIIRS,h,2,309.35,61.96,N,0
40.63639,-8.38779,342.53,0.41,0.61,2024-09-17,0319,N20,VIIRS,n,2,321.89,61.96,N,0
40.63262,-8.37436,323.45,0.41,0.61,2024-09-17,0319,N20,VIIRS,n,2,305.04,46.91,N,0
40.63133,-8.36977,336.09,0.41,0.61,2024-09-17,0319,N20,VIIRS,n,2,300.14,46.91,N,0
40.62995,-8.36487,329.71,0.41,0.61,2024-09-17,0319,N20,VIIRS,n,2,292.24,5.43,N,0
40.65529,-8.45511,304.05,0.41,0.61,2024-09-17,0319,N20,VIIRS,n,2,289.32,4.85,N,0
40.62858,-8.36001,315.71,0.41,0.61,2024-09-17,0319,N20,VIIRS,n,2,291.61,5.43,N,0
40.62722,-8.35516,308.67,0.42,0.61,2024-09-17,0319,N20,VIIRS,n,2,291.05,1.78,N,0
40.62592,-8.35052,305.27,0.42,0.61,2024-09-17,0319,N20,VIIRS,n,2,291.23,1.78,N,0
40.64866,-8.45276,327.74,0.41,0.61,2024-09-17,0319,N20,VIIRS,n,2,289.85,4.85,N,0
40.64746,-8.44852,337.54,0.41,0.61,2024-09-17,0319,N20,VIIRS,n,2,291,10.15,N,0
40.64621,-8.44403,355.7,0.41,0.61,2024-09-17,0319,N20,VIIRS,n,2,292.5,10.15,N,0
40.64491,-8.43941,367,0.41,0.61,2024-09-17,0319,N20,VIIRS,h,2,291.14,12.54,N,0
40.64368,-8.43502,367,0.41,0.61,2024-09-17,0319,N20,VIIRS,h,2,296.06,12.54,N,0
40.64246,-8.43067,367,0.41,0.61,2024-09-17,0319,N20,VIIRS,h,2,295.74,14.18,N,0
40.64124,-8.42636,350.77,0.41,0.61,2024-09-17,0319,N20,VIIRS,n,2,294.07,14.18,N,0
40.64001,-8.42197,367,0.41,0.61,2024-09-17,0319,N20,VIIRS,h,2,295.96,13.99,N,0
40.63873,-8.41742,367,0.41,0.61,2024-09-17,0319,N20,VIIRS,h,2,296.33,13.99,N,0
40.6374,-8.4127,367,0.41,0.61,2024-09-17,0319,N20,VIIRS,h,2,300.99,24.36,N,0
40.6361,-8.40808,367,0.41,0.61,2024-09-17,0319,N20,VIIRS,h,2,301.61,24.36,N,0
40.63485,-8.40359,353.05,0.41,0.61,2024-09-17,0319,N20,VIIRS,n,2,303.82,32.32,N,0
40.63361,-8.39922,349.66,0.41,0.61,2024-09-17,0319,N20,VIIRS,n,2,300.17,32.32,N,0
40.63239,-8.39486,367,0.41,0.61,2024-09-17,0319,N20,VIIRS,h,2,296.13,61.96,N,0
40.6311,-8.3903,367,0.41,0.61,2024-09-17,0319,N20,VIIRS,h,2,293.71,61.96,N,0
40.62983,-8.38575,335.48,0.41,0.61,2024-09-17,0319,N20,VIIRS,n,2,292.9,226.78,N,0
40.62853,-8.38117,326.13,0.41,0.61,2024-09-17,0319,N20,VIIRS,n,2,292.23,226.78,N,0
40.65668,-8.48135,304.52,0.41,0.6,2024-09-17,0319,N20,VIIRS,n,2,289.99,1.14,N,0
40.65405,-8.47196,314.65,0.41,0.61,2024-09-17,0319,N20,VIIRS,n,2,290.03,2.92,N,0
40.65262,-8.46689,311.66,0.41,0.61,2024-09-17,0319,N20,VIIRS,n,2,290.08,1.87,N,0
40.65121,-8.46185,304.44,0.41,0.61,2024-09-17,0319,N20,VIIRS,n,2,288.64,1.87,N,0
40.64993,-8.45729,306.96,0.41,0.61,2024-09-17,0319,N20,VIIRS,n,2,288.88,4.85,N,0
40.62726,-8.37664,313.99,0.41,0.61,2024-09-17,0319,N20,VIIRS,n,2,291,46.91,N,0
40.62595,-8.37198,311.46,0.41,0.61,2024-09-17,0319,N20,VIIRS,n,2,290.5,46.91,N,0
40.62454,-8.36699,309.76,0.41,0.61,2024-09-17,0319,N20,VIIRS,n,2,290.54,5.43,N,0
40.62315,-8.36202,306.3,0.41,0.61,2024-09-17,0319,N20,VIIRS,n,2,290.81,5.43,N,0
40.48566,-7.87848,299.45,0.44,0.63,2024-09-17,0319,N20,VIIRS,n,2,288.03,0.52,N,0
40.65268,-8.48837,325.11,0.41,0.6,2024-09-17,0319,N20,VIIRS,n,2,289.6,4.45,N,0
40.65139,-8.4838,338.9,0.41,0.6,2024-09-17,0319,N20,VIIRS,n,2,290.94,4.45,N,0
40.64874,-8.47434,338.04,0.41,0.61,2024-09-17,0319,N20,VIIRS,n,2,289.47,2.71,N,0
40.64333,-8.45506,339.91,0.41,0.61,2024-09-17,0319,N20,VIIRS,n,2,290.14,6,N,0
40.64209,-8.45068,355.39,0.41,0.61,2024-09-17,0319,N20,VIIRS,n,2,294.36,14.6,N,0
40.64086,-8.44628,351.21,0.41,0.61,2024-09-17,0319,N20,VIIRS,n,2,294.13,14.6,N,0
40.6396,-8.44181,367,0.41,0.61,2024-09-17,0319,N20,VIIRS,h,2,297.62,31.07,N,0
40.63837,-8.43745,355.26,0.41,0.61,2024-09-17,0319,N20,VIIRS,n,2,301.41,31.07,N,0
40.63713,-8.43301,355.82,0.41,0.61,2024-09-17,0319,N20,VIIRS,n,2,302.6,69.85,N,0
40.63592,-8.42872,344.28,0.41,0.61,2024-09-17,0319,N20,VIIRS,n,2,313.13,69.85,N,0
40.63339,-8.41973,332.5,0.41,0.61,2024-09-17,0319,N20,VIIRS,n,2,303.5,111.76,N,0
40.63211,-8.4152,326.3,0.41,0.61,2024-09-17,0319,N20,VIIRS,n,2,308.11,31.9,N,0
40.63085,-8.41071,367,0.41,0.61,2024-09-17,0319,N20,VIIRS,h,2,291.69,31.9,N,0
40.62959,-8.40622,341.96,0.41,0.61,2024-09-17,0319,N20,VIIRS,n,2,289.79,5.6,N,0
40.62834,-8.4018,329.79,0.41,0.61,2024-09-17,0319,N20,VIIRS,n,2,289.09,5.6,N,0
40.62712,-8.39745,320.33,0.41,0.61,2024-09-17,0319,N20,VIIRS,n,2,289.02,2.07,N,0
40.65778,-8.50654,302.87,0.41,0.6,2024-09-17,0319,N20,VIIRS,n,2,288.3,9.77,N,0
40.65652,-8.50204,305.89,0.41,0.6,2024-09-17,0319,N20,VIIRS,n,2,288.66,9.77,N,0
40.65524,-8.49747,313.41,0.41,0.6,2024-09-17,0319,N20,VIIRS,n,2,289.12,4,N,0
40.65396,-8.49294,309.53,0.41,0.6,2024-09-17,0319,N20,VIIRS,n,2,288.57,4,N,0
40.65011,-8.47922,311.58,0.41,0.61,2024-09-17,0319,N20,VIIRS,n,2,289.07,2.71,N,0
40.64731,-8.46925,317.01,0.41,0.61,2024-09-17,0319,N20,VIIRS,n,2,288.83,2.29,N,0
40.64593,-8.4643,307.96,0.41,0.61,2024-09-17,0319,N20,VIIRS,n,2,288.33,2.29,N,0
40.64461,-8.45963,315.55,0.41,0.61,2024-09-17,0319,N20,VIIRS,n,2,288.4,6,N,0
40.62586,-8.39298,313.22,0.41,0.61,2024-09-17,0319,N20,VIIRS,n,2,289.52,2.07,N,0
40.62458,-8.38844,308.64,0.41,0.61,2024-09-17,0319,N20,VIIRS,n,2,289.26,1.25,N,0
40.62329,-8.38388,304.14,0.41,0.61,2024-09-17,0319,N20,VIIRS,n,2,288.95,1.25,N,0
40.62199,-8.37925,302.41,0.41,0.61,2024-09-17,0319,N20,VIIRS,n,2,289.5,1.35,N,0
40.62059,-8.37428,303.62,0.41,0.61,2024-09-17,0319,N20,VIIRS,n,2,290.09,1.35,N,0
40.48616,-7.90178,319.32,0.44,0.62,2024-09-17,0319,N20,VIIRS,n,2,289.28,3.22,N,0
40.48327,-7.8917,317.93,0.44,0.62,2024-09-17,0319,N20,VIIRS,n,2,288.52,2.66,N,0
40.48173,-7.88634,300.74,0.44,0.63,2024-09-17,0319,N20,VIIRS,n,2,287.77,1.5,N,0
40.48001,-7.88034,303.94,0.44,0.63,2024-09-17,0319,N20,VIIRS,n,2,289.52,1.5,N,0
40.65379,-8.51357,346.65,0.41,0.6,2024-09-17,0319,N20,VIIRS,n,2,289.24,7.81,N,0
40.65253,-8.50907,355.78,0.41,0.6,2024-09-17,0319,N20,VIIRS,n,2,299.81,9.77,N,0
40.65125,-8.50453,355.39,0.41,0.6,2024-09-17,0319,N20,VIIRS,n,2,294.62,9.77,N,0
40.64997,-8.49994,330.9,0.41,0.6,2024-09-17,0319,N20,VIIRS,n,2,290.41,4,N,0
40.64867,-8.49535,321.5,0.41,0.6,2024-09-17,0319,N20,VIIRS,n,2,288.55,4,N,0
40.6474,-8.4908,354.27,0.41,0.6,2024-09-17,0319,N20,VIIRS,n,2,289.82,4.45,N,0
40.63938,-8.46226,328.36,0.41,0.61,2024-09-17,0319,N20,VIIRS,n,2,289.27,6,N,0
40.63809,-8.45769,334.87,0.41,0.61,2024-09-17,0319,N20,VIIRS,n,2,289.57,6,N,0
40.6368,-8.45308,367,0.41,0.61,2024-09-17,0319,N20,VIIRS,h,2,293.43,14.6,N,0
40.63552,-8.44856,343.3,0.41,0.61,2024-09-17,0319,N20,VIIRS,n,2,291.39,14.6,N,0
40.63426,-8.44408,367,0.41,0.61,2024-09-17,0319,N20,VIIRS,h,2,295.73,31.07,N,0
40.63302,-8.43969,367,0.41,0.61,2024-09-17,0319,N20,VIIRS,h,2,293.6,31.07,N,0
40.63174,-8.43515,367,0.41,0.61,2024-09-17,0319,N20,VIIRS,h,2,292.63,69.85,N,0
40.6305,-8.43073,367,0.41,0.61,2024-09-17,0319,N20,VIIRS,h,2,292.97,69.85,N,0
40.62926,-8.42632,355.25,0.41,0.61,2024-09-17,0319,N20,VIIRS,n,2,292.05,111.76,N,0
40.62802,-8.42194,344.88,0.41,0.61,2024-09-17,0319,N20,VIIRS,n,2,289.98,111.76,N,0
40.6268,-8.41761,334.91,0.41,0.61,2024-09-17,0319,N20,VIIRS,n,2,289.13,31.9,N,0
40.62557,-8.41323,326.72,0.41,0.61,2024-09-17,0319,N20,VIIRS,n,2,288.08,31.9,N,0
40.48912,-7.93358,356.02,0.44,0.62,2024-09-17,0319,N20,VIIRS,n,2,296.9,10,N,0
40.48073,-7.90437,348.76,0.44,0.62,2024-09-17,0319,N20,VIIRS,n,2,293.42,3.22,N,0
40.65504,-8.51804,304.79,0.41,0.6,2024-09-17,0319,N20,VIIRS,n,2,288.2,7.81,N,0
40.64611,-8.48622,313.7,0.41,0.6,2024-09-17,0319,N20,VIIRS,n,2,288.78,4.45,N,0
40.6448,-8.48155,307.71,0.41,0.61,2024-09-17,0319,N20,VIIRS,n,2,288.43,2.71,N,0
40.64344,-8.47673,305.41,0.41,0.61,2024-09-17,0319,N20,VIIRS,n,2,288.36,2.71,N,0
40.64202,-8.47168,313.15,0.41,0.61,2024-09-17,0319,N20,VIIRS,n,2,288.25,2.29,N,0
40.64068,-8.4669,308.34,0.41,0.61,2024-09-17,0319,N20,VIIRS,n,2,288.17,2.29,N,0
40.62432,-8.4088,318.9,0.41,0.61,2024-09-17,0319,N20,VIIRS,n,2,287.6,5.6,N,0
40.62306,-8.40434,312.3,0.41,0.61,2024-09-17,0319,N20,VIIRS,n,2,287.56,5.6,N,0
40.62183,-8.39997,307.11,0.41,0.61,2024-09-17,0319,N20,VIIRS,n,2,287.74,2.07,N,0
40.62059,-8.39558,303.87,0.41,0.61,2024-09-17,0319,N20,VIIRS,n,2,288.03,2.07,N,0
40.61933,-8.39111,302.01,0.41,0.61,2024-09-17,0319,N20,VIIRS,n,2,288.62,1.25,N,0
40.49059,-7.93867,308.05,0.44,0.62,2024-09-17,0319,N20,VIIRS,n,2,288.43,10,N,0
40.48622,-7.92348,315.84,0.44,0.62,2024-09-17,0319,N20,VIIRS,n,2,289.34,8.02,N,0
40.48484,-7.91866,305.51,0.44,0.62,2024-09-17,0319,N20,VIIRS,n,2,289.31,1.69,N,0
40.48211,-7.90918,304.4,0.44,0.62,2024-09-17,0319,N20,VIIRS,n,2,288.06,3.22,N,0
40.47927,-7.89929,310.11,0.44,0.62,2024-09-17,0319,N20,VIIRS,n,2,289.77,2.66,N,0
40.47775,-7.89398,305.97,0.44,0.62,2024-09-17,0319,N20,VIIRS,n,2,288.5,2.66,N,0
40.47614,-7.88837,319.52,0.44,0.63,2024-09-17,0319,N20,VIIRS,n,2,289.82,1.5,N,0
40.64852,-8.51601,367,0.41,0.6,2024-09-17,0319,N20,VIIRS,h,2,290.3,10.07,N,0
40.64724,-8.51146,350.89,0.41,0.6,2024-09-17,0319,N20,VIIRS,n,2,297.83,11.43,N,0
40.64596,-8.50689,336.12,0.41,0.6,2024-09-17,0319,N20,VIIRS,n,2,290.25,11.43,N,0
40.63414,-8.46491,337.5,0.41,0.61,2024-09-17,0319,N20,VIIRS,n,2,289.84,3.61,N,0
40.63287,-8.46039,330.74,0.41,0.61,2024-09-17,0319,N20,VIIRS,n,2,290.35,3.61,N,0
40.63156,-8.45574,320.69,0.41,0.61,2024-09-17,0319,N20,VIIRS,n,2,289.8,2.08,N,0
40.48509,-7.941,344.25,0.44,0.62,2024-09-17,0319,N20,VIIRS,n,2,291.58,3.47,N,0
40.48078,-7.926,324.18,0.44,0.62,2024-09-17,0319,N20,VIIRS,n,2,289.22,11.11,N,0
40.47942,-7.9213,355.89,0.44,0.62,2024-09-17,0319,N20,VIIRS,n,2,293.24,14.14,N,0
40.47215,-7.896,335.51,0.44,0.62,2024-09-17,0319,N20,VIIRS,n,2,289.64,6.65,N,0
40.4705,-7.8903,320.87,0.44,0.63,2024-09-17,0319,N20,VIIRS,n,2,290.13,7.61,N,0
40.64978,-8.5205,306.26,0.41,0.6,2024-09-17,0319,N20,VIIRS,n,2,288.8,10.07,N,0
40.64467,-8.50233,319.84,0.41,0.6,2024-09-17,0319,N20,VIIRS,n,2,289.09,1.62,N,0
40.64338,-8.49773,313.63,0.41,0.6,2024-09-17,0319,N20,VIIRS,n,2,288.93,1.62,N,0
40.6421,-8.49318,309.3,0.41,0.6,2024-09-17,0319,N20,VIIRS,n,2,288.94,1.7,N,0
40.64081,-8.48859,305.37,0.41,0.6,2024-09-17,0319,N20,VIIRS,n,2,288.65,1.7,N,0
40.63947,-8.48384,302.44,0.41,0.61,2024-09-17,0319,N20,VIIRS,n,2,288.27,2.17,N,0
40.63673,-8.47411,301.5,0.41,0.61,2024-09-17,0319,N20,VIIRS,n,2,288.13,2.17,N,0
40.63544,-8.4695,304.44,0.41,0.61,2024-09-17,0319,N20,VIIRS,n,2,288.74,2.17,N,0
40.63025,-8.45109,316.74,0.41,0.61,2024-09-17,0319,N20,VIIRS,n,2,290.11,2.08,N,0
40.62895,-8.44646,317.55,0.41,0.61,2024-09-17,0319,N20,VIIRS,n,2,289.8,1.51,N,0
40.62767,-8.44192,314.56,0.41,0.61,2024-09-17,0319,N20,VIIRS,n,2,289.46,1.51,N,0
40.62638,-8.43738,313.93,0.41,0.61,2024-09-17,0319,N20,VIIRS,n,2,289.13,2.54,N,0
40.62513,-8.4329,313.49,0.41,0.61,2024-09-17,0319,N20,VIIRS,n,2,288.98,2.54,N,0
40.62389,-8.42852,311.74,0.41,0.61,2024-09-17,0319,N20,VIIRS,n,2,288.51,1.89,N,0
40.62267,-8.42422,308.82,0.41,0.61,2024-09-17,0319,N20,VIIRS,n,2,288.03,1.89,N,0
40.62148,-8.41999,305.25,0.41,0.61,2024-09-17,0319,N20,VIIRS,n,2,288.51,1.17,N,0
40.62025,-8.41562,302.67,0.41,0.61,2024-09-17,0319,N20,VIIRS,n,2,288.7,1.17,N,0
40.61903,-8.4113,300.89,0.41,0.61,2024-09-17,0319,N20,VIIRS,n,2,288.37,1.7,N,0
40.48656,-7.94612,300.37,0.44,0.62,2024-09-17,0319,N20,VIIRS,n,2,288.17,1.89,N,0
40.4836,-7.93583,318.04,0.44,0.62,2024-09-17,0319,N20,VIIRS,n,2,291.14,3.47,N,0
40.47667,-7.91173,318.18,0.44,0.62,2024-09-17,0319,N20,VIIRS,n,2,289.37,1.98,N,0
40.47527,-7.90686,302.46,0.44,0.62,2024-09-17,0319,N20,VIIRS,n,2,289.17,1.98,N,0
40.48104,-7.94833,322.19,0.44,0.62,2024-09-17,0319,N20,VIIRS,n,2,290.14,1.89,N,0
40.46821,-7.90379,332.86,0.44,0.62,2024-09-17,0319,N20,VIIRS,n,2,289.54,6.65,N,0
40.46655,-7.89801,367,0.44,0.62,2024-09-17,0319,N20,VIIRS,h,2,293.17,6.65,N,0
40.66587,-8.59899,307.49,0.4,0.6,2024-09-17,0319,N20,VIIRS,n,2,289.62,0.78,N,0
40.64825,-8.53623,304.04,0.41,0.6,2024-09-17,0319,N20,VIIRS,n,2,288.75,1.26,N,0
40.64323,-8.51841,307.86,0.41,0.6,2024-09-17,0319,N20,VIIRS,n,2,288.7,10.07,N,0
40.64195,-8.51385,304.31,0.41,0.6,2024-09-17,0319,N20,VIIRS,n,2,288.62,11.43,N,0
40.64066,-8.50928,303.41,0.41,0.6,2024-09-17,0319,N20,VIIRS,n,2,288.31,11.43,N,0
40.63939,-8.50475,302.19,0.41,0.6,2024-09-17,0319,N20,VIIRS,n,2,288.45,1.62,N,0
40.63809,-8.50014,301.31,0.41,0.6,2024-09-17,0319,N20,VIIRS,n,2,288.44,1.62,N,0
40.62897,-8.46778,319.77,0.41,0.61,2024-09-17,0319,N20,VIIRS,n,2,290.01,3.61,N,0
40.62768,-8.4632,309.43,0.41,0.61,2024-09-17,0319,N20,VIIRS,n,2,289.75,3.61,N,0
40.6264,-8.45866,303.64,0.41,0.61,2024-09-17,0319,N20,VIIRS,n,2,289.54,2.08,N,0
40.62508,-8.45397,302.48,0.41,0.61,2024-09-17,0319,N20,VIIRS,n,2,289.19,2.08,N,0
40.62373,-8.44918,301.47,0.41,0.61,2024-09-17,0319,N20,VIIRS,n,2,289.23,1.51,N,0
40.62238,-8.4444,301.18,0.41,0.61,2024-09-17,0319,N20,VIIRS,n,2,288.97,1.51,N,0
40.4825,-7.95343,302.27,0.44,0.62,2024-09-17,0319,N20,VIIRS,n,2,289.02,1.89,N,0
40.47956,-7.9432,304.73,0.44,0.62,2024-09-17,0319,N20,VIIRS,n,2,289.88,3.47,N,0
40.47839,-7.96054,367,0.44,0.62,2024-09-17,0319,N20,VIIRS,h,2,292.03,6.2,N,0
40.47697,-7.95561,356,0.44,0.62,2024-09-17,0319,N20,VIIRS,n,2,294.64,15.25,N,0
40.46425,-7.91148,331.77,0.44,0.62,2024-09-17,0319,N20,VIIRS,n,2,289.12,5.43,N,0
40.46261,-7.9058,341.7,0.44,0.62,2024-09-17,0319,N20,VIIRS,n,2,291.64,5.76,N,0
40.66194,-8.60611,301.95,0.4,0.6,2024-09-17,0319,N20,VIIRS,n,2,290.5,0.84,N,0
40.66067,-8.60159,306.14,0.4,0.6,2024-09-17,0319,N20,VIIRS,n,2,290.13,0.84,N,0
40.46724,-7.92185,306.37,0.44,0.62,2024-09-17,0319,N20,VIIRS,n,2,288.29,4.01,N,0
40.47285,-7.96272,345.85,0.44,0.62,2024-09-17,0319,N20,VIIRS,n,2,292.35,6.2,N,0
40.46463,-7.9342,324.08,0.44,0.62,2024-09-17,0319,N20,VIIRS,n,2,290.21,6.93,N,0
40.46324,-7.92938,367,0.44,0.62,2024-09-17,0319,N20,VIIRS,h,2,293.8,4.01,N,0
40.45873,-7.91377,367,0.44,0.62,2024-09-17,0319,N20,VIIRS,h,2,293.4,5.43,N,0
40.62218,-8.48605,305.91,0.41,0.61,2024-09-17,0319,N20,VIIRS,n,2,289.04,1.9,N,0
40.47429,-7.9677,304.27,0.44,0.62,2024-09-17,0319,N20,VIIRS,n,2,289.08,6.2,N,0
40.4618,-7.92439,306.92,0.44,0.62,2024-09-17,0319,N20,VIIRS,n,2,289.39,4.01,N,0
40.4603,-7.91921,310.9,0.44,0.62,2024-09-17,0319,N20,VIIRS,n,2,289.34,5.43,N,0
40.45707,-7.908,307.67,0.44,0.62,2024-09-17,0319,N20,VIIRS,n,2,290.07,5.76,N,0
40.45479,-7.92153,367,0.44,0.62,2024-09-17,0319,N20,VIIRS,h,2,294.99,26.18,N,0
40.45319,-7.91598,342.9,0.44,0.62,2024-09-17,0319,N20,VIIRS,n,2,296.94,26.18,N,0
40.4688,-7.97002,314.09,0.44,0.62,2024-09-17,0319,N20,VIIRS,n,2,289.84,2.75,N,0
40.46464,-7.95561,314.76,0.44,0.62,2024-09-17,0319,N20,VIIRS,n,2,289.52,2.65,N,0
40.46329,-7.95095,304.75,0.44,0.62,2024-09-17,0319,N20,VIIRS,n,2,288.96,1.82,N,0
40.46062,-7.94168,314.65,0.44,0.62,2024-09-17,0319,N20,VIIRS,n,2,289.1,2.07,N,0
40.45924,-7.93691,305.51,0.44,0.62,2024-09-17,0319,N20,VIIRS,n,2,289.79,2.07,N,0
40.45781,-7.93196,305.7,0.44,0.62,2024-09-17,0319,N20,VIIRS,n,2,290.4,6.45,N,0
40.45633,-7.92686,311.05,0.44,0.62,2024-09-17,0319,N20,VIIRS,n,2,289.66,6.45,N,0
40.4509,-7.92942,335.06,0.44,0.62,2024-09-17,0319,N20,VIIRS,n,2,290.59,6.45,N,0
40.44928,-7.92385,355.27,0.44,0.62,2024-09-17,0319,N20,VIIRS,n,2,297.45,26.18,N,0
40.45657,-7.94902,318.92,0.44,0.62,2024-09-17,0319,N20,VIIRS,n,2,289.38,1.82,N,0
40.4538,-7.93944,319.28,0.44,0.62,2024-09-17,0319,N20,VIIRS,n,2,289.99,2.07,N,0
40.45238,-7.93453,316.6,0.44,0.62,2024-09-17,0319,N20,VIIRS,n,2,290.06,6.45,N,0
40.46083,-7.98508,330.88,0.44,0.62,2024-09-17,0319,N20,VIIRS,n,2,291.57,4.86,N,0
40.44543,-7.93188,367,0.44,0.62,2024-09-17,0319,N20,VIIRS,h,2,295.4,36.57,N,0
40.44379,-7.9262,343.1,0.44,0.62,2024-09-17,0319,N20,VIIRS,n,2,296.82,30.88,N,0
40.46232,-7.99024,301.14,0.44,0.62,2024-09-17,0319,N20,VIIRS,n,2,289.24,12.76,N,0
40.45937,-7.98005,301.4,0.44,0.62,2024-09-17,0319,N20,VIIRS,n,2,289.56,4.86,N,0
40.45798,-7.97524,304.5,0.44,0.62,2024-09-17,0319,N20,VIIRS,n,2,289.28,3.11,N,0
40.45115,-7.9516,313.12,0.44,0.62,2024-09-17,0319,N20,VIIRS,n,2,290.34,2.04,N,0
40.44975,-7.94679,310.53,0.44,0.62,2024-09-17,0319,N20,VIIRS,n,2,290.8,2.11,N,0
40.44836,-7.94197,311.97,0.44,0.62,2024-09-17,0319,N20,VIIRS,n,2,291.75,2.11,N,0
40.44693,-7.93704,316.91,0.44,0.62,2024-09-17,0319,N20,VIIRS,n,2,290.66,36.57,N,0
40.45828,-7.99757,367,0.44,0.62,2024-09-17,0319,N20,VIIRS,h,2,294.14,12.76,N,0
40.45682,-7.99252,367,0.44,0.62,2024-09-17,0319,N20,VIIRS,h,2,295.44,12.76,N,0
40.45538,-7.98754,355.19,0.44,0.62,2024-09-17,0319,N20,VIIRS,n,2,294.22,4.86,N,0
40.45398,-7.98272,321.62,0.44,0.62,2024-09-17,0319,N20,VIIRS,n,2,290.32,4.86,N,0
40.45262,-7.97802,336.02,0.44,0.62,2024-09-17,0319,N20,VIIRS,n,2,290.88,3.11,N,0
40.44145,-7.93945,367,0.44,0.62,2024-09-17,0319,N20,VIIRS,h,2,292.88,36.57,N,0
40.43986,-7.93396,335.36,0.44,0.62,2024-09-17,0319,N20,VIIRS,n,2,307.46,36.57,N,0
40.4382,-7.92825,321.25,0.44,0.62,2024-09-17,0319,N20,VIIRS,n,2,291.56,30.88,N,0
40.44854,-7.96391,301.37,0.44,0.62,2024-09-17,0319,N20,VIIRS,n,2,288.48,1.34,N,0
40.4471,-7.95896,314.61,0.44,0.62,2024-09-17,0319,N20,VIIRS,n,2,289.8,2.04,N,0
40.44429,-7.94924,306.02,0.44,0.62,2024-09-17,0319,N20,VIIRS,n,2,290.41,2.11,N,0
40.44292,-7.94453,309.6,0.44,0.62,2024-09-17,0319,N20,VIIRS,n,2,290.66,2.11,N,0
40.45423,-8.00482,329.57,0.44,0.62,2024-09-17,0319,N20,VIIRS,n,2,290.09,20.74,N,0
40.45278,-7.99984,340.22,0.44,0.62,2024-09-17,0319,N20,VIIRS,n,2,291.52,25.64,N,0
40.45137,-7.99498,323.65,0.44,0.62,2024-09-17,0319,N20,VIIRS,n,2,290.68,25.64,N,0
40.43595,-7.9418,367,0.44,0.62,2024-09-17,0319,N20,VIIRS,h,2,299.08,17.05,N,0
40.43431,-7.93613,322.97,0.44,0.62,2024-09-17,0319,N20,VIIRS,n,2,291.18,17.05,N,0
40.45,-7.99026,303.13,0.44,0.62,2024-09-17,0319,N20,VIIRS,n,2,288.96,2.72,N,0
40.44311,-7.96647,318.18,0.44,0.62,2024-09-17,0319,N20,VIIRS,n,2,290,3.04,N,0
40.44166,-7.96147,312.14,0.44,0.62,2024-09-17,0319,N20,VIIRS,n,2,289.7,2.27,N,0
40.4402,-7.95645,307.49,0.44,0.62,2024-09-17,0319,N20,VIIRS,n,2,289.95,2.27,N,0
40.43882,-7.95166,308.92,0.44,0.62,2024-09-17,0319,N20,VIIRS,n,2,290.25,12.68,N,0
40.43745,-7.94693,314.92,0.44,0.62,2024-09-17,0319,N20,VIIRS,n,2,290.64,12.68,N,0
40.44874,-8.00714,367,0.44,0.62,2024-09-17,0319,N20,VIIRS,h,2,297.43,20.74,N,0
40.44735,-8.00233,348.11,0.44,0.62,2024-09-17,0319,N20,VIIRS,n,2,310.36,25.64,N,0
40.44599,-7.99766,321.01,0.44,0.62,2024-09-17,0319,N20,VIIRS,n,2,291.69,25.64,N,0
40.43618,-7.96383,324.4,0.44,0.62,2024-09-17,0319,N20,VIIRS,n,2,289.85,2.27,N,0
40.4347,-7.95876,324.34,0.44,0.62,2024-09-17,0319,N20,VIIRS,n,2,291.44,2.27,N,0
40.43325,-7.95376,336.2,0.44,0.62,2024-09-17,0319,N20,VIIRS,n,2,292.18,12.68,N,0
40.43184,-7.94892,367,0.44,0.62,2024-09-17,0319,N20,VIIRS,h,2,299.15,12.68,N,0
40.43034,-7.94373,354.53,0.44,0.62,2024-09-17,0319,N20,VIIRS,n,2,294.21,17.05,N,0
40.45017,-8.01207,306.05,0.44,0.62,2024-09-17,0319,N20,VIIRS,n,2,289.89,20.74,N,0
40.44467,-8.01433,367,0.44,0.62,2024-09-17,0319,N20,VIIRS,h,2,291.75,46.2,N,0
40.44333,-8.0097,349.37,0.44,0.62,2024-09-17,0319,N20,VIIRS,n,2,308.28,46.2,N,0
40.44202,-8.0052,324.66,0.44,0.62,2024-09-17,0319,N20,VIIRS,n,2,310.7,36.8,N,0
40.43657,-7.9864,323.54,0.44,0.62,2024-09-17,0319,N20,VIIRS,n,2,289.69,2.67,N,0
40.43214,-7.97121,367,0.44,0.62,2024-09-17,0319,N20,VIIRS,h,2,296.82,11.56,N,0
40.43066,-7.96608,367,0.44,0.62,2024-09-17,0319,N20,VIIRS,h,2,295.72,44.3,N,0
40.42915,-7.9609,367,0.44,0.62,2024-09-17,0319,N20,VIIRS,h,2,301.66,44.3,N,0
40.42767,-7.95579,320.93,0.44,0.62,2024-09-17,0319,N20,VIIRS,n,2,308.02,32.05,N,0
40.42622,-7.95083,321.79,0.44,0.62,2024-09-17,0319,N20,VIIRS,n,2,290.78,32.05,N,0
40.4407,-8.00064,312,0.44,0.62,2024-09-17,0319,N20,VIIRS,n,2,290.42,36.8,N,0
40.43507,-7.98128,312.06,0.44,0.62,2024-09-17,0319,N20,VIIRS,n,2,289.93,2.67,N,0
40.4336,-7.97622,315.16,0.44,0.62,2024-09-17,0319,N20,VIIRS,n,2,290.32,11.56,N,0
40.43938,-8.01731,367,0.44,0.62,2024-09-17,0319,N20,VIIRS,h,2,300.37,46.2,N,0
40.43804,-8.0127,347.42,0.44,0.62,2024-09-17,0319,N20,VIIRS,n,2,299.01,46.2,N,0
40.43116,-7.98902,321.17,0.44,0.62,2024-09-17,0319,N20,VIIRS,n,2,290.67,2.67,N,0
40.42818,-7.9788,327.97,0.44,0.62,2024-09-17,0319,N20,VIIRS,n,2,289.86,11.56,N,0
40.42669,-7.97368,367,0.44,0.62,2024-09-17,0319,N20,VIIRS,h,2,295.51,11.56,N,0
40.42515,-7.96839,367,0.44,0.62,2024-09-17,0319,N20,VIIRS,h,2,302.45,44.3,N,0
40.42356,-7.96293,343.71,0.44,0.62,2024-09-17,0319,N20,VIIRS,n,2,302.5,44.3,N,0
40.42209,-7.95787,322.93,0.44,0.62,2024-09-17,0319,N20,VIIRS,n,2,291.61,32.05,N,0
40.44072,-8.02193,303.67,0.44,0.62,2024-09-17,0319,N20,VIIRS,n,2,289.72,18.17,N,0
40.43673,-8.00819,310.36,0.44,0.62,2024-09-17,0319,N20,VIIRS,n,2,290.37,36.8,N,0
40.43258,-7.99391,304.03,0.44,0.62,2024-09-17,0319,N20,VIIRS,n,2,289.11,8.43,N,0
40.46051,-7.9943,367,0.44,0.62,2024-09-17,0319,N20,VIIRS,h,2,294.63,11.17,N,0
40.45906,-7.98915,354.28,0.44,0.62,2024-09-17,0319,N20,VIIRS,n,2,293.1,11.17,N,0
40.45763,-7.98409,330.45,0.44,0.62,2024-09-17,0319,N20,VIIRS,n,2,292,4.32,N,0
40.44394,-7.93576,367,0.44,0.62,2024-09-17,0319,N20,VIIRS,h,2,293.03,54.35,N,0
40.45625,-7.97921,301.34,0.44,0.62,2024-09-17,0319,N20,VIIRS,n,2,289.15,4.32,N,0
40.45491,-7.97449,301.04,0.44,0.62,2024-09-17,0319,N20,VIIRS,n,2,288.76,2.16,N,0
40.4509,-7.96032,301.34,0.44,0.62,2024-09-17,0319,N20,VIIRS,n,2,288.6,1.99,N,0
40.4495,-7.95539,302.32,0.44,0.62,2024-09-17,0319,N20,VIIRS,n,2,289.57,1.14,N,0
40.44813,-7.95053,301.64,0.44,0.62,2024-09-17,0319,N20,VIIRS,n,2,289.95,1.14,N,0
40.44678,-7.94576,306.67,0.44,0.62,2024-09-17,0319,N20,VIIRS,n,2,290.67,5.18,N,0
40.44539,-7.94087,313.6,0.44,0.62,2024-09-17,0319,N20,VIIRS,n,2,290.7,5.18,N,0
40.44078,-7.92458,311.97,0.44,0.62,2024-09-17,0319,N20,VIIRS,n,2,290.37,27.66,N,0
40.45499,-7.99646,367,0.44,0.62,2024-09-17,0319,N20,VIIRS,h,2,293.87,11.17,N,0
40.45359,-7.99151,339.31,0.44,0.62,2024-09-17,0319,N20,VIIRS,n,2,292.46,11.17,N,0
40.4509,-7.98204,340.15,0.44,0.62,2024-09-17,0319,N20,VIIRS,n,2,290.41,4.32,N,0
40.4455,-7.96297,325.89,0.44,0.62,2024-09-17,0319,N20,VIIRS,n,2,290.97,1.99,N,0
40.43846,-7.93816,367,0.44,0.62,2024-09-17,0319,N20,VIIRS,h,2,300.68,54.35,N,0
40.43683,-7.93239,329.95,0.44,0.62,2024-09-17,0319,N20,VIIRS,n,2,292.23,54.35,N,0
40.45641,-8.00149,311.85,0.44,0.62,2024-09-17,0319,N20,VIIRS,n,2,289.75,14.08,N,0
40.45224,-7.98675,317.3,0.44,0.62,2024-09-17,0319,N20,VIIRS,n,2,289.89,4.32,N,0
40.44958,-7.97737,309.98,0.44,0.62,2024-09-17,0319,N20,VIIRS,n,2,289.46,2.16,N,0
40.44406,-7.95789,306.53,0.44,0.62,2024-09-17,0319,N20,VIIRS,n,2,290.73,1.14,N,0
40.44267,-7.95297,305.35,0.44,0.62,2024-09-17,0319,N20,VIIRS,n,2,289.89,1.14,N,0
40.44133,-7.94828,308.41,0.44,0.62,2024-09-17,0319,N20,VIIRS,n,2,290.45,5.18,N,0
40.43996,-7.94347,312.67,0.44,0.62,2024-09-17,0319,N20,VIIRS,n,2,290.92,5.18,N,0
40.45094,-8.00387,367,0.44,0.62,2024-09-17,0319,N20,VIIRS,h,2,299.27,35.81,N,0
40.44957,-7.99901,342.41,0.44,0.62,2024-09-17,0319,N20,VIIRS,n,2,293.92,61.19,N,0
40.43442,-7.94565,367,0.44,0.62,2024-09-17,0319,N20,VIIRS,h,2,296.04,16.54,N,0
40.43285,-7.94012,350.04,0.44,0.62,2024-09-17,0319,N20,VIIRS,n,2,296.33,31.11,N,0
40.45237,-8.00892,307.54,0.44,0.62,2024-09-17,0319,N20,VIIRS,n,2,289.69,35.81,N,0
40.43861,-7.96039,310.65,0.44,0.62,2024-09-17,0319,N20,VIIRS,n,2,289.89,6.23,N,0
40.43719,-7.95537,310.87,0.44,0.62,2024-09-17,0319,N20,VIIRS,n,2,290.77,6.23,N,0
40.43582,-7.95055,312.6,0.44,0.62,2024-09-17,0319,N20,VIIRS,n,2,290.82,16.54,N,0
40.44683,-8.01103,367,0.44,0.62,2024-09-17,0319,N20,VIIRS,h,2,291.56,35.81,N,0
40.4455,-8.00632,347.7,0.44,0.62,2024-09-17,0319,N20,VIIRS,n,2,305.09,35.81,N,0
40.43309,-7.96265,367,0.44,0.62,2024-09-17,0319,N20,VIIRS,h,2,293.56,6.23,N,0
40.43164,-7.95752,350.88,0.44,0.62,2024-09-17,0319,N20,VIIRS,n,2,294.28,6.23,N,0
40.43022,-7.95253,367,0.44,0.62,2024-09-17,0319,N20,VIIRS,h,2,298.3,16.54,N,0
40.42881,-7.94757,355.03,0.44,0.62,2024-09-17,0319,N20,VIIRS,n,2,295.79,16.54,N,0
40.44288,-7.99711,310.09,0.44,0.62,2024-09-17,0319,N20,VIIRS,n,2,290.59,61.19,N,0
40.43455,-7.96776,305.27,0.44,0.62,2024-09-17,0319,N20,VIIRS,n,2,289.4,4.6,N,0
40.4415,-8.01388,351.63,0.44,0.62,2024-09-17,0319,N20,VIIRS,n,2,305.78,44.03,N,0
40.4402,-8.00932,351.27,0.44,0.62,2024-09-17,0319,N20,VIIRS,n,2,306.08,44.03,N,0
40.43892,-8.00482,335.29,0.44,0.62,2024-09-17,0319,N20,VIIRS,n,2,291.37,30.72,N,0
40.43344,-7.98553,332.55,0.44,0.62,2024-09-17,0319,N20,VIIRS,n,2,291.23,3.15,N,0
40.43052,-7.97526,367,0.44,0.62,2024-09-17,0319,N20,VIIRS,h,2,291.13,21.66,N,0
40.42907,-7.97014,352.82,0.44,0.62,2024-09-17,0319,N20,VIIRS,n,2,301.24,21.66,N,0
40.42757,-7.96486,367,0.44,0.62,2024-09-17,0319,N20,VIIRS,h,2,301.55,50.7,N,0
40.42608,-7.95964,344.84,0.44,0.62,2024-09-17,0319,N20,VIIRS,n,2,315.09,50.7,N,0
40.42464,-7.95458,346.02,0.44,0.62,2024-09-17,0319,N20,VIIRS,n,2,293.32,15.35,N,0
40.44282,-8.01852,313.7,0.44,0.62,2024-09-17,0319,N20,VIIRS,n,2,290.18,23.9,N,0
40.43486,-7.99053,302.8,0.44,0.62,2024-09-17,0319,N20,VIIRS,n,2,289.19,1.57,N,0
40.43197,-7.98035,302.21,0.44,0.62,2024-09-17,0319,N20,VIIRS,n,2,289.83,3.15,N,0
40.42321,-7.94956,302.71,0.44,0.62,2024-09-17,0319,N20,VIIRS,n,2,289.78,15.35,N,0
40.43754,-8.02155,345.21,0.44,0.62,2024-09-17,0319,N20,VIIRS,n,2,289.48,23.9,N,0
40.43621,-8.01689,346.1,0.44,0.62,2024-09-17,0319,N20,VIIRS,n,2,305.93,44.03,N,0
40.42512,-7.9779,336.41,0.44,0.62,2024-09-17,0319,N20,VIIRS,n,2,290.98,21.66,N,0
40.42363,-7.97266,367,0.44,0.62,2024-09-17,0319,N20,VIIRS,h,2,297.25,21.66,N,0
40.42207,-7.96719,345.47,0.44,0.62,2024-09-17,0319,N20,VIIRS,n,2,307.35,50.7,N,0
40.42053,-7.96179,323.4,0.44,0.62,2024-09-17,0319,N20,VIIRS,n,2,291.47,50.7,N,0
40.4349,-8.01227,315.44,0.44,0.62,2024-09-17,0319,N20,VIIRS,n,2,290.27,44.03,N,0
40.42944,-7.99309,305.47,0.44,0.62,2024-09-17,0319,N20,VIIRS,n,2,289.24,1.57,N,0
40.42804,-7.98815,312.04,0.44,0.62,2024-09-17,0319,N20,VIIRS,n,2,289.55,3.15,N,0
40.4192,-7.95713,301.92,0.44,0.62,2024-09-17,0319,N20,VIIRS,n,2,289.51,15.35,N,0
40.41972,-7.98058,367,0.44,0.62,2024-09-17,0319,N20,VIIRS,h,2,302.08,43.43,N,0
40.41818,-7.97516,344.06,0.44,0.62,2024-09-17,0319,N20,VIIRS,n,2,300.7,43.43,N,0
40.41659,-7.96959,331.9,0.44,0.62,2024-09-17,0319,N20,VIIRS,n,2,291.06,13.48,N,0
40.42118,-7.98567,308.99,0.44,0.62,2024-09-17,0319,N20,VIIRS,n,2,289.27,27.3,N,0
40.41515,-7.96455,303.53,0.44,0.62,2024-09-17,0319,N20,VIIRS,n,2,289.41,13.48,N,0
40.41573,-7.98815,367,0.44,0.62,2024-09-17,0319,N20,VIIRS,h,2,291.05,27.3,N,0
40.4143,-7.98313,339.97,0.44,0.62,2024-09-17,0319,N20,VIIRS,n,2,298.64,43.43,N,0
40.41275,-7.97772,312.22,0.44,0.62,2024-09-17,0319,N20,VIIRS,n,2,290.46,43.43,N,0
40.34282,-8.34386,318.56,0.42,0.61,2024-09-17,0319,N20,VIIRS,n,2,289.67,1.43,N,0
40.18952,-8.3891,313.25,0.43,0.62,2024-09-17,0319,N20,VIIRS,n,2,290.8,1.37,N,0
40.18832,-8.38483,303.33,0.43,0.62,2024-09-17,0319,N20,VIIRS,n,2,291.27,0.82,N,0
40.18714,-8.38068,302.63,0.43,0.62,2024-09-17,0319,N20,VIIRS,n,2,290.93,0.82,N,0
37.95885,-8.80487,300.66,0.47,0.64,2024-09-17,0320,N20,VIIRS,n,2,290.27,1.4,N,2
41.60211,-8.31207,332.87,0.54,0.42,2024-09-17,1302,N20,VIIRS,l,2,307.15,10.16,D,0
41.618,-8.25527,332.52,0.54,0.42,2024-09-17,1302,N20,VIIRS,l,2,303.33,8.2,D,0
41.61401,-8.27443,337.93,0.54,0.42,2024-09-17,1302,N20,VIIRS,n,2,305.07,11.31,D,0
41.61265,-8.28094,343.26,0.54,0.42,2024-09-17,1302,N20,VIIRS,n,2,304.49,11.31,D,0
41.60984,-8.29444,340.4,0.54,0.42,2024-09-17,1302,N20,VIIRS,n,2,303.51,15.4,D,0
41.60713,-8.3074,345.66,0.54,0.42,2024-09-17,1302,N20,VIIRS,n,2,314.97,59.57,D,0
41.63203,-8.24604,339.78,0.54,0.42,2024-09-17,1302,N20,VIIRS,n,2,303.28,11.42,D,0
41.62104,-8.29894,334.87,0.54,0.42,2024-09-17,1302,N20,VIIRS,n,2,303.41,4.31,D,0
41.63931,-8.24984,340.06,0.54,0.42,2024-09-17,1302,N20,VIIRS,n,2,308.99,116.14,D,0
41.63811,-8.25565,338.26,0.54,0.42,2024-09-17,1302,N20,VIIRS,n,2,307.31,22.09,D,0
41.63675,-8.26223,345.42,0.54,0.42,2024-09-17,1302,N20,VIIRS,n,2,307.16,22.09,D,0
41.63903,-8.27072,335.42,0.54,0.42,2024-09-17,1302,N20,VIIRS,n,2,303.15,66.41,D,0
41.6414,-8.27878,367,0.54,0.42,2024-09-17,1302,N20,VIIRS,h,2,330.94,66.41,D,0
41.64003,-8.28541,367,0.54,0.42,2024-09-17,1302,N20,VIIRS,h,2,307.88,14.09,D,0
41.63868,-8.29195,339.58,0.54,0.42,2024-09-17,1302,N20,VIIRS,n,2,307.02,14.09,D,0
41.64373,-8.28708,331.94,0.54,0.42,2024-09-17,1302,N20,VIIRS,n,2,300.27,29.89,D,0
41.6424,-8.29352,347.38,0.54,0.42,2024-09-17,1302,N20,VIIRS,n,2,319.75,29.89,D,0
41.64106,-8.3,339.85,0.54,0.42,2024-09-17,1302,N20,VIIRS,n,2,301.1,9.79,D,0
41.63975,-8.3063,339.88,0.54,0.42,2024-09-17,1302,N20,VIIRS,n,2,301.92,9.79,D,0
41.83917,-8.43553,341.22,0.54,0.42,2024-09-17,1302,N20,VIIRS,n,2,306.15,17.82,D,0
40.92054,-8.02581,367,0.54,0.42,2024-09-17,1302,N20,VIIRS,h,2,344.32,286.85,D,0
40.91534,-8.03136,340.86,0.54,0.42,2024-09-17,1302,N20,VIIRS,n,2,304.75,40.55,D,0
40.91945,-8.01146,350.37,0.54,0.42,2024-09-17,1302,N20,VIIRS,n,2,311.68,55.67,D,0
40.91667,-8.02491,367,0.54,0.42,2024-09-17,1302,N20,VIIRS,h,2,336.01,86.22,D,0
40.91557,-8.01066,367,0.54,0.42,2024-09-17,1302,N20,VIIRS,l,2,329.86,55.67,D,0
40.91283,-8.02391,334.12,0.54,0.42,2024-09-17,1302,N20,VIIRS,n,2,301.44,86.22,D,0
40.91418,-8.01739,336.91,0.54,0.42,2024-09-17,1302,N20,VIIRS,n,2,305.83,86.22,D,0
40.91694,-8.00404,332,0.54,0.42,2024-09-17,1302,N20,VIIRS,n,2,300.59,55.67,D,0
40.80339,-8.42906,330.94,0.57,0.43,2024-09-17,1302,N20,VIIRS,n,2,298.68,7.3,D,0
40.80478,-8.4225,352.55,0.57,0.43,2024-09-17,1302,N20,VIIRS,n,2,310.22,55.17,D,0
40.80622,-8.41575,345.19,0.57,0.43,2024-09-17,1302,N20,VIIRS,n,2,308.38,55.17,D,0
40.80242,-8.41414,350.22,0.57,0.43,2024-09-17,1302,N20,VIIRS,n,2,310.56,33.91,D,0
40.79853,-8.41296,345.27,0.57,0.43,2024-09-17,1302,N20,VIIRS,n,2,304.39,33.91,D,0
40.79469,-8.41154,334.14,0.57,0.43,2024-09-17,1302,N20,VIIRS,l,2,304.88,14.48,D,0
40.79624,-8.40429,355.83,0.57,0.43,2024-09-17,1302,N20,VIIRS,n,2,304.43,24.47,D,0
40.79245,-8.40264,343.22,0.57,0.43,2024-09-17,1302,N20,VIIRS,n,2,302.27,24.47,D,0
40.78477,-8.39988,331.4,0.57,0.43,2024-09-17,1302,N20,VIIRS,l,2,302.52,25.06,D,0
40.80677,-8.29645,336.61,0.56,0.43,2024-09-17,1302,N20,VIIRS,n,2,298.4,7.09,D,0
40.89251,-7.88832,337.5,0.53,0.42,2024-09-17,1302,N20,VIIRS,n,2,297.33,21.18,D,0
40.89775,-7.86306,337.26,0.53,0.42,2024-09-17,1302,N20,VIIRS,n,2,298.69,14.69,D,0
40.89908,-7.8567,332.34,0.53,0.42,2024-09-17,1302,N20,VIIRS,n,2,297.1,7.28,D,0
40.8967,-7.8488,309.43,0.53,0.42,2024-09-17,1302,N20,VIIRS,l,2,322.71,147.96,D,0
40.78086,-8.3988,344.34,0.57,0.43,2024-09-17,1302,N20,VIIRS,n,2,302.18,14.07,D,0
40.80289,-8.29537,354.33,0.56,0.43,2024-09-17,1302,N20,VIIRS,n,2,300.01,9.91,D,0
40.88232,-7.91786,339.5,0.54,0.42,2024-09-17,1302,N20,VIIRS,n,2,294.06,32.86,D,0
40.88486,-7.90568,336.51,0.54,0.42,2024-09-17,1302,N20,VIIRS,n,2,298.12,10.75,D,0
40.88613,-7.89958,341.45,0.53,0.42,2024-09-17,1302,N20,VIIRS,n,2,300.38,10.75,D,0
40.88873,-7.88709,341.19,0.53,0.42,2024-09-17,1302,N20,VIIRS,l,2,315.97,87.02,D,0
40.89133,-7.87462,341.76,0.53,0.42,2024-09-17,1302,N20,VIIRS,n,2,296.21,159.9,D,0
40.89799,-7.84258,331.69,0.53,0.42,2024-09-17,1302,N20,VIIRS,n,2,297.12,86.59,D,0
40.89265,-7.86826,367,0.53,0.42,2024-09-17,1302,N20,VIIRS,h,2,327.94,123.28,D,0
40.89404,-7.86162,367,0.53,0.42,2024-09-17,1302,N20,VIIRS,h,2,338.32,123.28,D,0
40.89538,-7.85517,367,0.53,0.42,2024-09-17,1302,N20,VIIRS,h,2,337.35,147.96,D,0
40.893,-7.84728,350.09,0.53,0.42,2024-09-17,1302,N20,VIIRS,l,2,325.11,147.96,D,0
40.77248,-8.41858,347.99,0.57,0.43,2024-09-17,1302,N20,VIIRS,n,2,304.76,11.71,D,0
40.77393,-8.4118,343.18,0.57,0.43,2024-09-17,1302,N20,VIIRS,n,2,305.64,25.36,D,0
40.77547,-8.40462,354.66,0.57,0.43,2024-09-17,1302,N20,VIIRS,n,2,309.64,25.36,D,0
40.77699,-8.39752,344.5,0.57,0.43,2024-09-17,1302,N20,VIIRS,n,2,297.97,14.07,D,0
40.799,-8.29431,332.66,0.56,0.43,2024-09-17,1302,N20,VIIRS,n,2,298.44,9.91,D,0
40.87862,-7.9163,353.25,0.54,0.42,2024-09-17,1302,N20,VIIRS,n,2,310.39,32.86,D,0
40.8799,-7.91017,349.22,0.54,0.42,2024-09-17,1302,N20,VIIRS,n,2,306.85,32.86,D,0
40.88116,-7.9041,336.49,0.54,0.42,2024-09-17,1302,N20,VIIRS,n,2,298.35,10.75,D,0
40.88892,-7.86687,347.92,0.53,0.42,2024-09-17,1302,N20,VIIRS,n,2,316.32,123.28,D,0
40.8943,-7.84106,349.74,0.53,0.42,2024-09-17,1302,N20,VIIRS,n,2,312.02,86.59,D,0
40.89165,-7.85379,367,0.53,0.42,2024-09-17,1302,N20,VIIRS,h,2,352.76,147.96,D,0
40.76862,-8.41728,330.75,0.57,0.43,2024-09-17,1302,N20,VIIRS,n,2,298.81,6.45,D,0
40.77009,-8.41039,348.34,0.57,0.43,2024-09-17,1302,N20,VIIRS,n,2,318.16,57.77,D,0
40.77166,-8.40309,354.58,0.57,0.43,2024-09-17,1302,N20,VIIRS,n,2,314.8,57.77,D,0
40.77315,-8.39613,343.19,0.57,0.43,2024-09-17,1302,N20,VIIRS,n,2,298.2,17.49,D,0
40.87358,-7.92114,344.7,0.54,0.42,2024-09-17,1302,N20,VIIRS,n,2,300.46,13,D,0
40.87615,-7.90883,337.81,0.54,0.42,2024-09-17,1302,N20,VIIRS,n,2,299.96,7.4,D,0
40.89187,-7.83343,337.8,0.53,0.42,2024-09-17,1302,N20,VIIRS,n,2,305.86,7.56,D,0
40.89444,-7.8211,334.95,0.53,0.42,2024-09-17,1302,N20,VIIRS,l,2,307.45,9.49,D,0
40.86849,-7.92616,344.08,0.54,0.42,2024-09-17,1302,N20,VIIRS,n,2,304.23,13,D,0
40.78561,-8.39902,344.98,0.57,0.43,2024-09-17,1302,N20,VIIRS,n,2,300.51,19.1,D,0
40.80705,-8.29545,333.55,0.56,0.43,2024-09-17,1302,N20,VIIRS,n,2,299.09,13.3,D,0
40.89198,-7.88013,341.77,0.53,0.42,2024-09-17,1302,N20,VIIRS,n,2,296.87,105.43,D,0
40.89589,-7.86079,367,0.53,0.42,2024-09-17,1302,N20,VIIRS,h,2,337.65,203.97,D,0
40.8908,-7.86606,367,0.53,0.42,2024-09-17,1302,N20,VIIRS,l,2,331.29,255.61,D,0
40.89346,-7.85294,367,0.53,0.42,2024-09-17,1302,N20,VIIRS,l,2,362.88,203.97,D,0
40.78171,-8.39794,345.03,0.57,0.43,2024-09-17,1302,N20,VIIRS,n,2,303.66,19.1,D,0
40.80318,-8.29435,352.05,0.56,0.43,2024-09-17,1302,N20,VIIRS,n,2,299.96,13.3,D,0
40.87947,-7.92198,346.75,0.54,0.42,2024-09-17,1302,N20,VIIRS,n,2,299.55,32.65,D,0
40.88073,-7.9158,346.86,0.54,0.42,2024-09-17,1302,N20,VIIRS,n,2,314.25,32.65,D,0
40.88197,-7.90968,350.93,0.54,0.42,2024-09-17,1302,N20,VIIRS,n,2,302.24,20.55,D,0
40.88321,-7.90358,340.26,0.54,0.42,2024-09-17,1302,N20,VIIRS,n,2,298.05,20.55,D,0
40.88821,-7.87892,340.81,0.53,0.42,2024-09-17,1302,N20,VIIRS,l,2,311.81,105.43,D,0
40.89214,-7.85948,338.28,0.53,0.42,2024-09-17,1302,N20,VIIRS,n,2,305.3,203.97,D,0
40.89476,-7.84648,367,0.53,0.42,2024-09-17,1302,N20,VIIRS,h,2,338.59,220.19,D,0
40.77345,-8.41788,340,0.57,0.43,2024-09-17,1302,N20,VIIRS,n,2,303.57,20.47,D,0
40.77488,-8.411,344.89,0.57,0.43,2024-09-17,1302,N20,VIIRS,n,2,306.41,20.47,D,0
40.77636,-8.40384,355.29,0.57,0.43,2024-09-17,1302,N20,VIIRS,n,2,306.62,26.13,D,0
40.77784,-8.39672,337.5,0.57,0.43,2024-09-17,1302,N20,VIIRS,n,2,296.81,26.13,D,0
40.87573,-7.92055,338.34,0.54,0.42,2024-09-17,1302,N20,VIIRS,n,2,312.26,72.68,D,0
40.89355,-7.83264,355.54,0.53,0.42,2024-09-17,1302,N20,VIIRS,n,2,308.53,15.21,D,0
40.89605,-7.82025,342.89,0.53,0.42,2024-09-17,1302,N20,VIIRS,n,2,304.38,8.67,D,0
41.60892,-8.27945,337.49,0.54,0.42,2024-09-17,1302,N20,VIIRS,n,2,307.25,73.11,D,0
41.10033,-8.46645,339.19,0.56,0.43,2024-09-17,1302,N20,VIIRS,n,2,303.66,11.83,D,0
41.09494,-8.49242,347.53,0.56,0.43,2024-09-17,1302,N20,VIIRS,n,2,298.8,7.89,D,0
41.19991,-8.0006,367,0.53,0.42,2024-09-17,1302,N20,VIIRS,h,2,344.85,99.26,D,0
41.1987,-8.00656,353.27,0.53,0.42,2024-09-17,1302,N20,VIIRS,n,2,300.27,99.26,D,0
41.18175,-8.0901,335.76,0.54,0.42,2024-09-17,1302,N20,VIIRS,l,2,306.27,10.55,D,0
41.12177,-8.38267,332.91,0.56,0.43,2024-09-17,1302,N20,VIIRS,n,2,301.06,48.44,D,0
41.11905,-8.39589,348.38,0.56,0.43,2024-09-17,1302,N20,VIIRS,n,2,316.52,63.54,D,0
41.11507,-8.41507,351.09,0.56,0.43,2024-09-17,1302,N20,VIIRS,n,2,304.92,29.92,D,0
41.111,-8.43477,343.77,0.56,0.43,2024-09-17,1302,N20,VIIRS,n,2,307.53,28.71,D,0
41.10695,-8.45439,343.09,0.56,0.43,2024-09-17,1302,N20,VIIRS,n,2,305.55,18.75,D,0
41.10414,-8.46794,343.76,0.56,0.43,2024-09-17,1302,N20,VIIRS,n,2,303.66,11.83,D,0
41.10281,-8.47439,348.17,0.56,0.43,2024-09-17,1302,N20,VIIRS,n,2,307.49,24.52,D,0
41.10012,-8.48732,339.07,0.56,0.43,2024-09-17,1302,N20,VIIRS,n,2,300.77,7.89,D,0
41.09876,-8.49388,336.13,0.56,0.43,2024-09-17,1302,N20,VIIRS,n,2,299.78,7.89,D,0
41.09476,-8.51311,353.21,0.56,0.43,2024-09-17,1302,N20,VIIRS,n,2,301.66,16.44,D,0
41.20113,-7.99457,367,0.53,0.42,2024-09-17,1302,N20,VIIRS,l,2,329.3,55.43,D,0
41.11765,-8.40266,367,0.56,0.43,2024-09-17,1302,N20,VIIRS,l,2,330.89,63.54,D,0
41.14309,-8.20645,367,0.55,0.42,2024-09-17,1302,N20,VIIRS,h,2,331.91,172.41,D,0
41.17287,-8.06501,337.39,0.54,0.42,2024-09-17,1302,N20,VIIRS,n,2,299.6,7.97,D,0
41.14732,-8.18644,340.08,0.54,0.42,2024-09-17,1302,N20,VIIRS,n,2,297.13,13.53,D,0
41.14593,-8.19302,348.17,0.54,0.42,2024-09-17,1302,N20,VIIRS,n,2,310.1,34.58,D,0
41.14452,-8.1997,356.31,0.54,0.42,2024-09-17,1302,N20,VIIRS,n,2,309.91,34.58,D,0
41.11089,-8.3584,340.06,0.55,0.43,2024-09-17,1302,N20,VIIRS,n,2,302.31,9.09,D,0
41.09574,-8.4295,356.26,0.56,0.43,2024-09-17,1302,N20,VIIRS,n,2,305.16,34.54,D,0
41.09306,-8.44208,367,0.56,0.43,2024-09-17,1302,N20,VIIRS,l,2,332.52,86.36,D,0
41.16271,-8.13258,338.82,0.54,0.42,2024-09-17,1302,N20,VIIRS,l,2,310.85,32.48,D,0
41.16147,-8.13852,342.9,0.54,0.42,2024-09-17,1302,N20,VIIRS,n,2,305.3,32.48,D,0
41.14817,-8.20165,332.66,0.54,0.42,2024-09-17,1302,N20,VIIRS,n,2,297.13,34.58,D,0
41.09816,-8.43747,351.03,0.56,0.43,2024-09-17,1302,N20,VIIRS,n,2,311.97,86.36,D,0
39.71071,-8.67956,344.31,0.41,0.45,2024-09-17,1302,N20,VIIRS,n,2,305.13,12.27,D,0
40.24627,-7.9883,354.8,0.56,0.43,2024-09-17,1302,N20,VIIRS,n,2,307.3,127.51,D,0
40.25005,-7.98981,349.07,0.56,0.43,2024-09-17,1302,N20,VIIRS,n,2,320.24,127.51,D,0
40.25514,-7.98503,335.06,0.55,0.43,2024-09-17,1302,N20,VIIRS,l,2,308.48,33.93,D,0
40.25384,-7.9913,348.84,0.56,0.43,2024-09-17,1302,N20,VIIRS,n,2,315.22,64.68,D,0
40.38397,-7.9979,344.07,0.55,0.43,2024-09-17,1302,N20,VIIRS,n,2,302.45,9.67,D,0
40.38264,-8.00432,348.01,0.55,0.43,2024-09-17,1302,N20,VIIRS,n,2,314.29,64.54,D,0
40.38132,-8.01066,339.95,0.55,0.43,2024-09-17,1302,N20,VIIRS,n,2,314.62,64.54,D,0
40.38002,-8.01699,331.1,0.55,0.43,2024-09-17,1302,N20,VIIRS,n,2,300.32,8.79,D,0
40.39178,-7.97986,334.55,0.55,0.43,2024-09-17,1302,N20,VIIRS,n,2,305.81,26.89,D,0
40.39045,-7.98632,352.45,0.55,0.43,2024-09-17,1302,N20,VIIRS,n,2,314.47,26.89,D,0
40.38512,-8.01206,350.39,0.55,0.43,2024-09-17,1302,N20,VIIRS,n,2,304.65,104.3,D,0
40.38381,-8.01842,339.12,0.55,0.43,2024-09-17,1302,N20,VIIRS,n,2,296.84,13.12,D,0
40.38777,-7.99927,367,0.55,0.43,2024-09-17,1302,N20,VIIRS,l,2,363.21,191.9,D,0
40.38644,-8.00571,367,0.55,0.43,2024-09-17,1302,N20,VIIRS,l,2,326.28,104.3,D,0
40.39421,-7.98787,367,0.55,0.43,2024-09-17,1302,N20,VIIRS,h,2,307.76,26.89,D,0
40.39821,-7.96845,334.37,0.55,0.43,2024-09-17,1302,N20,VIIRS,n,2,302.82,31.79,D,0
40.3969,-7.97484,344.99,0.55,0.43,2024-09-17,1302,N20,VIIRS,n,2,318.06,31.79,D,0
40.39556,-7.98131,350.89,0.55,0.43,2024-09-17,1302,N20,VIIRS,n,2,306.3,26.89,D,0
40.39286,-7.9944,354.24,0.55,0.43,2024-09-17,1302,N20,VIIRS,n,2,303.13,191.9,D,0
40.39154,-8.00078,352.39,0.55,0.43,2024-09-17,1302,N20,VIIRS,n,2,301.33,191.9,D,0
40.40063,-7.97654,367,0.55,0.43,2024-09-17,1302,N20,VIIRS,h,2,305.34,12.07,D,0
40.40327,-7.96368,339.26,0.55,0.43,2024-09-17,1302,N20,VIIRS,n,2,310.1,21.79,D,0
40.40194,-7.97019,351.53,0.55,0.43,2024-09-17,1302,N20,VIIRS,n,2,311.24,12.07,D,0
40.39931,-7.9829,352.82,0.55,0.43,2024-09-17,1302,N20,VIIRS,n,2,309.12,10.35,D,0
40.39663,-7.99593,346.51,0.55,0.43,2024-09-17,1302,N20,VIIRS,n,2,300.11,6.7,D,0
40.40702,-7.96529,338.82,0.55,0.43,2024-09-17,1302,N20,VIIRS,n,2,308.32,21.79,D,0
40.40568,-7.97183,333.03,0.55,0.43,2024-09-17,1302,N20,VIIRS,n,2,306.33,12.07,D,0
40.40437,-7.97818,334.85,0.55,0.43,2024-09-17,1302,N20,VIIRS,n,2,305.91,12.07,D,0
40.40309,-7.98438,339.67,0.55,0.43,2024-09-17,1302,N20,VIIRS,n,2,303.43,10.35,D,0
40.40179,-7.99068,335.95,0.55,0.43,2024-09-17,1302,N20,VIIRS,n,2,301.1,10.35,D,0
40.40048,-7.99706,337.46,0.55,0.43,2024-09-17,1302,N20,VIIRS,n,2,301.38,6.7,D,0
40.3979,-8.00956,350.8,0.55,0.43,2024-09-17,1302,N20,VIIRS,n,2,299.57,8.53,D,0
40.39662,-8.01581,331.05,0.55,0.43,2024-09-17,1302,N20,VIIRS,n,2,297.07,8.53,D,0
40.41346,-7.95376,347.89,0.55,0.43,2024-09-17,1302,N20,VIIRS,n,2,316.62,49,D,0
40.40305,-8.00442,349.18,0.55,0.43,2024-09-17,1302,N20,VIIRS,n,2,301.75,10.38,D,0
40.41847,-7.94922,345.99,0.55,0.43,2024-09-17,1302,N20,VIIRS,n,2,302.94,49,D,0
40.4172,-7.95543,346.12,0.55,0.43,2024-09-17,1302,N20,VIIRS,l,2,318.02,49,D,0
40.41587,-7.96187,353.3,0.55,0.43,2024-09-17,1302,N20,VIIRS,n,2,304.95,79.02,D,0
40.42483,-7.93808,354.27,0.55,0.43,2024-09-17,1302,N20,VIIRS,n,2,307.01,35.35,D,0
40.42354,-7.94433,330.76,0.55,0.43,2024-09-17,1302,N20,VIIRS,l,2,304.48,35.35,D,0
40.42225,-7.95066,353.57,0.55,0.43,2024-09-17,1302,N20,VIIRS,n,2,312.69,21.25,D,0
40.42094,-7.95702,343.68,0.55,0.43,2024-09-17,1302,N20,VIIRS,n,2,306.3,21.25,D,0
40.4146,-7.98791,348.64,0.55,0.43,2024-09-17,1302,N20,VIIRS,n,2,307.61,42.99,D,0
40.4312,-7.92682,346.98,0.55,0.42,2024-09-17,1302,N20,VIIRS,n,2,304.75,107.21,D,0
40.43628,-7.92186,336.48,0.55,0.42,2024-09-17,1302,N20,VIIRS,n,2,301.96,7.15,D,0
40.43499,-7.92816,349.25,0.55,0.42,2024-09-17,1302,N20,VIIRS,n,2,305.39,13.49,D,0
40.41879,-7.95171,349.75,0.55,0.43,2024-09-17,1302,N20,VIIRS,n,2,314.01,28.11,D,0
40.76958,-8.41658,347.23,0.57,0.43,2024-09-17,1302,N20,VIIRS,n,2,301.86,20.47,D,0
40.77103,-8.40963,347.24,0.57,0.43,2024-09-17,1302,N20,VIIRS,n,2,320.5,20.47,D,0
40.77254,-8.40231,353.97,0.57,0.43,2024-09-17,1302,N20,VIIRS,n,2,315.63,26.13,D,0
40.77399,-8.39535,338,0.57,0.43,2024-09-17,1302,N20,VIIRS,n,2,298.81,26.13,D,0
40.87069,-7.92554,345.32,0.54,0.42,2024-09-17,1302,N20,VIIRS,n,2,301.86,11.32,D,0
40.76724,-8.40794,330.9,0.57,0.43,2024-09-17,1302,N20,VIIRS,n,2,295.44,2.15,D,0
40.88727,-7.80432,353.18,0.53,0.42,2024-09-17,1302,N20,VIIRS,n,2,313.41,39.51,D,0
40.75665,-8.41909,345.36,0.57,0.43,2024-09-17,1302,N20,VIIRS,n,2,299.84,13.68,D,0
40.75815,-8.41189,331.5,0.57,0.43,2024-09-17,1302,N20,VIIRS,n,2,295.35,21.81,D,0
40.86586,-7.88993,345.2,0.54,0.42,2024-09-17,1302,N20,VIIRS,n,2,307.72,12.4,D,0
40.88231,-7.80902,344.62,0.53,0.42,2024-09-17,1302,N20,VIIRS,n,2,311.33,24.51,D,0
40.8835,-7.80315,340.94,0.53,0.42,2024-09-17,1302,N20,VIIRS,n,2,302.93,5.92,D,0
40.75138,-8.42445,331.33,0.57,0.43,2024-09-17,1302,N20,VIIRS,l,2,304.49,13.68,D,0
40.75285,-8.41743,356.3,0.57,0.43,2024-09-17,1302,N20,VIIRS,n,2,309.88,13.68,D,0
40.41746,-7.95801,355.83,0.55,0.43,2024-09-17,1302,N20,VIIRS,n,2,307.42,19.59,D,0
40.4161,-7.96441,336.52,0.55,0.43,2024-09-17,1302,N20,VIIRS,n,2,302.46,19.59,D,0
40.42785,-7.92804,331.58,0.55,0.42,2024-09-17,1302,N20,VIIRS,n,2,300.22,6.66,D,0
40.42651,-7.93437,345.28,0.55,0.42,2024-09-17,1302,N20,VIIRS,l,2,316.51,51.18,D,0
40.42519,-7.94061,347.78,0.55,0.43,2024-09-17,1302,N20,VIIRS,n,2,308.93,51.18,D,0
40.42389,-7.94686,338.19,0.55,0.43,2024-09-17,1302,N20,VIIRS,n,2,306.45,28.11,D,0
40.42255,-7.9532,354.81,0.55,0.43,2024-09-17,1302,N20,VIIRS,n,2,313.23,28.11,D,0
40.41472,-7.99036,349.61,0.55,0.43,2024-09-17,1302,N20,VIIRS,n,2,307.48,43.1,D,0
40.43162,-7.92946,353.59,0.55,0.42,2024-09-17,1302,N20,VIIRS,n,2,314.79,22.48,D,0
40.4303,-7.93573,355.68,0.55,0.42,2024-09-17,1302,N20,VIIRS,n,2,310.08,33.81,D,0
40.43673,-7.92452,343.82,0.55,0.42,2024-09-17,1302,N20,VIIRS,n,2,305.43,22.48,D,0
40.44185,-7.91951,345.32,0.55,0.42,2024-09-17,1302,N20,VIIRS,n,2,306.41,9.44,D,0
40.75431,-8.41042,345.27,0.57,0.43,2024-09-17,1302,N20,VIIRS,n,2,307.59,21.81,D,0
40.87359,-7.83222,339.5,0.53,0.42,2024-09-17,1302,N20,VIIRS,l,2,310.52,6.32,D,0
40.73231,-8.49558,334.11,0.57,0.43,2024-09-17,1302,N20,VIIRS,n,2,299.52,6.05,D,0
40.75045,-8.40913,343.47,0.57,0.43,2024-09-17,1302,N20,VIIRS,n,2,310.92,30.04,D,0
40.83273,-8.01241,350.63,0.54,0.42,2024-09-17,1302,N20,VIIRS,n,2,309.55,75.42,D,0
40.44694,-7.91463,337.4,0.55,0.42,2024-09-17,1302,N20,VIIRS,n,2,303.97,9.44,D,0
40.44565,-7.92078,337.32,0.55,0.42,2024-09-17,1302,N20,VIIRS,n,2,309.37,9.44,D,0
40.45333,-7.90351,341.87,0.55,0.42,2024-09-17,1302,N20,VIIRS,n,2,307.45,9.81,D,0
40.45204,-7.90968,347.72,0.55,0.42,2024-09-17,1302,N20,VIIRS,n,2,310.86,9.81,D,0
40.45844,-7.89852,331.59,0.54,0.42,2024-09-17,1302,N20,VIIRS,l,2,302.57,2.6,D,0
40.45713,-7.90479,332.01,0.55,0.42,2024-09-17,1302,N20,VIIRS,l,2,306.5,9.81,D,0
40.43225,-8.02359,345.67,0.55,0.43,2024-09-17,1302,N20,VIIRS,n,2,307.14,24.42,D,0
40.43093,-8.0299,348.57,0.55,0.43,2024-09-17,1302,N20,VIIRS,n,2,313.58,94.86,D,0
40.42959,-8.0363,367,0.55,0.43,2024-09-17,1302,N20,VIIRS,l,2,330.54,94.86,D,0
40.43735,-8.01877,350.93,0.55,0.43,2024-09-17,1302,N20,VIIRS,n,2,308.38,21.97,D,0
40.43603,-8.02509,350.3,0.55,0.43,2024-09-17,1302,N20,VIIRS,n,2,310.24,21.97,D,0
41.09686,-8.44356,348.96,0.56,0.43,2024-09-17,1302,N20,VIIRS,n,2,306.03,86.36,D,0
41.09401,-8.45693,348.3,0.56,0.43,2024-09-17,1302,N20,VIIRS,n,2,312.87,179.25,D,0
41.09253,-8.46383,354.06,0.56,0.43,2024-09-17,1302,N20,VIIRS,n,2,310.01,136.25,D,0
41.18326,-8.03471,367,0.54,0.42,2024-09-17,1302,N20,VIIRS,l,2,329.32,300.02,D,0
41.09547,-8.45005,367,0.56,0.43,2024-09-17,1302,N20,VIIRS,l,2,334.44,179.25,D,0
41.20356,-7.95664,335.22,0.53,0.42,2024-09-17,1302,N20,VIIRS,n,2,301.02,14.43,D,0
41.19706,-7.98782,350.39,0.53,0.42,2024-09-17,1302,N20,VIIRS,n,2,314.91,46.31,D,0
41.18584,-8.04164,355.92,0.54,0.42,2024-09-17,1302,N20,VIIRS,n,2,315.48,205.07,D,0
41.11438,-8.38062,343.37,0.56,0.43,2024-09-17,1302,N20,VIIRS,n,2,304.81,10.78,D,0
41.09632,-8.46535,354.78,0.56,0.43,2024-09-17,1302,N20,VIIRS,n,2,309.12,180.47,D,0
41.17968,-8.0903,337.49,0.54,0.42,2024-09-17,1302,N20,VIIRS,n,2,306.03,10.63,D,0
41.16897,-8.14141,343.25,0.54,0.42,2024-09-17,1302,N20,VIIRS,n,2,304.73,92.79,D,0
41.11822,-8.3819,332.08,0.56,0.43,2024-09-17,1302,N20,VIIRS,n,2,301.45,10.78,D,0
41.11684,-8.38838,348.56,0.56,0.43,2024-09-17,1302,N20,VIIRS,n,2,308.97,18.34,D,0
41.11264,-8.40812,342.3,0.56,0.43,2024-09-17,1302,N20,VIIRS,n,2,311.36,45.27,D,0
41.11139,-8.41401,340.41,0.56,0.43,2024-09-17,1302,N20,VIIRS,n,2,312.57,30.81,D,0
41.19959,-7.99501,367,0.53,0.42,2024-09-17,1302,N20,VIIRS,l,2,326.67,155.53,D,0
41.20219,-8.00184,367,0.53,0.42,2024-09-17,1302,N20,VIIRS,h,2,347.01,116.86,D,0
41.19197,-8.05089,367,0.54,0.42,2024-09-17,1302,N20,VIIRS,h,2,339,226.21,D,0
41.20343,-7.9959,347.55,0.53,0.42,2024-09-17,1302,N20,VIIRS,n,2,315.7,116.86,D,0
41.20095,-8.00783,346.71,0.53,0.42,2024-09-17,1302,N20,VIIRS,n,2,320.92,58.44,D,0
41.1997,-8.01382,337.64,0.53,0.42,2024-09-17,1302,N20,VIIRS,n,2,305.31,58.44,D,0
41.19059,-8.05752,349.26,0.54,0.42,2024-09-17,1302,N20,VIIRS,n,2,314.71,41.96,D,0
41.18493,-8.08457,338.84,0.54,0.42,2024-09-17,1302,N20,VIIRS,n,2,305.35,5.92,D,0
41.12202,-8.38329,332.45,0.56,0.43,2024-09-17,1302,N20,VIIRS,n,2,300.91,19.65,D,0
41.11923,-8.39647,348.33,0.56,0.43,2024-09-17,1302,N20,VIIRS,n,2,315.1,127.01,D,0
41.11644,-8.40962,332.69,0.56,0.43,2024-09-17,1302,N20,VIIRS,l,2,304.06,44.26,D,0
41.11517,-8.41559,349.31,0.56,0.43,2024-09-17,1302,N20,VIIRS,n,2,302.84,12.92,D,0
41.11252,-8.42807,339.65,0.56,0.43,2024-09-17,1302,N20,VIIRS,n,2,301.85,21.38,D,0
41.11098,-8.43527,342.93,0.56,0.43,2024-09-17,1302,N20,VIIRS,n,2,308.44,21.38,D,0
41.10683,-8.45481,343.93,0.56,0.43,2024-09-17,1302,N20,VIIRS,n,2,306.18,25.64,D,0
41.10395,-8.46833,345.94,0.56,0.43,2024-09-17,1302,N20,VIIRS,n,2,303.96,39.52,D,0
41.10258,-8.47475,347.42,0.56,0.43,2024-09-17,1302,N20,VIIRS,n,2,307.58,39.52,D,0
41.09983,-8.48765,340.61,0.56,0.43,2024-09-17,1302,N20,VIIRS,n,2,301.27,10.43,D,0
41.09843,-8.4942,337.15,0.56,0.43,2024-09-17,1302,N20,VIIRS,n,2,300.98,7.79,D,0
41.09435,-8.51337,351.71,0.56,0.43,2024-09-17,1302,N20,VIIRS,n,2,301.59,12.65,D,0
41.1178,-8.40322,367,0.56,0.43,2024-09-17,1302,N20,VIIRS,l,2,330.43,44.26,D,0
41.20097,-8.02707,367,0.53,0.42,2024-09-17,1302,N20,VIIRS,h,2,330.56,78.4,D,0
41.20352,-8.01481,349.55,0.53,0.42,2024-09-17,1302,N20,VIIRS,n,2,312.68,58.44,D,0
41.20225,-8.0209,342.49,0.53,0.42,2024-09-17,1302,N20,VIIRS,n,2,306.44,78.4,D,0
41.18869,-8.08592,334.09,0.54,0.42,2024-09-17,1302,N20,VIIRS,n,2,304.81,5.92,D,0
41.11334,-8.44357,344.95,0.56,0.43,2024-09-17,1302,N20,VIIRS,n,2,305.73,54.26,D,0
41.11061,-8.4564,353.41,0.56,0.43,2024-09-17,1302,N20,VIIRS,n,2,306.18,25.64,D,0
41.10507,-8.48245,339.46,0.56,0.43,2024-09-17,1302,N20,VIIRS,n,2,302.35,10.43,D,0
41.10226,-8.4956,333.71,0.56,0.43,2024-09-17,1302,N20,VIIRS,n,2,299.76,7.79,D,0
41.09959,-8.50818,339.87,0.56,0.43,2024-09-17,1302,N20,VIIRS,n,2,298.8,12.65,D,0
41.19965,-8.03338,367,0.53,0.42,2024-09-17,1302,N20,VIIRS,l,2,327.93,139.17,D,0
41.19429,-8.0591,367,0.54,0.42,2024-09-17,1302,N20,VIIRS,l,2,328.43,41.96,D,0
41.20332,-8.0351,367,0.53,0.42,2024-09-17,1302,N20,VIIRS,h,2,335.38,62.81,D,0
41.2145,-7.98127,349.7,0.53,0.42,2024-09-17,1302,N20,VIIRS,n,2,315.56,41.99,D,0
41.21327,-7.98722,350.05,0.53,0.42,2024-09-17,1302,N20,VIIRS,n,2,311.35,49.71,D,0
41.20201,-8.04138,341.52,0.54,0.42,2024-09-17,1302,N20,VIIRS,n,2,305.41,62.81,D,0
41.11031,-8.47722,337.2,0.56,0.43,2024-09-17,1302,N20,VIIRS,n,2,297.44,13.01,D,0
41.10611,-8.49694,334.38,0.56,0.43,2024-09-17,1302,N20,VIIRS,n,2,300.96,23.48,D,0
41.21694,-7.98888,333.54,0.53,0.42,2024-09-17,1302,N20,VIIRS,l,2,306.03,49.71,D,0
41.21574,-7.99467,350.08,0.53,0.42,2024-09-17,1302,N20,VIIRS,n,2,311.65,49.71,D,0
41.21456,-8.00037,336.2,0.53,0.42,2024-09-17,1302,N20,VIIRS,n,2,302.11,13.86,D,0
41.207,-8.03677,339.84,0.53,0.42,2024-09-17,1302,N20,VIIRS,n,2,299.05,62.81,D,0
41.20438,-8.0494,350.2,0.54,0.42,2024-09-17,1302,N20,VIIRS,n,2,315.13,107.71,D,0
41.19203,-8.10862,331.41,0.54,0.42,2024-09-17,1302,N20,VIIRS,n,2,297.41,4.92,D,0
41.17104,-8.20899,329.89,0.54,0.42,2024-09-17,1302,N20,VIIRS,n,2,303.85,36.77,D,0
41.10995,-8.49831,347.74,0.56,0.43,2024-09-17,1302,N20,VIIRS,n,2,305.09,23.48,D,0
41.10864,-8.5045,347.76,0.56,0.43,2024-09-17,1302,N20,VIIRS,n,2,309.57,23.48,D,0
40.43471,-8.0314,347.4,0.55,0.43,2024-09-17,1302,N20,VIIRS,l,2,318.71,91.49,D,0
40.44245,-8.01395,343.21,0.55,0.43,2024-09-17,1302,N20,VIIRS,n,2,307.37,9.81,D,0
40.44113,-8.02026,351.76,0.55,0.43,2024-09-17,1302,N20,VIIRS,n,2,310.2,21.97,D,0
40.4398,-8.0266,346.58,0.55,0.43,2024-09-17,1302,N20,VIIRS,n,2,311.64,21.97,D,0
40.43716,-8.03919,333.99,0.55,0.43,2024-09-17,1302,N20,VIIRS,n,2,298.63,91.49,D,0
40.47499,-7.87751,340.89,0.54,0.42,2024-09-17,1302,N20,VIIRS,n,2,304.09,10.53,D,0
40.44891,-8.00262,332.91,0.55,0.43,2024-09-17,1302,N20,VIIRS,l,2,303.91,13.55,D,0
40.44757,-8.00902,348.44,0.55,0.43,2024-09-17,1302,N20,VIIRS,n,2,321.45,50.75,D,0
40.44624,-8.01538,367,0.55,0.43,2024-09-17,1302,N20,VIIRS,l,2,330.09,50.75,D,0
40.44491,-8.02174,367,0.55,0.43,2024-09-17,1302,N20,VIIRS,l,2,328.59,255.89,D,0
40.48002,-7.87282,348.91,0.54,0.42,2024-09-17,1302,N20,VIIRS,n,2,310.34,10.53,D,0
40.4514,-8.01023,332.46,0.55,0.43,2024-09-17,1302,N20,VIIRS,n,2,306.41,50.75,D,0
40.45007,-8.01662,351.31,0.55,0.43,2024-09-17,1302,N20,VIIRS,n,2,306.63,50.75,D,0
40.48386,-7.87387,338.17,0.54,0.42,2024-09-17,1302,N20,VIIRS,n,2,307.91,7.82,D,0
40.47596,-7.95109,334.94,0.55,0.42,2024-09-17,1302,N20,VIIRS,l,2,307.63,12.88,D,0
40.48236,-7.93981,335.51,0.55,0.42,2024-09-17,1302,N20,VIIRS,l,2,305.99,14.8,D,0
40.48107,-7.94605,355.17,0.55,0.42,2024-09-17,1302,N20,VIIRS,n,2,311.23,14.8,D,0
40.47977,-7.95231,352.2,0.55,0.42,2024-09-17,1302,N20,VIIRS,n,2,305.63,12.88,D,0
40.48748,-7.93475,335.31,0.55,0.42,2024-09-17,1302,N20,VIIRS,n,2,305.49,4.09,D,0
40.48619,-7.94098,335.69,0.55,0.42,2024-09-17,1302,N20,VIIRS,n,2,305.5,6.92,D,0
40.56346,-7.78129,367,0.54,0.42,2024-09-17,1302,N20,VIIRS,h,2,340.2,123.08,D,0
40.57603,-7.71935,349.92,0.53,0.42,2024-09-17,1302,N20,VIIRS,n,2,308.21,35.94,D,0
40.57106,-7.74386,344.85,0.53,0.42,2024-09-17,1302,N20,VIIRS,n,2,310.18,115.87,D,0
40.56221,-7.78747,313.57,0.54,0.42,2024-09-17,1302,N20,VIIRS,l,2,320.34,123.08,D,0
40.56847,-7.77646,367,0.54,0.42,2024-09-17,1302,N20,VIIRS,h,2,314.22,20.61,D,0
40.58105,-7.71434,335.3,0.53,0.42,2024-09-17,1302,N20,VIIRS,l,2,307.51,14.63,D,0
40.5748,-7.74521,349.1,0.53,0.42,2024-09-17,1302,N20,VIIRS,n,2,310.76,8.32,D,0
40.57353,-7.75148,337.39,0.53,0.42,2024-09-17,1302,N20,VIIRS,l,2,308.85,8.32,D,0
40.57097,-7.76413,342.67,0.54,0.42,2024-09-17,1302,N20,VIIRS,n,2,301.9,6.67,D,0
40.56971,-7.77034,342.79,0.54,0.42,2024-09-17,1302,N20,VIIRS,n,2,313.69,20.61,D,0
40.56722,-7.78261,333.47,0.54,0.42,2024-09-17,1302,N20,VIIRS,n,2,301.89,6.91,D,0
40.5798,-7.72052,367,0.53,0.42,2024-09-17,1302,N20,VIIRS,l,2,327,43.73,D,0
40.58611,-7.70917,343.99,0.53,0.42,2024-09-17,1302,N20,VIIRS,n,2,305.3,14.63,D,0
40.58485,-7.71539,339.81,0.53,0.42,2024-09-17,1302,N20,VIIRS,n,2,310.31,14.63,D,0
40.57347,-7.77163,334.81,0.54,0.42,2024-09-17,1302,N20,VIIRS,n,2,299.71,20.61,D,0
40.57223,-7.77776,348.16,0.54,0.42,2024-09-17,1302,N20,VIIRS,n,2,306.34,20.61,D,0
40.58989,-7.71027,339.65,0.53,0.42,2024-09-17,1302,N20,VIIRS,n,2,306.7,9.88,D,0
40.58355,-7.7417,331.72,0.53,0.42,2024-09-17,1302,N20,VIIRS,l,2,305.74,30.21,D,0
40.59108,-7.72427,339.84,0.53,0.42,2024-09-17,1302,N20,VIIRS,n,2,306.99,7.02,D,0
40.58981,-7.73055,342.33,0.53,0.42,2024-09-17,1302,N20,VIIRS,n,2,309.85,7.02,D,0
40.58855,-7.73682,339,0.53,0.42,2024-09-17,1302,N20,VIIRS,n,2,305.63,30.21,D,0
40.57955,-7.71482,334.17,0.53,0.42,2024-09-17,1302,N20,VIIRS,l,2,308.15,34.25,D,0
40.57317,-7.7455,355.53,0.53,0.42,2024-09-17,1302,N20,VIIRS,n,2,314.22,27.81,D,0
40.57187,-7.75174,348.79,0.53,0.42,2024-09-17,1302,N20,VIIRS,n,2,308.5,11.48,D,0
40.56794,-7.77054,332.79,0.54,0.42,2024-09-17,1302,N20,VIIRS,l,2,306.87,17.98,D,0
40.56667,-7.77667,355.57,0.54,0.42,2024-09-17,1302,N20,VIIRS,n,2,311.08,28.84,D,0
40.56538,-7.78282,351.85,0.54,0.42,2024-09-17,1302,N20,VIIRS,n,2,303.94,28.84,D,0
40.57828,-7.72093,367,0.53,0.42,2024-09-17,1302,N20,VIIRS,l,2,327.15,34.25,D,0
40.58335,-7.71586,343.61,0.53,0.42,2024-09-17,1302,N20,VIIRS,n,2,310.18,34.25,D,0
40.57298,-7.76571,336.82,0.53,0.42,2024-09-17,1302,N20,VIIRS,n,2,299.19,17.98,D,0
40.5717,-7.77187,343.95,0.54,0.42,2024-09-17,1302,N20,VIIRS,n,2,311.39,17.98,D,0
40.57042,-7.77799,353.69,0.54,0.42,2024-09-17,1302,N20,VIIRS,n,2,315.93,28.84,D,0
40.58845,-7.71069,341.46,0.53,0.42,2024-09-17,1302,N20,VIIRS,n,2,308.17,14.41,D,0
40.58957,-7.72461,341.18,0.53,0.42,2024-09-17,1302,N20,VIIRS,n,2,309.31,11.68,D,0
40.58698,-7.73712,339.56,0.53,0.42,2024-09-17,1302,N20,VIIRS,n,2,306.31,13.15,D,0
40.58567,-7.74338,330.48,0.53,0.42,2024-09-17,1302,N20,VIIRS,l,2,304.67,14.46,D,0
40.6035,-7.67672,343.09,0.53,0.42,2024-09-17,1302,N20,VIIRS,n,2,304.69,39.35,D,0
40.60222,-7.68291,338.13,0.53,0.42,2024-09-17,1302,N20,VIIRS,l,2,309.79,40.41,D,0
40.592,-7.73227,354.35,0.53,0.42,2024-09-17,1302,N20,VIIRS,n,2,305.89,19.81,D,0
40.59071,-7.73852,333.77,0.53,0.42,2024-09-17,1302,N20,VIIRS,n,2,303.67,19.81,D,0
40.60973,-7.66599,340.9,0.53,0.42,2024-09-17,1302,N20,VIIRS,n,2,306.18,20.15,D,0
41.1059,-8.5174,333.93,0.56,0.43,2024-09-17,1302,N20,VIIRS,n,2,298.04,13.22,D,0
41.10441,-8.52435,345.71,0.56,0.43,2024-09-17,1302,N20,VIIRS,n,2,301.59,14.7,D,0
41.28427,-7.68089,334.26,0.52,0.41,2024-09-17,1302,N20,VIIRS,n,2,303.54,13.84,D,0
41.21462,-8.0195,338.36,0.53,0.42,2024-09-17,1302,N20,VIIRS,n,2,306.27,74.93,D,0
41.20935,-8.04484,346.56,0.54,0.42,2024-09-17,1302,N20,VIIRS,n,2,312.12,26.38,D,0
41.20802,-8.05127,334.31,0.54,0.42,2024-09-17,1302,N20,VIIRS,n,2,303.59,7.49,D,0
41.17485,-8.21023,345.69,0.54,0.42,2024-09-17,1302,N20,VIIRS,n,2,298.82,11.22,D,0
41.21585,-8.01353,367,0.53,0.42,2024-09-17,1302,N20,VIIRS,l,2,351.97,74.93,D,0
41.21831,-8.0211,353.84,0.53,0.42,2024-09-17,1302,N20,VIIRS,n,2,305.83,74.93,D,0
41.21705,-8.02716,345.24,0.53,0.42,2024-09-17,1302,N20,VIIRS,n,2,312.73,22.48,D,0
41.21437,-8.04011,339.4,0.53,0.42,2024-09-17,1302,N20,VIIRS,n,2,304.7,26.38,D,0
41.21299,-8.04671,341.42,0.54,0.42,2024-09-17,1302,N20,VIIRS,n,2,301.57,26.38,D,0
41.1862,-8.17537,334.17,0.54,0.42,2024-09-17,1302,N20,VIIRS,n,2,299.22,14.07,D,0
41.22073,-8.02882,347.05,0.53,0.42,2024-09-17,1302,N20,VIIRS,n,2,308.04,91.62,D,0
41.21801,-8.04196,353.93,0.53,0.42,2024-09-17,1302,N20,VIIRS,n,2,300.48,11.3,D,0
41.21659,-8.04876,350.56,0.54,0.42,2024-09-17,1302,N20,VIIRS,n,2,303.35,11.3,D,0
41.22308,-8.03694,345.83,0.53,0.42,2024-09-17,1302,N20,VIIRS,n,2,309.11,91.62,D,0
41.22163,-8.04391,344.48,0.53,0.42,2024-09-17,1302,N20,VIIRS,n,2,299.76,11.3,D,0
41.185,-8.23953,329.86,0.55,0.42,2024-09-17,1302,N20,VIIRS,n,2,294.91,5,D,0
41.18363,-8.24607,352.68,0.55,0.42,2024-09-17,1302,N20,VIIRS,n,2,298.31,29.9,D,0
41.18882,-8.24073,332.99,0.55,0.42,2024-09-17,1302,N20,VIIRS,n,2,298.73,5,D,0
41.18744,-8.24736,353.65,0.55,0.42,2024-09-17,1302,N20,VIIRS,n,2,303.28,29.9,D,0
41.18605,-8.25398,347.21,0.55,0.42,2024-09-17,1302,N20,VIIRS,n,2,313.32,29.9,D,0
41.21615,-8.26591,346.97,0.55,0.42,2024-09-17,1302,N20,VIIRS,n,2,301.67,14.54,D,0
41.21989,-8.26748,367,0.55,0.42,2024-09-17,1302,N20,VIIRS,h,2,334.25,135.69,D,0
41.22127,-8.26083,354.41,0.55,0.42,2024-09-17,1302,N20,VIIRS,n,2,307.4,135.69,D,0
41.2568,-8.20668,345.61,0.54,0.42,2024-09-17,1302,N20,VIIRS,n,2,302.7,54.54,D,0
41.26307,-8.19589,338.83,0.54,0.42,2024-09-17,1302,N20,VIIRS,n,2,304.34,19.89,D,0
41.26184,-8.20192,350.74,0.54,0.42,2024-09-17,1302,N20,VIIRS,n,2,308.33,19.89,D,0
41.26061,-8.20788,351.61,0.54,0.42,2024-09-17,1302,N20,VIIRS,n,2,309.33,54.54,D,0
41.25935,-8.21403,367,0.54,0.42,2024-09-17,1302,N20,VIIRS,l,2,330.2,54.54,D,0
40.60846,-7.67213,351.01,0.53,0.42,2024-09-17,1302,N20,VIIRS,l,2,322.53,39.35,D,0
40.60719,-7.67829,355.61,0.53,0.42,2024-09-17,1302,N20,VIIRS,n,2,311.12,39.35,D,0
40.61467,-7.66141,347.5,0.53,0.42,2024-09-17,1302,N20,VIIRS,n,2,316.45,40.87,D,0
40.6134,-7.66756,349.42,0.53,0.42,2024-09-17,1302,N20,VIIRS,n,2,305.15,40.87,D,0
40.61213,-7.67374,342.21,0.53,0.42,2024-09-17,1302,N20,VIIRS,n,2,306.72,6.47,D,0
40.61585,-7.67512,332.47,0.53,0.42,2024-09-17,1302,N20,VIIRS,l,2,302.95,6.47,D,0
40.61457,-7.68133,342.12,0.53,0.42,2024-09-17,1302,N20,VIIRS,n,2,301.06,6.47,D,0
40.61206,-7.69346,344.48,0.53,0.42,2024-09-17,1302,N20,VIIRS,n,2,302.84,14.23,D,0
40.637,-7.63059,331.92,0.53,0.42,2024-09-17,1302,N20,VIIRS,l,2,302.02,9.82,D,0
40.63072,-7.6807,353.99,0.53,0.42,2024-09-17,1302,N20,VIIRS,n,2,312.78,20.34,D,0
40.62948,-7.68674,346.41,0.53,0.42,2024-09-17,1302,N20,VIIRS,n,2,310.99,20.34,D,0
40.62697,-7.69897,336.45,0.53,0.42,2024-09-17,1302,N20,VIIRS,n,2,305.27,10.39,D,0
40.63321,-7.68808,337.75,0.53,0.42,2024-09-17,1302,N20,VIIRS,n,2,303.39,8.51,D,0
40.66439,-7.61376,334.43,0.53,0.42,2024-09-17,1302,N20,VIIRS,n,2,305.12,5.34,D,0
40.67412,-7.58546,346.07,0.52,0.42,2024-09-17,1302,N20,VIIRS,n,2,304.69,15.94,D,0
40.67293,-7.59134,351.72,0.52,0.42,2024-09-17,1302,N20,VIIRS,n,2,305.31,12.73,D,0
40.66671,-7.66119,346.35,0.53,0.42,2024-09-17,1302,N20,VIIRS,l,2,318.01,57.14,D,0
40.66051,-7.69164,347.54,0.53,0.42,2024-09-17,1302,N20,VIIRS,n,2,305.92,44.34,D,0
40.65927,-7.69774,345.66,0.53,0.42,2024-09-17,1302,N20,VIIRS,n,2,310.86,44.34,D,0
40.67171,-7.65628,367,0.53,0.42,2024-09-17,1302,N20,VIIRS,l,2,328.75,48.26,D,0
40.67548,-7.65734,342.82,0.53,0.42,2024-09-17,1302,N20,VIIRS,l,2,316.65,48.26,D,0
40.70901,-7.64946,335.27,0.53,0.42,2024-09-17,1302,N20,VIIRS,n,2,305.73,3.63,D,0
40.69544,-7.7168,337.84,0.53,0.42,2024-09-17,1302,N20,VIIRS,n,2,303.63,5.25,D,0
40.71272,-7.65084,331.03,0.53,0.42,2024-09-17,1302,N20,VIIRS,n,2,299.42,3.79,D,0
40.71147,-7.65704,355.52,0.53,0.42,2024-09-17,1302,N20,VIIRS,n,2,309.39,13.86,D,0
40.69384,-7.71775,340.72,0.53,0.42,2024-09-17,1302,N20,VIIRS,n,2,305.72,8.04,D,0
40.71147,-7.65192,339.75,0.53,0.42,2024-09-17,1302,N20,VIIRS,n,2,304.36,7.06,D,0
40.71019,-7.6581,341.82,0.53,0.42,2024-09-17,1302,N20,VIIRS,n,2,307.61,7.06,D,0
40.71389,-7.65953,336.96,0.53,0.42,2024-09-17,1302,N20,VIIRS,n,2,300.84,7.06,D,0
40.61998,-8.36304,367,0.57,0.43,2024-09-17,1302,N20,VIIRS,h,2,336.83,71.59,D,0
40.61729,-8.37582,367,0.57,0.43,2024-09-17,1302,N20,VIIRS,h,2,352.03,157.45,D,0
40.62135,-8.35652,341.51,0.57,0.43,2024-09-17,1302,N20,VIIRS,n,2,308.55,58.24,D,0
40.61863,-8.36947,352.01,0.57,0.43,2024-09-17,1302,N20,VIIRS,n,2,311.3,71.59,D,0
40.61459,-8.3886,351.88,0.57,0.43,2024-09-17,1302,N20,VIIRS,n,2,315.58,44.55,D,0
40.6132,-8.39517,348.52,0.57,0.43,2024-09-17,1302,N20,VIIRS,n,2,315.45,44.55,D,0
40.6118,-8.4018,353.97,0.57,0.43,2024-09-17,1302,N20,VIIRS,n,2,307.98,45.02,D,0
40.61039,-8.40851,354.94,0.57,0.43,2024-09-17,1302,N20,VIIRS,n,2,306.82,45.02,D,0
40.60897,-8.41519,334.19,0.57,0.43,2024-09-17,1302,N20,VIIRS,n,2,302.65,14.31,D,0
40.62661,-8.35124,333.07,0.57,0.43,2024-09-17,1302,N20,VIIRS,l,2,305.29,58.24,D,0
40.62386,-8.36428,340.86,0.57,0.43,2024-09-17,1302,N20,VIIRS,n,2,308.39,71.59,D,0
40.61981,-8.38352,347.62,0.57,0.43,2024-09-17,1302,N20,VIIRS,n,2,303.6,157.45,D,0
40.61843,-8.39004,341.59,0.57,0.43,2024-09-17,1302,N20,VIIRS,n,2,302.81,44.55,D,0
40.61282,-8.41666,350.07,0.57,0.43,2024-09-17,1302,N20,VIIRS,n,2,301.16,14.31,D,0
40.61138,-8.42349,342.02,0.57,0.43,2024-09-17,1302,N20,VIIRS,n,2,301.05,14.31,D,0
40.62523,-8.35779,367,0.57,0.43,2024-09-17,1302,N20,VIIRS,l,2,325.85,58.24,D,0
40.63052,-8.3523,343.5,0.57,0.43,2024-09-17,1302,N20,VIIRS,n,2,309.3,15.05,D,0
40.63446,-8.35324,349.09,0.57,0.43,2024-09-17,1302,N20,VIIRS,n,2,308.8,15.05,D,0
40.64895,-8.32357,367,0.56,0.43,2024-09-17,1302,N20,VIIRS,h,2,343.19,107.56,D,0
40.65034,-8.31693,345.55,0.56,0.43,2024-09-17,1302,N20,VIIRS,n,2,302.99,107.56,D,0
40.64767,-8.3297,350.59,0.56,0.43,2024-09-17,1302,N20,VIIRS,n,2,308.41,11.97,D,0
40.64634,-8.33605,339.26,0.57,0.43,2024-09-17,1302,N20,VIIRS,n,2,304.63,11.97,D,0
40.64499,-8.34251,342.11,0.57,0.43,2024-09-17,1302,N20,VIIRS,n,2,305.57,8.39,D,0
40.65428,-8.31784,339.81,0.56,0.43,2024-09-17,1302,N20,VIIRS,n,2,309.41,22.27,D,0
40.65292,-8.32435,337.1,0.56,0.43,2024-09-17,1302,N20,VIIRS,n,2,306.33,22.27,D,0
40.6265,-8.4504,339.89,0.57,0.43,2024-09-17,1302,N20,VIIRS,n,2,300.01,15.25,D,0
40.62898,-8.45837,344.94,0.57,0.43,2024-09-17,1302,N20,VIIRS,n,2,301.99,15.25,D,0
40.6633,-8.33394,336.4,0.56,0.43,2024-09-17,1302,N20,VIIRS,n,2,304.49,32.4,D,0
40.66188,-8.34078,351.31,0.57,0.43,2024-09-17,1302,N20,VIIRS,n,2,320.39,32.4,D,0
40.63669,-8.46126,334.11,0.57,0.43,2024-09-17,1302,N20,VIIRS,n,2,301.43,3.77,D,0
40.6328,-8.47982,340.21,0.38,0.43,2024-09-17,1302,N20,VIIRS,n,2,298.98,5.13,D,0
40.63189,-8.48415,331.86,0.38,0.43,2024-09-17,1302,N20,VIIRS,n,2,299.65,5.13,D,0
40.63486,-8.48983,367,0.38,0.43,2024-09-17,1302,N20,VIIRS,h,2,303.9,11.21,D,0
40.66571,-8.34217,350.43,0.57,0.43,2024-09-17,1302,N20,VIIRS,n,2,311.36,33.59,D,0
40.63783,-8.47569,341.98,0.57,0.43,2024-09-17,1302,N20,VIIRS,n,2,302.57,12.02,D,0
40.63669,-8.4811,355.14,0.38,0.43,2024-09-17,1302,N20,VIIRS,n,2,311.25,36.31,D,0
40.63393,-8.49426,339.19,0.38,0.43,2024-09-17,1302,N20,VIIRS,n,2,301.22,11.21,D,0
40.66956,-8.34357,355.95,0.57,0.43,2024-09-17,1302,N20,VIIRS,n,2,303.26,33.59,D,0
40.66818,-8.35016,340.02,0.57,0.43,2024-09-17,1302,N20,VIIRS,n,2,311.67,43.47,D,0
40.63225,-8.52214,351.81,0.38,0.44,2024-09-17,1302,N20,VIIRS,n,2,300.47,5.77,D,0
40.64263,-8.49253,330.9,0.38,0.43,2024-09-17,1302,N20,VIIRS,l,2,303.86,4.3,D,0
40.638,-8.51462,352.33,0.38,0.43,2024-09-17,1302,N20,VIIRS,n,2,303.08,13.68,D,0
40.63707,-8.51903,342.43,0.38,0.43,2024-09-17,1302,N20,VIIRS,n,2,301.42,7.26,D,0
40.67156,-8.37372,332.57,0.57,0.43,2024-09-17,1302,N20,VIIRS,n,2,306.39,5.08,D,0
40.65086,-8.47306,340.65,0.57,0.43,2024-09-17,1302,N20,VIIRS,n,2,306.35,4.48,D,0
40.6495,-8.47955,332.9,0.57,0.43,2024-09-17,1302,N20,VIIRS,l,2,303.49,4.48,D,0
40.67672,-8.36878,367,0.57,0.43,2024-09-17,1302,N20,VIIRS,h,2,340.24,145.11,D,0
40.67812,-8.36206,346.87,0.57,0.43,2024-09-17,1302,N20,VIIRS,n,2,304.1,25.7,D,0
40.65337,-8.48092,337.48,0.57,0.43,2024-09-17,1302,N20,VIIRS,n,2,303.73,15.25,D,0
40.67916,-8.37698,347.01,0.57,0.43,2024-09-17,1302,N20,VIIRS,n,2,307.74,145.11,D,0
40.6778,-8.38354,332.24,0.57,0.43,2024-09-17,1302,N20,VIIRS,l,2,302.64,7.21,D,0
40.66906,-8.34397,354.16,0.56,0.43,2024-09-17,1302,N20,VIIRS,n,2,306.01,80.68,D,0
40.64048,-8.47706,330.24,0.57,0.43,2024-09-17,1302,N20,VIIRS,l,2,303.07,6.16,D,0
40.64965,-8.47316,332.43,0.57,0.43,2024-09-17,1302,N20,VIIRS,n,2,306.31,5.51,D,0
40.64095,-8.51366,339.29,0.38,0.43,2024-09-17,1302,N20,VIIRS,n,2,298.76,6.84,D,0
40.64,-8.51806,353.19,0.38,0.43,2024-09-17,1302,N20,VIIRS,n,2,308.73,15.22,D,0
40.67612,-8.36902,367,0.57,0.43,2024-09-17,1302,N20,VIIRS,h,2,339.77,117.43,D,0
40.67756,-8.36225,347.39,0.57,0.43,2024-09-17,1302,N20,VIIRS,n,2,304,117.43,D,0
40.65356,-8.47436,335.52,0.57,0.43,2024-09-17,1302,N20,VIIRS,n,2,301.35,5.51,D,0
40.65216,-8.48089,338.34,0.57,0.43,2024-09-17,1302,N20,VIIRS,n,2,305.42,14.94,D,0
40.67851,-8.3772,347.85,0.57,0.43,2024-09-17,1302,N20,VIIRS,n,2,308.37,17.56,D,0
40.68235,-8.37866,331.06,0.57,0.43,2024-09-17,1302,N20,VIIRS,n,2,299.28,17.56,D,0
40.68093,-8.38527,335.15,0.57,0.43,2024-09-17,1302,N20,VIIRS,l,2,306.64,17.56,D,0
40.689,-8.36689,334,0.57,0.43,2024-09-17,1302,N20,VIIRS,n,2,301.58,11.04,D,0
40.68759,-8.37347,340.39,0.57,0.43,2024-09-17,1302,N20,VIIRS,n,2,305.76,11.04,D,0
40.69278,-8.36856,349.56,0.57,0.43,2024-09-17,1302,N20,VIIRS,n,2,301.67,11.04,D,0
40.69137,-8.37517,337.1,0.57,0.43,2024-09-17,1302,N20,VIIRS,n,2,304.04,11.04,D,0
40.69795,-8.36367,332.49,0.57,0.43,2024-09-17,1302,N20,VIIRS,n,2,300.99,31.85,D,0
40.66251,-8.58857,339.62,0.39,0.44,2024-09-17,1302,N20,VIIRS,n,2,300.33,3.63,D,0
40.82439,-7.89578,343.67,0.54,0.42,2024-09-17,1302,N20,VIIRS,n,2,305.68,17.83,D,0
40.82306,-7.90228,354.43,0.54,0.42,2024-09-17,1302,N20,VIIRS,n,2,310.26,17.83,D,0
40.83324,-7.87236,367,0.53,0.42,2024-09-17,1302,N20,VIIRS,h,2,339.04,150.6,D,0
40.83074,-7.88454,367,0.54,0.42,2024-09-17,1302,N20,VIIRS,h,2,356.16,140.2,D,0
40.82815,-7.89711,349.97,0.54,0.42,2024-09-17,1302,N20,VIIRS,n,2,312.45,26.89,D,0
40.82682,-7.90358,351.05,0.54,0.42,2024-09-17,1302,N20,VIIRS,n,2,306.51,26.89,D,0
40.82553,-7.90983,355.07,0.54,0.42,2024-09-17,1302,N20,VIIRS,n,2,307.73,23.84,D,0
40.82429,-7.91587,350.21,0.54,0.42,2024-09-17,1302,N20,VIIRS,n,2,304.1,23.84,D,0
40.82306,-7.92184,356.07,0.54,0.42,2024-09-17,1302,N20,VIIRS,n,2,303.98,14.78,D,0
40.83199,-7.87845,367,0.54,0.42,2024-09-17,1302,N20,VIIRS,l,2,355.47,150.6,D,0
40.83832,-7.86723,367,0.53,0.42,2024-09-17,1302,N20,VIIRS,h,2,330.83,103.59,D,0
40.83705,-7.87342,367,0.53,0.42,2024-09-17,1302,N20,VIIRS,h,2,338.59,150.6,D,0
40.83965,-7.86077,341.41,0.53,0.42,2024-09-17,1302,N20,VIIRS,n,2,308.03,103.59,D,0
40.83454,-7.88562,352.59,0.54,0.42,2024-09-17,1302,N20,VIIRS,n,2,317.56,140.2,D,0
40.83323,-7.89204,348.44,0.54,0.42,2024-09-17,1302,N20,VIIRS,n,2,311.48,140.2,D,0
40.8319,-7.89847,343.17,0.54,0.42,2024-09-17,1302,N20,VIIRS,n,2,297.16,26.89,D,0
40.82811,-7.91689,339.12,0.54,0.42,2024-09-17,1302,N20,VIIRS,n,2,301.39,23.84,D,0
40.82684,-7.92311,342.12,0.54,0.42,2024-09-17,1302,N20,VIIRS,n,2,303.31,14.78,D,0
40.82551,-7.92954,339.34,0.54,0.42,2024-09-17,1302,N20,VIIRS,n,2,298.77,14.78,D,0
40.83582,-7.87941,351.42,0.54,0.42,2024-09-17,1302,N20,VIIRS,l,2,334.37,150.6,D,0
40.84343,-7.86188,367,0.53,0.42,2024-09-17,1302,N20,VIIRS,h,2,363.65,462.74,D,0
40.84469,-7.85576,338.35,0.53,0.42,2024-09-17,1302,N20,VIIRS,n,2,299.36,169.77,D,0
40.84087,-7.87438,344.99,0.53,0.42,2024-09-17,1302,N20,VIIRS,n,2,301.28,10.39,D,0
40.83962,-7.88049,341.61,0.54,0.42,2024-09-17,1302,N20,VIIRS,n,2,300.87,10.39,D,0
40.85086,-7.84525,367,0.53,0.42,2024-09-17,1302,N20,VIIRS,h,2,341.69,293.59,D,0
40.84842,-7.85721,344.16,0.53,0.42,2024-09-17,1302,N20,VIIRS,n,2,318.31,169.77,D,0
40.84071,-7.89481,338.7,0.54,0.42,2024-09-17,1302,N20,VIIRS,n,2,296.12,13.77,D,0
40.83943,-7.90104,340.18,0.54,0.42,2024-09-17,1302,N20,VIIRS,n,2,302.01,12.81,D,0
40.82795,-7.95694,345.78,0.54,0.42,2024-09-17,1302,N20,VIIRS,n,2,297.74,18.95,D,0
40.84963,-7.85129,367,0.53,0.42,2024-09-17,1302,N20,VIIRS,l,2,354.36,169.77,D,0
40.85461,-7.84655,367,0.53,0.42,2024-09-17,1302,N20,VIIRS,h,2,310.29,60.94,D,0
40.85336,-7.85271,349.88,0.53,0.42,2024-09-17,1302,N20,VIIRS,n,2,312.29,29.29,D,0
40.84446,-7.89618,350.65,0.54,0.42,2024-09-17,1302,N20,VIIRS,n,2,303.44,53.17,D,0
40.83809,-7.92724,350.06,0.54,0.42,2024-09-17,1302,N20,VIIRS,n,2,302.28,46.26,D,0
40.83675,-7.93374,353.75,0.54,0.42,2024-09-17,1302,N20,VIIRS,n,2,304.76,46.26,D,0
40.83545,-7.94012,348.73,0.54,0.42,2024-09-17,1302,N20,VIIRS,n,2,300.1,19.7,D,0
40.83297,-7.95217,354.97,0.54,0.42,2024-09-17,1302,N20,VIIRS,n,2,307.72,38.73,D,0
40.83175,-7.9581,352.92,0.54,0.42,2024-09-17,1302,N20,VIIRS,n,2,319.16,38.73,D,0
40.83049,-7.96422,353.08,0.54,0.42,2024-09-17,1302,N20,VIIRS,n,2,305.01,34.45,D,0
40.7454,-8.39371,367,0.57,0.43,2024-09-17,1302,N20,VIIRS,h,2,315.92,24.47,D,0
40.86229,-7.82862,343.46,0.53,0.42,2024-09-17,1302,N20,VIIRS,n,2,316.48,21.77,D,0
40.86099,-7.83498,344.31,0.53,0.42,2024-09-17,1302,N20,VIIRS,n,2,308.52,21.77,D,0
40.85968,-7.84139,348.22,0.53,0.42,2024-09-17,1302,N20,VIIRS,n,2,318.42,60.94,D,0
40.85085,-7.88462,342.46,0.54,0.42,2024-09-17,1302,N20,VIIRS,n,2,302.77,13.44,D,0
40.84824,-7.89737,353.27,0.54,0.42,2024-09-17,1302,N20,VIIRS,n,2,306.67,53.17,D,0
40.84699,-7.90344,346.88,0.54,0.42,2024-09-17,1302,N20,VIIRS,n,2,304.13,12.27,D,0
40.84307,-7.9226,337.95,0.54,0.42,2024-09-17,1302,N20,VIIRS,n,2,298.08,12.37,D,0
40.84048,-7.93522,350.4,0.54,0.42,2024-09-17,1302,N20,VIIRS,n,2,303.59,46.26,D,0
40.83798,-7.94745,342.75,0.54,0.42,2024-09-17,1302,N20,VIIRS,n,2,299.65,19.7,D,0
40.83677,-7.95334,347.47,0.54,0.42,2024-09-17,1302,N20,VIIRS,n,2,304.4,38.73,D,0
40.82642,-8.00367,343.82,0.54,0.42,2024-09-17,1302,N20,VIIRS,n,2,299.25,6.02,D,0
40.82513,-8.00992,337.65,0.54,0.42,2024-09-17,1302,N20,VIIRS,n,2,296.69,6.02,D,0
40.8238,-8.01641,351.18,0.54,0.42,2024-09-17,1302,N20,VIIRS,n,2,310.18,31.89,D,0
40.82244,-8.02299,333.77,0.54,0.42,2024-09-17,1302,N20,VIIRS,n,2,298.64,31.89,D,0
40.74983,-8.37256,333.4,0.56,0.43,2024-09-17,1302,N20,VIIRS,n,2,297.75,12.92,D,0
40.86606,-7.82979,346.46,0.53,0.42,2024-09-17,1302,N20,VIIRS,n,2,316.79,19.04,D,0
40.85457,-7.88609,356.27,0.54,0.42,2024-09-17,1302,N20,VIIRS,n,2,309.78,35.48,D,0
40.85328,-7.89241,350.55,0.54,0.42,2024-09-17,1302,N20,VIIRS,n,2,317.73,35.19,D,0
40.85204,-7.8985,339.38,0.54,0.42,2024-09-17,1302,N20,VIIRS,l,2,310.92,35.19,D,0
40.84177,-7.94864,338.86,0.54,0.42,2024-09-17,1302,N20,VIIRS,n,2,300.84,7.5,D,0
40.83537,-7.97983,333.66,0.54,0.42,2024-09-17,1302,N20,VIIRS,n,2,301.61,22.89,D,0
40.83403,-7.98635,337.03,0.54,0.42,2024-09-17,1302,N20,VIIRS,n,2,299.27,22.89,D,0
40.83149,-7.99871,332.54,0.54,0.42,2024-09-17,1302,N20,VIIRS,n,2,296.94,17.21,D,0
40.83024,-8.0048,352.45,0.54,0.42,2024-09-17,1302,N20,VIIRS,n,2,320.32,75.42,D,0
40.74925,-8.3951,353.96,0.57,0.43,2024-09-17,1302,N20,VIIRS,n,2,304.33,19.28,D,0
40.82895,-8.01109,367,0.54,0.42,2024-09-17,1302,N20,VIIRS,l,2,333.2,75.42,D,0
40.82759,-8.0177,367,0.54,0.42,2024-09-17,1302,N20,VIIRS,l,2,369.35,525.33,D,0
40.86983,-7.83097,344.74,0.53,0.42,2024-09-17,1302,N20,VIIRS,n,2,312.04,19.04,D,0
40.85833,-7.88739,352.53,0.54,0.42,2024-09-17,1302,N20,VIIRS,n,2,312.15,35.48,D,0
40.85706,-7.89359,345.1,0.54,0.42,2024-09-17,1302,N20,VIIRS,n,2,305.95,35.19,D,0
40.84047,-7.97468,340.62,0.54,0.42,2024-09-17,1302,N20,VIIRS,n,2,304.04,15.65,D,0
40.83913,-7.98123,348.75,0.54,0.42,2024-09-17,1302,N20,VIIRS,n,2,302.99,22.89,D,0
40.83781,-7.98763,345.67,0.54,0.42,2024-09-17,1302,N20,VIIRS,n,2,310.07,22.89,D,0
40.83405,-8.00597,337.06,0.54,0.42,2024-09-17,1302,N20,VIIRS,n,2,311.16,75.42,D,0
41.00628,-7.93388,336.37,0.53,0.42,2024-09-17,1302,N20,VIIRS,n,2,302.5,8.47,D,0
41.01039,-8.0698,332.08,0.54,0.42,2024-09-17,1302,N20,VIIRS,n,2,300.66,23.54,D,0
41.0316,-8.0651,346.38,0.54,0.42,2024-09-17,1302,N20,VIIRS,n,2,302.38,8.72,D,0
41.04017,-8.04314,347.23,0.54,0.42,2024-09-17,1302,N20,VIIRS,n,2,304.83,10.46,D,0
41.04685,-8.03022,333.09,0.54,0.42,2024-09-17,1302,N20,VIIRS,l,2,304.17,32.61,D,0
41.04397,-8.04429,350.94,0.54,0.42,2024-09-17,1302,N20,VIIRS,n,2,309.91,15.12,D,0
41.03783,-8.07412,336.36,0.54,0.42,2024-09-17,1302,N20,VIIRS,n,2,297.76,5.76,D,0
41.04544,-8.03708,367,0.54,0.42,2024-09-17,1302,N20,VIIRS,l,2,325.09,32.61,D,0
41.05054,-8.03191,345.94,0.54,0.42,2024-09-17,1302,N20,VIIRS,n,2,315.39,32.61,D,0
41.04918,-8.03855,335.52,0.54,0.42,2024-09-17,1302,N20,VIIRS,l,2,310.09,32.61,D,0
41.04774,-8.04561,337.98,0.54,0.42,2024-09-17,1302,N20,VIIRS,n,2,300.55,15.12,D,0
41.04155,-8.07575,336.82,0.54,0.42,2024-09-17,1302,N20,VIIRS,n,2,299.71,5.76,D,0
41.05424,-8.03356,345.35,0.54,0.42,2024-09-17,1302,N20,VIIRS,n,2,308.37,14.56,D,0
41.05918,-8.02916,337.16,0.54,0.42,2024-09-17,1302,N20,VIIRS,n,2,300.62,3.56,D,0
41.09193,-7.88818,344.98,0.53,0.42,2024-09-17,1302,N20,VIIRS,n,2,308.44,10.35,D,0
41.06406,-8.02504,332.92,0.54,0.42,2024-09-17,1302,N20,VIIRS,n,2,301.13,19.81,D,0
41.06287,-8.03086,347.86,0.54,0.42,2024-09-17,1302,N20,VIIRS,n,2,319.75,19.81,D,0
41.0574,-8.05765,330.98,0.54,0.42,2024-09-17,1302,N20,VIIRS,n,2,299.77,7.07,D,0
41.09708,-7.8825,341.63,0.53,0.42,2024-09-17,1302,N20,VIIRS,n,2,300.62,14.7,D,0
41.09557,-7.88999,344.37,0.53,0.42,2024-09-17,1302,N20,VIIRS,n,2,300.08,10.35,D,0
41.06773,-8.02685,343.57,0.54,0.42,2024-09-17,1302,N20,VIIRS,n,2,304.31,19.81,D,0
41.07259,-8.02286,342.54,0.54,0.42,2024-09-17,1302,N20,VIIRS,n,2,305.69,21.12,D,0
41.07513,-8.04997,340.29,0.54,0.42,2024-09-17,1302,N20,VIIRS,n,2,313.03,40.1,D,0
41.06121,-8.11816,336.61,0.54,0.42,2024-09-17,1302,N20,VIIRS,n,2,298.77,6.75,D,0
41.09406,-7.97667,337.25,0.53,0.42,2024-09-17,1302,N20,VIIRS,n,2,302.23,2.96,D,0
41.06748,-8.10727,331.28,0.54,0.42,2024-09-17,1302,N20,VIIRS,n,2,297.59,14.3,D,0
41.07859,-7.98405,330.81,0.53,0.42,2024-09-17,1302,N20,VIIRS,n,2,298.42,10.93,D,0
41.07037,-8.02327,341.46,0.54,0.42,2024-09-17,1302,N20,VIIRS,n,2,303.07,8.37,D,0
41.06921,-8.02884,330.97,0.54,0.42,2024-09-17,1302,N20,VIIRS,l,2,303.54,8.37,D,0
41.07535,-8.01877,333.69,0.54,0.42,2024-09-17,1302,N20,VIIRS,n,2,303.89,5.03,D,0
41.07409,-8.02482,339.7,0.54,0.42,2024-09-17,1302,N20,VIIRS,n,2,300.35,8.37,D,0
41.07412,-8.04395,331.88,0.54,0.42,2024-09-17,1302,N20,VIIRS,n,2,299,7.99,D,0
41.07774,-8.04596,330.67,0.54,0.42,2024-09-17,1302,N20,VIIRS,n,2,297.86,7.99,D,0
41.07648,-8.052,336.09,0.54,0.42,2024-09-17,1302,N20,VIIRS,n,2,305.37,32.05,D,0
41.06223,-8.12002,336.05,0.54,0.42,2024-09-17,1302,N20,VIIRS,n,2,300.26,4.95,D,0
41.09576,-7.97897,342.54,0.53,0.42,2024-09-17,1302,N20,VIIRS,n,2,303.48,10.1,D,0
41.08644,-8.02362,346.35,0.54,0.42,2024-09-17,1302,N20,VIIRS,n,2,308.13,46.86,D,0
41.06854,-8.10927,336.83,0.54,0.42,2024-09-17,1302,N20,VIIRS,n,2,307.43,22.59,D,0
41.09143,-8.01905,333.41,0.54,0.42,2024-09-17,1302,N20,VIIRS,n,2,301.78,46.86,D,0
41.08891,-8.03119,353.83,0.54,0.42,2024-09-17,1302,N20,VIIRS,n,2,313.69,15.16,D,0
41.08764,-8.03724,333.71,0.54,0.42,2024-09-17,1302,N20,VIIRS,n,2,301.94,15.16,D,0
41.0722,-8.11118,332.88,0.54,0.42,2024-09-17,1302,N20,VIIRS,n,2,298.33,22.59,D,0
41.09014,-8.02526,367,0.54,0.42,2024-09-17,1302,N20,VIIRS,l,2,325.55,46.86,D,0
41.09258,-8.03295,345.73,0.54,0.42,2024-09-17,1302,N20,VIIRS,n,2,300.29,7.95,D,0
41.08869,-8.05159,355.99,0.54,0.42,2024-09-17,1302,N20,VIIRS,n,2,304.38,141.86,D,0
41.00045,-8.47033,341.95,0.56,0.43,2024-09-17,1302,N20,VIIRS,n,2,301.16,9.48,D,0
41.09248,-8.05278,367,0.54,0.42,2024-09-17,1302,N20,VIIRS,h,2,334.89,141.86,D,0
41.09116,-8.05914,345.51,0.54,0.42,2024-09-17,1302,N20,VIIRS,n,2,302.02,14.16,D,0
41.10384,-8.0176,338.7,0.54,0.42,2024-09-17,1302,N20,VIIRS,n,2,305.23,32.63,D,0
41.10262,-8.02345,332.3,0.54,0.42,2024-09-17,1302,N20,VIIRS,n,2,306.69,10.01,D,0
41.09631,-8.05384,348.42,0.54,0.42,2024-09-17,1302,N20,VIIRS,n,2,303.02,13.03,D,0
41.12441,-8.01567,343.41,0.54,0.42,2024-09-17,1302,N20,VIIRS,n,2,301.98,7.82,D,0
41.12313,-8.02185,333.4,0.54,0.42,2024-09-17,1302,N20,VIIRS,n,2,303.45,7.82,D,0
41.12827,-8.01647,339.02,0.54,0.42,2024-09-17,1302,N20,VIIRS,n,2,302.46,9.65,D,0
41.13052,-8.06424,346.17,0.54,0.42,2024-09-17,1302,N20,VIIRS,n,2,305.51,5.13,D,0
41.14447,-8.0357,334.38,0.54,0.42,2024-09-17,1302,N20,VIIRS,n,2,303.55,55.3,D,0
41.16005,-7.97936,333.06,0.53,0.42,2024-09-17,1302,N20,VIIRS,n,2,299.24,16.46,D,0
41.15881,-7.9854,353.33,0.53,0.42,2024-09-17,1302,N20,VIIRS,n,2,311.41,50.32,D,0
41.11972,-8.1753,352,0.54,0.42,2024-09-17,1302,N20,VIIRS,n,2,307.74,41.82,D,0
41.11842,-8.18159,349.06,0.54,0.42,2024-09-17,1302,N20,VIIRS,n,2,314.8,41.82,D,0
41.16261,-7.98643,367,0.53,0.42,2024-09-17,1302,N20,VIIRS,h,2,324.69,50.32,D,0
41.15996,-7.99943,367,0.53,0.42,2024-09-17,1302,N20,VIIRS,h,2,342.13,119.48,D,0
41.16503,-7.97466,339,0.53,0.42,2024-09-17,1302,N20,VIIRS,n,2,298.75,16.46,D,0
41.16385,-7.98039,354.42,0.53,0.42,2024-09-17,1302,N20,VIIRS,n,2,313.81,16.46,D,0
41.1613,-7.99285,349.93,0.53,0.42,2024-09-17,1302,N20,VIIRS,n,2,312.65,50.32,D,0
41.1586,-8.00605,336.21,0.53,0.42,2024-09-17,1302,N20,VIIRS,n,2,307.92,119.48,D,0
41.15725,-8.01268,341.71,0.53,0.42,2024-09-17,1302,N20,VIIRS,n,2,300.79,6.2,D,0
41.12491,-8.16986,339.45,0.54,0.42,2024-09-17,1302,N20,VIIRS,n,2,304.72,28.29,D,0
41.12088,-8.18936,335.14,0.55,0.42,2024-09-17,1302,N20,VIIRS,n,2,301.77,5.6,D,0
41.05252,-8.51744,331.49,0.57,0.43,2024-09-17,1302,N20,VIIRS,n,2,299.49,3.44,D,0
41.16994,-7.97025,330.75,0.53,0.42,2024-09-17,1302,N20,VIIRS,n,2,298.29,7.77,D,0
41.16879,-7.97589,335.56,0.53,0.42,2024-09-17,1302,N20,VIIRS,n,2,305.86,6.25,D,0
41.1676,-7.98168,334.58,0.53,0.42,2024-09-17,1302,N20,VIIRS,n,2,305.52,6.25,D,0
41.12878,-8.17075,338.4,0.54,0.42,2024-09-17,1302,N20,VIIRS,l,2,312.85,47.55,D,0
41.0984,-8.31751,349.43,0.55,0.43,2024-09-17,1302,N20,VIIRS,n,2,300.12,16.1,D,0
41.09711,-8.32366,342.34,0.55,0.43,2024-09-17,1302,N20,VIIRS,n,2,298.58,16.1,D,0
41.17755,-7.95267,339.17,0.53,0.42,2024-09-17,1302,N20,VIIRS,n,2,310.25,7.47,D,0
41.17498,-7.96527,354.41,0.53,0.42,2024-09-17,1302,N20,VIIRS,n,2,305.46,7.77,D,0
41.10343,-8.31296,333.7,0.55,0.43,2024-09-17,1302,N20,VIIRS,n,2,303.59,26.03,D,0
41.10221,-8.31882,350.38,0.55,0.43,2024-09-17,1302,N20,VIIRS,n,2,312.78,16.1,D,0
41.10093,-8.32502,344.66,0.55,0.43,2024-09-17,1302,N20,VIIRS,n,2,303.97,16.1,D,0
41.09546,-8.35137,340.22,0.55,0.43,2024-09-17,1302,N20,VIIRS,n,2,303,27.1,D,0
41.09414,-8.35769,343.69,0.56,0.43,2024-09-17,1302,N20,VIIRS,n,2,306.49,32.94,D,0
41.09283,-8.36396,336.38,0.56,0.43,2024-09-17,1302,N20,VIIRS,n,2,304.87,32.94,D,0
41.09143,-8.37076,351.18,0.56,0.43,2024-09-17,1302,N20,VIIRS,n,2,315.71,45.76,D,0
41.16705,-8.02382,334.42,0.54,0.42,2024-09-17,1302,N20,VIIRS,n,2,301.98,13.1,D,0
41.16225,-8.0472,341.33,0.54,0.42,2024-09-17,1302,N20,VIIRS,n,2,299.29,17.47,D,0
41.1503,-8.10561,339.96,0.54,0.42,2024-09-17,1302,N20,VIIRS,n,2,303.45,12.55,D,0
41.1489,-8.11245,353.4,0.54,0.42,2024-09-17,1302,N20,VIIRS,n,2,306.48,12.55,D,0
41.1475,-8.11924,344.85,0.54,0.42,2024-09-17,1302,N20,VIIRS,n,2,304.6,9.82,D,0
41.10728,-8.31414,339.76,0.55,0.43,2024-09-17,1302,N20,VIIRS,n,2,303.35,6.56,D,0
41.09924,-8.35289,353.15,0.55,0.43,2024-09-17,1302,N20,VIIRS,n,2,306.6,23.69,D,0
41.09794,-8.35914,345.3,0.56,0.43,2024-09-17,1302,N20,VIIRS,n,2,304.51,15.35,D,0
41.09663,-8.36543,330.12,0.56,0.43,2024-09-17,1302,N20,VIIRS,n,2,302.35,15.35,D,0
41.09526,-8.37202,336.97,0.56,0.43,2024-09-17,1302,N20,VIIRS,n,2,302.12,21.1,D,0
41.09381,-8.37905,342.18,0.56,0.43,2024-09-17,1302,N20,VIIRS,n,2,304.54,21.1,D,0
41.09245,-8.38556,333.04,0.56,0.43,2024-09-17,1302,N20,VIIRS,n,2,301.41,14.33,D,0
41.09113,-8.39192,346.38,0.56,0.43,2024-09-17,1302,N20,VIIRS,n,2,303.88,14.33,D,0
41.08977,-8.39845,337.71,0.56,0.43,2024-09-17,1302,N20,VIIRS,n,2,301.99,13.61,D,0
41.08837,-8.40519,346.21,0.56,0.43,2024-09-17,1302,N20,VIIRS,n,2,301.6,13.61,D,0
41.16962,-8.03087,342.78,0.54,0.42,2024-09-17,1302,N20,VIIRS,n,2,301.56,11.27,D,0
41.16607,-8.04825,342.95,0.54,0.42,2024-09-17,1302,N20,VIIRS,n,2,304.46,17.47,D,0
41.15128,-8.12055,340.84,0.54,0.42,2024-09-17,1302,N20,VIIRS,n,2,305.64,9.82,D,0
41.14255,-8.16303,331.96,0.54,0.42,2024-09-17,1302,N20,VIIRS,n,2,298.45,3.13,D,0
41.09758,-8.38066,342.95,0.56,0.43,2024-09-17,1302,N20,VIIRS,n,2,308.2,21.1,D,0
41.0962,-8.38728,337.45,0.56,0.43,2024-09-17,1302,N20,VIIRS,l,2,308.53,14.33,D,0
41.09225,-8.40626,348.06,0.56,0.43,2024-09-17,1302,N20,VIIRS,n,2,306.06,13.61,D,0
41.09088,-8.41284,350.3,0.56,0.43,2024-09-17,1302,N20,VIIRS,n,2,306.21,32.13,D,0
41.08933,-8.44007,367,0.56,0.43,2024-09-17,1302,N20,VIIRS,h,2,330.93,135.73,D,0
41.14371,-8.1771,333.07,0.54,0.42,2024-09-17,1302,N20,VIIRS,n,2,302.57,16.37,D,0
41.14243,-8.18335,348.43,0.54,0.42,2024-09-17,1302,N20,VIIRS,n,2,307.59,32.17,D,0
41.13831,-8.20339,341.78,0.55,0.42,2024-09-17,1302,N20,VIIRS,n,2,303.35,62.51,D,0
41.10677,-8.35612,331.89,0.55,0.43,2024-09-17,1302,N20,VIIRS,l,2,302.45,3.94,D,0
41.09477,-8.41389,344.53,0.56,0.43,2024-09-17,1302,N20,VIIRS,n,2,303.39,43.48,D,0
41.09332,-8.42088,350.91,0.56,0.43,2024-09-17,1302,N20,VIIRS,n,2,308.98,43.48,D,0
41.08793,-8.44681,341.7,0.56,0.43,2024-09-17,1302,N20,VIIRS,n,2,298.39,135.73,D,0
41.14202,-8.20515,367,0.55,0.42,2024-09-17,1302,N20,VIIRS,h,2,327.68,62.51,D,0
41.17728,-8.03278,353.5,0.54,0.42,2024-09-17,1302,N20,VIIRS,n,2,307.92,10.21,D,0
41.14611,-8.18517,346.98,0.54,0.42,2024-09-17,1302,N20,VIIRS,n,2,303.46,32.17,D,0
41.14478,-8.19168,341.67,0.54,0.42,2024-09-17,1302,N20,VIIRS,n,2,311.85,32.17,D,0
41.14339,-8.19845,348.12,0.55,0.42,2024-09-17,1302,N20,VIIRS,n,2,307.05,62.51,D,0
41.11054,-8.35769,340.9,0.55,0.43,2024-09-17,1302,N20,VIIRS,n,2,302.37,3.94,D,0
41.09575,-8.42899,356.11,0.56,0.43,2024-09-17,1302,N20,VIIRS,n,2,306.06,191.22,D,0
41.09033,-8.45507,338.63,0.56,0.43,2024-09-17,1302,N20,VIIRS,n,2,296.99,9.63,D,0
41.09312,-8.44162,367,0.56,0.43,2024-09-17,1302,N20,VIIRS,l,2,332.7,135.73,D,0
41.17997,-8.03933,367,0.54,0.42,2024-09-17,1302,N20,VIIRS,h,2,333.44,113.56,D,0
41.17476,-8.0649,346.44,0.54,0.42,2024-09-17,1302,N20,VIIRS,n,2,302.69,11.62,D,0
41.16123,-8.13126,340.46,0.54,0.42,2024-09-17,1302,N20,VIIRS,n,2,303.51,24.87,D,0
41.14846,-8.19352,344.01,0.54,0.42,2024-09-17,1302,N20,VIIRS,n,2,297.94,8.4,D,0
41.14708,-8.20029,356.6,0.55,0.42,2024-09-17,1302,N20,VIIRS,n,2,304.69,26.06,D,0
41.14573,-8.20686,346.82,0.55,0.42,2024-09-17,1302,N20,VIIRS,n,2,301.53,26.06,D,0
41.09821,-8.43699,348.75,0.56,0.43,2024-09-17,1302,N20,VIIRS,n,2,313.24,40.67,D,0
41.09694,-8.44311,349.29,0.56,0.43,2024-09-17,1302,N20,VIIRS,n,2,306.95,98.1,D,0
41.09416,-8.45648,348.16,0.56,0.43,2024-09-17,1302,N20,VIIRS,n,2,313.37,53.05,D,0
41.09272,-8.46342,354.17,0.56,0.43,2024-09-17,1302,N20,VIIRS,n,2,310.39,53.05,D,0
41.18114,-8.03361,367,0.54,0.42,2024-09-17,1302,N20,VIIRS,l,2,327.79,113.56,D,0
41.09559,-8.44958,367,0.56,0.43,2024-09-17,1302,N20,VIIRS,l,2,336.93,98.1,D,0
41.18379,-8.04031,343.15,0.54,0.42,2024-09-17,1302,N20,VIIRS,n,2,316.78,113.56,D,0
41.16498,-8.13273,347.12,0.54,0.42,2024-09-17,1302,N20,VIIRS,n,2,306.39,24.87,D,0
41.16375,-8.13873,352.49,0.54,0.42,2024-09-17,1302,N20,VIIRS,n,2,308.1,29.55,D,0
41.11412,-8.38002,342.98,0.56,0.43,2024-09-17,1302,N20,VIIRS,n,2,305.17,17.85,D,0
41.09652,-8.46495,355.08,0.56,0.43,2024-09-17,1302,N20,VIIRS,n,2,309.14,53.05,D,0
41.09383,-8.4779,341.34,0.56,0.43,2024-09-17,1302,N20,VIIRS,n,2,297.39,222.29,D,0
41.09251,-8.48423,333.91,0.56,0.43,2024-09-17,1302,N20,VIIRS,n,2,296.06,6.2,D,0
41.18501,-8.03435,367,0.54,0.42,2024-09-17,1302,N20,VIIRS,l,2,325.64,113.56,D,0
41.20488,-7.95631,332.08,0.53,0.42,2024-09-17,1302,N20,VIIRS,l,2,302.4,7.64,D,0
41.19857,-7.9874,352.76,0.53,0.42,2024-09-17,1302,N20,VIIRS,n,2,315.51,55.43,D,0
41.19729,-7.99372,344.95,0.53,0.42,2024-09-17,1302,N20,VIIRS,n,2,308.44,55.43,D,0
41.16368,-8.15887,330.96,0.54,0.42,2024-09-17,1302,N20,VIIRS,n,2,298.8,4.41,D,0
41.11662,-8.38775,344.68,0.56,0.43,2024-09-17,1302,N20,VIIRS,n,2,307.78,48.44,D,0
41.11252,-8.40758,342.95,0.56,0.43,2024-09-17,1302,N20,VIIRS,n,2,311.32,29.92,D,0
41.11129,-8.41349,342.42,0.56,0.43,2024-09-17,1302,N20,VIIRS,n,2,311.35,29.92,D,0
41.26312,-8.2154,339.21,0.54,0.42,2024-09-17,1302,N20,VIIRS,n,2,302.32,13.73,D,0
41.26036,-8.19632,334.15,0.54,0.42,2024-09-17,1302,N20,VIIRS,n,2,302.99,5.3,D,0
41.2591,-8.20231,338.89,0.54,0.42,2024-09-17,1302,N20,VIIRS,n,2,305.64,32.38,D,0
41.25784,-8.20832,347.95,0.54,0.42,2024-09-17,1302,N20,VIIRS,n,2,307.95,32.38,D,0
41.26415,-8.1976,334.05,0.54,0.42,2024-09-17,1302,N20,VIIRS,n,2,302.25,4.94,D,0
41.26291,-8.20349,344.72,0.54,0.42,2024-09-17,1302,N20,VIIRS,n,2,307.19,6.56,D,0
41.26165,-8.20952,334.48,0.54,0.42,2024-09-17,1302,N20,VIIRS,n,2,303.88,6.56,D,0
41.26033,-8.21577,367,0.54,0.42,2024-09-17,1302,N20,VIIRS,l,2,332.26,130.51,D,0
41.23935,-8.39259,331.16,0.55,0.43,2024-09-17,1302,N20,VIIRS,n,2,298.45,6.52,D,0
41.23797,-8.39912,339.47,0.55,0.43,2024-09-17,1302,N20,VIIRS,n,2,303.41,13.47,D,0
41.31794,-8.0368,367,0.53,0.42,2024-09-17,1302,N20,VIIRS,h,2,306.96,21.78,D,0
41.31923,-8.03057,330.63,0.53,0.42,2024-09-17,1302,N20,VIIRS,n,2,301.59,3.34,D,0
41.31664,-8.04306,345.11,0.53,0.42,2024-09-17,1302,N20,VIIRS,n,2,308.61,21.78,D,0
41.32042,-8.04422,367,0.53,0.42,2024-09-17,1302,N20,VIIRS,h,2,339.35,71.68,D,0
41.32426,-8.02571,339.43,0.53,0.42,2024-09-17,1302,N20,VIIRS,n,2,304.39,33.63,D,0
41.32297,-8.03193,351.72,0.53,0.42,2024-09-17,1302,N20,VIIRS,n,2,318.17,33.63,D,0
41.32169,-8.03811,355.13,0.53,0.42,2024-09-17,1302,N20,VIIRS,n,2,315.91,71.68,D,0
41.31913,-8.05044,305.34,0.53,0.42,2024-09-17,1302,N20,VIIRS,l,2,321.23,43.64,D,0
41.32294,-8.05148,367,0.53,0.42,2024-09-17,1302,N20,VIIRS,h,2,306.44,43.64,D,0
41.32925,-8.02103,342.61,0.53,0.42,2024-09-17,1302,N20,VIIRS,l,2,313.87,167.17,D,0
41.32801,-8.02701,341.88,0.53,0.42,2024-09-17,1302,N20,VIIRS,l,2,312.38,33.63,D,0
41.32425,-8.04514,339.45,0.53,0.42,2024-09-17,1302,N20,VIIRS,n,2,307.26,71.68,D,0
41.32161,-8.0579,355.38,0.53,0.42,2024-09-17,1302,N20,VIIRS,n,2,309.59,43.64,D,0
41.32029,-8.06425,335.63,0.53,0.42,2024-09-17,1302,N20,VIIRS,n,2,301.38,12.17,D,0
41.31901,-8.07044,341.06,0.53,0.42,2024-09-17,1302,N20,VIIRS,n,2,306.12,12.17,D,0
41.40335,-7.67915,367,0.51,0.41,2024-09-17,1302,N20,VIIRS,h,2,330.15,90.46,D,0
41.32277,-8.07173,367,0.53,0.42,2024-09-17,1302,N20,VIIRS,h,2,339.89,79.57,D,0
41.40468,-7.67256,332.46,0.51,0.41,2024-09-17,1302,N20,VIIRS,n,2,296.88,90.46,D,0
41.33556,-8.0099,355.24,0.53,0.42,2024-09-17,1302,N20,VIIRS,n,2,306.59,40.22,D,0
41.3343,-8.01603,349.08,0.53,0.42,2024-09-17,1302,N20,VIIRS,n,2,316.95,44.91,D,0
41.33303,-8.02216,348.45,0.53,0.42,2024-09-17,1302,N20,VIIRS,n,2,309.5,44.91,D,0
41.33179,-8.02816,352.42,0.53,0.42,2024-09-17,1302,N20,VIIRS,n,2,307.8,49.09,D,0
41.33055,-8.03414,343.21,0.53,0.42,2024-09-17,1302,N20,VIIRS,n,2,306.99,49.09,D,0
41.32932,-8.0401,355.51,0.53,0.42,2024-09-17,1302,N20,VIIRS,n,2,321.22,41.31,D,0
41.32809,-8.04605,346.12,0.53,0.42,2024-09-17,1302,N20,VIIRS,n,2,310.91,41.31,D,0
41.32677,-8.05244,352.83,0.53,0.42,2024-09-17,1302,N20,VIIRS,n,2,307.32,68.17,D,0
41.32539,-8.05907,341.85,0.53,0.42,2024-09-17,1302,N20,VIIRS,n,2,306.42,68.17,D,0
41.32406,-8.06551,341.71,0.53,0.42,2024-09-17,1302,N20,VIIRS,n,2,300.46,79.57,D,0
41.32029,-8.08371,347.14,0.53,0.42,2024-09-17,1302,N20,VIIRS,n,2,312.14,158.96,D,0
41.40205,-7.68554,303.8,0.51,0.41,2024-09-17,1302,N20,VIIRS,l,2,312.64,47.08,D,0
41.40961,-7.66773,367,0.51,0.41,2024-09-17,1302,N20,VIIRS,h,2,339.49,64.67,D,0
41.3331,-8.04124,367,0.53,0.42,2024-09-17,1302,N20,VIIRS,h,2,346.6,41.31,D,0
41.33187,-8.04718,367,0.53,0.42,2024-09-17,1302,N20,VIIRS,h,2,318.41,41.31,D,0
41.32916,-8.06031,367,0.53,0.42,2024-09-17,1302,N20,VIIRS,h,2,335.83,68.17,D,0
41.41344,-7.64882,331.78,0.51,0.41,2024-09-17,1302,N20,VIIRS,n,2,297.63,28.76,D,0
41.41219,-7.65501,349.04,0.51,0.41,2024-09-17,1302,N20,VIIRS,n,2,316.76,28.76,D,0
41.4109,-7.66134,355.82,0.51,0.41,2024-09-17,1302,N20,VIIRS,n,2,309.45,64.67,D,0
41.40699,-7.68062,352.02,0.51,0.41,2024-09-17,1302,N20,VIIRS,n,2,315.11,90.46,D,0
41.40573,-7.68685,350.39,0.51,0.41,2024-09-17,1302,N20,VIIRS,n,2,307.26,47.08,D,0
41.34057,-8.00509,352.7,0.53,0.42,2024-09-17,1302,N20,VIIRS,n,2,308.63,40.22,D,0
41.33558,-8.02929,343.41,0.53,0.42,2024-09-17,1302,N20,VIIRS,n,2,309.72,49.09,D,0
41.33056,-8.05355,355.99,0.53,0.42,2024-09-17,1302,N20,VIIRS,n,2,307.88,68.17,D,0
41.32655,-8.07292,343.96,0.53,0.42,2024-09-17,1302,N20,VIIRS,n,2,300.19,79.57,D,0
41.32528,-8.07902,351.84,0.53,0.42,2024-09-17,1302,N20,VIIRS,n,2,313.36,158.96,D,0
41.3228,-8.09103,340.67,0.53,0.42,2024-09-17,1302,N20,VIIRS,n,2,307.49,61.5,D,0
41.32404,-8.08507,367,0.53,0.42,2024-09-17,1302,N20,VIIRS,l,2,351.59,158.96,D,0
41.33688,-8.04242,367,0.53,0.42,2024-09-17,1302,N20,VIIRS,h,2,317.02,34.6,D,0
41.33563,-8.04848,367,0.53,0.42,2024-09-17,1302,N20,VIIRS,h,2,315.95,34.6,D,0
41.32906,-8.08024,367,0.53,0.42,2024-09-17,1302,N20,VIIRS,h,2,348.99,290.96,D,0
41.32776,-8.08652,367,0.53,0.42,2024-09-17,1302,N20,VIIRS,h,2,350.89,290.96,D,0
41.32651,-8.09259,367,0.53,0.42,2024-09-17,1302,N20,VIIRS,h,2,336.61,88.85,D,0
41.41834,-7.6441,349.08,0.51,0.41,2024-09-17,1302,N20,VIIRS,n,2,303.85,24.84,D,0
41.41709,-7.65026,331.6,0.51,0.41,2024-09-17,1302,N20,VIIRS,n,2,299.44,6.36,D,0
41.41581,-7.65658,340.41,0.51,0.41,2024-09-17,1302,N20,VIIRS,l,2,311.57,6.36,D,0
41.41452,-7.66294,335.45,0.51,0.41,2024-09-17,1302,N20,VIIRS,n,2,307.8,19.19,D,0
41.41322,-7.66935,356.03,0.51,0.41,2024-09-17,1302,N20,VIIRS,n,2,318.12,19.19,D,0
41.41191,-7.67582,354.13,0.51,0.41,2024-09-17,1302,N20,VIIRS,n,2,316.23,15.7,D,0
41.41064,-7.68209,354.85,0.51,0.41,2024-09-17,1302,N20,VIIRS,n,2,316.15,15.7,D,0
41.40941,-7.68814,333.17,0.51,0.41,2024-09-17,1302,N20,VIIRS,n,2,299.66,4.66,D,0
41.34558,-8.00028,332.8,0.53,0.42,2024-09-17,1302,N20,VIIRS,l,2,303.02,15.07,D,0
41.3431,-8.01229,336.14,0.53,0.42,2024-09-17,1302,N20,VIIRS,l,2,306.32,64.34,D,0
41.34187,-8.01824,347.63,0.53,0.42,2024-09-17,1302,N20,VIIRS,n,2,309.67,14.25,D,0
41.33937,-8.03036,350.18,0.53,0.42,2024-09-17,1302,N20,VIIRS,n,2,306.99,89,D,0
41.3343,-8.05492,353.48,0.53,0.42,2024-09-17,1302,N20,VIIRS,n,2,318.94,66.33,D,0
41.33034,-8.07407,336.26,0.53,0.42,2024-09-17,1302,N20,VIIRS,n,2,298.78,161.09,D,0
41.32527,-8.09858,338.9,0.54,0.42,2024-09-17,1302,N20,VIIRS,n,2,295.33,88.85,D,0
41.33811,-8.03649,367,0.53,0.42,2024-09-17,1302,N20,VIIRS,l,2,325.1,89,D,0
41.33292,-8.06157,351.55,0.53,0.42,2024-09-17,1302,N20,VIIRS,l,2,332.2,66.33,D,0
41.34192,-8.03749,367,0.53,0.42,2024-09-17,1302,N20,VIIRS,h,2,353.11,89,D,0
41.3354,-8.06905,367,0.53,0.42,2024-09-17,1302,N20,VIIRS,h,2,341.75,161.09,D,0
41.33415,-8.07512,367,0.53,0.42,2024-09-17,1302,N20,VIIRS,h,2,352.03,161.09,D,0
41.33152,-8.08783,367,0.53,0.42,2024-09-17,1302,N20,VIIRS,h,2,347.44,290.96,D,0
41.33023,-8.09408,367,0.53,0.42,2024-09-17,1302,N20,VIIRS,h,2,332,88.85,D,0
41.42314,-7.63981,337.6,0.51,0.41,2024-09-17,1302,N20,VIIRS,l,2,312.02,24.84,D,0
41.42198,-7.64554,336.78,0.51,0.41,2024-09-17,1302,N20,VIIRS,l,2,308.59,24.84,D,0
41.41684,-7.67096,340.08,0.51,0.41,2024-09-17,1302,N20,VIIRS,n,2,310.14,19.19,D,0
41.41554,-7.67738,337.75,0.51,0.41,2024-09-17,1302,N20,VIIRS,n,2,310.45,15.7,D,0
41.4143,-7.6835,343.46,0.51,0.41,2024-09-17,1302,N20,VIIRS,n,2,300.27,15.7,D,0
41.34937,-8.00133,332.26,0.53,0.42,2024-09-17,1302,N20,VIIRS,n,2,300.86,15.07,D,0
41.34446,-8.02517,335.91,0.53,0.42,2024-09-17,1302,N20,VIIRS,n,2,305.89,14.25,D,0
41.3432,-8.03126,351.29,0.53,0.42,2024-09-17,1302,N20,VIIRS,n,2,314.56,89,D,0
41.34067,-8.04354,351.47,0.53,0.42,2024-09-17,1302,N20,VIIRS,n,2,324.6,34.6,D,0
41.33939,-8.04975,353.69,0.53,0.42,2024-09-17,1302,N20,VIIRS,n,2,323.44,34.6,D,0
41.32896,-8.10018,349.07,0.54,0.42,2024-09-17,1302,N20,VIIRS,n,2,298.77,88.85,D,0
41.33806,-8.05621,367,0.53,0.42,2024-09-17,1302,N20,VIIRS,l,2,337.61,66.33,D,0
41.33669,-8.06282,367,0.53,0.42,2024-09-17,1302,N20,VIIRS,l,2,334.33,66.33,D,0
41.33286,-8.08136,367,0.53,0.42,2024-09-17,1302,N20,VIIRS,l,2,366.73,290.96,D,0
41.34447,-8.04462,367,0.53,0.42,2024-09-17,1302,N20,VIIRS,h,2,332.41,92.72,D,0
41.34315,-8.05099,367,0.53,0.42,2024-09-17,1302,N20,VIIRS,h,2,336.25,92.72,D,0
41.34047,-8.06398,367,0.53,0.42,2024-09-17,1302,N20,VIIRS,h,2,336.62,71,D,0
41.33922,-8.07008,367,0.53,0.42,2024-09-17,1302,N20,VIIRS,h,2,358.14,264.19,D,0
41.33797,-8.07613,367,0.53,0.42,2024-09-17,1302,N20,VIIRS,h,2,343.14,264.19,D,0
41.33665,-8.08253,367,0.53,0.42,2024-09-17,1302,N20,VIIRS,h,2,351.29,331.69,D,0
41.33529,-8.0891,367,0.53,0.42,2024-09-17,1302,N20,VIIRS,h,2,332.52,331.69,D,0
41.34573,-8.03846,336.74,0.53,0.42,2024-09-17,1302,N20,VIIRS,n,2,299.28,22.72,D,0
41.34181,-8.0575,349.8,0.53,0.42,2024-09-17,1302,N20,VIIRS,n,2,317.83,71,D,0
41.33275,-8.10139,352.39,0.54,0.42,2024-09-17,1302,N20,VIIRS,n,2,298.58,161.95,D,0
41.33149,-8.10748,334.1,0.54,0.42,2024-09-17,1302,N20,VIIRS,n,2,291.85,7.77,D,0
41.33399,-8.09537,367,0.53,0.42,2024-09-17,1302,N20,VIIRS,l,2,358.48,161.95,D,0
41.34177,-8.0772,367,0.53,0.42,2024-09-17,1302,N20,VIIRS,h,2,345.41,264.19,D,0
41.3404,-8.08381,367,0.53,0.42,2024-09-17,1302,N20,VIIRS,h,2,350.27,331.69,D,0
41.34692,-8.05224,342.97,0.53,0.42,2024-09-17,1302,N20,VIIRS,n,2,302.02,92.72,D,0
41.34557,-8.05874,347.78,0.53,0.42,2024-09-17,1302,N20,VIIRS,n,2,297.16,71,D,0
41.34428,-8.06504,346.01,0.53,0.42,2024-09-17,1302,N20,VIIRS,n,2,311.27,71,D,0
41.33905,-8.09038,355.01,0.53,0.42,2024-09-17,1302,N20,VIIRS,n,2,297.62,331.69,D,0
41.33777,-8.0966,335.5,0.53,0.42,2024-09-17,1302,N20,VIIRS,n,2,309.38,161.95,D,0
41.33655,-8.10251,350.94,0.54,0.42,2024-09-17,1302,N20,VIIRS,n,2,295.67,161.95,D,0
41.3353,-8.10854,331.71,0.54,0.42,2024-09-17,1302,N20,VIIRS,n,2,290.33,7.77,D,0
41.34304,-8.07107,367,0.53,0.42,2024-09-17,1302,N20,VIIRS,l,2,344.05,264.19,D,0
41.4115,-7.75573,332.28,0.52,0.41,2024-09-17,1302,N20,VIIRS,n,2,296.3,31.68,D,0
41.41031,-7.7616,333.38,0.52,0.41,2024-09-17,1302,N20,VIIRS,n,2,293.64,20.88,D,0
41.35832,-8.01633,335.87,0.53,0.42,2024-09-17,1302,N20,VIIRS,n,2,302.74,5.47,D,0
41.34555,-8.0784,343.31,0.53,0.42,2024-09-17,1302,N20,VIIRS,n,2,294.05,18.51,D,0
41.34417,-8.08509,341.41,0.53,0.42,2024-09-17,1302,N20,VIIRS,n,2,304.94,55.32,D,0
41.34282,-8.09165,346.71,0.53,0.42,2024-09-17,1302,N20,VIIRS,n,2,295.04,55.32,D,0
41.34155,-8.09782,341.63,0.53,0.42,2024-09-17,1302,N20,VIIRS,n,2,292.3,14.45,D,0
41.41992,-7.73367,335.49,0.52,0.41,2024-09-17,1302,N20,VIIRS,n,2,297.9,8.17,D,0
41.41635,-7.75132,352.39,0.52,0.41,2024-09-17,1302,N20,VIIRS,n,2,312.44,31.68,D,0
41.41515,-7.75726,350.47,0.52,0.41,2024-09-17,1302,N20,VIIRS,n,2,319.59,31.68,D,0
41.41396,-7.76311,336.85,0.52,0.41,2024-09-17,1302,N20,VIIRS,l,2,307.9,20.88,D,0
41.4472,-7.61798,332.41,0.51,0.41,2024-09-17,1302,N20,VIIRS,n,2,299.42,64.15,D,0
41.42364,-7.73487,343.5,0.52,0.41,2024-09-17,1302,N20,VIIRS,n,2,303.76,9.57,D,0
41.42245,-7.74072,353.84,0.52,0.41,2024-09-17,1302,N20,VIIRS,n,2,315.14,26,D,0
41.42122,-7.74681,350.11,0.52,0.41,2024-09-17,1302,N20,VIIRS,n,2,307.79,26,D,0
41.41999,-7.75288,342.59,0.52,0.41,2024-09-17,1302,N20,VIIRS,n,2,307.66,13.41,D,0
41.43402,-7.703,331.8,0.51,0.41,2024-09-17,1302,N20,VIIRS,n,2,300.46,5.04,D,0
41.43288,-7.7087,335.62,0.51,0.41,2024-09-17,1302,N20,VIIRS,l,2,308.7,9.83,D,0
40.91917,-8.03243,367,0.54,0.42,2024-09-17,1302,N20,VIIRS,h,2,335.21,263.42,D,0
41.42733,-7.73614,343.35,0.52,0.41,2024-09-17,1302,N20,VIIRS,n,2,304.62,9.57,D,0
41.45461,-7.62027,334.12,0.51,0.41,2024-09-17,1302,N20,VIIRS,n,2,303.08,45.15,D,0
41.43101,-7.73746,333.97,0.52,0.41,2024-09-17,1302,N20,VIIRS,l,2,307.41,7,D,0
41.45718,-7.62697,367,0.51,0.41,2024-09-17,1302,N20,VIIRS,l,2,326.3,141.48,D,0
41.4609,-7.62805,337.22,0.51,0.41,2024-09-17,1302,N20,VIIRS,n,2,304.08,60.86,D,0
41.44626,-7.70099,337.48,0.51,0.41,2024-09-17,1302,N20,VIIRS,n,2,304.32,4.39,D,0
41.43959,-7.73411,336.87,0.51,0.41,2024-09-17,1302,N20,VIIRS,n,2,302.88,102.03,D,0
41.43835,-7.74025,337.39,0.52,0.41,2024-09-17,1302,N20,VIIRS,n,2,309.49,102.03,D,0
41.43456,-7.75907,336.58,0.52,0.41,2024-09-17,1302,N20,VIIRS,l,2,307.93,6.76,D,0
41.45973,-7.63387,367,0.51,0.41,2024-09-17,1302,N20,VIIRS,l,2,328.93,60.86,D,0
41.44201,-7.74172,367,0.52,0.41,2024-09-17,1302,N20,VIIRS,h,2,345.7,102.03,D,0
41.46339,-7.63521,345.82,0.51,0.41,2024-09-17,1302,N20,VIIRS,l,2,320.77,60.86,D,0
41.4621,-7.64164,347.01,0.51,0.41,2024-09-17,1302,N20,VIIRS,n,2,315.52,17.24,D,0
41.46078,-7.64827,343.25,0.51,0.41,2024-09-17,1302,N20,VIIRS,n,2,306.17,17.24,D,0
41.44326,-7.73548,342.69,0.51,0.41,2024-09-17,1302,N20,VIIRS,n,2,315.81,102.03,D,0
41.44074,-7.74803,348.68,0.52,0.41,2024-09-17,1302,N20,VIIRS,n,2,316.13,21.82,D,0
41.43821,-7.76059,342.57,0.52,0.41,2024-09-17,1302,N20,VIIRS,n,2,310,6.76,D,0
41.30165,-8.42762,331.65,0.55,0.43,2024-09-17,1302,N20,VIIRS,l,2,302.15,110.04,D,0
41.46704,-7.63662,333.04,0.51,0.41,2024-09-17,1302,N20,VIIRS,l,2,305.35,57.12,D,0
41.44566,-7.7432,347.37,0.52,0.41,2024-09-17,1302,N20,VIIRS,n,2,305.99,32.41,D,0
41.44438,-7.74954,354.76,0.52,0.41,2024-09-17,1302,N20,VIIRS,n,2,321.87,20.52,D,0
41.44312,-7.75584,334.05,0.52,0.41,2024-09-17,1302,N20,VIIRS,l,2,308.24,20.52,D,0
41.44188,-7.76199,337.15,0.52,0.41,2024-09-17,1302,N20,VIIRS,n,2,301.13,6.33,D,0
41.30675,-8.42282,329.61,0.55,0.43,2024-09-17,1302,N20,VIIRS,n,2,297.03,4.26,D,0
41.4598,-7.69247,329.87,0.51,0.41,2024-09-17,1302,N20,VIIRS,l,2,301.69,29.72,D,0
41.46355,-7.69342,333.68,0.51,0.41,2024-09-17,1302,N20,VIIRS,n,2,297.54,13.27,D,0
41.46239,-7.69921,351.35,0.51,0.41,2024-09-17,1302,N20,VIIRS,n,2,302.83,13.27,D,0
41.46122,-7.70503,345.76,0.51,0.41,2024-09-17,1302,N20,VIIRS,n,2,305.44,45.75,D,0
41.46005,-7.71084,337.13,0.51,0.41,2024-09-17,1302,N20,VIIRS,n,2,302.91,45.75,D,0
41.46491,-7.70627,352.74,0.51,0.41,2024-09-17,1302,N20,VIIRS,n,2,307.37,45.75,D,0
41.46257,-7.71794,342.59,0.51,0.41,2024-09-17,1302,N20,VIIRS,n,2,302.03,15.74,D,0
41.46374,-7.71214,321.27,0.51,0.41,2024-09-17,1302,N20,VIIRS,l,2,323.22,45.75,D,0
41.35855,-8.25088,353.18,0.54,0.42,2024-09-17,1302,N20,VIIRS,n,2,313.55,26,D,0
41.35726,-8.25718,348.03,0.54,0.42,2024-09-17,1302,N20,VIIRS,n,2,299.71,26,D,0
41.3623,-8.2524,334.43,0.54,0.42,2024-09-17,1302,N20,VIIRS,n,2,297.04,26,D,0
41.35992,-8.25209,353.18,0.54,0.42,2024-09-17,1302,N20,VIIRS,n,2,312.75,44.07,D,0
41.35857,-8.25846,351.56,0.54,0.42,2024-09-17,1302,N20,VIIRS,n,2,301.2,41.26,D,0
41.51869,-7.59972,350.07,0.51,0.41,2024-09-17,1302,N20,VIIRS,n,2,307.56,15.99,D,0
41.52354,-7.59515,338.71,0.51,0.41,2024-09-17,1302,N20,VIIRS,n,2,302.44,17.12,D,0
41.52459,-7.60929,331.65,0.51,0.41,2024-09-17,1302,N20,VIIRS,n,2,295.75,3.33,D,0
41.41048,-8.20419,341.75,0.54,0.42,2024-09-17,1302,N20,VIIRS,n,2,303.56,28.99,D,0
41.40915,-8.21055,336.87,0.54,0.42,2024-09-17,1302,N20,VIIRS,l,2,309.42,30.95,D,0
41.41425,-8.20547,340.1,0.54,0.42,2024-09-17,1302,N20,VIIRS,n,2,301.82,11.38,D,0
41.42678,-8.22309,346.33,0.54,0.42,2024-09-17,1302,N20,VIIRS,n,2,300.03,15.88,D,0
41.43055,-8.22445,336.87,0.54,0.42,2024-09-17,1302,N20,VIIRS,n,2,300.67,15.88,D,0
41.42921,-8.23092,330.46,0.54,0.42,2024-09-17,1302,N20,VIIRS,n,2,298.08,41.63,D,0
41.57896,-7.57273,331.38,0.5,0.41,2024-09-17,1302,N20,VIIRS,n,2,299.45,4.02,D,0
41.57776,-7.57875,354.35,0.5,0.41,2024-09-17,1302,N20,VIIRS,n,2,306.9,17.58,D,0
41.47152,-8.10385,331.6,0.53,0.42,2024-09-17,1302,N20,VIIRS,n,2,300.25,7.64,D,0
41.58262,-7.57399,342.07,0.5,0.41,2024-09-17,1302,N20,VIIRS,n,2,306.77,26.93,D,0
41.58628,-7.57524,336.73,0.5,0.41,2024-09-17,1302,N20,VIIRS,l,2,311.01,26.93,D,0
41.52848,-7.86327,334.74,0.52,0.41,2024-09-17,1302,N20,VIIRS,n,2,301.64,6.88,D,0
41.526,-7.87554,343.48,0.52,0.41,2024-09-17,1302,N20,VIIRS,n,2,311.92,98.01,D,0
41.52726,-7.86931,367,0.52,0.41,2024-09-17,1302,N20,VIIRS,l,2,328.74,98.01,D,0
41.5899,-7.57675,345.98,0.5,0.41,2024-09-17,1302,N20,VIIRS,n,2,301.67,12.32,D,0
41.58871,-7.58268,352.57,0.5,0.41,2024-09-17,1302,N20,VIIRS,n,2,304.74,13.19,D,0
41.53347,-7.8582,355.3,0.52,0.41,2024-09-17,1302,N20,VIIRS,n,2,309.68,24.06,D,0
41.53229,-7.86404,347.46,0.52,0.41,2024-09-17,1302,N20,VIIRS,l,2,317.9,24.06,D,0
41.53106,-7.87012,352.33,0.52,0.41,2024-09-17,1302,N20,VIIRS,n,2,317.93,62.63,D,0
41.52979,-7.87641,355.39,0.52,0.41,2024-09-17,1302,N20,VIIRS,n,2,326.14,62.63,D,0
41.52851,-7.88273,350.31,0.52,0.42,2024-09-17,1302,N20,VIIRS,n,2,318.37,21.57,D,0
41.52726,-7.88896,344.35,0.52,0.42,2024-09-17,1302,N20,VIIRS,n,2,301.21,21.57,D,0
41.53728,-7.85893,339.54,0.52,0.41,2024-09-17,1302,N20,VIIRS,l,2,310.3,24.06,D,0
41.53228,-7.88374,352.9,0.52,0.42,2024-09-17,1302,N20,VIIRS,n,2,314.5,21.57,D,0
41.53102,-7.88999,340.47,0.52,0.42,2024-09-17,1302,N20,VIIRS,n,2,301.71,21.57,D,0
41.45801,-8.24831,330.09,0.54,0.42,2024-09-17,1302,N20,VIIRS,l,2,300.41,7.74,D,0
41.53736,-7.87822,334.93,0.52,0.41,2024-09-17,1302,N20,VIIRS,l,2,307.27,7.21,D,0
41.53242,-7.90273,354.15,0.52,0.42,2024-09-17,1302,N20,VIIRS,n,2,304.69,12.48,D,0
41.53117,-7.90889,338.41,0.52,0.42,2024-09-17,1302,N20,VIIRS,n,2,300.49,5.56,D,0
41.52988,-7.91529,334.23,0.52,0.42,2024-09-17,1302,N20,VIIRS,n,2,301.77,5.56,D,0
41.53978,-7.8859,335.22,0.52,0.42,2024-09-17,1302,N20,VIIRS,l,2,306.17,4.35,D,0
41.53855,-7.89204,336.22,0.52,0.42,2024-09-17,1302,N20,VIIRS,n,2,304.99,4.35,D,0
41.53618,-7.90373,346.11,0.52,0.42,2024-09-17,1302,N20,VIIRS,n,2,306.29,12.48,D,0
41.53492,-7.91002,343.54,0.52,0.42,2024-09-17,1302,N20,VIIRS,n,2,306.32,5.56,D,0
41.53359,-7.9166,332.2,0.52,0.42,2024-09-17,1302,N20,VIIRS,n,2,299.77,5.56,D,0
41.53996,-7.90471,344.28,0.52,0.42,2024-09-17,1302,N20,VIIRS,n,2,301.75,7.93,D,0
41.53865,-7.9112,344.76,0.52,0.42,2024-09-17,1302,N20,VIIRS,n,2,305.75,10.36,D,0
41.47338,-8.23248,330.44,0.54,0.42,2024-09-17,1302,N20,VIIRS,n,2,301.45,3.15,D,0
41.54373,-7.9057,337.59,0.52,0.42,2024-09-17,1302,N20,VIIRS,n,2,306.48,7.93,D,0
41.56177,-7.8357,341.29,0.52,0.41,2024-09-17,1302,N20,VIIRS,n,2,306.27,32.14,D,0
41.56554,-7.83662,347.28,0.52,0.41,2024-09-17,1302,N20,VIIRS,l,2,318.56,32.14,D,0
41.55496,-7.8893,333.39,0.52,0.42,2024-09-17,1302,N20,VIIRS,l,2,307.22,3.17,D,0
41.53895,-7.90716,346.7,0.52,0.42,2024-09-17,1302,N20,VIIRS,n,2,305.08,6.38,D,0
41.53759,-7.91375,340.79,0.52,0.42,2024-09-17,1302,N20,VIIRS,n,2,302.23,6.38,D,0
41.54402,-7.90192,334.57,0.52,0.42,2024-09-17,1302,N20,VIIRS,l,2,306.37,5.72,D,0
41.54271,-7.90824,333.43,0.52,0.42,2024-09-17,1302,N20,VIIRS,l,2,303.84,6.38,D,0
41.56115,-7.83808,340.29,0.52,0.41,2024-09-17,1302,N20,VIIRS,n,2,308.42,66.85,D,0
41.56377,-7.84465,367,0.52,0.41,2024-09-17,1302,N20,VIIRS,h,2,331.35,66.85,D,0
41.56616,-7.833,331.92,0.52,0.41,2024-09-17,1302,N20,VIIRS,n,2,300.15,16.18,D,0
41.56492,-7.83902,367,0.52,0.41,2024-09-17,1302,N20,VIIRS,l,2,328.94,66.85,D,0
41.5687,-7.83995,337.54,0.52,0.41,2024-09-17,1302,N20,VIIRS,n,2,298.6,25.39,D,0
41.5675,-7.84577,337.09,0.52,0.41,2024-09-17,1302,N20,VIIRS,n,2,299.28,25.39,D,0
41.55918,-7.8863,354.7,0.52,0.41,2024-09-17,1302,N20,VIIRS,n,2,317.95,70.17,D,0
41.5579,-7.89249,340.32,0.52,0.41,2024-09-17,1302,N20,VIIRS,l,2,314.41,70.17,D,0
41.56042,-7.89957,304.44,0.52,0.42,2024-09-17,1302,N20,VIIRS,l,2,313.13,42.83,D,0
41.5116,-8.15461,332.77,0.53,0.42,2024-09-17,1302,N20,VIIRS,n,2,298.09,3.15,D,0
41.5294,-8.14646,332.76,0.53,0.42,2024-09-17,1302,N20,VIIRS,n,2,301.84,4.13,D,0
41.51095,-8.23527,352.13,0.54,0.42,2024-09-17,1302,N20,VIIRS,n,2,312.06,17.63,D,0
41.5096,-8.24175,343.33,0.54,0.42,2024-09-17,1302,N20,VIIRS,n,2,307.55,19.39,D,0
41.50165,-8.27986,329.1,0.54,0.42,2024-09-17,1302,N20,VIIRS,l,2,300.36,7.19,D,0
41.51604,-8.23026,337.37,0.54,0.42,2024-09-17,1302,N20,VIIRS,n,2,304.09,17.63,D,0
41.51077,-8.25553,342.2,0.54,0.42,2024-09-17,1302,N20,VIIRS,n,2,305.58,12.84,D,0
41.5383,-8.14238,330.25,0.53,0.42,2024-09-17,1302,N20,VIIRS,n,2,298.35,7.95,D,0
41.53162,-8.17463,356.27,0.53,0.42,2024-09-17,1302,N20,VIIRS,n,2,305.32,27.24,D,0
41.53667,-8.16972,331.85,0.53,0.42,2024-09-17,1302,N20,VIIRS,n,2,298.9,27.24,D,0
41.53533,-8.17619,349.99,0.53,0.42,2024-09-17,1302,N20,VIIRS,n,2,312.55,27.24,D,0
41.52064,-8.26648,342.15,0.54,0.42,2024-09-17,1302,N20,VIIRS,n,2,307.65,31.84,D,0
41.51648,-8.28649,345.36,0.54,0.42,2024-09-17,1302,N20,VIIRS,n,2,303.44,8.55,D,0
41.54945,-8.14678,329.68,0.53,0.42,2024-09-17,1302,N20,VIIRS,n,2,296.16,7.82,D,0
41.52429,-8.2684,347.9,0.54,0.42,2024-09-17,1302,N20,VIIRS,n,2,301.19,31.84,D,0
41.55172,-8.15532,346.6,0.53,0.42,2024-09-17,1302,N20,VIIRS,n,2,303.23,16.32,D,0
41.55037,-8.16187,332.53,0.53,0.42,2024-09-17,1302,N20,VIIRS,l,2,302.54,6.22,D,0
41.55532,-8.15736,353.27,0.53,0.42,2024-09-17,1302,N20,VIIRS,n,2,301.78,16.32,D,0
41.554,-8.16378,333.49,0.53,0.42,2024-09-17,1302,N20,VIIRS,n,2,301.59,6.22,D,0
41.54597,-8.2027,331.89,0.54,0.42,2024-09-17,1302,N20,VIIRS,n,2,302.1,3.22,D,0
41.5551,-8.17799,367,0.53,0.42,2024-09-17,1302,N20,VIIRS,h,2,302.62,15.37,D,0
41.45411,-8.72141,341.33,0.57,0.43,2024-09-17,1302,N20,VIIRS,n,2,309.01,15.67,D,0
41.45271,-8.72803,346.82,0.57,0.43,2024-09-17,1302,N20,VIIRS,n,2,307.58,15.67,D,0
41.45794,-8.72289,341.75,0.57,0.43,2024-09-17,1302,N20,VIIRS,n,2,305.51,107.26,D,0
41.75763,-7.32696,334.37,0.49,0.4,2024-09-17,1302,N20,VIIRS,n,2,304.07,47.34,D,0
41.75102,-7.38031,367,0.49,0.4,2024-09-17,1302,N20,VIIRS,h,2,331.6,91.49,D,0
41.7475,-7.39827,367,0.49,0.4,2024-09-17,1302,N20,VIIRS,h,2,350.04,115.2,D,0
41.76126,-7.32807,341.48,0.49,0.4,2024-09-17,1302,N20,VIIRS,l,2,314.14,47.34,D,0
41.75331,-7.36862,352.2,0.49,0.4,2024-09-17,1302,N20,VIIRS,n,2,312.86,20.25,D,0
41.75217,-7.37446,353.94,0.49,0.4,2024-09-17,1302,N20,VIIRS,n,2,318.03,91.49,D,0
41.74986,-7.38623,355.84,0.49,0.4,2024-09-17,1302,N20,VIIRS,n,2,313.56,41.65,D,0
41.74868,-7.39222,353.42,0.49,0.4,2024-09-17,1302,N20,VIIRS,n,2,319.04,41.65,D,0
41.7463,-7.40437,341.43,0.49,0.41,2024-09-17,1302,N20,VIIRS,n,2,315.16,115.2,D,0
41.74869,-7.41196,367,0.49,0.41,2024-09-17,1302,N20,VIIRS,h,2,337.39,122.3,D,0
41.76488,-7.32924,339.82,0.49,0.4,2024-09-17,1302,N20,VIIRS,n,2,312.33,23.47,D,0
41.75574,-7.37593,334.32,0.49,0.4,2024-09-17,1302,N20,VIIRS,n,2,307.87,7.84,D,0
41.75108,-7.39976,353.32,0.49,0.4,2024-09-17,1302,N20,VIIRS,n,2,307.83,53.69,D,0
41.74989,-7.40581,367,0.49,0.41,2024-09-17,1302,N20,VIIRS,l,2,325.6,53.69,D,0
41.75226,-7.41348,367,0.49,0.41,2024-09-17,1302,N20,VIIRS,h,2,328.34,122.3,D,0
41.7685,-7.33049,332.26,0.49,0.4,2024-09-17,1302,N20,VIIRS,n,2,299.81,23.47,D,0
41.75699,-7.38932,335.29,0.49,0.4,2024-09-17,1302,N20,VIIRS,n,2,302.38,51.6,D,0
41.76735,-7.33634,306.18,0.49,0.4,2024-09-17,1302,N20,VIIRS,l,2,316.48,23.47,D,0
41.75582,-7.39531,367,0.49,0.4,2024-09-17,1302,N20,VIIRS,l,2,331.88,51.6,D,0
41.75467,-7.40122,367,0.49,0.4,2024-09-17,1302,N20,VIIRS,l,2,329.45,53.69,D,0
41.75348,-7.40728,367,0.49,0.41,2024-09-17,1302,N20,VIIRS,l,2,328.43,53.69,D,0
41.77093,-7.33779,345.52,0.49,0.4,2024-09-17,1302,N20,VIIRS,n,2,299.69,12.84,D,0
41.75703,-7.4089,342.63,0.49,0.41,2024-09-17,1302,N20,VIIRS,n,2,297.46,13.78,D,0
41.75315,-7.40193,367,0.49,0.4,2024-09-17,1302,N20,VIIRS,h,2,314.12,55.93,D,0
41.75068,-7.41418,367,0.49,0.41,2024-09-17,1302,N20,VIIRS,h,2,335.34,60.02,D,0
41.76733,-7.33141,335.23,0.49,0.4,2024-09-17,1302,N20,VIIRS,n,2,306.45,19.9,D,0
41.76616,-7.33724,330.72,0.49,0.4,2024-09-17,1302,N20,VIIRS,n,2,305.16,12.38,D,0
41.75555,-7.39003,338.55,0.49,0.4,2024-09-17,1302,N20,VIIRS,n,2,306.93,17.94,D,0
41.75434,-7.39602,356.08,0.49,0.4,2024-09-17,1302,N20,VIIRS,n,2,318.49,55.93,D,0
41.75193,-7.408,367,0.49,0.4,2024-09-17,1302,N20,VIIRS,l,2,330.14,60.02,D,0
41.77092,-7.33274,332.07,0.49,0.4,2024-09-17,1302,N20,VIIRS,n,2,300.81,19.9,D,0
41.76973,-7.33866,334.36,0.49,0.4,2024-09-17,1302,N20,VIIRS,n,2,299.17,12.38,D,0
41.75671,-7.40349,353.39,0.49,0.4,2024-09-17,1302,N20,VIIRS,n,2,308.89,55.93,D,0
41.75549,-7.40957,349.51,0.49,0.4,2024-09-17,1302,N20,VIIRS,n,2,307.25,60.02,D,0
41.75425,-7.41572,335.64,0.49,0.41,2024-09-17,1302,N20,VIIRS,n,2,297.9,60.02,D,0
41.77328,-7.34022,343.38,0.49,0.4,2024-09-17,1302,N20,VIIRS,n,2,299.24,6.45,D,0
41.60379,-8.28463,347.87,0.54,0.42,2024-09-17,1302,N20,VIIRS,n,2,307.45,53.71,D,0
41.60337,-8.30599,352.76,0.54,0.42,2024-09-17,1302,N20,VIIRS,n,2,321.47,47.04,D,0
41.93013,-8.45748,297.03,0.69,0.74,2024-09-18,0119,N20,VIIRS,n,2,286.14,1.29,N,0
41.93707,-8.46416,297.83,0.69,0.74,2024-09-18,0119,N20,VIIRS,n,2,286.7,0.81,N,0
41.93086,-8.46142,301.29,0.69,0.74,2024-09-18,0119,N20,VIIRS,n,2,286.76,2.12,N,0
41.21606,-7.95867,300.99,0.65,0.73,2024-09-18,0120,N20,VIIRS,n,2,286.72,2.79,N,0
41.21592,-7.94797,302.25,0.64,0.72,2024-09-18,0120,N20,VIIRS,n,2,285.92,2.79,N,0
41.21546,-7.91495,295.99,0.64,0.72,2024-09-18,0120,N20,VIIRS,n,2,285,5.57,N,0
41.20865,-7.90966,320.72,0.64,0.72,2024-09-18,0120,N20,VIIRS,n,2,285.05,14.58,N,0
41.20844,-7.8942,355.7,0.64,0.72,2024-09-18,0120,N20,VIIRS,n,2,286.28,14.58,N,0
41.20834,-7.88692,296.7,0.64,0.72,2024-09-18,0120,N20,VIIRS,n,2,282.5,6.25,N,0
41.19675,-8.03315,367,0.65,0.73,2024-09-18,0120,N20,VIIRS,h,2,287.13,12.47,N,0
41.19665,-8.02531,367,0.65,0.73,2024-09-18,0120,N20,VIIRS,h,2,293.19,12.47,N,0
41.19641,-8.00628,307.69,0.65,0.73,2024-09-18,0120,N20,VIIRS,n,2,288.03,2.83,N,0
41.18998,-8.034,355.24,0.65,0.73,2024-09-18,0120,N20,VIIRS,n,2,286.92,12.47,N,0
41.18991,-8.02742,313.75,0.65,0.73,2024-09-18,0120,N20,VIIRS,n,2,286.53,12.47,N,0
41.18317,-8.03025,308.14,0.65,0.73,2024-09-18,0120,N20,VIIRS,n,2,287.92,1.82,N,0
41.17826,-8.21071,313.67,0.66,0.73,2024-09-18,0120,N20,VIIRS,n,2,287.93,2.14,N,0
41.16902,-7.97482,325.62,0.65,0.73,2024-09-18,0120,N20,VIIRS,n,2,287.93,4.87,N,0
41.17078,-8.14159,302.26,0.66,0.73,2024-09-18,0120,N20,VIIRS,n,2,289.16,1.31,N,0
41.16909,-7.981,302.09,0.65,0.73,2024-09-18,0120,N20,VIIRS,n,2,285.14,4.1,N,0
41.16896,-7.96904,302.22,0.65,0.73,2024-09-18,0120,N20,VIIRS,n,2,287.12,4.87,N,0
41.16234,-7.98121,337.67,0.65,0.73,2024-09-18,0120,N20,VIIRS,n,2,287.09,4.1,N,0
41.16397,-8.14086,303.92,0.66,0.73,2024-09-18,0120,N20,VIIRS,n,2,288.64,1.31,N,0
41.1639,-8.13405,299.62,0.66,0.73,2024-09-18,0120,N20,VIIRS,n,2,288.94,2.16,N,0
41.15577,-7.99864,338.22,0.65,0.73,2024-09-18,0120,N20,VIIRS,n,2,287.75,16.07,N,0
41.15569,-7.99049,325.3,0.65,0.73,2024-09-18,0120,N20,VIIRS,n,2,287.38,4.57,N,0
41.15715,-8.13973,308.85,0.66,0.73,2024-09-18,0120,N20,VIIRS,n,2,288.94,2.45,N,0
41.15561,-7.98383,301.43,0.65,0.73,2024-09-18,0120,N20,VIIRS,n,2,286.2,4.57,N,0
41.14931,-8.02907,350.45,0.65,0.73,2024-09-18,0120,N20,VIIRS,n,2,289.1,20.56,N,0
41.1492,-8.01815,351.73,0.65,0.73,2024-09-18,0120,N20,VIIRS,n,2,294.47,20.56,N,0
41.14911,-8.00799,367,0.65,0.73,2024-09-18,0120,N20,VIIRS,h,2,294.21,16.07,N,0
41.14902,-7.99989,303.47,0.65,0.73,2024-09-18,0120,N20,VIIRS,n,2,287.17,16.07,N,0
41.11435,-7.90449,317.14,0.64,0.72,2024-09-18,0120,N20,VIIRS,n,2,288.92,5.78,N,0
41.11154,-8.50771,322.2,0.69,0.74,2024-09-18,0120,N20,VIIRS,n,2,290.32,3.71,N,0
41.11144,-8.48326,320.65,0.69,0.74,2024-09-18,0120,N20,VIIRS,n,2,289.73,5.08,N,0
41.11141,-8.47479,336.87,0.68,0.74,2024-09-18,0120,N20,VIIRS,n,2,290.99,5.08,N,0
41.1076,-7.90252,324.92,0.64,0.72,2024-09-18,0120,N20,VIIRS,n,2,287.44,5.78,N,0
41.10749,-7.88874,354.89,0.64,0.72,2024-09-18,0120,N20,VIIRS,n,2,290.56,14.31,N,0
41.11157,-8.5163,318.76,0.69,0.74,2024-09-18,0120,N20,VIIRS,n,2,289.28,3.71,N,0
41.10072,-7.88353,300.19,0.64,0.72,2024-09-18,0120,N20,VIIRS,n,2,284.15,0.72,N,0
41.09519,-8.03438,340.94,0.65,0.73,2024-09-18,0120,N20,VIIRS,n,2,292.41,8.61,N,0
41.09513,-8.02616,302.14,0.65,0.73,2024-09-18,0120,N20,VIIRS,n,2,289.73,5.33,N,0
41.09057,-8.4386,322.77,0.68,0.74,2024-09-18,0120,N20,VIIRS,n,2,291.21,12.27,N,0
41.09054,-8.43099,305.26,0.68,0.74,2024-09-18,0120,N20,VIIRS,n,2,290.34,3.37,N,0
41.08376,-8.46804,367,0.68,0.74,2024-09-18,0120,N20,VIIRS,h,2,294.57,24.9,N,0
41.08373,-8.45872,367,0.68,0.74,2024-09-18,0120,N20,VIIRS,h,2,296.74,24.9,N,0
41.0837,-8.44894,367,0.68,0.74,2024-09-18,0120,N20,VIIRS,h,2,302.11,12.27,N,0
41.08364,-8.43087,320.71,0.68,0.74,2024-09-18,0120,N20,VIIRS,n,2,291.87,3.37,N,0
41.08353,-8.39802,346.39,0.68,0.74,2024-09-18,0120,N20,VIIRS,n,2,292.66,10.08,N,0
41.0838,-8.48372,300.68,0.69,0.74,2024-09-18,0120,N20,VIIRS,n,2,288.85,4.89,N,0
40.6708,-7.65397,367,0.62,0.71,2024-09-18,0120,N20,VIIRS,h,2,294.38,16.53,N,0
40.67063,-7.63953,367,0.62,0.71,2024-09-18,0120,N20,VIIRS,h,2,291.6,22.99,N,0
40.67054,-7.63152,354.24,0.62,0.71,2024-09-18,0120,N20,VIIRS,n,2,295.8,22.99,N,0
40.677,-8.35407,304.65,0.67,0.74,2024-09-18,0120,N20,VIIRS,n,2,290.64,4,N,0
40.67089,-7.66126,307.93,0.62,0.71,2024-09-18,0120,N20,VIIRS,n,2,287.34,8.51,N,0
40.67072,-7.64696,301.92,0.62,0.71,2024-09-18,0120,N20,VIIRS,n,2,287.91,16.53,N,0
40.67043,-7.62309,299.42,0.62,0.71,2024-09-18,0120,N20,VIIRS,n,2,287.17,6.88,N,0
40.67033,-7.61462,305.2,0.62,0.71,2024-09-18,0120,N20,VIIRS,n,2,288.38,6.88,N,0
40.66995,-7.58392,303.15,0.61,0.71,2024-09-18,0120,N20,VIIRS,n,2,286.38,1.89,N,0
40.67009,-8.3425,325.93,0.67,0.74,2024-09-18,0120,N20,VIIRS,n,2,290.55,4.5,N,0
40.66426,-7.66208,336.03,0.62,0.71,2024-09-18,0120,N20,VIIRS,n,2,288.33,8.51,N,0
40.66417,-7.65457,342.64,0.62,0.71,2024-09-18,0120,N20,VIIRS,n,2,288.52,16.53,N,0
40.66408,-7.64648,367,0.62,0.71,2024-09-18,0120,N20,VIIRS,h,2,295.04,16.53,N,0
40.66398,-7.63803,333.28,0.62,0.71,2024-09-18,0120,N20,VIIRS,n,2,289.95,22.99,N,0
40.67949,-7.61408,328.43,0.61,0.71,2024-09-18,0120,N20,VIIRS,n,2,288.84,5.48,N,0
40.69056,-8.37006,301.77,0.67,0.74,2024-09-18,0120,N20,VIIRS,n,2,290.1,1.48,N,0
40.67962,-7.62124,310.29,0.62,0.71,2024-09-18,0120,N20,VIIRS,n,2,286.4,3.39,N,0
40.68359,-8.3607,367,0.67,0.74,2024-09-18,0120,N20,VIIRS,h,2,295.6,15.82,N,0
40.68349,-8.35199,326.18,0.67,0.74,2024-09-18,0120,N20,VIIRS,n,2,292.36,5.07,N,0
40.67351,-7.65129,348.33,0.62,0.71,2024-09-18,0120,N20,VIIRS,n,2,291.96,9.17,N,0
40.67326,-7.63671,330.99,0.62,0.71,2024-09-18,0120,N20,VIIRS,n,2,287.49,20.58,N,0
40.67313,-7.62906,354.91,0.62,0.71,2024-09-18,0120,N20,VIIRS,n,2,292.8,12.74,N,0
40.67363,-7.65828,315.33,0.62,0.71,2024-09-18,0120,N20,VIIRS,n,2,286.98,9.17,N,0
40.67299,-7.62089,314.56,0.62,0.71,2024-09-18,0120,N20,VIIRS,n,2,288.27,12.74,N,0
40.67243,-7.58953,309.02,0.61,0.71,2024-09-18,0120,N20,VIIRS,n,2,285.59,2.67,N,0
40.67229,-7.58216,300.81,0.61,0.71,2024-09-18,0120,N20,VIIRS,n,2,286.07,2.04,N,0
40.66702,-7.65956,345.8,0.62,0.71,2024-09-18,0120,N20,VIIRS,n,2,289.36,9.17,N,0
40.66689,-7.65208,349.02,0.62,0.71,2024-09-18,0120,N20,VIIRS,n,2,290.57,9.17,N,0
40.66676,-7.6444,367,0.62,0.71,2024-09-18,0120,N20,VIIRS,h,2,291.32,20.58,N,0
40.66662,-7.63625,367,0.62,0.71,2024-09-18,0120,N20,VIIRS,h,2,294.88,20.58,N,0
40.67662,-8.35005,303.95,0.67,0.74,2024-09-18,0120,N20,VIIRS,n,2,290.08,5.07,N,0
40.66648,-7.62811,310.04,0.62,0.71,2024-09-18,0120,N20,VIIRS,n,2,287.61,12.74,N,0
40.66618,-7.61109,297.07,0.61,0.71,2024-09-18,0120,N20,VIIRS,n,2,286.56,3.86,N,0
40.66024,-7.65158,367,0.62,0.71,2024-09-18,0120,N20,VIIRS,h,2,295.52,23.11,N,0
40.6601,-7.6429,356.02,0.62,0.71,2024-09-18,0120,N20,VIIRS,n,2,292.41,14.61,N,0
40.66975,-8.34844,313.76,0.67,0.74,2024-09-18,0120,N20,VIIRS,n,2,289.45,2.76,N,0
40.66964,-8.33838,312.1,0.67,0.74,2024-09-18,0120,N20,VIIRS,n,2,289.75,2.76,N,0
40.66037,-7.65942,315.08,0.62,0.71,2024-09-18,0120,N20,VIIRS,n,2,287.57,23.11,N,0
40.65995,-7.63437,297.16,0.62,0.71,2024-09-18,0120,N20,VIIRS,n,2,286.55,14.61,N,0
40.6558,-8.32505,307.39,0.67,0.74,2024-09-18,0120,N20,VIIRS,n,2,290.08,3.82,N,0
40.65572,-8.31742,309.92,0.67,0.74,2024-09-18,0120,N20,VIIRS,n,2,290.55,10.73,N,0
40.64891,-8.32086,367,0.67,0.74,2024-09-18,0120,N20,VIIRS,h,2,296.77,10.73,N,0
40.64882,-8.31205,344.13,0.67,0.74,2024-09-18,0120,N20,VIIRS,n,2,294.71,10.73,N,0
40.64898,-8.32753,308.25,0.67,0.74,2024-09-18,0120,N20,VIIRS,n,2,290.81,3.82,N,0
40.64228,-8.34406,328.05,0.67,0.74,2024-09-18,0120,N20,VIIRS,n,2,290.55,31.41,N,0
40.64222,-8.33705,367,0.67,0.74,2024-09-18,0120,N20,VIIRS,h,2,292.85,192.51,N,0
40.64215,-8.32977,353.39,0.67,0.74,2024-09-18,0120,N20,VIIRS,n,2,300.69,192.51,N,0
40.64207,-8.32191,367,0.67,0.74,2024-09-18,0120,N20,VIIRS,h,2,298.36,57.41,N,0
40.64199,-8.3134,334.74,0.67,0.74,2024-09-18,0120,N20,VIIRS,n,2,291.52,57.41,N,0
40.64244,-8.36125,304.58,0.67,0.74,2024-09-18,0120,N20,VIIRS,n,2,290.16,9.39,N,0
40.64236,-8.35242,315.84,0.67,0.74,2024-09-18,0120,N20,VIIRS,n,2,290.39,31.41,N,0
40.6356,-8.36252,367,0.67,0.74,2024-09-18,0120,N20,VIIRS,h,2,292.69,9.39,N,0
40.63551,-8.3533,367,0.67,0.74,2024-09-18,0120,N20,VIIRS,h,2,296.69,31.41,N,0
40.63544,-8.34578,355.46,0.67,0.74,2024-09-18,0120,N20,VIIRS,n,2,293.3,31.41,N,0
40.63538,-8.33885,343.81,0.67,0.74,2024-09-18,0120,N20,VIIRS,n,2,310.5,192.51,N,0
40.63567,-8.3712,303.04,0.67,0.74,2024-09-18,0120,N20,VIIRS,n,2,290.73,9.39,N,0
40.63521,-8.32041,317.23,0.67,0.74,2024-09-18,0120,N20,VIIRS,n,2,291.61,57.41,N,0
40.62868,-8.35624,367,0.67,0.74,2024-09-18,0120,N20,VIIRS,h,2,294.55,5.31,N,0
40.62861,-8.34832,301.73,0.67,0.74,2024-09-18,0120,N20,VIIRS,n,2,291.29,5.31,N,0
40.6219,-8.36546,303.78,0.67,0.74,2024-09-18,0120,N20,VIIRS,n,2,290.87,8,N,0
40.62183,-8.35741,308.83,0.67,0.74,2024-09-18,0120,N20,VIIRS,n,2,291.01,5.31,N,0
40.61443,-7.69722,299.57,0.62,0.71,2024-09-18,0120,N20,VIIRS,n,2,286.67,1.52,N,0
40.61433,-7.68984,308.43,0.62,0.71,2024-09-18,0120,N20,VIIRS,n,2,288.15,2,N,0
40.61516,-8.38115,341.8,0.67,0.74,2024-09-18,0120,N20,VIIRS,n,2,293.04,16.76,N,0
40.61511,-8.37394,305.29,0.67,0.74,2024-09-18,0120,N20,VIIRS,n,2,291.47,7.45,N,0
40.60861,-8.42461,342.46,0.68,0.74,2024-09-18,0120,N20,VIIRS,n,2,293.57,22.16,N,0
40.60855,-8.4153,367,0.68,0.74,2024-09-18,0120,N20,VIIRS,h,2,297.41,22.16,N,0
40.60849,-8.40632,367,0.68,0.74,2024-09-18,0120,N20,VIIRS,h,2,297.66,22.34,N,0
40.60842,-8.39748,339,0.68,0.74,2024-09-18,0120,N20,VIIRS,n,2,293.99,22.34,N,0
40.60836,-8.38915,355.71,0.67,0.74,2024-09-18,0120,N20,VIIRS,n,2,292.92,16.76,N,0
40.6083,-8.38172,367,0.67,0.74,2024-09-18,0120,N20,VIIRS,h,2,296.94,16.76,N,0
40.60079,-7.6723,367,0.62,0.71,2024-09-18,0120,N20,VIIRS,h,2,293.56,22.6,N,0
40.60867,-8.43338,303.6,0.68,0.74,2024-09-18,0120,N20,VIIRS,n,2,292.16,3.17,N,0
40.60825,-8.37445,301.87,0.67,0.74,2024-09-18,0120,N20,VIIRS,n,2,291.56,7.45,N,0
40.6009,-7.68016,302.7,0.62,0.71,2024-09-18,0120,N20,VIIRS,n,2,287.67,9.53,N,0
40.60185,-8.44121,320.66,0.68,0.74,2024-09-18,0120,N20,VIIRS,n,2,293.4,7.14,N,0
40.60173,-8.42437,367,0.68,0.74,2024-09-18,0120,N20,VIIRS,h,2,295.88,19.29,N,0
40.60168,-8.4154,354.78,0.68,0.74,2024-09-18,0120,N20,VIIRS,n,2,294.64,19.29,N,0
40.60162,-8.40661,325.87,0.68,0.74,2024-09-18,0120,N20,VIIRS,n,2,292.33,12.23,N,0
40.59498,-7.73615,333.76,0.62,0.72,2024-09-18,0120,N20,VIIRS,n,2,289.86,5.85,N,0
40.59436,-7.68771,330.21,0.62,0.71,2024-09-18,0120,N20,VIIRS,n,2,289.38,31.54,N,0
40.59426,-7.68016,367,0.62,0.71,2024-09-18,0120,N20,VIIRS,h,2,300.17,31.54,N,0
40.59416,-7.67288,334.7,0.62,0.71,2024-09-18,0120,N20,VIIRS,n,2,290.28,48.18,N,0
40.60179,-8.43307,313.41,0.68,0.74,2024-09-18,0120,N20,VIIRS,n,2,293.49,7.14,N,0
40.59509,-7.74411,313.18,0.62,0.72,2024-09-18,0120,N20,VIIRS,n,2,287.51,4.99,N,0
40.59455,-7.70248,298.86,0.62,0.72,2024-09-18,0120,N20,VIIRS,n,2,286.56,2.75,N,0
40.59446,-7.69544,305.28,0.62,0.71,2024-09-18,0120,N20,VIIRS,n,2,287.99,2.75,N,0
40.58773,-7.68949,323.2,0.62,0.71,2024-09-18,0120,N20,VIIRS,n,2,289.53,31.54,N,0
40.58764,-7.68248,367,0.62,0.71,2024-09-18,0120,N20,VIIRS,h,2,291.84,31.54,N,0
40.58783,-7.69693,318.3,0.62,0.71,2024-09-18,0120,N20,VIIRS,n,2,288.94,2.75,N,0
40.58742,-7.66586,298.99,0.62,0.71,2024-09-18,0120,N20,VIIRS,n,2,287.38,48.18,N,0
40.56213,-7.77721,318.65,0.63,0.72,2024-09-18,0120,N20,VIIRS,n,2,288.31,3.44,N,0
40.62128,-8.36129,313.45,0.67,0.74,2024-09-18,0120,N20,VIIRS,n,2,291.01,2.46,N,0
40.6104,-7.69338,305.75,0.62,0.71,2024-09-18,0120,N20,VIIRS,n,2,287.63,2.08,N,0
40.61472,-8.38453,321.32,0.67,0.74,2024-09-18,0120,N20,VIIRS,n,2,291.66,10.54,N,0
40.61462,-8.37723,350.7,0.67,0.74,2024-09-18,0120,N20,VIIRS,n,2,295.02,7.51,N,0
40.60344,-7.67657,339.34,0.62,0.71,2024-09-18,0120,N20,VIIRS,n,2,286.83,10.96,N,0
40.60328,-7.66819,353.68,0.62,0.71,2024-09-18,0120,N20,VIIRS,n,2,290.53,10.96,N,0
40.61453,-8.36997,303.24,0.67,0.74,2024-09-18,0120,N20,VIIRS,n,2,291.7,7.51,N,0
40.6084,-8.42859,322.97,0.68,0.74,2024-09-18,0120,N20,VIIRS,n,2,292.51,17.3,N,0
40.60828,-8.41932,367,0.68,0.74,2024-09-18,0120,N20,VIIRS,h,2,297.18,17.3,N,0
40.60818,-8.41027,367,0.68,0.74,2024-09-18,0120,N20,VIIRS,h,2,299.11,23.5,N,0
40.60807,-8.4014,367,0.68,0.74,2024-09-18,0120,N20,VIIRS,h,2,296.6,23.5,N,0
40.60796,-8.39276,320.26,0.67,0.74,2024-09-18,0120,N20,VIIRS,n,2,291.2,18.4,N,0
40.60786,-8.38498,367,0.67,0.74,2024-09-18,0120,N20,VIIRS,h,2,295.83,18.4,N,0
40.60777,-8.37782,328.57,0.67,0.74,2024-09-18,0120,N20,VIIRS,n,2,292.31,14.75,N,0
40.59796,-7.73988,337.09,0.62,0.72,2024-09-18,0120,N20,VIIRS,n,2,289.03,3.94,N,0
40.59694,-7.68394,321.13,0.62,0.71,2024-09-18,0120,N20,VIIRS,n,2,290.19,25.31,N,0
40.59679,-7.67629,340.4,0.62,0.71,2024-09-18,0120,N20,VIIRS,n,2,295.37,40.54,N,0
40.59781,-7.73191,302.77,0.62,0.72,2024-09-18,0120,N20,VIIRS,n,2,287.16,3.94,N,0
40.59721,-7.69897,299.12,0.62,0.71,2024-09-18,0120,N20,VIIRS,n,2,286.32,2.16,N,0
40.59664,-7.66856,303.82,0.62,0.71,2024-09-18,0120,N20,VIIRS,n,2,286.89,40.54,N,0
40.60162,-8.43657,324.6,0.68,0.74,2024-09-18,0120,N20,VIIRS,n,2,294.52,4.9,N,0
40.60152,-8.42829,348.01,0.68,0.74,2024-09-18,0120,N20,VIIRS,n,2,293.58,17.3,N,0
40.60141,-8.41925,354.69,0.68,0.74,2024-09-18,0120,N20,VIIRS,n,2,294.56,17.3,N,0
40.6013,-8.41047,329.42,0.68,0.74,2024-09-18,0120,N20,VIIRS,n,2,292.04,23.5,N,0
40.59045,-7.69271,336.59,0.62,0.71,2024-09-18,0120,N20,VIIRS,n,2,289.92,25.31,N,0
40.59031,-7.68529,367,0.62,0.71,2024-09-18,0120,N20,VIIRS,h,2,292.09,25.31,N,0
40.59018,-7.67807,342.7,0.62,0.71,2024-09-18,0120,N20,VIIRS,n,2,307.29,40.54,N,0
40.60171,-8.44473,303.45,0.68,0.74,2024-09-18,0120,N20,VIIRS,n,2,291.8,4.9,N,0
40.59058,-7.70009,308.81,0.62,0.71,2024-09-18,0120,N20,VIIRS,n,2,288.34,2.16,N,0
40.59002,-7.66977,318.82,0.62,0.71,2024-09-18,0120,N20,VIIRS,n,2,288.84,40.54,N,0
40.58357,-7.6798,300.22,0.62,0.71,2024-09-18,0120,N20,VIIRS,n,2,287.89,1.29,N,0
40.5652,-7.77328,318.87,0.63,0.72,2024-09-18,0120,N20,VIIRS,n,2,287.87,2.01,N,0
40.55864,-7.78086,306.57,0.63,0.72,2024-09-18,0120,N20,VIIRS,n,2,289.01,1.8,N,0
40.45985,-7.90432,308.65,0.64,0.72,2024-09-18,0120,N20,VIIRS,n,2,289.6,1.78,N,0
40.45722,-7.90942,308.97,0.64,0.72,2024-09-18,0120,N20,VIIRS,n,2,288.83,1.68,N,0
40.45711,-7.9023,302.52,0.63,0.72,2024-09-18,0120,N20,VIIRS,n,2,289.31,1.68,N,0
40.45195,-8.00934,307.63,0.64,0.72,2024-09-18,0120,N20,VIIRS,n,2,288.74,3.49,N,0
40.43911,-8.05883,302.37,0.65,0.73,2024-09-18,0120,N20,VIIRS,n,2,287.23,1.03,N,0
40.439,-8.05008,299.32,0.65,0.73,2024-09-18,0120,N20,VIIRS,n,2,287.66,1.28,N,0
40.41748,-7.94985,301.9,0.64,0.72,2024-09-18,0120,N20,VIIRS,n,2,288.81,1.98,N,0
40.38899,-8.02139,299.38,0.64,0.72,2024-09-18,0120,N20,VIIRS,n,2,288.5,1.16,N,0
40.32604,-7.46254,315.74,0.6,0.71,2024-09-18,0120,N20,VIIRS,n,2,288.45,2.21,N,0
41.22193,-7.89693,342.01,0.64,0.72,2024-09-18,0120,N20,VIIRS,n,2,287.55,66.05,N,0
41.22178,-7.88667,367,0.64,0.72,2024-09-18,0120,N20,VIIRS,h,2,298.7,77.4,N,0
41.22171,-7.88169,343.29,0.64,0.72,2024-09-18,0120,N20,VIIRS,n,2,302.13,77.4,N,0
41.22304,-7.97579,308.68,0.65,0.73,2024-09-18,0120,N20,VIIRS,n,2,288.33,4.29,N,0
41.22291,-7.96568,316.47,0.65,0.73,2024-09-18,0120,N20,VIIRS,n,2,287.65,4.29,N,0
41.7806,-7.24429,310.23,0.6,0.7,2024-09-18,0120,N20,VIIRS,n,2,283.52,1.67,N,0
41.77543,-7.33763,314.15,0.6,0.71,2024-09-18,0120,N20,VIIRS,n,2,284.63,1.83,N,0
41.76884,-7.33599,306.15,0.6,0.71,2024-09-18,0120,N20,VIIRS,n,2,283.24,1.97,N,0
41.76207,-7.32159,300.96,0.6,0.71,2024-09-18,0120,N20,VIIRS,n,2,282.29,1.17,N,0
41.75571,-7.33707,313.27,0.6,0.71,2024-09-18,0120,N20,VIIRS,n,2,282.9,2.85,N,0
41.75561,-7.32995,314.71,0.6,0.71,2024-09-18,0120,N20,VIIRS,n,2,284.15,2.85,N,0
41.74915,-7.33812,327.18,0.6,0.71,2024-09-18,0120,N20,VIIRS,n,2,283.63,2.85,N,0
41.74348,-7.41171,304.08,0.61,0.71,2024-09-18,0120,N20,VIIRS,n,2,286.15,7.85,N,0
41.73711,-7.43132,333.04,0.61,0.71,2024-09-18,0120,N20,VIIRS,n,2,285.85,11.58,N,0
41.737,-7.42102,351.71,0.61,0.71,2024-09-18,0120,N20,VIIRS,n,2,289.06,7.85,N,0
41.74543,-7.40919,303.73,0.61,0.71,2024-09-18,0120,N20,VIIRS,n,2,286.29,3.55,N,0
41.73917,-7.42862,348.18,0.61,0.71,2024-09-18,0120,N20,VIIRS,n,2,286.69,9.46,N,0
41.73899,-7.41818,333.97,0.61,0.71,2024-09-18,0120,N20,VIIRS,n,2,287.82,9.46,N,0
41.64761,-8.29959,317.79,0.67,0.74,2024-09-18,0120,N20,VIIRS,n,2,288.37,3.26,N,0
41.64743,-8.26295,315.34,0.67,0.74,2024-09-18,0120,N20,VIIRS,n,2,287.64,2.03,N,0
41.6466,-8.11483,303.7,0.66,0.73,2024-09-18,0120,N20,VIIRS,n,2,285.51,1.99,N,0
41.64061,-8.26985,315.45,0.67,0.74,2024-09-18,0120,N20,VIIRS,n,2,287.78,2.03,N,0
41.64057,-8.25874,297.52,0.67,0.74,2024-09-18,0120,N20,VIIRS,n,2,286.13,2.03,N,0
41.61306,-6.89718,341.76,0.57,0.69,2024-09-18,0120,N20,VIIRS,n,2,284.66,4.36,N,0
41.60663,-6.898,346.24,0.57,0.69,2024-09-18,0120,N20,VIIRS,n,2,284.79,7.48,N,0
41.60639,-8.28708,300.45,0.67,0.74,2024-09-18,0120,N20,VIIRS,n,2,287.68,1.43,N,0
41.60636,-8.27703,303.16,0.67,0.74,2024-09-18,0120,N20,VIIRS,n,2,288.33,1.43,N,0
41.59597,-7.63971,321.79,0.62,0.72,2024-09-18,0120,N20,VIIRS,n,2,283.81,12.68,N,0
41.59591,-7.63246,355.44,0.62,0.72,2024-09-18,0120,N20,VIIRS,n,2,290.44,12.68,N,0
41.59577,-7.6164,345.28,0.62,0.72,2024-09-18,0120,N20,VIIRS,n,2,288.51,9.97,N,0
41.5957,-7.60791,327.55,0.62,0.72,2024-09-18,0120,N20,VIIRS,n,2,286.36,6.54,N,0
41.59563,-7.59991,331.45,0.62,0.71,2024-09-18,0120,N20,VIIRS,n,2,288.19,6.54,N,0
41.59545,-7.58099,347.06,0.62,0.71,2024-09-18,0120,N20,VIIRS,n,2,286.08,9.31,N,0
41.59584,-7.62475,317.99,0.62,0.72,2024-09-18,0120,N20,VIIRS,n,2,283.85,9.97,N,0
41.59557,-7.59331,301.96,0.62,0.71,2024-09-18,0120,N20,VIIRS,n,2,285.53,3.15,N,0
41.59551,-7.58735,306.87,0.62,0.71,2024-09-18,0120,N20,VIIRS,n,2,286.36,3.15,N,0
41.65192,-8.10665,306.48,0.66,0.73,2024-09-18,0120,N20,VIIRS,n,2,287.28,1.5,N,0
41.6472,-8.30371,301.53,0.67,0.74,2024-09-18,0120,N20,VIIRS,n,2,287.99,2.29,N,0
41.64711,-8.29451,306.38,0.67,0.74,2024-09-18,0120,N20,VIIRS,n,2,288.15,3.27,N,0
41.64693,-8.27654,298.34,0.67,0.74,2024-09-18,0120,N20,VIIRS,n,2,287.26,1.97,N,0
41.64684,-8.26721,301.1,0.67,0.74,2024-09-18,0120,N20,VIIRS,n,2,287.15,1.97,N,0
41.64675,-8.25806,310.21,0.67,0.74,2024-09-18,0120,N20,VIIRS,n,2,287.9,3.25,N,0
41.64005,-8.27398,303,0.67,0.74,2024-09-18,0120,N20,VIIRS,n,2,286.83,1.04,N,0
41.63995,-8.26311,300.76,0.67,0.74,2024-09-18,0120,N20,VIIRS,n,2,286.13,1.04,N,0
41.61204,-6.89428,340.13,0.57,0.69,2024-09-18,0120,N20,VIIRS,n,2,285.31,7.04,N,0
41.61219,-6.90158,305.04,0.57,0.69,2024-09-18,0120,N20,VIIRS,n,2,283.14,5.15,N,0
41.60578,-6.90263,300.41,0.57,0.69,2024-09-18,0120,N20,VIIRS,n,2,284.29,2.56,N,0
41.60562,-6.89499,317.47,0.57,0.69,2024-09-18,0120,N20,VIIRS,n,2,283.81,2.79,N,0
41.59883,-7.63597,367,0.62,0.72,2024-09-18,0120,N20,VIIRS,h,2,284.56,14.13,N,0
41.59839,-7.60365,329.17,0.62,0.71,2024-09-18,0120,N20,VIIRS,n,2,284.66,5.45,N,0
41.60583,-8.28087,313.77,0.67,0.74,2024-09-18,0120,N20,VIIRS,n,2,288.73,2.5,N,0
41.59874,-7.62845,305.48,0.62,0.72,2024-09-18,0120,N20,VIIRS,n,2,283.87,9.61,N,0
41.59829,-7.5965,301.4,0.62,0.71,2024-09-18,0120,N20,VIIRS,n,2,284.51,3.53,N,0
41.59219,-7.63673,338.11,0.62,0.72,2024-09-18,0120,N20,VIIRS,n,2,286.68,5.65,N,0
41.59209,-7.6291,322.41,0.62,0.72,2024-09-18,0120,N20,VIIRS,n,2,287.76,11.17,N,0
41.59198,-7.62134,349.98,0.62,0.72,2024-09-18,0120,N20,VIIRS,n,2,288.76,11.17,N,0
41.59187,-7.61299,328.65,0.62,0.72,2024-09-18,0120,N20,VIIRS,n,2,288.27,4.28,N,0
41.59136,-7.5761,349.7,0.62,0.71,2024-09-18,0120,N20,VIIRS,n,2,289.16,7.54,N,0
41.59175,-7.60421,305.17,0.62,0.71,2024-09-18,0120,N20,VIIRS,n,2,286.11,4.28,N,0
41.59156,-7.59051,314.76,0.62,0.71,2024-09-18,0120,N20,VIIRS,n,2,286.52,2.78,N,0
41.59147,-7.58399,307.29,0.62,0.71,2024-09-18,0120,N20,VIIRS,n,2,284.72,7.54,N,0
41.58555,-7.63805,302.52,0.62,0.72,2024-09-18,0120,N20,VIIRS,n,2,287.03,5.65,N,0
41.58522,-7.61352,301.07,0.62,0.72,2024-09-18,0120,N20,VIIRS,n,2,286.84,4.28,N,0
41.58511,-7.60476,310.03,0.62,0.71,2024-09-18,0120,N20,VIIRS,n,2,287.33,4.28,N,0
41.58501,-7.59758,303.05,0.62,0.71,2024-09-18,0120,N20,VIIRS,n,2,286.35,2.78,N,0
41.58152,-7.86135,295.37,0.64,0.72,2024-09-18,0120,N20,VIIRS,n,2,283.07,1.14,N,0
41.5789,-7.63924,313.46,0.62,0.72,2024-09-18,0120,N20,VIIRS,n,2,284.82,3.7,N,0
41.5788,-7.63138,314.22,0.62,0.72,2024-09-18,0120,N20,VIIRS,n,2,287.16,4.97,N,0
41.57856,-7.61268,297.59,0.62,0.72,2024-09-18,0120,N20,VIIRS,n,2,285.43,1.49,N,0
41.56405,-8.1844,296.82,0.66,0.73,2024-09-18,0120,N20,VIIRS,n,2,285.78,1.9,N,0
41.56399,-8.17643,298.27,0.66,0.73,2024-09-18,0120,N20,VIIRS,n,2,286.31,1.65,N,0
41.56393,-8.168,300.68,0.66,0.73,2024-09-18,0120,N20,VIIRS,n,2,287.12,1.65,N,0
41.56386,-8.1583,316.62,0.66,0.73,2024-09-18,0120,N20,VIIRS,n,2,287.46,3.26,N,0
41.56107,-7.83578,301.18,0.64,0.72,2024-09-18,0120,N20,VIIRS,n,2,286.9,1,N,0
41.55702,-8.15489,367,0.66,0.73,2024-09-18,0120,N20,VIIRS,h,2,292.97,12.92,N,0
41.55727,-8.19126,298.27,0.67,0.73,2024-09-18,0120,N20,VIIRS,n,2,285.43,1.68,N,0
41.55721,-8.18224,302.33,0.66,0.73,2024-09-18,0120,N20,VIIRS,n,2,286.1,1.68,N,0
41.55716,-8.17432,304.89,0.66,0.73,2024-09-18,0120,N20,VIIRS,n,2,286.61,5.75,N,0
41.5571,-8.16536,317.69,0.66,0.73,2024-09-18,0120,N20,VIIRS,n,2,286.92,5.75,N,0
41.55025,-8.16168,297.07,0.66,0.73,2024-09-18,0120,N20,VIIRS,n,2,285.1,5.75,N,0
41.55018,-8.14989,316.41,0.66,0.73,2024-09-18,0120,N20,VIIRS,n,2,285.59,12.92,N,0
41.54335,-8.14726,336.5,0.66,0.73,2024-09-18,0120,N20,VIIRS,n,2,286.96,6.91,N,0
41.54342,-8.1586,299.8,0.66,0.73,2024-09-18,0120,N20,VIIRS,n,2,284.69,4.07,N,0
41.52332,-8.23019,347.41,0.67,0.74,2024-09-18,0120,N20,VIIRS,n,2,288.85,8.29,N,0
41.52139,-7.91774,310.77,0.64,0.72,2024-09-18,0120,N20,VIIRS,n,2,287.7,2.78,N,0
41.51652,-8.23853,298.03,0.67,0.74,2024-09-18,0120,N20,VIIRS,n,2,285.84,1.08,N,0
41.51648,-8.23018,301.41,0.67,0.74,2024-09-18,0120,N20,VIIRS,n,2,286.75,1.08,N,0
41.51465,-7.9185,309.01,0.64,0.72,2024-09-18,0120,N20,VIIRS,n,2,287.07,2.07,N,0
41.54928,-8.15661,308.49,0.66,0.73,2024-09-18,0120,N20,VIIRS,n,2,284.59,3,N,0
41.54915,-8.14524,305.36,0.66,0.73,2024-09-18,0120,N20,VIIRS,n,2,285.17,3,N,0
41.54232,-8.14404,325.43,0.66,0.73,2024-09-18,0120,N20,VIIRS,n,2,286.06,3,N,0
41.54243,-8.15417,311.84,0.66,0.73,2024-09-18,0120,N20,VIIRS,n,2,284.65,3,N,0
41.53941,-7.9104,300.19,0.64,0.72,2024-09-18,0120,N20,VIIRS,n,2,287.86,0.87,N,0
41.5325,-7.89766,300.44,0.64,0.72,2024-09-18,0120,N20,VIIRS,n,2,289,1.55,N,0
41.52273,-8.22716,347.45,0.67,0.73,2024-09-18,0120,N20,VIIRS,n,2,289.58,10.59,N,0
41.51925,-7.91558,330.03,0.64,0.72,2024-09-18,0120,N20,VIIRS,n,2,287.29,3.7,N,0
41.52281,-8.23517,308.93,0.67,0.74,2024-09-18,0120,N20,VIIRS,n,2,285.83,6.78,N,0
41.4697,-7.7067,334.05,0.63,0.72,2024-09-18,0120,N20,VIIRS,n,2,287.41,5.57,N,0
41.46961,-7.69929,322.04,0.63,0.72,2024-09-18,0120,N20,VIIRS,n,2,287.32,5.57,N,0
41.46882,-7.63612,324.49,0.62,0.72,2024-09-18,0120,N20,VIIRS,n,2,281.25,8.56,N,0
41.46871,-7.62692,355.86,0.62,0.72,2024-09-18,0120,N20,VIIRS,n,2,288.18,16.92,N,0
41.46996,-7.72765,296.47,0.63,0.72,2024-09-18,0120,N20,VIIRS,n,2,282.47,0.92,N,0
41.46988,-7.72095,299.09,0.63,0.72,2024-09-18,0120,N20,VIIRS,n,2,284.83,2.82,N,0
41.4698,-7.71386,304.43,0.63,0.72,2024-09-18,0120,N20,VIIRS,n,2,286.01,2.82,N,0
41.46911,-7.659,309.82,0.62,0.72,2024-09-18,0120,N20,VIIRS,n,2,282.57,3.16,N,0
41.46899,-7.64904,301.13,0.62,0.72,2024-09-18,0120,N20,VIIRS,n,2,282.64,8.56,N,0
41.46862,-7.61991,300.91,0.62,0.72,2024-09-18,0120,N20,VIIRS,n,2,282.47,16.92,N,0
41.46207,-7.62832,367,0.62,0.72,2024-09-18,0120,N20,VIIRS,h,2,283.03,13.18,N,0
41.46199,-7.6219,340.72,0.62,0.72,2024-09-18,0120,N20,VIIRS,n,2,285.44,13.18,N,0
41.4535,-7.06062,295.96,0.58,0.7,2024-09-18,0120,N20,VIIRS,n,2,285.28,7,N,0
41.44711,-7.06591,351.58,0.58,0.7,2024-09-18,0120,N20,VIIRS,n,2,288.88,7,N,0
41.44698,-7.05876,337.53,0.58,0.7,2024-09-18,0120,N20,VIIRS,n,2,287.75,7,N,0
41.44685,-7.05076,329.18,0.58,0.7,2024-09-18,0120,N20,VIIRS,n,2,286.8,4.63,N,0
41.44722,-7.0725,302.43,0.58,0.7,2024-09-18,0120,N20,VIIRS,n,2,283.73,4.95,N,0
41.44669,-7.04193,310.56,0.58,0.7,2024-09-18,0120,N20,VIIRS,n,2,285.08,4.63,N,0
41.44654,-7.03302,305.53,0.58,0.7,2024-09-18,0120,N20,VIIRS,n,2,284.53,2.07,N,0
41.4402,-7.04093,341.91,0.58,0.7,2024-09-18,0120,N20,VIIRS,n,2,287.55,25.17,N,0
41.44008,-7.03355,344.83,0.58,0.7,2024-09-18,0120,N20,VIIRS,n,2,307.71,47.64,N,0
41.44872,-7.62435,298.2,0.62,0.72,2024-09-18,0120,N20,VIIRS,n,2,281.72,0.79,N,0
41.44073,-7.07168,312.29,0.58,0.7,2024-09-18,0120,N20,VIIRS,n,2,283.81,1.85,N,0
41.44061,-7.06482,301.27,0.58,0.7,2024-09-18,0120,N20,VIIRS,n,2,283.47,1.56,N,0
41.44049,-7.0574,298.1,0.58,0.7,2024-09-18,0120,N20,VIIRS,n,2,283.71,1.56,N,0
41.44035,-7.04923,316.49,0.58,0.7,2024-09-18,0120,N20,VIIRS,n,2,285.03,25.17,N,0
41.43995,-7.02584,305.55,0.58,0.7,2024-09-18,0120,N20,VIIRS,n,2,284.74,47.64,N,0
41.42007,-8.21003,298.72,0.67,0.73,2024-09-18,0120,N20,VIIRS,n,2,287.68,0.74,N,0
41.41651,-7.72876,295.3,0.63,0.72,2024-09-18,0120,N20,VIIRS,n,2,282.08,0.7,N,0
41.4162,-7.69846,319.91,0.63,0.72,2024-09-18,0120,N20,VIIRS,n,2,284.26,2.41,N,0
41.41614,-7.69122,309.9,0.63,0.72,2024-09-18,0120,N20,VIIRS,n,2,285.31,2.41,N,0
41.41008,-7.75489,300.51,0.63,0.72,2024-09-18,0120,N20,VIIRS,n,2,279.94,2.46,N,0
41.40919,-7.66196,296.39,0.63,0.72,2024-09-18,0120,N20,VIIRS,n,2,281.78,4.67,N,0
41.4091,-7.65234,309.23,0.62,0.72,2024-09-18,0120,N20,VIIRS,n,2,283.04,4.67,N,0
41.40345,-7.76204,326.78,0.63,0.72,2024-09-18,0120,N20,VIIRS,n,2,280.9,2.46,N,0
41.40262,-7.67231,336.99,0.63,0.72,2024-09-18,0120,N20,VIIRS,n,2,283.73,9.55,N,0
41.40253,-7.66163,341.92,0.63,0.72,2024-09-18,0120,N20,VIIRS,n,2,285.55,4.67,N,0
41.39941,-8.17383,323.32,0.66,0.73,2024-09-18,0120,N20,VIIRS,n,2,288.05,3.56,N,0
41.39606,-7.68517,342.02,0.63,0.72,2024-09-18,0120,N20,VIIRS,n,2,286.52,9.78,N,0
41.39596,-7.67367,367,0.63,0.72,2024-09-18,0120,N20,VIIRS,h,2,287.85,9.78,N,0
41.39937,-8.16525,313.2,0.66,0.73,2024-09-18,0120,N20,VIIRS,n,2,288.15,5.49,N,0
41.3894,-7.6854,367,0.63,0.72,2024-09-18,0120,N20,VIIRS,h,2,286.52,9.78,N,0
41.39259,-8.17393,298.95,0.66,0.73,2024-09-18,0120,N20,VIIRS,n,2,286.9,3.56,N,0
41.38975,-7.72559,309.63,0.63,0.72,2024-09-18,0120,N20,VIIRS,n,2,283.31,1.34,N,0
41.3897,-7.71973,297.48,0.63,0.72,2024-09-18,0120,N20,VIIRS,n,2,283.45,1.34,N,0
41.38952,-7.70004,306.22,0.63,0.72,2024-09-18,0120,N20,VIIRS,n,2,284.53,8.31,N,0
41.22849,-7.8851,304.71,0.64,0.72,2024-09-18,0120,N20,VIIRS,n,2,284.06,2.11,N,0
41.22341,-8.0025,334.68,0.65,0.73,2024-09-18,0120,N20,VIIRS,n,2,289.05,13.4,N,0
41.2233,-7.99487,367,0.65,0.73,2024-09-18,0120,N20,VIIRS,h,2,297.45,8.71,N,0
41.22319,-7.98651,367,0.65,0.73,2024-09-18,0120,N20,VIIRS,h,2,292.25,8.71,N,0
41.38931,-7.6744,298.71,0.63,0.72,2024-09-18,0120,N20,VIIRS,n,2,283.87,9.78,N,0
41.41979,-7.72809,300.24,0.63,0.72,2024-09-18,0120,N20,VIIRS,n,2,281.59,0.78,N,0
41.41909,-8.20946,298.28,0.67,0.73,2024-09-18,0120,N20,VIIRS,n,2,287.82,1.27,N,0
41.41266,-7.698,318.92,0.63,0.72,2024-09-18,0120,N20,VIIRS,n,2,283.77,4.16,N,0
41.41256,-7.69076,310.48,0.63,0.72,2024-09-18,0120,N20,VIIRS,n,2,284.84,3.66,N,0
41.41197,-7.65189,299.51,0.62,0.72,2024-09-18,0120,N20,VIIRS,n,2,282.18,1.77,N,0
41.40691,-7.76192,327.09,0.63,0.72,2024-09-18,0120,N20,VIIRS,n,2,281.08,4.93,N,0
41.4068,-7.75424,300.58,0.63,0.72,2024-09-18,0120,N20,VIIRS,n,2,279.99,2.19,N,0
41.40546,-7.66123,312.01,0.62,0.72,2024-09-18,0120,N20,VIIRS,n,2,283.6,4.24,N,0
41.40532,-7.65248,301.76,0.62,0.72,2024-09-18,0120,N20,VIIRS,n,2,283.04,1.77,N,0
41.39896,-7.67253,367,0.63,0.72,2024-09-18,0120,N20,VIIRS,h,2,287.67,11.39,N,0
41.3988,-7.66171,338.63,0.62,0.72,2024-09-18,0120,N20,VIIRS,n,2,284.69,11.39,N,0
41.39912,-7.68416,299.77,0.63,0.72,2024-09-18,0120,N20,VIIRS,n,2,285.12,8.91,N,0
41.39826,-8.17325,327.01,0.66,0.73,2024-09-18,0120,N20,VIIRS,n,2,288.01,3.87,N,0
41.39247,-7.68497,349.66,0.63,0.72,2024-09-18,0120,N20,VIIRS,n,2,286.27,8.91,N,0
41.39231,-7.67356,328.48,0.63,0.72,2024-09-18,0120,N20,VIIRS,n,2,283.88,11.39,N,0
41.39817,-8.16466,312.4,0.66,0.73,2024-09-18,0120,N20,VIIRS,n,2,288.15,3.87,N,0
41.39302,-7.72487,309.49,0.63,0.72,2024-09-18,0120,N20,VIIRS,n,2,283.07,2.17,N,0
41.38618,-7.71362,322.88,0.63,0.72,2024-09-18,0120,N20,VIIRS,n,2,285.15,10.78,N,0
41.38579,-7.6844,354.86,0.63,0.72,2024-09-18,0120,N20,VIIRS,n,2,284.89,10.95,N,0
41.38628,-7.72007,317.17,0.63,0.72,2024-09-18,0120,N20,VIIRS,n,2,285.31,10.78,N,0
41.38601,-7.70043,303.63,0.63,0.72,2024-09-18,0120,N20,VIIRS,n,2,284.58,5.2,N,0
41.37962,-7.72221,367,0.63,0.72,2024-09-18,0120,N20,VIIRS,h,2,289.07,10.78,N,0
41.37954,-7.7158,342.3,0.63,0.72,2024-09-18,0120,N20,VIIRS,n,2,287.82,10.78,N,0
41.35708,-8.14015,313.28,0.66,0.73,2024-09-18,0120,N20,VIIRS,n,2,287.92,2.46,N,0
41.3502,-8.13147,336.67,0.66,0.73,2024-09-18,0120,N20,VIIRS,n,2,289.65,4.64,N,0
41.35035,-8.15051,298.29,0.66,0.73,2024-09-18,0120,N20,VIIRS,n,2,288,1.43,N,0
41.35028,-8.14145,306.81,0.66,0.73,2024-09-18,0120,N20,VIIRS,n,2,288.66,4.64,N,0
41.35015,-8.124,308.59,0.66,0.73,2024-09-18,0120,N20,VIIRS,n,2,289.37,4.91,N,0
41.34956,-8.05423,306.51,0.65,0.73,2024-09-18,0120,N20,VIIRS,n,2,288.65,1.38,N,0
41.3378,-7.57541,296.73,0.62,0.71,2024-09-18,0120,N20,VIIRS,n,2,285.1,1.17,N,0
41.33768,-7.56614,302.27,0.62,0.71,2024-09-18,0120,N20,VIIRS,n,2,284.58,1.17,N,0
41.33565,-8.01214,301.26,0.65,0.73,2024-09-18,0120,N20,VIIRS,n,2,290.79,1.64,N,0
41.329,-8.02799,305.47,0.65,0.73,2024-09-18,0120,N20,VIIRS,n,2,290.22,1.79,N,0
41.32895,-8.02099,301.6,0.65,0.73,2024-09-18,0120,N20,VIIRS,n,2,290.08,1.64,N,0
41.32224,-8.02899,344.55,0.65,0.73,2024-09-18,0120,N20,VIIRS,n,2,292.63,5.26,N,0
41.3223,-8.03688,311.78,0.65,0.73,2024-09-18,0120,N20,VIIRS,n,2,289.77,5.26,N,0
41.30399,-8.46338,324,0.69,0.74,2024-09-18,0120,N20,VIIRS,n,2,289.17,9.07,N,0
41.30396,-8.45349,344.06,0.68,0.74,2024-09-18,0120,N20,VIIRS,n,2,291.34,9.07,N,0
41.30393,-8.4417,309.77,0.68,0.74,2024-09-18,0120,N20,VIIRS,n,2,288.14,5.52,N,0
41.29706,-8.45543,339.18,0.68,0.74,2024-09-18,0120,N20,VIIRS,n,2,289.31,12.17,N,0
41.29704,-8.44216,354.24,0.68,0.74,2024-09-18,0120,N20,VIIRS,n,2,293.69,31.53,N,0
41.29708,-8.46428,301.74,0.69,0.74,2024-09-18,0120,N20,VIIRS,n,2,288.79,12.17,N,0
41.33381,-7.5738,296.85,0.62,0.71,2024-09-18,0120,N20,VIIRS,n,2,284.33,0.55,N,0
41.33531,-8.1238,299.08,0.66,0.73,2024-09-18,0120,N20,VIIRS,n,2,288.38,0.75,N,0
41.33394,-8.01722,307.97,0.65,0.73,2024-09-18,0120,N20,VIIRS,n,2,290.25,1.92,N,0
41.32728,-8.02558,322.63,0.65,0.73,2024-09-18,0120,N20,VIIRS,n,2,291.8,4.95,N,0
41.32062,-8.03413,325.09,0.65,0.73,2024-09-18,0120,N20,VIIRS,n,2,290.67,7.74,N,0
41.32051,-8.02576,330.42,0.65,0.73,2024-09-18,0120,N20,VIIRS,n,2,290.93,4.95,N,0
41.30446,-8.45914,347.62,0.68,0.74,2024-09-18,0120,N20,VIIRS,n,2,290.17,5.37,N,0
41.30438,-8.44863,322.74,0.68,0.74,2024-09-18,0120,N20,VIIRS,n,2,289.5,12.97,N,0
41.30453,-8.46879,299.46,0.69,0.74,2024-09-18,0120,N20,VIIRS,n,2,288.93,5.37,N,0
41.30428,-8.43649,306.56,0.68,0.74,2024-09-18,0120,N20,VIIRS,n,2,287.57,12.97,N,0
41.29749,-8.45027,367,0.68,0.74,2024-09-18,0120,N20,VIIRS,h,2,290.42,12.97,N,0
41.29737,-8.43567,345.16,0.68,0.74,2024-09-18,0120,N20,VIIRS,n,2,289.95,12.97,N,0
41.29763,-8.46896,298.62,0.69,0.74,2024-09-18,0120,N20,VIIRS,n,2,288.41,5.37,N,0
41.29757,-8.46039,306.49,0.68,0.74,2024-09-18,0120,N20,VIIRS,n,2,288.34,5.37,N,0
41.26807,-8.20959,301.59,0.66,0.73,2024-09-18,0120,N20,VIIRS,n,2,287.99,1.62,N,0
41.25402,-8.16208,307.86,0.66,0.73,2024-09-18,0120,N20,VIIRS,n,2,289.01,2.21,N,0
41.25124,-7.87135,302.23,0.64,0.72,2024-09-18,0120,N20,VIIRS,n,2,283.05,0.96,N,0
41.24445,-7.86467,367,0.64,0.72,2024-09-18,0120,N20,VIIRS,h,2,291.04,20.17,N,0
41.24721,-8.162,303.08,0.66,0.73,2024-09-18,0120,N20,VIIRS,n,2,288.26,2.14,N,0
41.2445,-7.86949,316.37,0.64,0.72,2024-09-18,0120,N20,VIIRS,n,2,282.74,11.77,N,0
41.23233,-8.00637,322.01,0.65,0.73,2024-09-18,0120,N20,VIIRS,n,2,289.64,13.74,N,0
41.23223,-7.99591,345.21,0.65,0.73,2024-09-18,0120,N20,VIIRS,n,2,292.43,13.74,N,0
41.23214,-7.98409,367,0.65,0.73,2024-09-18,0120,N20,VIIRS,h,2,296.07,13.16,N,0
41.23206,-7.97487,306.82,0.65,0.73,2024-09-18,0120,N20,VIIRS,n,2,288.07,13.16,N,0
41.22554,-8.004,338.41,0.65,0.73,2024-09-18,0120,N20,VIIRS,n,2,289.57,13.74,N,0
41.22548,-7.99549,367,0.65,0.73,2024-09-18,0120,N20,VIIRS,h,2,295.49,13.74,N,0
41.22539,-7.98556,367,0.65,0.73,2024-09-18,0120,N20,VIIRS,h,2,292.85,13.16,N,0
41.2253,-7.97507,325.55,0.65,0.73,2024-09-18,0120,N20,VIIRS,n,2,288.75,13.16,N,0
41.22451,-7.88628,341.35,0.64,0.72,2024-09-18,0120,N20,VIIRS,n,2,287.93,8,N,0
41.22444,-7.8805,356.03,0.64,0.72,2024-09-18,0120,N20,VIIRS,n,2,290.33,14.12,N,0
41.22459,-7.89585,317.12,0.64,0.72,2024-09-18,0120,N20,VIIRS,n,2,284.81,8,N,0
41.2187,-7.99383,331.42,0.65,0.73,2024-09-18,0120,N20,VIIRS,n,2,291.94,6.55,N,0
41.21848,-7.96723,338.22,0.65,0.73,2024-09-18,0120,N20,VIIRS,n,2,290.61,3.2,N,0
41.21796,-7.90734,367,0.64,0.72,2024-09-18,0120,N20,VIIRS,h,2,287.62,30.24,N,0
41.21786,-7.89563,352.54,0.64,0.72,2024-09-18,0120,N20,VIIRS,n,2,308.63,130.17,N,0
41.21773,-7.88178,340.57,0.64,0.72,2024-09-18,0120,N20,VIIRS,n,2,297.29,33.33,N,0
41.21864,-7.98649,319.42,0.65,0.73,2024-09-18,0120,N20,VIIRS,n,2,290.19,5.45,N,0
41.21857,-7.97725,308.02,0.65,0.73,2024-09-18,0120,N20,VIIRS,n,2,288.87,5.45,N,0
41.21841,-7.95815,300.7,0.65,0.73,2024-09-18,0120,N20,VIIRS,n,2,286.89,3.2,N,0
41.21833,-7.9489,301.12,0.65,0.73,2024-09-18,0120,N20,VIIRS,n,2,286.17,1.57,N,0
41.21803,-7.9141,296.38,0.64,0.72,2024-09-18,0120,N20,VIIRS,n,2,285.38,30.24,N,0
41.21768,-7.87705,297.29,0.64,0.72,2024-09-18,0120,N20,VIIRS,n,2,285.17,33.33,N,0
41.21124,-7.909,335.7,0.64,0.72,2024-09-18,0120,N20,VIIRS,n,2,287.23,30.24,N,0
41.21112,-7.89336,352.99,0.64,0.72,2024-09-18,0120,N20,VIIRS,n,2,303.11,130.17,N,0
41.21105,-7.88649,355.51,0.64,0.72,2024-09-18,0120,N20,VIIRS,n,2,292.26,130.17,N,0
41.21175,-7.96982,302.01,0.65,0.73,2024-09-18,0120,N20,VIIRS,n,2,287.29,3.2,N,0
41.21101,-7.88153,299.56,0.64,0.72,2024-09-18,0120,N20,VIIRS,n,2,284.1,33.33,N,0
41.20492,-7.95994,300.92,0.65,0.73,2024-09-18,0120,N20,VIIRS,n,2,287.73,0.99,N,0
41.19873,-8.03389,337.2,0.65,0.73,2024-09-18,0120,N20,VIIRS,n,2,284.04,12.19,N,0
41.19867,-8.02549,367,0.65,0.73,2024-09-18,0120,N20,VIIRS,h,2,293.17,8.39,N,0
41.19862,-8.0185,297.76,0.65,0.73,2024-09-18,0120,N20,VIIRS,n,2,286.4,8.39,N,0
41.19852,-8.00562,308.51,0.65,0.73,2024-09-18,0120,N20,VIIRS,n,2,287.98,2.09,N,0
41.19196,-8.03388,367,0.65,0.73,2024-09-18,0120,N20,VIIRS,h,2,289.22,22.28,N,0
41.19191,-8.02694,320.27,0.65,0.73,2024-09-18,0120,N20,VIIRS,n,2,287.68,16.05,N,0
41.23682,-7.99482,305.96,0.65,0.73,2024-09-18,0120,N20,VIIRS,n,2,288.47,12.09,N,0
41.23668,-7.98469,302.96,0.65,0.73,2024-09-18,0120,N20,VIIRS,n,2,287.94,12.09,N,0
41.23008,-7.99633,346.5,0.65,0.73,2024-09-18,0120,N20,VIIRS,n,2,292.44,12.09,N,0
41.22991,-7.984,355.89,0.65,0.73,2024-09-18,0120,N20,VIIRS,n,2,296.87,12.09,N,0
41.22977,-7.97428,328.96,0.65,0.73,2024-09-18,0120,N20,VIIRS,n,2,289.4,14.88,N,0
41.23022,-8.00628,319.16,0.65,0.73,2024-09-18,0120,N20,VIIRS,n,2,289.51,8.92,N,0
41.22861,-7.89428,307.12,0.64,0.72,2024-09-18,0120,N20,VIIRS,n,2,283.73,1.3,N,0
41.08378,-8.47591,316.28,0.68,0.74,2024-09-18,0120,N20,VIIRS,n,2,289.22,4.89,N,0
41.08367,-8.43891,313.08,0.68,0.74,2024-09-18,0120,N20,VIIRS,n,2,291.72,12.27,N,0
41.08362,-8.42348,303.32,0.68,0.74,2024-09-18,0120,N20,VIIRS,n,2,290.79,3.37,N,0
41.08359,-8.4156,304.34,0.68,0.74,2024-09-18,0120,N20,VIIRS,n,2,291.26,4.46,N,0
41.08356,-8.40743,313.46,0.68,0.74,2024-09-18,0120,N20,VIIRS,n,2,290.61,4.46,N,0
41.11177,-7.89454,335.8,0.64,0.72,2024-09-18,0120,N20,VIIRS,n,2,289.68,7.71,N,0
41.11193,-7.90534,311.54,0.64,0.72,2024-09-18,0120,N20,VIIRS,n,2,287.72,6.21,N,0
41.11215,-8.50876,332.35,0.69,0.74,2024-09-18,0120,N20,VIIRS,n,2,291.05,3.92,N,0
41.11186,-8.47584,335.72,0.68,0.74,2024-09-18,0120,N20,VIIRS,n,2,290.54,5.09,N,0
41.10498,-7.8902,343.95,0.64,0.72,2024-09-18,0120,N20,VIIRS,n,2,287.14,5.1,N,0
41.11223,-8.51769,305.1,0.69,0.74,2024-09-18,0120,N20,VIIRS,n,2,289.07,3.92,N,0
41.11193,-8.48446,313.31,0.69,0.74,2024-09-18,0120,N20,VIIRS,n,2,289.84,5.09,N,0
41.10471,-7.8713,299.43,0.64,0.72,2024-09-18,0120,N20,VIIRS,n,2,283.2,5.1,N,0
41.10017,-8.03394,301.32,0.65,0.73,2024-09-18,0120,N20,VIIRS,n,2,289.58,2.13,N,0
41.10009,-8.0268,303.27,0.65,0.73,2024-09-18,0120,N20,VIIRS,n,2,290.01,2.81,N,0
41.09342,-8.03506,318.97,0.65,0.73,2024-09-18,0120,N20,VIIRS,n,2,290.5,5.18,N,0
41.09332,-8.02704,319.26,0.65,0.73,2024-09-18,0120,N20,VIIRS,n,2,290.72,4.76,N,0
41.09084,-8.43964,313.79,0.68,0.74,2024-09-18,0120,N20,VIIRS,n,2,290.15,4.52,N,0
41.09077,-8.432,314.41,0.68,0.74,2024-09-18,0120,N20,VIIRS,n,2,290.73,4.64,N,0
41.08418,-8.46909,367,0.68,0.74,2024-09-18,0120,N20,VIIRS,h,2,293.25,19.91,N,0
41.08411,-8.45982,367,0.68,0.74,2024-09-18,0120,N20,VIIRS,h,2,296.56,19.91,N,0
41.08403,-8.4501,367,0.68,0.74,2024-09-18,0120,N20,VIIRS,h,2,303.11,24.27,N,0
41.0836,-8.39927,354.28,0.68,0.74,2024-09-18,0120,N20,VIIRS,n,2,293.35,13.48,N,0
41.0843,-8.48469,299.3,0.69,0.74,2024-09-18,0120,N20,VIIRS,n,2,288.49,4.14,N,0
41.08424,-8.47673,308.54,0.68,0.74,2024-09-18,0120,N20,VIIRS,n,2,289.44,4.14,N,0
41.08394,-8.44,319.38,0.68,0.74,2024-09-18,0120,N20,VIIRS,n,2,292.88,24.27,N,0
41.08387,-8.43175,317.38,0.68,0.74,2024-09-18,0120,N20,VIIRS,n,2,291.69,10.94,N,0
41.08381,-8.4244,306.31,0.68,0.74,2024-09-18,0120,N20,VIIRS,n,2,290.88,10.94,N,0
41.08374,-8.41656,304.59,0.68,0.74,2024-09-18,0120,N20,VIIRS,n,2,291.24,7.06,N,0
41.08368,-8.4084,308.75,0.68,0.74,2024-09-18,0120,N20,VIIRS,n,2,291.42,7.06,N,0
41.07728,-8.46958,352.25,0.68,0.74,2024-09-18,0120,N20,VIIRS,n,2,290.37,19.91,N,0
41.07721,-8.46061,336.59,0.68,0.74,2024-09-18,0120,N20,VIIRS,n,2,291.47,19.91,N,0
41.07714,-8.45138,367,0.68,0.74,2024-09-18,0120,N20,VIIRS,h,2,296.43,24.27,N,0
41.07706,-8.44211,367,0.68,0.74,2024-09-18,0120,N20,VIIRS,h,2,294.91,24.27,N,0
41.07699,-8.43273,367,0.68,0.74,2024-09-18,0120,N20,VIIRS,h,2,295.52,10.94,N,0
41.07693,-8.4249,340.85,0.68,0.74,2024-09-18,0120,N20,VIIRS,n,2,293.57,10.94,N,0
41.07681,-8.41028,343.42,0.68,0.74,2024-09-18,0120,N20,VIIRS,n,2,292.08,7.06,N,0
41.07674,-8.40227,342.76,0.68,0.74,2024-09-18,0120,N20,VIIRS,n,2,292.71,13.48,N,0
41.07734,-8.47764,304.87,0.68,0.74,2024-09-18,0120,N20,VIIRS,n,2,289.33,4.14,N,3
41.07687,-8.41779,317.78,0.68,0.74,2024-09-18,0120,N20,VIIRS,n,2,291.92,7.06,N,0
41.0648,-7.90275,367,0.64,0.72,2024-09-18,0120,N20,VIIRS,h,2,283.82,17.94,N,0
41.0646,-7.88634,348.78,0.64,0.72,2024-09-18,0120,N20,VIIRS,n,2,291.74,17.94,N,0
41.06723,-8.1158,300.6,0.66,0.73,2024-09-18,0120,N20,VIIRS,n,2,288.18,0.64,N,0
41.06633,-8.03246,310.71,0.65,0.73,2024-09-18,0120,N20,VIIRS,n,2,286.73,2.98,N,0
41.06625,-8.02614,315.29,0.65,0.73,2024-09-18,0120,N20,VIIRS,n,2,288.12,2.98,N,0
41.05954,-8.0305,329.24,0.65,0.73,2024-09-18,0120,N20,VIIRS,n,2,287.13,2.98,N,0
41.0604,-8.11241,298.36,0.66,0.73,2024-09-18,0120,N20,VIIRS,n,2,286.84,0.64,N,0
41.05946,-8.02302,308.96,0.65,0.73,2024-09-18,0120,N20,VIIRS,n,2,286.43,2.98,N,0
41.05815,-7.90871,307.74,0.64,0.72,2024-09-18,0120,N20,VIIRS,n,2,284.01,5.34,N,0
41.05788,-7.88643,296.67,0.64,0.72,2024-09-18,0120,N20,VIIRS,n,2,282.5,17.94,N,0
41.05275,-8.02805,343.91,0.65,0.73,2024-09-18,0120,N20,VIIRS,n,2,289.12,4.94,N,0
41.05137,-7.90375,367,0.64,0.72,2024-09-18,0120,N20,VIIRS,h,2,285.94,6.4,N,0
41.04559,-7.47853,347.4,0.61,0.71,2024-09-18,0120,N20,VIIRS,n,2,288.17,14.04,N,0
41.05285,-8.03724,300.42,0.65,0.73,2024-09-18,0120,N20,VIIRS,n,2,285.08,3.37,N,0
41.04573,-7.48743,304.06,0.61,0.71,2024-09-18,0120,N20,VIIRS,n,2,283.95,7.84,N,0
41.04675,-8.1051,352.33,0.66,0.73,2024-09-18,0120,N20,VIIRS,n,2,290.78,17.19,N,0
41.04668,-8.09735,367,0.66,0.73,2024-09-18,0120,N20,VIIRS,h,2,290.46,17.19,N,0
41.0466,-8.08964,339.97,0.66,0.73,2024-09-18,0120,N20,VIIRS,n,2,288.36,7.35,N,0
41.04463,-7.90273,322.49,0.64,0.72,2024-09-18,0120,N20,VIIRS,n,2,282.99,6.4,N,0
41.03901,-7.47919,367,0.61,0.71,2024-09-18,0120,N20,VIIRS,h,2,293.83,14.04,N,0
41.03888,-7.47036,326.33,0.61,0.71,2024-09-18,0120,N20,VIIRS,n,2,287.14,14.04,N,0
41.04683,-8.11357,313.66,0.66,0.73,2024-09-18,0120,N20,VIIRS,n,2,285.95,7.2,N,0
41.04654,-8.08328,297.87,0.65,0.73,2024-09-18,0120,N20,VIIRS,n,2,285.77,7.35,N,0
41.04638,-8.06718,312.98,0.65,0.73,2024-09-18,0120,N20,VIIRS,n,2,288.04,2.55,N,0
41.04608,-8.03707,306.37,0.65,0.73,2024-09-18,0120,N20,VIIRS,n,2,285.72,3.37,N,0
41.04597,-8.02619,302.45,0.65,0.73,2024-09-18,0120,N20,VIIRS,n,2,286.49,4.94,N,0
41.04473,-7.91119,299.63,0.64,0.72,2024-09-18,0120,N20,VIIRS,n,2,283.69,6.4,N,0
41.04455,-7.89573,305.19,0.64,0.72,2024-09-18,0120,N20,VIIRS,n,2,282.31,8.25,N,0
41.03913,-7.48775,314.38,0.61,0.71,2024-09-18,0120,N20,VIIRS,n,2,285.2,7.84,N,0
41.03981,-8.08806,320.05,0.66,0.73,2024-09-18,0120,N20,VIIRS,n,2,285.17,3.26,N,0
41.03975,-8.08202,324.5,0.65,0.73,2024-09-18,0120,N20,VIIRS,n,2,287.56,3.26,N,0
41.03957,-8.06427,348.52,0.65,0.73,2024-09-18,0120,N20,VIIRS,n,2,289.75,4.38,N,0
41.03799,-7.91045,343.02,0.64,0.72,2024-09-18,0120,N20,VIIRS,n,2,285.84,9.34,N,0
41.03242,-7.47969,367,0.61,0.71,2024-09-18,0120,N20,VIIRS,h,2,302.05,58.04,N,0
41.03229,-7.4709,332.71,0.61,0.71,2024-09-18,0120,N20,VIIRS,n,2,287.7,58.04,N,0
41.03963,-8.06992,301.14,0.65,0.73,2024-09-18,0120,N20,VIIRS,n,2,286.34,7.08,N,0
41.03952,-8.05893,300.07,0.65,0.73,2024-09-18,0120,N20,VIIRS,n,2,288.26,4.38,N,0
41.03934,-8.04107,307.92,0.65,0.73,2024-09-18,0120,N20,VIIRS,n,2,286.95,2.88,N,0
41.03807,-7.91744,303.24,0.64,0.72,2024-09-18,0120,N20,VIIRS,n,2,282.44,4.45,N,0
41.03255,-7.48848,312.07,0.61,0.71,2024-09-18,0120,N20,VIIRS,n,2,285.2,34.88,N,0
41.03301,-8.08641,302.02,0.66,0.73,2024-09-18,0120,N20,VIIRS,n,2,285.29,3.26,N,0
41.03296,-8.08053,318.23,0.65,0.73,2024-09-18,0120,N20,VIIRS,n,2,287.7,3.26,N,0
41.03278,-8.06197,300.38,0.65,0.73,2024-09-18,0120,N20,VIIRS,n,2,286.25,4.38,N,0
40.9793,-8.17722,297.15,0.66,0.73,2024-09-18,0120,N20,VIIRS,n,2,286.92,1.33,N,0
40.97923,-8.16498,298.87,0.66,0.73,2024-09-18,0120,N20,VIIRS,n,2,286.17,1.86,N,0
41.03116,-8.08595,301.5,0.65,0.73,2024-09-18,0120,N20,VIIRS,n,2,285.42,1.95,N,0
41.03107,-8.08004,316.08,0.65,0.73,2024-09-18,0120,N20,VIIRS,n,2,286.39,2.44,N,0
40.97781,-8.16496,301.32,0.66,0.73,2024-09-18,0120,N20,VIIRS,n,2,286.67,3.11,N,0
40.97771,-8.15567,301.13,0.66,0.73,2024-09-18,0120,N20,VIIRS,n,2,287.43,12.04,N,0
40.97093,-8.15797,321.41,0.66,0.73,2024-09-18,0120,N20,VIIRS,n,2,286.78,12.04,N,0
40.97083,-8.14883,335.11,0.66,0.73,2024-09-18,0120,N20,VIIRS,n,2,288.29,12.04,N,0
40.97072,-8.13856,367,0.66,0.73,2024-09-18,0120,N20,VIIRS,h,2,297.16,35.3,N,0
40.97104,-8.16763,310.16,0.66,0.73,2024-09-18,0120,N20,VIIRS,n,2,287.27,3.11,N,0
40.9706,-8.1269,313.65,0.66,0.73,2024-09-18,0120,N20,VIIRS,n,2,289.5,35.3,N,0
40.96434,-8.17848,327.75,0.66,0.73,2024-09-18,0120,N20,VIIRS,n,2,292.45,19.48,N,0
40.96425,-8.16927,321.47,0.66,0.73,2024-09-18,0120,N20,VIIRS,n,2,288.65,19.48,N,0
40.96414,-8.15929,367,0.66,0.73,2024-09-18,0120,N20,VIIRS,h,2,290.27,23.34,N,0
40.96404,-8.14962,367,0.66,0.73,2024-09-18,0120,N20,VIIRS,h,2,293.46,23.34,N,0
40.96393,-8.13947,367,0.66,0.73,2024-09-18,0120,N20,VIIRS,h,2,289.77,20.33,N,0
40.96382,-8.12803,355.39,0.66,0.73,2024-09-18,0120,N20,VIIRS,n,2,296.15,20.33,N,0
40.9637,-8.11698,310.11,0.66,0.73,2024-09-18,0120,N20,VIIRS,n,2,289.38,12.22,N,0
40.95753,-8.17877,334.27,0.66,0.73,2024-09-18,0120,N20,VIIRS,n,2,293.17,19.48,N,0
40.95745,-8.17034,354.48,0.66,0.73,2024-09-18,0120,N20,VIIRS,n,2,301.05,19.48,N,0
40.95733,-8.1588,354.46,0.66,0.73,2024-09-18,0120,N20,VIIRS,n,2,295.14,23.34,N,0
40.95724,-8.14998,340.96,0.66,0.73,2024-09-18,0120,N20,VIIRS,n,2,293.26,23.34,N,0
40.95704,-8.12922,334.03,0.66,0.73,2024-09-18,0120,N20,VIIRS,n,2,289.59,20.33,N,0
40.95693,-8.11915,352.11,0.66,0.73,2024-09-18,0120,N20,VIIRS,n,2,292.65,12.22,N,0
40.95679,-8.10633,324.12,0.66,0.73,2024-09-18,0120,N20,VIIRS,n,2,290.92,27.4,N,0
40.95672,-8.10028,367,0.65,0.73,2024-09-18,0120,N20,VIIRS,h,2,292.57,27.4,N,0
40.95666,-8.09385,335.78,0.65,0.73,2024-09-18,0120,N20,VIIRS,n,2,301.62,33.65,N,0
40.95759,-8.18472,306.71,0.66,0.73,2024-09-18,0120,N20,VIIRS,n,2,291.68,6.89,N,0
40.95715,-8.14035,318.96,0.66,0.73,2024-09-18,0120,N20,VIIRS,n,2,290.31,20.33,N,0
40.95686,-8.11241,317.56,0.66,0.73,2024-09-18,0120,N20,VIIRS,n,2,289.92,12.22,N,0
40.95657,-8.08606,310.93,0.65,0.73,2024-09-18,0120,N20,VIIRS,n,2,291.91,33.65,N,0
40.95079,-8.18592,321.92,0.66,0.73,2024-09-18,0120,N20,VIIRS,n,2,292.34,9.85,N,0
40.95073,-8.17952,367,0.66,0.73,2024-09-18,0120,N20,VIIRS,h,2,297.23,122.95,N,0
40.95063,-8.1691,344.29,0.66,0.73,2024-09-18,0120,N20,VIIRS,n,2,294.15,122.95,N,0
40.9501,-8.11575,328.47,0.66,0.73,2024-09-18,0120,N20,VIIRS,n,2,291.67,4.48,N,0
40.95003,-8.10923,356.03,0.66,0.73,2024-09-18,0120,N20,VIIRS,n,2,293.53,63.78,N,0
40.94996,-8.10276,367,0.65,0.73,2024-09-18,0120,N20,VIIRS,h,2,302.09,63.78,N,0
40.9498,-8.0873,367,0.65,0.73,2024-09-18,0120,N20,VIIRS,h,2,298.91,137.64,N,0
40.9497,-8.07713,348.57,0.65,0.73,2024-09-18,0120,N20,VIIRS,n,2,298.61,42.27,N,0
40.95086,-8.19249,309.16,0.66,0.73,2024-09-18,0120,N20,VIIRS,n,2,292.39,9.85,N,0
40.95052,-8.1574,312.09,0.66,0.73,2024-09-18,0120,N20,VIIRS,n,2,291.52,20.56,N,0
40.95043,-8.14851,303.37,0.66,0.73,2024-09-18,0120,N20,VIIRS,n,2,290.81,20.56,N,0
40.95025,-8.13046,303.37,0.66,0.73,2024-09-18,0120,N20,VIIRS,n,2,289.69,2.87,N,0
40.95017,-8.12251,312.17,0.66,0.73,2024-09-18,0120,N20,VIIRS,n,2,290.6,4.48,N,0
40.94399,-8.18725,325.93,0.66,0.73,2024-09-18,0120,N20,VIIRS,n,2,292.53,9.85,N,0
40.94392,-8.17979,367,0.66,0.73,2024-09-18,0120,N20,VIIRS,h,2,295.31,122.95,N,0
40.94371,-8.1566,350.41,0.66,0.73,2024-09-18,0120,N20,VIIRS,n,2,295.36,20.56,N,0
40.9432,-8.10556,367,0.65,0.73,2024-09-18,0120,N20,VIIRS,h,2,296.88,63.78,N,0
40.94313,-8.09807,352.12,0.65,0.73,2024-09-18,0120,N20,VIIRS,n,2,302.21,137.64,N,0
40.94303,-8.08828,367,0.65,0.73,2024-09-18,0120,N20,VIIRS,h,2,299.35,137.64,N,0
40.94294,-8.07964,353.04,0.65,0.73,2024-09-18,0120,N20,VIIRS,n,2,300.95,42.27,N,0
40.94285,-8.07046,327.33,0.65,0.73,2024-09-18,0120,N20,VIIRS,n,2,293.45,42.27,N,0
40.94274,-8.05923,367,0.65,0.73,2024-09-18,0120,N20,VIIRS,h,2,291.93,31.83,N,0
40.94262,-8.04794,348.16,0.65,0.73,2024-09-18,0120,N20,VIIRS,n,2,299.4,31.83,N,0
40.94405,-8.19408,308.69,0.66,0.73,2024-09-18,0120,N20,VIIRS,n,2,291.1,9.85,N,0
40.94362,-8.14753,313.24,0.66,0.73,2024-09-18,0120,N20,VIIRS,n,2,291.65,20.56,N,0
40.94355,-8.13971,315.61,0.66,0.73,2024-09-18,0120,N20,VIIRS,n,2,292.29,2.87,N,0
40.94347,-8.13179,308.43,0.66,0.73,2024-09-18,0120,N20,VIIRS,n,2,290.85,2.87,N,0
40.94341,-8.12529,304.92,0.66,0.73,2024-09-18,0120,N20,VIIRS,n,2,291.14,4.48,N,0
40.94334,-8.11935,305.87,0.66,0.73,2024-09-18,0120,N20,VIIRS,n,2,291.47,4.48,N,0
40.94328,-8.11273,318.41,0.66,0.73,2024-09-18,0120,N20,VIIRS,n,2,292.02,63.78,N,0
40.94253,-8.03887,309.19,0.65,0.73,2024-09-18,0120,N20,VIIRS,n,2,289.63,13.08,N,0
40.93703,-8.17119,331.29,0.66,0.73,2024-09-18,0120,N20,VIIRS,n,2,292.07,13.4,N,0
40.93694,-8.16016,367,0.66,0.73,2024-09-18,0120,N20,VIIRS,h,2,294.35,18.07,N,0
40.93685,-8.15048,354.07,0.66,0.73,2024-09-18,0120,N20,VIIRS,n,2,295.6,18.07,N,0
40.93677,-8.14244,321.82,0.66,0.73,2024-09-18,0120,N20,VIIRS,n,2,293.14,7.06,N,0
40.93651,-8.1153,328.17,0.66,0.73,2024-09-18,0120,N20,VIIRS,n,2,293.09,5.42,N,0
40.93601,-8.06431,327.23,0.65,0.73,2024-09-18,0120,N20,VIIRS,n,2,293.48,15,N,0
40.93591,-8.05398,347.22,0.65,0.73,2024-09-18,0120,N20,VIIRS,n,2,293.43,15,N,0
40.93581,-8.0439,354.37,0.65,0.73,2024-09-18,0120,N20,VIIRS,n,2,300.25,16.89,N,0
40.93573,-8.03587,331.27,0.65,0.73,2024-09-18,0120,N20,VIIRS,n,2,291.82,16.89,N,0
40.93563,-8.02617,367,0.65,0.73,2024-09-18,0120,N20,VIIRS,h,2,295.41,27.17,N,0
40.93552,-8.01558,347.49,0.65,0.73,2024-09-18,0120,N20,VIIRS,n,2,300.55,27.17,N,0
40.93718,-8.1874,308.29,0.66,0.73,2024-09-18,0120,N20,VIIRS,n,2,290.89,3.73,N,0
40.93712,-8.18053,317.17,0.66,0.73,2024-09-18,0120,N20,VIIRS,n,2,291.81,13.4,N,0
40.9367,-8.13478,304.62,0.66,0.73,2024-09-18,0120,N20,VIIRS,n,2,291.63,7.06,N,0
40.93663,-8.12727,308.44,0.66,0.73,2024-09-18,0120,N20,VIIRS,n,2,292.7,3.66,N,0
40.93657,-8.12169,308.99,0.66,0.73,2024-09-18,0120,N20,VIIRS,n,2,293.53,3.66,N,0
40.93644,-8.10751,308.46,0.65,0.73,2024-09-18,0120,N20,VIIRS,n,2,292.26,5.42,N,0
40.93636,-8.09921,316.27,0.65,0.73,2024-09-18,0120,N20,VIIRS,n,2,292.74,5.06,N,0
40.93627,-8.09026,318.57,0.65,0.73,2024-09-18,0120,N20,VIIRS,n,2,293.92,5.06,N,0
40.93619,-8.08266,311.87,0.65,0.73,2024-09-18,0120,N20,VIIRS,n,2,292.65,5.8,N,0
40.93611,-8.07463,314.69,0.65,0.73,2024-09-18,0120,N20,VIIRS,n,2,292.9,5.8,N,0
40.93037,-8.18691,322.72,0.66,0.73,2024-09-18,0120,N20,VIIRS,n,2,291.83,3.73,N,0
40.93031,-8.18001,345.85,0.66,0.73,2024-09-18,0120,N20,VIIRS,n,2,292.61,13.4,N,0
40.93022,-8.17086,367,0.66,0.73,2024-09-18,0120,N20,VIIRS,h,2,296.74,13.4,N,0
40.93015,-8.16304,367,0.66,0.73,2024-09-18,0120,N20,VIIRS,h,2,294.21,18.07,N,0
40.93009,-8.15547,354.36,0.66,0.73,2024-09-18,0120,N20,VIIRS,n,2,294.26,18.07,N,0
40.93002,-8.14725,326.02,0.66,0.73,2024-09-18,0120,N20,VIIRS,n,2,292.57,7.06,N,0
40.92993,-8.13803,326.82,0.66,0.73,2024-09-18,0120,N20,VIIRS,n,2,292.53,7.06,N,0
40.92986,-8.12937,331.06,0.66,0.73,2024-09-18,0120,N20,VIIRS,n,2,293.22,3.66,N,0
40.92878,-8.01796,354.37,0.65,0.73,2024-09-18,0120,N20,VIIRS,n,2,289.6,27.17,N,0
40.92868,-8.00688,353.43,0.65,0.73,2024-09-18,0120,N20,VIIRS,n,2,297.69,34.69,N,0
40.9286,-7.99999,326.67,0.65,0.73,2024-09-18,0120,N20,VIIRS,n,2,290.18,34.69,N,0
40.93047,-8.19871,303.22,0.66,0.73,2024-09-18,0120,N20,VIIRS,n,2,290.23,3.77,N,0
40.93042,-8.19276,311.14,0.66,0.73,2024-09-18,0120,N20,VIIRS,n,2,291.12,3.73,N,0
40.92979,-8.12278,307.93,0.66,0.73,2024-09-18,0120,N20,VIIRS,n,2,292.13,3.66,N,0
40.929,-8.04018,313.59,0.65,0.73,2024-09-18,0120,N20,VIIRS,n,2,291.16,16.89,N,0
40.92889,-8.02922,304.09,0.65,0.73,2024-09-18,0120,N20,VIIRS,n,2,289.92,27.17,N,0
40.92361,-8.19346,331.4,0.66,0.73,2024-09-18,0120,N20,VIIRS,n,2,291.92,60.55,N,0
40.92355,-8.1871,367,0.66,0.73,2024-09-18,0120,N20,VIIRS,h,2,295.06,60.55,N,0
40.92348,-8.17868,344.96,0.66,0.73,2024-09-18,0120,N20,VIIRS,n,2,327.37,707.43,N,0
40.92328,-8.15563,331.59,0.66,0.73,2024-09-18,0120,N20,VIIRS,n,2,307.03,254.83,N,0
40.92321,-8.14642,367,0.66,0.73,2024-09-18,0120,N20,VIIRS,h,2,296.39,17.11,N,0
40.92313,-8.13743,353.75,0.66,0.73,2024-09-18,0120,N20,VIIRS,n,2,295.47,17.11,N,0
40.92307,-8.13105,354.49,0.66,0.73,2024-09-18,0120,N20,VIIRS,n,2,294.98,23.27,N,0
40.92301,-8.12413,367,0.66,0.73,2024-09-18,0120,N20,VIIRS,h,2,295.15,23.27,N,0
40.92198,-8.01352,352.72,0.65,0.73,2024-09-18,0120,N20,VIIRS,n,2,289.59,14.3,N,0
40.92189,-8.00392,355.04,0.65,0.73,2024-09-18,0120,N20,VIIRS,n,2,294.32,14.3,N,0
40.92373,-8.20815,301.81,0.66,0.73,2024-09-18,0120,N20,VIIRS,n,2,289.5,3.07,N,0
40.92367,-8.20065,309.29,0.66,0.73,2024-09-18,0120,N20,VIIRS,n,2,290.17,3.07,N,0
40.92292,-8.11444,303.67,0.66,0.73,2024-09-18,0120,N20,VIIRS,n,2,290.26,20.48,N,0
40.91674,-8.18747,327.62,0.66,0.73,2024-09-18,0120,N20,VIIRS,n,2,290.16,60.55,N,0
40.91667,-8.17771,341.41,0.66,0.73,2024-09-18,0120,N20,VIIRS,n,2,291.46,707.43,N,0
40.91658,-8.16712,345.46,0.66,0.73,2024-09-18,0120,N20,VIIRS,n,2,293.12,707.43,N,0
40.91653,-8.16061,367,0.66,0.73,2024-09-18,0120,N20,VIIRS,h,2,297.58,254.83,N,0
40.91647,-8.15395,367,0.66,0.73,2024-09-18,0120,N20,VIIRS,h,2,301.86,254.83,N,0
40.9164,-8.14552,327.69,0.66,0.73,2024-09-18,0120,N20,VIIRS,n,2,293.39,17.11,N,0
40.91626,-8.12885,345.8,0.66,0.73,2024-09-18,0120,N20,VIIRS,n,2,293.13,23.27,N,0
40.91619,-8.12119,367,0.66,0.73,2024-09-18,0120,N20,VIIRS,h,2,297.8,23.27,N,0
40.91613,-8.11413,355.7,0.66,0.73,2024-09-18,0120,N20,VIIRS,n,2,296.57,20.48,N,0
40.91517,-8.00913,367,0.65,0.73,2024-09-18,0120,N20,VIIRS,h,2,296.44,14.3,N,0
40.9168,-8.19428,311.97,0.66,0.73,2024-09-18,0120,N20,VIIRS,n,2,290.22,60.55,N,0
40.91632,-8.13602,314.76,0.66,0.73,2024-09-18,0120,N20,VIIRS,n,2,291.67,17.11,N,0
40.91526,-8.01862,314.84,0.65,0.73,2024-09-18,0120,N20,VIIRS,n,2,290.71,14.3,N,0
40.90977,-8.16597,324.1,0.66,0.73,2024-09-18,0120,N20,VIIRS,n,2,291.17,4.44,N,0
40.90971,-8.15805,333.4,0.66,0.73,2024-09-18,0120,N20,VIIRS,n,2,291.55,8.41,N,0
40.90965,-8.15129,324.24,0.66,0.73,2024-09-18,0120,N20,VIIRS,n,2,291.78,8.41,N,0
40.90959,-8.1436,345.22,0.66,0.73,2024-09-18,0120,N20,VIIRS,n,2,292.95,9.25,N,0
40.90866,-8.03526,325.6,0.65,0.73,2024-09-18,0120,N20,VIIRS,n,2,290.22,8.01,N,0
40.90858,-8.02698,321.84,0.65,0.73,2024-09-18,0120,N20,VIIRS,n,2,291.36,8.01,N,0
40.9085,-8.01912,344.67,0.65,0.73,2024-09-18,0120,N20,VIIRS,n,2,291.4,26.78,N,0
40.90844,-8.0111,354.38,0.65,0.73,2024-09-18,0120,N20,VIIRS,n,2,295.2,26.78,N,0
40.90986,-8.17731,306.86,0.66,0.73,2024-09-18,0120,N20,VIIRS,n,2,290.36,4.44,N,0
40.90296,-8.16408,337.83,0.66,0.73,2024-09-18,0120,N20,VIIRS,n,2,291.22,4.44,N,0
40.90289,-8.1546,334.32,0.66,0.73,2024-09-18,0120,N20,VIIRS,n,2,292.25,8.41,N,0
40.90283,-8.14789,347.43,0.66,0.73,2024-09-18,0120,N20,VIIRS,n,2,292.77,8.41,N,0
40.90194,-8.03977,348.43,0.65,0.73,2024-09-18,0120,N20,VIIRS,n,2,293.25,10.7,N,0
40.90187,-8.03258,367,0.65,0.73,2024-09-18,0120,N20,VIIRS,h,2,292.64,8.01,N,0
40.90009,-7.84527,367,0.63,0.72,2024-09-18,0120,N20,VIIRS,h,2,291.17,13.08,N,0
40.89999,-7.83664,367,0.63,0.72,2024-09-18,0120,N20,VIIRS,h,2,293.73,21.11,N,0
40.90305,-8.17677,304.03,0.66,0.73,2024-09-18,0120,N20,VIIRS,n,2,289.8,4.44,N,0
40.90276,-8.13884,304.5,0.66,0.73,2024-09-18,0120,N20,VIIRS,n,2,289.03,9.25,N,0
40.90199,-8.04585,306.67,0.65,0.73,2024-09-18,0120,N20,VIIRS,n,2,289.75,10.7,N,0
40.9018,-8.02474,311.54,0.65,0.73,2024-09-18,0120,N20,VIIRS,n,2,289.97,8.01,N,0
40.90035,-7.87152,299.81,0.64,0.72,2024-09-18,0120,N20,VIIRS,n,2,286.79,1.77,N,0
40.90026,-7.86306,306.53,0.64,0.72,2024-09-18,0120,N20,VIIRS,n,2,286.95,1.77,N,0
40.90017,-7.85413,315.3,0.64,0.72,2024-09-18,0120,N20,VIIRS,n,2,287.66,13.08,N,0
40.89624,-8.17703,337.17,0.66,0.73,2024-09-18,0120,N20,VIIRS,n,2,290.54,16.04,N,0
40.89616,-8.16542,367,0.66,0.73,2024-09-18,0120,N20,VIIRS,h,2,295.52,16.04,N,0
40.89608,-8.15325,320.13,0.66,0.73,2024-09-18,0120,N20,VIIRS,n,2,291.3,12.51,N,0
40.89583,-8.12036,354.69,0.66,0.73,2024-09-18,0120,N20,VIIRS,n,2,290.06,9.07,N,0
40.89579,-8.11503,353.85,0.66,0.73,2024-09-18,0120,N20,VIIRS,n,2,293.33,9.07,N,0
40.89574,-8.10929,328.91,0.66,0.73,2024-09-18,0120,N20,VIIRS,n,2,291.91,6.68,N,0
40.89526,-8.04903,367,0.65,0.73,2024-09-18,0120,N20,VIIRS,h,2,288.23,25.44,N,0
40.8952,-8.04227,351.81,0.65,0.73,2024-09-18,0120,N20,VIIRS,n,2,291.76,12.39,N,0
40.89514,-8.03558,320.51,0.65,0.73,2024-09-18,0120,N20,VIIRS,n,2,289.38,12.39,N,0
40.89601,-8.14445,308.09,0.66,0.73,2024-09-18,0120,N20,VIIRS,n,2,289.34,12.51,N,0
40.89568,-8.10277,319.71,0.65,0.73,2024-09-18,0120,N20,VIIRS,n,2,292.63,6.68,N,0
40.88938,-8.16976,327.99,0.66,0.73,2024-09-18,0120,N20,VIIRS,n,2,291.02,16.04,N,0
40.8893,-8.15751,367,0.66,0.73,2024-09-18,0120,N20,VIIRS,h,2,294.76,12.51,N,0
40.88921,-8.14311,349.72,0.66,0.73,2024-09-18,0120,N20,VIIRS,n,2,291.99,12.51,N,0
40.88914,-8.1343,346.39,0.66,0.73,2024-09-18,0120,N20,VIIRS,n,2,292.48,10.82,N,0
40.88894,-8.10804,327.46,0.66,0.73,2024-09-18,0120,N20,VIIRS,n,2,290.19,6.68,N,0
40.8889,-8.10242,325.16,0.65,0.73,2024-09-18,0120,N20,VIIRS,n,2,290.57,6.68,N,0
40.88864,-8.06883,325.56,0.65,0.73,2024-09-18,0120,N20,VIIRS,n,2,289.1,12.06,N,0
40.88855,-8.05646,344.77,0.65,0.73,2024-09-18,0120,N20,VIIRS,n,2,289.7,25.44,N,0
40.88847,-8.04558,351.93,0.65,0.73,2024-09-18,0120,N20,VIIRS,n,2,295.74,25.44,N,0
40.88808,-8.00016,367,0.65,0.73,2024-09-18,0120,N20,VIIRS,h,2,290.68,10.98,N,0
40.888,-7.99148,329.81,0.65,0.73,2024-09-18,0120,N20,VIIRS,n,2,288.51,10.98,N,0
40.88909,-8.1268,315.71,0.66,0.73,2024-09-18,0120,N20,VIIRS,n,2,289.73,10.82,N,0
40.88903,-8.11932,302.91,0.66,0.73,2024-09-18,0120,N20,VIIRS,n,2,288.45,9.07,N,0
40.88898,-8.11321,310.66,0.66,0.73,2024-09-18,0120,N20,VIIRS,n,2,289.46,9.07,N,0
40.88842,-8.04005,312.81,0.65,0.73,2024-09-18,0120,N20,VIIRS,n,2,287.73,12.39,N,0
40.88813,-8.00655,308.11,0.65,0.73,2024-09-18,0120,N20,VIIRS,n,2,289.41,5.69,N,0
40.88751,-7.93511,308.9,0.64,0.72,2024-09-18,0120,N20,VIIRS,n,2,287.14,2.61,N,0
40.88745,-7.92891,312.56,0.64,0.72,2024-09-18,0120,N20,VIIRS,n,2,287.6,2.61,N,0
40.88738,-7.92135,318.9,0.64,0.72,2024-09-18,0120,N20,VIIRS,n,2,288.36,4.05,N,0
40.88236,-8.13643,348.11,0.66,0.73,2024-09-18,0120,N20,VIIRS,n,2,290.22,14.17,N,0
40.88231,-8.12882,356.86,0.66,0.73,2024-09-18,0120,N20,VIIRS,n,2,293.19,14.17,N,0
40.88215,-8.10686,339.06,0.66,0.73,2024-09-18,0120,N20,VIIRS,n,2,290.73,4.73,N,0
40.8819,-8.07274,367,0.65,0.73,2024-09-18,0120,N20,VIIRS,h,2,292.02,30.61,N,0
40.88183,-8.06285,350.6,0.65,0.73,2024-09-18,0120,N20,VIIRS,n,2,306.43,30.61,N,0
40.88177,-8.05428,335.83,0.65,0.73,2024-09-18,0120,N20,VIIRS,n,2,289.61,21.25,N,0
40.88161,-8.03504,320.36,0.65,0.73,2024-09-18,0120,N20,VIIRS,n,2,288.48,13.41,N,0
40.88156,-8.02932,336.44,0.65,0.73,2024-09-18,0120,N20,VIIRS,n,2,290.91,14.7,N,0
40.88151,-8.02366,337.55,0.65,0.73,2024-09-18,0120,N20,VIIRS,n,2,291.87,14.7,N,0
40.88145,-8.01598,340.5,0.65,0.73,2024-09-18,0120,N20,VIIRS,n,2,292.53,51.68,N,0
40.88138,-8.00728,367,0.65,0.73,2024-09-18,0120,N20,VIIRS,h,2,294.27,51.68,N,0
40.88132,-7.99973,342.96,0.65,0.73,2024-09-18,0120,N20,VIIRS,n,2,308.48,119.5,N,0
40.88123,-7.98832,344.97,0.65,0.73,2024-09-18,0120,N20,VIIRS,n,2,298.81,119.5,N,0
40.8811,-7.97155,331.31,0.64,0.72,2024-09-18,0120,N20,VIIRS,n,2,289.18,11.53,N,0
40.88104,-7.96478,330.96,0.64,0.72,2024-09-18,0120,N20,VIIRS,n,2,289.98,8.52,N,0
40.88097,-7.9573,329.25,0.64,0.72,2024-09-18,0120,N20,VIIRS,n,2,288.19,8.52,N,0
40.88251,-8.16066,307.3,0.66,0.73,2024-09-18,0120,N20,VIIRS,n,2,289.93,5.07,N,0
40.8821,-8.0995,315.95,0.65,0.73,2024-09-18,0120,N20,VIIRS,n,2,290.16,4.73,N,0
40.88202,-8.08851,304.34,0.65,0.73,2024-09-18,0120,N20,VIIRS,n,2,288.99,4.44,N,0
40.88197,-8.08178,306.27,0.65,0.73,2024-09-18,0120,N20,VIIRS,n,2,289.51,4.44,N,0
40.88171,-8.04686,304.26,0.65,0.73,2024-09-18,0120,N20,VIIRS,n,2,287.34,21.25,N,0
40.88166,-8.04074,312.16,0.65,0.73,2024-09-18,0120,N20,VIIRS,n,2,288.62,13.41,N,0
40.88116,-7.97868,319.31,0.65,0.73,2024-09-18,0120,N20,VIIRS,n,2,289.56,11.53,N,0
40.87506,-8.06171,367,0.65,0.73,2024-09-18,0120,N20,VIIRS,h,2,292.45,30.61,N,0
40.875,-8.05517,356.51,0.65,0.73,2024-09-18,0120,N20,VIIRS,n,2,295.69,21.25,N,0
40.87496,-8.04911,327.76,0.65,0.73,2024-09-18,0120,N20,VIIRS,n,2,290.77,21.25,N,0
40.87491,-8.04299,322.42,0.65,0.73,2024-09-18,0120,N20,VIIRS,n,2,289.21,13.41,N,0
40.87486,-8.03681,367,0.65,0.73,2024-09-18,0120,N20,VIIRS,h,2,293.32,13.41,N,0
40.87481,-8.03087,355.08,0.65,0.73,2024-09-18,0120,N20,VIIRS,n,2,297.25,14.7,N,0
40.87417,-7.94917,354.47,0.64,0.72,2024-09-18,0120,N20,VIIRS,n,2,287.95,26.9,N,0
40.87411,-7.9422,347.74,0.64,0.72,2024-09-18,0120,N20,VIIRS,n,2,298.02,26.9,N,0
40.87535,-8.10457,302.31,0.66,0.73,2024-09-18,0120,N20,VIIRS,n,2,288.72,4.73,N,0
40.87523,-8.08556,310.97,0.65,0.73,2024-09-18,0120,N20,VIIRS,n,2,289.53,4.44,N,0
40.87511,-8.06928,316.47,0.65,0.73,2024-09-18,0120,N20,VIIRS,n,2,288.35,30.61,N,0
40.87476,-8.02487,317.82,0.65,0.73,2024-09-18,0120,N20,VIIRS,n,2,291.65,14.7,N,0
40.87436,-7.97268,300.09,0.64,0.72,2024-09-18,0120,N20,VIIRS,n,2,287.34,11.53,N,0
40.92921,-8.18485,340.48,0.66,0.73,2024-09-18,0120,N20,VIIRS,n,2,292.87,500.41,N,0
40.9291,-8.17704,367,0.66,0.73,2024-09-18,0120,N20,VIIRS,h,2,298.22,500.41,N,0
40.92877,-8.15343,349.21,0.66,0.73,2024-09-18,0120,N20,VIIRS,n,2,294.32,45.81,N,0
40.92865,-8.14472,337.19,0.66,0.73,2024-09-18,0120,N20,VIIRS,n,2,292.59,45.81,N,0
40.92852,-8.13549,324.07,0.66,0.73,2024-09-18,0120,N20,VIIRS,n,2,291.81,17.37,N,0
40.92841,-8.12756,321.17,0.66,0.73,2024-09-18,0120,N20,VIIRS,n,2,292.74,17.37,N,0
40.92676,-8.01601,356.14,0.65,0.73,2024-09-18,0120,N20,VIIRS,n,2,289.35,28.35,N,0
40.92661,-8.00576,351.78,0.65,0.73,2024-09-18,0120,N20,VIIRS,n,2,300.17,28.35,N,0
40.92651,-7.99918,332.01,0.65,0.73,2024-09-18,0120,N20,VIIRS,n,2,291.2,19.5,N,0
40.92946,-8.20345,302.22,0.66,0.73,2024-09-18,0120,N20,VIIRS,n,2,289.39,2.18,N,0
40.92937,-8.19678,307.49,0.66,0.73,2024-09-18,0120,N20,VIIRS,n,2,290.44,6.34,N,0
40.92929,-8.19094,319.36,0.66,0.73,2024-09-18,0120,N20,VIIRS,n,2,292.24,6.34,N,0
40.92249,-8.19169,337.25,0.66,0.73,2024-09-18,0120,N20,VIIRS,n,2,292.33,6.34,N,0
40.9224,-8.18473,367,0.66,0.73,2024-09-18,0120,N20,VIIRS,h,2,294.54,500.41,N,0
40.92207,-8.15986,327.22,0.66,0.73,2024-09-18,0120,N20,VIIRS,n,2,324.19,1670.96,N,0
40.92197,-8.15266,351.27,0.66,0.73,2024-09-18,0120,N20,VIIRS,n,2,300.12,45.81,N,0
40.92183,-8.14281,367,0.66,0.73,2024-09-18,0120,N20,VIIRS,h,2,295.64,45.81,N,0
40.92173,-8.13525,350.33,0.66,0.73,2024-09-18,0120,N20,VIIRS,n,2,295.42,17.37,N,0
40.92164,-8.12906,367,0.66,0.73,2024-09-18,0120,N20,VIIRS,h,2,297.9,17.37,N,0
40.92153,-8.12123,352.28,0.66,0.73,2024-09-18,0120,N20,VIIRS,n,2,301.46,26.47,N,0
40.91995,-8.01209,320.94,0.65,0.73,2024-09-18,0120,N20,VIIRS,n,2,289.57,28.35,N,0
40.91981,-8.00279,337.03,0.65,0.73,2024-09-18,0120,N20,VIIRS,n,2,291.64,19.5,N,0
40.92269,-8.20625,301.41,0.66,0.73,2024-09-18,0120,N20,VIIRS,n,2,289.28,2.18,N,0
40.92258,-8.19835,311.04,0.66,0.73,2024-09-18,0120,N20,VIIRS,n,2,290.05,6.34,N,0
40.92138,-8.11097,310.54,0.65,0.73,2024-09-18,0120,N20,VIIRS,n,2,291.47,26.47,N,0
40.91559,-8.18484,321.38,0.66,0.73,2024-09-18,0120,N20,VIIRS,n,2,290.7,5.61,N,0
40.91544,-8.17311,331.02,0.66,0.73,2024-09-18,0120,N20,VIIRS,n,2,291.33,5.61,N,0
40.91533,-8.16474,341.5,0.66,0.73,2024-09-18,0120,N20,VIIRS,n,2,292.87,15.24,N,0
40.91524,-8.1581,367,0.66,0.73,2024-09-18,0120,N20,VIIRS,h,2,298.42,15.24,N,0
40.91514,-8.1511,367,0.66,0.73,2024-09-18,0120,N20,VIIRS,h,2,299.14,11.72,N,0
40.91502,-8.14202,331.31,0.66,0.73,2024-09-18,0120,N20,VIIRS,n,2,292.43,11.72,N,0
40.9147,-8.11824,367,0.66,0.73,2024-09-18,0120,N20,VIIRS,h,2,292.57,12.69,N,0
40.9146,-8.11147,339.69,0.65,0.73,2024-09-18,0120,N20,VIIRS,n,2,294.01,12.69,N,0
40.91326,-8.01637,367,0.65,0.73,2024-09-18,0120,N20,VIIRS,h,2,293.52,17.61,N,0
40.91313,-8.00762,342.7,0.65,0.73,2024-09-18,0120,N20,VIIRS,n,2,304.22,57.27,N,0
40.91569,-8.19225,310,0.66,0.73,2024-09-18,0120,N20,VIIRS,n,2,290.11,4.66,N,0
40.91489,-8.13276,309.71,0.66,0.73,2024-09-18,0120,N20,VIIRS,n,2,290.45,6.84,N,0
40.91479,-8.12522,314.43,0.66,0.73,2024-09-18,0120,N20,VIIRS,n,2,290.72,6.84,N,0
40.9085,-8.16256,342.44,0.66,0.73,2024-09-18,0120,N20,VIIRS,n,2,292.28,15.24,N,0
40.90839,-8.15497,334.28,0.66,0.73,2024-09-18,0120,N20,VIIRS,n,2,292.49,15.24,N,0
40.90831,-8.1484,328.81,0.66,0.73,2024-09-18,0120,N20,VIIRS,n,2,292.08,11.72,N,0
40.90818,-8.1385,321.24,0.66,0.73,2024-09-18,0120,N20,VIIRS,n,2,290.79,11.72,N,0
40.90672,-8.03205,367,0.65,0.73,2024-09-18,0120,N20,VIIRS,h,2,293.74,19.43,N,0
40.90391,-7.84347,367,0.63,0.72,2024-09-18,0120,N20,VIIRS,h,2,292.32,10.71,N,0
40.90862,-8.17254,312.67,0.66,0.73,2024-09-18,0120,N20,VIIRS,n,2,290.4,5.61,N,0
40.9066,-8.02382,314.99,0.65,0.73,2024-09-18,0120,N20,VIIRS,n,2,290.77,17.61,N,0
40.9065,-8.01622,309.99,0.65,0.73,2024-09-18,0120,N20,VIIRS,n,2,289.56,17.61,N,0
40.90417,-7.86077,311.15,0.64,0.72,2024-09-18,0120,N20,VIIRS,n,2,287.5,5.72,N,0
40.90404,-7.85212,318.07,0.63,0.72,2024-09-18,0120,N20,VIIRS,n,2,287.86,5.72,N,0
40.90376,-7.83422,306.01,0.63,0.72,2024-09-18,0120,N20,VIIRS,n,2,286.85,10.71,N,0
40.90182,-8.17252,326.43,0.66,0.73,2024-09-18,0120,N20,VIIRS,n,2,290.13,13.11,N,0
40.90166,-8.16029,333.63,0.66,0.73,2024-09-18,0120,N20,VIIRS,n,2,291.98,11.01,N,0
40.90156,-8.15195,329.58,0.66,0.73,2024-09-18,0120,N20,VIIRS,n,2,292.25,11.01,N,0
40.90146,-8.14448,346.7,0.66,0.73,2024-09-18,0120,N20,VIIRS,n,2,292.84,7.35,N,0
40.90011,-8.0428,337.21,0.65,0.73,2024-09-18,0120,N20,VIIRS,n,2,291.39,23.66,N,0
40.90002,-8.03635,352.86,0.65,0.73,2024-09-18,0120,N20,VIIRS,n,2,292.84,10.72,N,0
40.89705,-7.83381,342.18,0.63,0.72,2024-09-18,0120,N20,VIIRS,n,2,289.25,5.06,N,0
40.89992,-8.02883,312.41,0.65,0.73,2024-09-18,0120,N20,VIIRS,n,2,289.31,10.72,N,0
40.89718,-7.84207,299.64,0.63,0.72,2024-09-18,0120,N20,VIIRS,n,2,285.77,5.06,N,0
40.89502,-8.17359,349.89,0.66,0.73,2024-09-18,0120,N20,VIIRS,n,2,291.09,13.11,N,0
40.89488,-8.16141,367,0.66,0.73,2024-09-18,0120,N20,VIIRS,h,2,294.95,11.01,N,0
40.89433,-8.11813,367,0.66,0.73,2024-09-18,0120,N20,VIIRS,h,2,291.57,25.24,N,0
40.89426,-8.1127,348.53,0.66,0.73,2024-09-18,0120,N20,VIIRS,n,2,292.96,17.58,N,0
40.89419,-8.10677,351.39,0.65,0.73,2024-09-18,0120,N20,VIIRS,n,2,293.63,17.58,N,0
40.89349,-8.05375,350,0.65,0.73,2024-09-18,0120,N20,VIIRS,n,2,287.03,31.91,N,0
40.89339,-8.04582,351.05,0.65,0.73,2024-09-18,0120,N20,VIIRS,n,2,296.41,23.66,N,0
40.8933,-8.03933,329.27,0.65,0.73,2024-09-18,0120,N20,VIIRS,n,2,289.85,23.66,N,0
40.89474,-8.15019,309.42,0.66,0.73,2024-09-18,0120,N20,VIIRS,n,2,290.47,11.01,N,0
40.89462,-8.14059,309.07,0.66,0.73,2024-09-18,0120,N20,VIIRS,n,2,289.18,7.35,N,0
40.8941,-8.10012,314.85,0.65,0.73,2024-09-18,0120,N20,VIIRS,n,2,291.46,11.45,N,0
40.89172,-7.92613,314.12,0.64,0.72,2024-09-18,0120,N20,VIIRS,n,2,287.04,3.37,N,0
40.88813,-8.16624,333.05,0.66,0.73,2024-09-18,0120,N20,VIIRS,n,2,290.57,15.29,N,0
40.88798,-8.15341,367,0.66,0.73,2024-09-18,0120,N20,VIIRS,h,2,293.64,15.29,N,0
40.88781,-8.13962,351.73,0.66,0.73,2024-09-18,0120,N20,VIIRS,n,2,291.9,15.98,N,0
40.88772,-8.13198,367,0.66,0.73,2024-09-18,0120,N20,VIIRS,h,2,294.14,15.98,N,0
40.88762,-8.12409,336.24,0.66,0.73,2024-09-18,0120,N20,VIIRS,n,2,291.08,11.54,N,0
40.88686,-8.06418,367,0.65,0.73,2024-09-18,0120,N20,VIIRS,h,2,292.71,32.7,N,0
40.8867,-8.05163,338.27,0.65,0.73,2024-09-18,0120,N20,VIIRS,n,2,288.81,32.7,N,0
40.8866,-8.0437,324,0.65,0.73,2024-09-18,0120,N20,VIIRS,n,2,287.4,13.98,N,0
40.88617,-8.01186,348.14,0.65,0.73,2024-09-18,0120,N20,VIIRS,n,2,290.97,10.74,N,0
40.88607,-8.00403,355.45,0.65,0.73,2024-09-18,0120,N20,VIIRS,n,2,291.79,68.95,N,0
40.88598,-7.99759,337.61,0.65,0.73,2024-09-18,0120,N20,VIIRS,n,2,310.26,68.95,N,0
40.88581,-7.98554,352.09,0.65,0.73,2024-09-18,0120,N20,VIIRS,n,2,296.04,33.61,N,0
40.88559,-7.96877,337.1,0.64,0.72,2024-09-18,0120,N20,VIIRS,n,2,287.45,6.19,N,0
40.88739,-8.1061,307.98,0.65,0.73,2024-09-18,0120,N20,VIIRS,n,2,289.59,7.45,N,0
40.88731,-8.09924,306.55,0.65,0.73,2024-09-18,0120,N20,VIIRS,n,2,289.44,5.67,N,0
40.88699,-8.074,311.36,0.65,0.73,2024-09-18,0120,N20,VIIRS,n,2,289.02,23.59,N,0
40.88628,-8.02031,307.4,0.65,0.73,2024-09-18,0120,N20,VIIRS,n,2,289.49,10.74,N,0
40.88568,-7.97571,303.94,0.64,0.72,2024-09-18,0120,N20,VIIRS,n,2,287.35,33.61,N,0
40.8855,-7.9625,314.81,0.64,0.72,2024-09-18,0120,N20,VIIRS,n,2,287.56,6.19,N,0
40.8854,-7.95544,314.83,0.64,0.72,2024-09-18,0120,N20,VIIRS,n,2,286.92,2.98,N,0
40.88509,-7.93288,310.07,0.64,0.72,2024-09-18,0120,N20,VIIRS,n,2,287.61,3.62,N,0
40.88499,-7.92627,302.19,0.64,0.72,2024-09-18,0120,N20,VIIRS,n,2,287.29,1.58,N,0
40.88488,-7.91862,302.68,0.64,0.72,2024-09-18,0120,N20,VIIRS,n,2,287.24,1.58,N,0
40.88095,-8.1342,324.12,0.66,0.73,2024-09-18,0120,N20,VIIRS,n,2,289.43,15.98,N,0
40.88059,-8.10446,347.4,0.65,0.73,2024-09-18,0120,N20,VIIRS,n,2,291.72,7.45,N,0
40.88013,-8.06701,367,0.65,0.73,2024-09-18,0120,N20,VIIRS,h,2,296.12,23.59,N,0
40.88003,-8.05914,346.61,0.65,0.73,2024-09-18,0120,N20,VIIRS,n,2,304.2,32.7,N,0
40.87993,-8.05152,367,0.65,0.73,2024-09-18,0120,N20,VIIRS,h,2,292.5,32.7,N,0
40.87977,-8.0392,332.66,0.65,0.73,2024-09-18,0120,N20,VIIRS,n,2,289.58,13.98,N,0
40.8797,-8.03346,367,0.65,0.73,2024-09-18,0120,N20,VIIRS,h,2,297.73,31.74,N,0
40.87962,-8.02779,367,0.65,0.73,2024-09-18,0120,N20,VIIRS,h,2,296.03,31.74,N,0
40.87955,-8.02182,330.55,0.65,0.73,2024-09-18,0120,N20,VIIRS,n,2,291.85,10.74,N,0
40.87944,-8.01347,322.26,0.65,0.73,2024-09-18,0120,N20,VIIRS,n,2,290.7,10.74,N,0
40.87933,-8.00487,367,0.65,0.73,2024-09-18,0120,N20,VIIRS,h,2,292.9,68.95,N,0
40.87922,-7.99684,351.41,0.65,0.73,2024-09-18,0120,N20,VIIRS,n,2,292.08,68.95,N,0
40.87845,-7.93956,327.23,0.64,0.72,2024-09-18,0120,N20,VIIRS,n,2,288.44,3.62,N,0
40.88085,-8.12573,314.74,0.66,0.73,2024-09-18,0120,N20,VIIRS,n,2,288.78,11.54,N,0
40.88036,-8.08515,316.58,0.65,0.73,2024-09-18,0120,N20,VIIRS,n,2,289.9,5.67,N,0
40.88027,-8.07834,307.35,0.65,0.73,2024-09-18,0120,N20,VIIRS,n,2,288.82,23.59,N,0
40.87985,-8.04517,318.18,0.65,0.73,2024-09-18,0120,N20,VIIRS,n,2,288.82,13.98,N,0
40.87906,-7.98435,304.18,0.65,0.73,2024-09-18,0120,N20,VIIRS,n,2,287.63,33.61,N,0
40.87886,-7.96953,313.17,0.64,0.72,2024-09-18,0120,N20,VIIRS,n,2,289.1,6.19,N,0
40.87865,-7.95436,308.28,0.64,0.72,2024-09-18,0120,N20,VIIRS,n,2,287.06,2.98,N,0
40.87854,-7.94612,308.99,0.64,0.72,2024-09-18,0120,N20,VIIRS,n,2,286.81,2.98,N,0
40.87326,-8.05968,332.89,0.65,0.73,2024-09-18,0120,N20,VIIRS,n,2,288.06,6.91,N,0
40.87319,-8.05361,332.78,0.65,0.73,2024-09-18,0120,N20,VIIRS,n,2,290.04,6.91,N,0
40.87288,-8.02925,332.05,0.65,0.73,2024-09-18,0120,N20,VIIRS,n,2,290.93,5.16,N,0
40.87181,-7.94686,367,0.64,0.72,2024-09-18,0120,N20,VIIRS,h,2,297.35,22.82,N,0
40.87173,-7.94021,349.37,0.64,0.72,2024-09-18,0120,N20,VIIRS,n,2,293.49,29.94,N,0
40.87296,-8.0353,315.03,0.65,0.73,2024-09-18,0120,N20,VIIRS,n,2,288.72,5.16,N,0
40.87192,-7.95464,306.19,0.64,0.72,2024-09-18,0120,N20,VIIRS,n,2,286.79,22.82,N,0
40.86706,-8.10746,367,0.66,0.73,2024-09-18,0120,N20,VIIRS,h,2,291.48,16.41,N,0
40.86695,-8.0978,346.33,0.65,0.73,2024-09-18,0120,N20,VIIRS,n,2,291.38,16.41,N,0
40.86686,-8.08965,326.06,0.65,0.73,2024-09-18,0120,N20,VIIRS,n,2,290.16,6.07,N,0
40.86651,-8.06133,322.8,0.65,0.73,2024-09-18,0120,N20,VIIRS,n,2,292.18,6.91,N,0
40.86509,-7.94742,367,0.64,0.72,2024-09-18,0120,N20,VIIRS,h,2,294.31,22.82,N,0
40.865,-7.9409,329.54,0.64,0.72,2024-09-18,0120,N20,VIIRS,n,2,290.3,29.94,N,0
40.86677,-8.08231,305.22,0.65,0.73,2024-09-18,0120,N20,VIIRS,n,2,289.33,6.07,N,0
40.86668,-8.07504,307.23,0.65,0.73,2024-09-18,0120,N20,VIIRS,n,2,290.58,5.16,N,0
40.8666,-8.06793,315.95,0.65,0.73,2024-09-18,0120,N20,VIIRS,n,2,291.56,5.16,N,0
40.86606,-8.0246,304.5,0.65,0.73,2024-09-18,0120,N20,VIIRS,n,2,290.54,5.34,N,0
40.86519,-7.95536,308.2,0.64,0.72,2024-09-18,0120,N20,VIIRS,n,2,288.1,22.82,N,0
40.85921,-8.01656,367,0.65,0.73,2024-09-18,0120,N20,VIIRS,h,2,297.54,6.89,N,0
40.85846,-7.95618,344.58,0.64,0.72,2024-09-18,0120,N20,VIIRS,n,2,290.18,16.92,N,0
40.85836,-7.94854,367,0.64,0.72,2024-09-18,0120,N20,VIIRS,h,2,297.03,16.92,N,0
40.85703,-7.84719,367,0.63,0.72,2024-09-18,0120,N20,VIIRS,h,2,289.98,13.48,N,0
40.85692,-7.83858,324.01,0.63,0.72,2024-09-18,0120,N20,VIIRS,n,2,288.05,13.48,N,0
40.86002,-8.08458,303.46,0.65,0.73,2024-09-18,0120,N20,VIIRS,n,2,288.85,4.43,N,0
40.85994,-8.0776,309.43,0.65,0.73,2024-09-18,0120,N20,VIIRS,n,2,289.45,11.44,N,0
40.85985,-8.07044,303.05,0.65,0.73,2024-09-18,0120,N20,VIIRS,n,2,288.6,11.44,N,0
40.8597,-8.05769,304.02,0.65,0.73,2024-09-18,0120,N20,VIIRS,n,2,289.54,11.14,N,0
40.85949,-8.04037,303.7,0.65,0.73,2024-09-18,0120,N20,VIIRS,n,2,290.18,2.78,N,0
40.85932,-8.02606,315.11,0.65,0.73,2024-09-18,0120,N20,VIIRS,n,2,291.39,6.89,N,0
40.85876,-7.98002,310.19,0.64,0.72,2024-09-18,0120,N20,VIIRS,n,2,288.85,7.04,N,0
40.85867,-7.9725,316.18,0.64,0.72,2024-09-18,0120,N20,VIIRS,n,2,289.69,4.68,N,0
40.85856,-7.96443,305.83,0.64,0.72,2024-09-18,0120,N20,VIIRS,n,2,287.76,4.68,N,0
40.85828,-7.94196,302.64,0.64,0.72,2024-09-18,0120,N20,VIIRS,n,2,288.01,9.75,N,0
40.8532,-8.08121,367,0.65,0.73,2024-09-18,0120,N20,VIIRS,h,2,291.31,11.44,N,0
40.85312,-8.07415,367,0.65,0.73,2024-09-18,0120,N20,VIIRS,h,2,293.46,11.44,N,0
40.85303,-8.06688,336.08,0.65,0.73,2024-09-18,0120,N20,VIIRS,n,2,292.34,11.14,N,0
40.85296,-8.06036,349.68,0.65,0.73,2024-09-18,0120,N20,VIIRS,n,2,293.04,11.14,N,0
40.85289,-8.05462,326.08,0.65,0.73,2024-09-18,0120,N20,VIIRS,n,2,290.61,6.73,N,0
40.85244,-8.01622,320.64,0.65,0.73,2024-09-18,0120,N20,VIIRS,n,2,293.13,6.89,N,0
40.85212,-7.98852,322.95,0.65,0.73,2024-09-18,0120,N20,VIIRS,n,2,291.27,7.04,N,0
40.85204,-7.98141,351.96,0.64,0.72,2024-09-18,0120,N20,VIIRS,n,2,292.58,7.04,N,0
40.85023,-7.83993,329.16,0.63,0.72,2024-09-18,0120,N20,VIIRS,n,2,287.41,13.48,N,0
40.85327,-8.08728,305.79,0.65,0.73,2024-09-18,0120,N20,VIIRS,n,2,289.05,4.43,N,0
40.85282,-8.04839,307.09,0.65,0.73,2024-09-18,0120,N20,VIIRS,n,2,290.33,6.73,N,0
40.85275,-8.04202,313.7,0.65,0.73,2024-09-18,0120,N20,VIIRS,n,2,290.94,2.78,N,0
40.85266,-8.03537,305.45,0.65,0.73,2024-09-18,0120,N20,VIIRS,n,2,290.71,2.78,N,0
40.85257,-8.02722,309.61,0.65,0.73,2024-09-18,0120,N20,VIIRS,n,2,291.69,6.89,N,0
40.85231,-8.00439,310.92,0.65,0.73,2024-09-18,0120,N20,VIIRS,n,2,291.59,6.71,N,0
40.85221,-7.99622,308.88,0.65,0.73,2024-09-18,0120,N20,VIIRS,n,2,290.19,6.71,N,0
40.85194,-7.97344,312.54,0.64,0.72,2024-09-18,0120,N20,VIIRS,n,2,288.53,4.68,N,0
40.84656,-8.09397,339.29,0.65,0.73,2024-09-18,0120,N20,VIIRS,n,2,287.89,12.43,N,0
40.8465,-8.08866,367,0.65,0.73,2024-09-18,0120,N20,VIIRS,h,2,293.92,12.43,N,0
40.84644,-8.08346,332.35,0.65,0.73,2024-09-18,0120,N20,VIIRS,n,2,289.62,18.95,N,0
40.84637,-8.07746,367,0.65,0.73,2024-09-18,0120,N20,VIIRS,h,2,294.1,18.95,N,0
40.84629,-8.06939,356.14,0.65,0.73,2024-09-18,0120,N20,VIIRS,n,2,293.44,27.27,N,0
40.84621,-8.06273,355.56,0.65,0.73,2024-09-18,0120,N20,VIIRS,n,2,292.68,27.27,N,0
40.84614,-8.05666,349.96,0.65,0.73,2024-09-18,0120,N20,VIIRS,n,2,292.77,23.04,N,0
40.84607,-8.05038,339.73,0.65,0.73,2024-09-18,0120,N20,VIIRS,n,2,292.49,23.04,N,0
40.84599,-8.04337,330.85,0.65,0.73,2024-09-18,0120,N20,VIIRS,n,2,292.53,11.37,N,0
40.84591,-8.03618,356.29,0.65,0.73,2024-09-18,0120,N20,VIIRS,n,2,295.32,11.37,N,0
40.84582,-8.02825,352.16,0.65,0.73,2024-09-18,0120,N20,VIIRS,n,2,293.15,26.57,N,0
40.84569,-8.01626,355.25,0.65,0.73,2024-09-18,0120,N20,VIIRS,n,2,300.85,26.57,N,0
40.84556,-8.00472,367,0.65,0.73,2024-09-18,0120,N20,VIIRS,h,2,300.96,59.53,N,0
40.84547,-7.99716,367,0.65,0.73,2024-09-18,0120,N20,VIIRS,h,2,298.82,59.53,N,0
40.84539,-7.98997,352.24,0.65,0.73,2024-09-18,0120,N20,VIIRS,n,2,300.02,27.03,N,0
40.8453,-7.98252,339.88,0.64,0.72,2024-09-18,0120,N20,VIIRS,n,2,292.11,27.03,N,0
40.84372,-7.854,333.44,0.63,0.72,2024-09-18,0120,N20,VIIRS,n,2,288.71,17.22,N,0
40.84362,-7.84675,323.6,0.63,0.72,2024-09-18,0120,N20,VIIRS,n,2,288.19,7.84,N,0
40.83961,-8.0783,342.01,0.65,0.73,2024-09-18,0120,N20,VIIRS,n,2,288.67,18.95,N,0
40.83953,-8.07125,327.3,0.65,0.73,2024-09-18,0120,N20,VIIRS,n,2,289.1,27.27,N,0
40.83946,-8.06452,367,0.65,0.73,2024-09-18,0120,N20,VIIRS,h,2,293.06,27.27,N,0
40.83939,-8.05796,351.43,0.65,0.73,2024-09-18,0120,N20,VIIRS,n,2,300.44,23.04,N,0
40.83932,-8.05136,336.32,0.65,0.73,2024-09-18,0120,N20,VIIRS,n,2,294.4,23.04,N,0
40.83924,-8.04451,336.36,0.65,0.73,2024-09-18,0120,N20,VIIRS,n,2,292.68,11.37,N,0
40.83916,-8.03691,323.1,0.65,0.73,2024-09-18,0120,N20,VIIRS,n,2,292.27,11.37,N,0
40.83906,-8.02823,336.18,0.65,0.73,2024-09-18,0120,N20,VIIRS,n,2,291.98,26.57,N,0
40.83893,-8.01618,336.89,0.65,0.73,2024-09-18,0120,N20,VIIRS,n,2,292.14,26.57,N,0
40.83865,-7.99116,347.77,0.65,0.73,2024-09-18,0120,N20,VIIRS,n,2,289.64,27.03,N,0
40.83723,-7.87181,340.29,0.64,0.72,2024-09-18,0120,N20,VIIRS,n,2,291.08,8.57,N,0
40.83714,-7.86387,367,0.64,0.72,2024-09-18,0120,N20,VIIRS,h,2,293.46,17.22,N,0
40.83699,-7.85261,332.72,0.63,0.72,2024-09-18,0120,N20,VIIRS,n,2,288.12,17.22,N,0
40.83978,-8.09325,302.29,0.65,0.73,2024-09-18,0120,N20,VIIRS,n,2,286.61,12.43,N,0
40.83972,-8.08809,310.79,0.65,0.73,2024-09-18,0120,N20,VIIRS,n,2,287.08,12.43,N,0
40.83967,-8.08343,308.59,0.65,0.73,2024-09-18,0120,N20,VIIRS,n,2,287.44,18.95,N,0
40.83731,-7.87845,301.14,0.64,0.72,2024-09-18,0120,N20,VIIRS,n,2,288.29,8.57,N,0
40.83154,-7.95828,334.02,0.64,0.72,2024-09-18,0120,N20,VIIRS,n,2,290.73,27.42,N,0
40.83146,-7.95173,346.54,0.64,0.72,2024-09-18,0120,N20,VIIRS,n,2,293.38,27.42,N,0
40.83072,-7.88773,367,0.64,0.72,2024-09-18,0120,N20,VIIRS,h,2,291.78,21.44,N,0
40.83063,-7.88062,353.48,0.64,0.72,2024-09-18,0120,N20,VIIRS,n,2,297.37,26.41,N,0
40.83054,-7.87333,344.72,0.64,0.72,2024-09-18,0120,N20,VIIRS,n,2,293.04,26.41,N,0
40.83043,-7.86419,367,0.64,0.72,2024-09-18,0120,N20,VIIRS,h,2,294,22.23,N,0
40.83081,-7.89627,306.1,0.64,0.72,2024-09-18,0120,N20,VIIRS,n,2,288.73,21.44,N,0
40.82552,-8.02573,344.56,0.65,0.73,2024-09-18,0120,N20,VIIRS,n,2,291.59,7.1,N,0
40.82508,-7.98371,367,0.64,0.72,2024-09-18,0120,N20,VIIRS,h,2,288.69,20.12,N,0
40.82498,-7.97446,348.94,0.64,0.72,2024-09-18,0120,N20,VIIRS,n,2,307.82,92.34,N,0
40.82489,-7.96634,351.3,0.64,0.72,2024-09-18,0120,N20,VIIRS,n,2,301.82,92.34,N,0
40.82481,-7.9592,346.09,0.64,0.72,2024-09-18,0120,N20,VIIRS,n,2,304.82,27.42,N,0
40.8241,-7.8968,367,0.64,0.72,2024-09-18,0120,N20,VIIRS,h,2,292.46,21.44,N,0
40.82402,-7.8894,350.3,0.64,0.72,2024-09-18,0120,N20,VIIRS,n,2,291.75,21.44,N,0
40.82572,-8.04517,314.02,0.65,0.73,2024-09-18,0120,N20,VIIRS,n,2,290.84,4.05,N,0
40.82562,-8.03588,305.56,0.65,0.73,2024-09-18,0120,N20,VIIRS,n,2,290.52,4.05,N,0
40.82542,-8.01628,309.65,0.65,0.73,2024-09-18,0120,N20,VIIRS,n,2,289.76,7.1,N,0
40.82517,-7.99262,303.68,0.65,0.73,2024-09-18,0120,N20,VIIRS,n,2,288.08,20.12,N,0
40.82421,-7.90601,317.35,0.64,0.72,2024-09-18,0120,N20,VIIRS,n,2,288.5,13.11,N,0
40.81902,-8.05209,328.88,0.65,0.73,2024-09-18,0120,N20,VIIRS,n,2,290.28,11.22,N,0
40.81895,-8.04532,346.61,0.65,0.73,2024-09-18,0120,N20,VIIRS,n,2,292.87,10.13,N,0
40.81885,-8.03529,331.64,0.65,0.73,2024-09-18,0120,N20,VIIRS,n,2,291.27,10.13,N,0
40.81833,-7.98311,367,0.64,0.72,2024-09-18,0120,N20,VIIRS,h,2,291.22,23.32,N,0
40.81823,-7.97462,354.46,0.64,0.72,2024-09-18,0120,N20,VIIRS,n,2,292.12,20.97,N,0
40.818,-7.95317,367,0.64,0.72,2024-09-18,0120,N20,VIIRS,h,2,291.83,7.92,N,0
40.81792,-7.94587,329.45,0.64,0.72,2024-09-18,0120,N20,VIIRS,n,2,290.24,12.19,N,0
40.81749,-7.90711,350.12,0.64,0.72,2024-09-18,0120,N20,VIIRS,n,2,290.04,9.24,N,0
40.82213,-8.4269,310.15,0.68,0.74,2024-09-18,0120,N20,VIIRS,n,2,292.63,10.77,N,0
40.81876,-8.02637,304.58,0.65,0.73,2024-09-18,0120,N20,VIIRS,n,2,288.75,4.32,N,0
40.81842,-7.99223,310.69,0.65,0.73,2024-09-18,0120,N20,VIIRS,n,2,288.32,23.32,N,0
40.81816,-7.96699,318.69,0.64,0.72,2024-09-18,0120,N20,VIIRS,n,2,288.46,20.97,N,0
40.81807,-7.95997,308.47,0.64,0.72,2024-09-18,0120,N20,VIIRS,n,2,287.93,7.92,N,0
40.81524,-8.42635,367,0.68,0.74,2024-09-18,0120,N20,VIIRS,h,2,298.21,10.77,N,0
40.81517,-8.41607,349.67,0.68,0.74,2024-09-18,0120,N20,VIIRS,n,2,296.9,21.65,N,0
40.81535,-8.44316,314.69,0.68,0.74,2024-09-18,0120,N20,VIIRS,n,2,293.22,5.15,N,0
40.8153,-8.43501,318.39,0.68,0.74,2024-09-18,0120,N20,VIIRS,n,2,295.5,10.77,N,0
40.81135,-7.96077,311.31,0.64,0.72,2024-09-18,0120,N20,VIIRS,n,2,288.57,7.92,N,0
40.80828,-8.4132,367,0.68,0.74,2024-09-18,0120,N20,VIIRS,h,2,296.22,7.89,N,0
40.80454,-7.95399,350.12,0.64,0.72,2024-09-18,0120,N20,VIIRS,n,2,294.71,42.33,N,0
40.80446,-7.94623,345.08,0.64,0.72,2024-09-18,0120,N20,VIIRS,n,2,293.55,20.33,N,0
40.80439,-7.9397,346.7,0.64,0.72,2024-09-18,0120,N20,VIIRS,n,2,295.44,20.33,N,0
40.80822,-8.40235,304.2,0.68,0.74,2024-09-18,0120,N20,VIIRS,n,2,291.14,7.89,N,0
40.8047,-7.96933,301.67,0.64,0.72,2024-09-18,0120,N20,VIIRS,n,2,288.37,40.29,N,0
40.80462,-7.96199,317.11,0.64,0.72,2024-09-18,0120,N20,VIIRS,n,2,289.02,42.33,N,0
40.79848,-8.0246,367,0.65,0.73,2024-09-18,0120,N20,VIIRS,h,2,292.58,46.22,N,0
40.7984,-8.01668,353.3,0.65,0.73,2024-09-18,0120,N20,VIIRS,n,2,299.24,46.22,N,0
40.79833,-8.0091,348.52,0.65,0.73,2024-09-18,0120,N20,VIIRS,n,2,302.73,51.65,N,0
40.79825,-8.00037,367,0.65,0.73,2024-09-18,0120,N20,VIIRS,h,2,295.36,51.65,N,0
40.79817,-7.9919,367,0.65,0.73,2024-09-18,0120,N20,VIIRS,h,2,296.54,20.43,N,0
40.79803,-7.97759,367,0.64,0.72,2024-09-18,0120,N20,VIIRS,h,2,291.71,40.29,N,0
40.79796,-7.97037,334.25,0.64,0.72,2024-09-18,0120,N20,VIIRS,n,2,305.61,40.29,N,0
40.79789,-7.96303,367,0.64,0.72,2024-09-18,0120,N20,VIIRS,h,2,294.45,42.33,N,0
40.79781,-7.95457,346.1,0.64,0.72,2024-09-18,0120,N20,VIIRS,n,2,301.59,42.33,N,0
40.79773,-7.94715,352,0.64,0.72,2024-09-18,0120,N20,VIIRS,n,2,291.49,20.33,N,0
40.8014,-8.41192,312.96,0.68,0.74,2024-09-18,0120,N20,VIIRS,n,2,291.41,7.89,N,0
40.79855,-8.03266,304.48,0.65,0.73,2024-09-18,0120,N20,VIIRS,n,2,287.81,9.33,N,0
40.7981,-7.98468,319.85,0.64,0.72,2024-09-18,0120,N20,VIIRS,n,2,289.98,20.43,N,0
40.78211,-6.8773,308.41,0.56,0.69,2024-09-18,0120,N20,VIIRS,n,2,282.93,2.13,N,0
40.79446,-8.40124,324.79,0.68,0.74,2024-09-18,0120,N20,VIIRS,n,2,291.15,11.63,N,0
40.79165,-8.01715,330.16,0.65,0.73,2024-09-18,0120,N20,VIIRS,n,2,288.59,9.91,N,0
40.79158,-8.00948,367,0.65,0.73,2024-09-18,0120,N20,VIIRS,h,2,292.61,32.31,N,0
40.79151,-8.00103,354.86,0.65,0.73,2024-09-18,0120,N20,VIIRS,n,2,292.35,32.31,N,0
40.79172,-8.02448,300.68,0.65,0.73,2024-09-18,0120,N20,VIIRS,n,2,288.07,9.91,N,0
40.79144,-7.99335,312.24,0.65,0.73,2024-09-18,0120,N20,VIIRS,n,2,289.27,7.36,N,0
40.78759,-8.40133,367,0.68,0.74,2024-09-18,0120,N20,VIIRS,h,2,295.28,11.63,N,0
40.78754,-8.3923,307.9,0.68,0.74,2024-09-18,0120,N20,VIIRS,n,2,290.61,11.72,N,0
40.82358,-8.04521,325.44,0.65,0.73,2024-09-18,0120,N20,VIIRS,n,2,291.58,6.05,N,0
40.82343,-8.03567,335.25,0.65,0.73,2024-09-18,0120,N20,VIIRS,n,2,292.06,11.57,N,0
40.82328,-8.02601,345.35,0.65,0.73,2024-09-18,0120,N20,VIIRS,n,2,292.24,11.57,N,0
40.82262,-7.9837,367,0.64,0.72,2024-09-18,0120,N20,VIIRS,h,2,291.34,49.89,N,0
40.82247,-7.97451,335.19,0.64,0.72,2024-09-18,0120,N20,VIIRS,n,2,312.83,49.89,N,0
40.82235,-7.96671,348.85,0.64,0.72,2024-09-18,0120,N20,VIIRS,n,2,301.58,59.12,N,0
40.82224,-7.9597,344.79,0.64,0.72,2024-09-18,0120,N20,VIIRS,n,2,301.15,59.12,N,0
40.82137,-7.9069,353.87,0.64,0.72,2024-09-18,0120,N20,VIIRS,n,2,290.21,8.14,N,0
40.82122,-7.89751,328.01,0.64,0.72,2024-09-18,0120,N20,VIIRS,n,2,289.58,8.14,N,0
40.82368,-8.05184,300.44,0.65,0.73,2024-09-18,0120,N20,VIIRS,n,2,290.06,6.05,N,0
40.82314,-8.01694,312.23,0.65,0.73,2024-09-18,0120,N20,VIIRS,n,2,289.8,9.28,N,0
40.82276,-7.99279,312.96,0.64,0.72,2024-09-18,0120,N20,VIIRS,n,2,288.44,15.5,N,0
40.82212,-7.95301,300.26,0.64,0.72,2024-09-18,0120,N20,VIIRS,n,2,287.93,9.04,N,0
40.82201,-7.94608,299.17,0.64,0.72,2024-09-18,0120,N20,VIIRS,n,2,287.71,9.04,N,0
40.82188,-7.9377,299.39,0.64,0.72,2024-09-18,0120,N20,VIIRS,n,2,288.66,3.63,N,0
40.81692,-8.05243,324.62,0.65,0.73,2024-09-18,0120,N20,VIIRS,n,2,289.34,6.05,N,0
40.81681,-8.04513,342.46,0.65,0.73,2024-09-18,0120,N20,VIIRS,n,2,291.48,6.05,N,0
40.8154,-7.9535,367,0.64,0.72,2024-09-18,0120,N20,VIIRS,h,2,292.66,9.04,N,0
40.81528,-7.94597,330.64,0.64,0.72,2024-09-18,0120,N20,VIIRS,n,2,291.43,9.04,N,0
40.82191,-8.42644,311.31,0.68,0.74,2024-09-18,0120,N20,VIIRS,n,2,292.87,2.68,N,0
40.81586,-7.98304,302.87,0.64,0.72,2024-09-18,0120,N20,VIIRS,n,2,288.35,49.89,N,0
40.81574,-7.97507,299.37,0.64,0.72,2024-09-18,0120,N20,VIIRS,n,2,288.3,49.89,N,0
40.81551,-7.96038,309.07,0.64,0.72,2024-09-18,0120,N20,VIIRS,n,2,288.1,59.12,N,0
40.81503,-8.4258,367,0.68,0.74,2024-09-18,0120,N20,VIIRS,h,2,298.79,18.09,N,0
40.8149,-8.41536,351.56,0.68,0.74,2024-09-18,0120,N20,VIIRS,n,2,296.8,18.09,N,0
40.81521,-8.44271,314.4,0.68,0.74,2024-09-18,0120,N20,VIIRS,n,2,293.33,6.37,N,0
40.81512,-8.43451,317.71,0.68,0.74,2024-09-18,0120,N20,VIIRS,n,2,295.58,6.37,N,0
40.80878,-7.96131,304.99,0.64,0.72,2024-09-18,0120,N20,VIIRS,n,2,288.23,31.59,N,0
40.80844,-7.93903,300.48,0.64,0.72,2024-09-18,0120,N20,VIIRS,n,2,290.3,11.93,N,0
40.80799,-8.41228,367,0.68,0.74,2024-09-18,0120,N20,VIIRS,h,2,295.84,18.09,N,0
40.80301,-8.02568,326.72,0.65,0.73,2024-09-18,0120,N20,VIIRS,n,2,289.11,11.86,N,0
40.80288,-8.0168,354.34,0.65,0.73,2024-09-18,0120,N20,VIIRS,n,2,293.01,11.54,N,0
40.80263,-7.99988,352.83,0.65,0.73,2024-09-18,0120,N20,VIIRS,n,2,291.71,10.14,N,0
40.80249,-7.99108,332.8,0.64,0.72,2024-09-18,0120,N20,VIIRS,n,2,290.89,10.14,N,0
40.80228,-7.97695,367,0.64,0.72,2024-09-18,0120,N20,VIIRS,h,2,289.85,26.97,N,0
40.80218,-7.9698,340.97,0.64,0.72,2024-09-18,0120,N20,VIIRS,n,2,301.94,31.59,N,0
40.80207,-7.96252,367,0.64,0.72,2024-09-18,0120,N20,VIIRS,h,2,292.2,31.59,N,0
40.80194,-7.95433,355.16,0.64,0.72,2024-09-18,0120,N20,VIIRS,n,2,304.55,46.92,N,0
40.80183,-7.94667,367,0.64,0.72,2024-09-18,0120,N20,VIIRS,h,2,297.28,46.92,N,0
40.80173,-7.94028,348.8,0.64,0.72,2024-09-18,0120,N20,VIIRS,n,2,294.3,11.93,N,0
40.80787,-8.40171,303.29,0.68,0.74,2024-09-18,0120,N20,VIIRS,n,2,290.7,16.1,N,0
40.80275,-8.00855,312.93,0.65,0.73,2024-09-18,0120,N20,VIIRS,n,2,289.31,11.54,N,0
40.80239,-7.98385,304.56,0.64,0.72,2024-09-18,0120,N20,VIIRS,n,2,288.47,26.97,N,0
40.78057,-6.87823,299.95,0.56,0.69,2024-09-18,0120,N20,VIIRS,n,2,282.54,1.52,N,0
40.7804,-6.87164,301.53,0.56,0.69,2024-09-18,0120,N20,VIIRS,n,2,282.89,1.52,N,0
40.79623,-8.0242,367,0.65,0.73,2024-09-18,0120,N20,VIIRS,h,2,292.15,15.42,N,0
40.79612,-8.01662,367,0.65,0.73,2024-09-18,0120,N20,VIIRS,h,2,295.32,61.15,N,0
40.79602,-8.00931,344.78,0.65,0.73,2024-09-18,0120,N20,VIIRS,n,2,307.6,61.15,N,0
40.79589,-8.00069,349.95,0.65,0.73,2024-09-18,0120,N20,VIIRS,n,2,297.57,28.27,N,0
40.79577,-7.99238,367,0.64,0.72,2024-09-18,0120,N20,VIIRS,h,2,295.86,28.27,N,0
40.79556,-7.97806,339.68,0.64,0.72,2024-09-18,0120,N20,VIIRS,n,2,289.3,11.64,N,0
40.79545,-7.97081,367,0.64,0.72,2024-09-18,0120,N20,VIIRS,h,2,291.33,24.06,N,0
40.79535,-7.96336,367,0.64,0.72,2024-09-18,0120,N20,VIIRS,h,2,290.47,24.06,N,0
40.79522,-7.95486,351.49,0.64,0.72,2024-09-18,0120,N20,VIIRS,n,2,290.86,29.25,N,0
40.8011,-8.41122,306.64,0.68,0.74,2024-09-18,0120,N20,VIIRS,n,2,291.2,3.15,N,0
40.79634,-8.03215,302.69,0.65,0.73,2024-09-18,0120,N20,VIIRS,n,2,287.87,15.42,N,0
40.79567,-7.98521,316.77,0.64,0.72,2024-09-18,0120,N20,VIIRS,n,2,289.64,11.64,N,0
40.79411,-8.40037,326.31,0.68,0.74,2024-09-18,0120,N20,VIIRS,n,2,291.05,3.89,N,0
40.78926,-8.00951,305.56,0.65,0.73,2024-09-18,0120,N20,VIIRS,n,2,287.75,61.15,N,0
40.78915,-8.0011,299.25,0.65,0.73,2024-09-18,0120,N20,VIIRS,n,2,288.26,28.27,N,0
40.78724,-8.40073,367,0.68,0.74,2024-09-18,0120,N20,VIIRS,h,2,295.51,10.51,N,0
40.78715,-8.3918,305.54,0.68,0.74,2024-09-18,0120,N20,VIIRS,n,2,290.21,10.51,N,0
40.76678,-8.41766,338.23,0.68,0.74,2024-09-18,0120,N20,VIIRS,n,2,293.74,4.92,N,0
40.76685,-8.42607,310.61,0.68,0.74,2024-09-18,0120,N20,VIIRS,n,2,293.68,4.92,N,0
40.7599,-8.4182,346.38,0.68,0.74,2024-09-18,0120,N20,VIIRS,n,2,293.82,3.45,N,0
40.75998,-8.42683,303.72,0.68,0.74,2024-09-18,0120,N20,VIIRS,n,2,292.22,3.45,N,0
40.75302,-8.41759,302.7,0.68,0.74,2024-09-18,0120,N20,VIIRS,n,2,290.48,3.45,N,0
40.68391,-8.36375,347.73,0.67,0.74,2024-09-18,0120,N20,VIIRS,n,2,294.2,9.22,N,0
40.68387,-8.35541,337.12,0.67,0.74,2024-09-18,0120,N20,VIIRS,n,2,293.67,9.22,N,0
40.67707,-7.62347,320.37,0.62,0.71,2024-09-18,0120,N20,VIIRS,n,2,287.44,4.05,N,0
40.67697,-7.61604,328.8,0.62,0.71,2024-09-18,0120,N20,VIIRS,n,2,289.02,4.05,N,0
40.67687,-7.60819,300.55,0.61,0.71,2024-09-18,0120,N20,VIIRS,n,2,288.29,2.96,N,0
40.67667,-7.59229,296.74,0.61,0.71,2024-09-18,0120,N20,VIIRS,n,2,285.97,0.65,N,0
40.67658,-7.585,297.41,0.61,0.71,2024-09-18,0120,N20,VIIRS,n,2,285.79,0.65,N,0
41.22206,-7.90581,318.44,0.64,0.72,2024-09-18,0120,N20,VIIRS,n,2,285,66.05,N,0
41.22164,-7.87675,297.12,0.64,0.72,2024-09-18,0120,N20,VIIRS,n,2,285.69,25.73,N,0
41.21619,-7.96843,333.46,0.65,0.73,2024-09-18,0120,N20,VIIRS,n,2,289.4,4.29,N,0
41.21536,-7.90801,367,0.64,0.72,2024-09-18,0120,N20,VIIRS,h,2,288.63,66.05,N,0
41.21516,-7.89389,352.28,0.64,0.72,2024-09-18,0120,N20,VIIRS,n,2,315.43,66.05,N,0
41.21506,-7.8865,367,0.64,0.72,2024-09-18,0120,N20,VIIRS,h,2,311.55,77.4,N,0
41.21652,-7.99304,309.51,0.65,0.73,2024-09-18,0120,N20,VIIRS,n,2,288.73,8.71,N,0
41.21499,-7.8817,334.51,0.64,0.72,2024-09-18,0120,N20,VIIRS,n,2,286.84,77.4,N,0
41.21643,-7.98588,300.88,0.65,0.73,2024-09-18,0120,N20,VIIRS,n,2,288.6,8.71,N,0
41.21631,-7.97745,300.14,0.65,0.73,2024-09-18,0120,N20,VIIRS,n,2,288.03,4.29,N,0
41.23045,-7.99639,310.45,0.48,0.48,2024-09-18,0300,N20,VIIRS,n,2,288.98,4.33,N,0
41.7834,-7.24125,295.69,0.51,0.49,2024-09-18,0300,N20,VIIRS,n,2,283.25,1.26,N,0
41.77625,-7.33027,319.98,0.51,0.49,2024-09-18,0300,N20,VIIRS,n,2,284.68,4.36,N,0
41.77201,-7.33251,328.52,0.51,0.49,2024-09-18,0300,N20,VIIRS,n,2,287.48,4.36,N,0
41.77066,-7.32697,320.06,0.51,0.49,2024-09-18,0300,N20,VIIRS,n,2,285.03,3.49,N,0
41.76047,-7.32448,306.42,0.51,0.49,2024-09-18,0300,N20,VIIRS,n,2,282.13,1.4,N,0
41.75896,-7.31831,303.99,0.51,0.49,2024-09-18,0300,N20,VIIRS,n,2,282.97,1.45,N,0
41.75604,-7.32598,303.24,0.51,0.49,2024-09-18,0300,N20,VIIRS,n,2,283.28,3.18,N,0
41.75314,-7.33368,328.42,0.51,0.49,2024-09-18,0300,N20,VIIRS,n,2,284.72,3.18,N,0
41.75163,-7.32755,325.84,0.51,0.49,2024-09-18,0300,N20,VIIRS,n,2,284.59,3.18,N,0
41.75457,-7.41772,300.78,0.5,0.49,2024-09-18,0300,N20,VIIRS,n,2,284,1.68,N,0
41.74831,-7.39213,307.55,0.5,0.49,2024-09-18,0300,N20,VIIRS,n,2,283.34,0.83,N,0
41.75137,-7.33608,297.79,0.51,0.49,2024-09-18,0300,N20,VIIRS,n,2,282.93,1.37,N,0
41.74991,-7.32994,313.49,0.51,0.49,2024-09-18,0300,N20,VIIRS,n,2,284.47,2.1,N,0
41.75548,-7.41325,303.64,0.5,0.49,2024-09-18,0300,N20,VIIRS,n,2,285.95,0.91,N,0
41.74931,-7.38745,297.54,0.5,0.49,2024-09-18,0300,N20,VIIRS,n,2,283.29,1.02,N,0
41.74319,-7.40176,342.38,0.5,0.49,2024-09-18,0300,N20,VIIRS,n,2,288.11,5.05,N,0
41.74442,-7.4069,306.63,0.5,0.49,2024-09-18,0300,N20,VIIRS,n,2,286.01,5.05,N,0
41.74013,-7.40888,338,0.5,0.49,2024-09-18,0300,N20,VIIRS,n,2,288.12,3.73,N,0
41.73889,-7.40372,318.66,0.5,0.49,2024-09-18,0300,N20,VIIRS,n,2,286.35,3.73,N,0
41.73827,-7.42098,296.35,0.5,0.49,2024-09-18,0300,N20,VIIRS,n,2,285.85,2.33,N,0
41.73705,-7.41592,308.43,0.5,0.49,2024-09-18,0300,N20,VIIRS,n,2,286.61,2.33,N,0
41.73583,-7.41081,315.79,0.5,0.49,2024-09-18,0300,N20,VIIRS,n,2,285.12,3.73,N,0
41.60579,-6.8945,329.1,0.54,0.51,2024-09-18,0300,N20,VIIRS,n,2,285.29,4.6,N,0
41.93241,-8.4606,297.88,0.44,0.46,2024-09-18,0300,N20,VIIRS,n,2,287.7,0.58,N,0
41.59761,-7.59849,329.48,0.5,0.49,2024-09-18,0300,N20,VIIRS,n,2,285.29,3.37,N,0
41.78566,-8.38838,302.97,0.45,0.47,2024-09-18,0300,N20,VIIRS,n,2,287.99,1.1,N,0
41.5961,-7.59227,304.42,0.5,0.49,2024-09-18,0300,N20,VIIRS,n,2,284.57,2.04,N,0
41.59454,-7.58584,306.57,0.5,0.49,2024-09-18,0300,N20,VIIRS,n,2,285.44,2.04,N,0
41.5931,-7.57992,305.31,0.5,0.49,2024-09-18,0300,N20,VIIRS,n,2,285.15,1.4,N,0
41.59182,-7.57462,303.46,0.5,0.49,2024-09-18,0300,N20,VIIRS,n,2,286.15,1.4,N,0
41.596,-7.61141,328.81,0.49,0.49,2024-09-18,0300,N20,VIIRS,n,2,285.53,2.27,N,0
41.59468,-7.60597,332.86,0.5,0.49,2024-09-18,0300,N20,VIIRS,n,2,286.73,3.37,N,0
41.59732,-7.61686,300.21,0.49,0.49,2024-09-18,0300,N20,VIIRS,n,2,282.32,2.27,N,0
41.59331,-7.6003,306.38,0.5,0.49,2024-09-18,0300,N20,VIIRS,n,2,285.98,3.37,N,0
41.77948,-8.40068,356.53,0.45,0.47,2024-09-18,0300,N20,VIIRS,n,2,297.09,8.37,N,0
41.59571,-7.62975,343.29,0.49,0.49,2024-09-18,0300,N20,VIIRS,n,2,291.17,7.53,N,0
41.59297,-7.61845,344.04,0.49,0.49,2024-09-18,0300,N20,VIIRS,n,2,291.3,7.19,N,0
41.59162,-7.6129,324.45,0.49,0.49,2024-09-18,0300,N20,VIIRS,n,2,291.66,7.19,N,0
41.77849,-8.39644,313.06,0.45,0.47,2024-09-18,0300,N20,VIIRS,n,2,291.44,4.44,N,0
41.59433,-7.62407,295.76,0.49,0.49,2024-09-18,0300,N20,VIIRS,n,2,282.87,7.53,N,0
41.59031,-7.60749,297.59,0.5,0.49,2024-09-18,0300,N20,VIIRS,n,2,286.03,2.04,N,0
41.58753,-7.59605,298.14,0.5,0.49,2024-09-18,0300,N20,VIIRS,n,2,284.58,1.81,N,0
41.58601,-7.5898,296.03,0.5,0.49,2024-09-18,0300,N20,VIIRS,n,2,283.96,1.81,N,0
41.77444,-8.39846,336.38,0.45,0.47,2024-09-18,0300,N20,VIIRS,n,2,290.79,4.44,N,0
41.59136,-7.63136,344.77,0.49,0.49,2024-09-18,0300,N20,VIIRS,n,2,292.69,7.53,N,0
41.58319,-7.59773,331.35,0.5,0.49,2024-09-18,0300,N20,VIIRS,n,2,287.05,1.81,N,0
41.45124,-7.06128,320.23,0.53,0.5,2024-09-18,0300,N20,VIIRS,n,2,285.62,2.91,N,0
41.44849,-7.05019,320.83,0.53,0.5,2024-09-18,0300,N20,VIIRS,n,2,286.38,2.71,N,0
41.44439,-7.03371,343.38,0.53,0.5,2024-09-18,0300,N20,VIIRS,n,2,288.71,4.44,N,0
41.77546,-8.40282,300.2,0.45,0.47,2024-09-18,0300,N20,VIIRS,n,2,288.67,8.37,N,0
41.58997,-7.62563,316.72,0.49,0.49,2024-09-18,0300,N20,VIIRS,n,2,287.75,7.53,N,0
41.58466,-7.60376,310.31,0.5,0.49,2024-09-18,0300,N20,VIIRS,n,2,285.93,2.04,N,0
41.44984,-7.05561,318.83,0.53,0.5,2024-09-18,0300,N20,VIIRS,n,2,285.62,2.71,N,0
41.44714,-7.04476,300.42,0.53,0.5,2024-09-18,0300,N20,VIIRS,n,2,284.27,1.5,N,0
41.44577,-7.03929,314.32,0.53,0.5,2024-09-18,0300,N20,VIIRS,n,2,284.77,1.5,N,0
41.44295,-7.02793,295.02,0.53,0.5,2024-09-18,0300,N20,VIIRS,n,2,284.95,4.44,N,0
41.58174,-7.61125,340.51,0.5,0.49,2024-09-18,0300,N20,VIIRS,n,2,289.75,7.35,N,0
41.58039,-7.60572,342.81,0.5,0.49,2024-09-18,0300,N20,VIIRS,n,2,289.11,7.35,N,0
41.44699,-7.06386,338.79,0.53,0.5,2024-09-18,0300,N20,VIIRS,n,2,287.26,4.88,N,0
41.58841,-7.63867,295.12,0.49,0.49,2024-09-18,0300,N20,VIIRS,n,2,284.52,0.98,N,0
41.587,-7.63289,303.87,0.49,0.49,2024-09-18,0300,N20,VIIRS,n,2,288.97,1.83,N,0
41.57887,-7.59948,300.77,0.5,0.49,2024-09-18,0300,N20,VIIRS,n,2,284.18,2.35,N,0
41.44555,-7.05806,313.57,0.53,0.5,2024-09-18,0300,N20,VIIRS,n,2,285.99,2.7,N,0
41.44413,-7.05238,307.46,0.53,0.5,2024-09-18,0300,N20,VIIRS,n,2,285.13,2.7,N,0
41.44276,-7.04687,304.97,0.53,0.5,2024-09-18,0300,N20,VIIRS,n,2,285.23,1.94,N,0
41.44139,-7.04137,313.86,0.53,0.5,2024-09-18,0300,N20,VIIRS,n,2,285.66,1.94,N,0
41.43995,-7.03558,302.51,0.53,0.5,2024-09-18,0300,N20,VIIRS,n,2,285.42,2.36,N,0
41.44271,-7.06633,324.22,0.53,0.5,2024-09-18,0300,N20,VIIRS,n,2,285.6,4.88,N,0
41.58262,-7.63437,301.28,0.49,0.49,2024-09-18,0300,N20,VIIRS,n,2,287.57,1.83,N,0
41.58126,-7.62876,315.9,0.49,0.49,2024-09-18,0300,N20,VIIRS,n,2,288.2,1.83,N,0
41.57993,-7.62331,316.37,0.49,0.49,2024-09-18,0300,N20,VIIRS,n,2,286.61,3.71,N,0
41.77678,-8.4042,326.32,0.45,0.47,2024-09-18,0300,N20,VIIRS,n,2,288.31,3.71,N,0
41.77578,-8.39983,322.69,0.45,0.47,2024-09-18,0300,N20,VIIRS,n,2,290.58,3.71,N,0
41.77477,-8.39543,329.77,0.45,0.47,2024-09-18,0300,N20,VIIRS,n,2,290.28,3.58,N,0
41.59457,-7.61976,324.24,0.49,0.49,2024-09-18,0300,N20,VIIRS,n,2,284.69,5.69,N,0
41.59325,-7.61416,348.44,0.5,0.49,2024-09-18,0300,N20,VIIRS,n,2,294.89,5.36,N,0
41.59196,-7.6087,321.67,0.5,0.49,2024-09-18,0300,N20,VIIRS,n,2,288,5.36,N,0
41.59065,-7.6032,329.07,0.5,0.49,2024-09-18,0300,N20,VIIRS,n,2,287.03,4.81,N,0
41.59723,-7.63102,301.83,0.49,0.49,2024-09-18,0300,N20,VIIRS,n,2,283.52,6.94,N,0
41.59589,-7.62535,297.95,0.49,0.49,2024-09-18,0300,N20,VIIRS,n,2,283.1,5.69,N,0
41.5929,-7.6327,338.85,0.49,0.49,2024-09-18,0300,N20,VIIRS,n,2,287.62,6.94,N,0
41.59155,-7.62697,334.34,0.49,0.49,2024-09-18,0300,N20,VIIRS,n,2,293.7,5.69,N,0
41.59018,-7.62121,300.53,0.49,0.49,2024-09-18,0300,N20,VIIRS,n,2,285.92,5.69,N,0
41.58886,-7.61561,297.81,0.5,0.49,2024-09-18,0300,N20,VIIRS,n,2,287.02,5.36,N,0
41.58348,-7.59289,313.79,0.5,0.49,2024-09-18,0300,N20,VIIRS,n,2,285.57,2.18,N,0
41.58205,-7.60686,327.81,0.5,0.49,2024-09-18,0300,N20,VIIRS,n,2,288.47,6.28,N,0
41.58065,-7.60093,347,0.5,0.49,2024-09-18,0300,N20,VIIRS,n,2,289.98,6.28,N,0
41.4489,-7.05134,320.01,0.53,0.5,2024-09-18,0300,N20,VIIRS,n,2,286.53,1.97,N,0
41.4449,-7.03489,339.43,0.53,0.5,2024-09-18,0300,N20,VIIRS,n,2,287.1,3.13,N,0
41.58854,-7.63424,307.66,0.49,0.49,2024-09-18,0300,N20,VIIRS,n,2,289.38,2.39,N,0
41.58333,-7.61224,297.39,0.5,0.49,2024-09-18,0300,N20,VIIRS,n,2,286.07,1.66,N,0
41.45163,-7.06254,317.21,0.53,0.5,2024-09-18,0300,N20,VIIRS,n,2,285.4,3.63,N,0
41.45024,-7.05682,316.31,0.53,0.5,2024-09-18,0300,N20,VIIRS,n,2,285.81,3.63,N,0
41.44759,-7.04592,304.64,0.53,0.5,2024-09-18,0300,N20,VIIRS,n,2,284.98,1.97,N,0
41.44625,-7.04042,295.22,0.53,0.5,2024-09-18,0300,N20,VIIRS,n,2,283.88,3.13,N,0
41.44351,-7.02913,310.02,0.53,0.5,2024-09-18,0300,N20,VIIRS,n,2,285.61,4.69,N,0
41.57776,-7.60872,327.28,0.5,0.49,2024-09-18,0300,N20,VIIRS,n,2,286.13,6.28,N,0
41.44738,-7.0652,334.56,0.53,0.5,2024-09-18,0300,N20,VIIRS,n,2,285.74,3.63,N,0
41.44595,-7.05932,323.41,0.53,0.5,2024-09-18,0300,N20,VIIRS,n,2,286.91,3.63,N,0
41.44048,-7.03683,321.73,0.53,0.5,2024-09-18,0300,N20,VIIRS,n,2,286.52,3.13,N,0
41.58283,-7.63009,299.7,0.49,0.49,2024-09-18,0300,N20,VIIRS,n,2,288.26,3.44,N,0
41.58026,-7.61925,300.11,0.5,0.49,2024-09-18,0300,N20,VIIRS,n,2,285.89,1.66,N,0
41.57904,-7.61413,313.67,0.5,0.49,2024-09-18,0300,N20,VIIRS,n,2,284.41,1.66,N,0
41.44456,-7.05359,311.63,0.53,0.5,2024-09-18,0300,N20,VIIRS,n,2,284.81,1.97,N,0
41.44321,-7.04804,304.84,0.53,0.5,2024-09-18,0300,N20,VIIRS,n,2,285.25,1.97,N,0
41.44187,-7.04254,310.36,0.53,0.5,2024-09-18,0300,N20,VIIRS,n,2,284.95,3.13,N,0
41.57848,-7.63166,343.66,0.49,0.49,2024-09-18,0300,N20,VIIRS,n,2,290.16,8.19,N,0
41.4431,-7.06773,322.41,0.53,0.5,2024-09-18,0300,N20,VIIRS,n,2,284.4,2.21,N,0
41.57591,-7.62087,310.18,0.5,0.49,2024-09-18,0300,N20,VIIRS,n,2,285.99,1.57,N,0
41.44162,-7.06164,304.55,0.53,0.5,2024-09-18,0300,N20,VIIRS,n,2,284.34,2.21,N,0
41.65194,-8.10137,354,0.47,0.48,2024-09-18,0300,N20,VIIRS,n,2,294.91,13.4,N,0
41.64884,-8.1078,322.64,0.47,0.48,2024-09-18,0300,N20,VIIRS,n,2,288.91,8.35,N,0
41.64753,-8.10222,337.22,0.47,0.48,2024-09-18,0300,N20,VIIRS,n,2,293,13.4,N,0
41.56124,-7.83602,338.44,0.48,0.48,2024-09-18,0300,N20,VIIRS,n,2,290.03,2.95,N,0
41.55988,-7.83034,300.35,0.48,0.48,2024-09-18,0300,N20,VIIRS,n,2,284.72,2.95,N,0
41.55688,-7.8374,307.72,0.48,0.48,2024-09-18,0300,N20,VIIRS,n,2,286.58,2.95,N,0
41.64712,-8.25669,300.04,0.46,0.47,2024-09-18,0300,N20,VIIRS,n,2,289.54,0.69,N,0
41.64538,-8.26876,330.79,0.46,0.47,2024-09-18,0300,N20,VIIRS,n,2,290.46,9.55,N,0
41.64431,-8.26419,327.8,0.46,0.47,2024-09-18,0300,N20,VIIRS,n,2,291.87,3.3,N,0
41.64199,-8.25433,320.61,0.46,0.47,2024-09-18,0300,N20,VIIRS,n,2,291.1,2.62,N,0
41.64317,-8.25933,312.27,0.46,0.47,2024-09-18,0300,N20,VIIRS,n,2,292.19,3.3,N,0
41.64367,-8.28092,332.98,0.46,0.47,2024-09-18,0300,N20,VIIRS,n,2,289.82,3.08,N,0
41.64134,-8.271,346.78,0.46,0.47,2024-09-18,0300,N20,VIIRS,n,2,296.05,9.55,N,0
41.64025,-8.26637,312.47,0.46,0.47,2024-09-18,0300,N20,VIIRS,n,2,290.93,3.3,N,0
41.4672,-7.6223,330.16,0.5,0.49,2024-09-18,0300,N20,VIIRS,n,2,282.17,3.12,N,0
41.53353,-7.89617,298.71,0.48,0.48,2024-09-18,0300,N20,VIIRS,n,2,288.34,1.87,N,0
41.46867,-7.62833,309.58,0.5,0.49,2024-09-18,0300,N20,VIIRS,n,2,281.07,1.45,N,0
41.53362,-7.89589,298.77,0.48,0.48,2024-09-18,0300,N20,VIIRS,n,2,288.43,1.12,N,0
41.46438,-7.62259,352.61,0.5,0.49,2024-09-18,0300,N20,VIIRS,n,2,287.76,5.73,N,0
41.47063,-7.64885,296.97,0.5,0.49,2024-09-18,0300,N20,VIIRS,n,2,284.54,0.86,N,0
41.46585,-7.62881,318.63,0.5,0.49,2024-09-18,0300,N20,VIIRS,n,2,281.91,5.73,N,0
41.46288,-7.61628,296.82,0.5,0.49,2024-09-18,0300,N20,VIIRS,n,2,282.76,2.36,N,0
41.45998,-7.62403,323.26,0.5,0.49,2024-09-18,0300,N20,VIIRS,n,2,283.58,5.73,N,0
41.52774,-7.91061,300.96,0.48,0.48,2024-09-18,0300,N20,VIIRS,n,2,288.16,1,N,0
41.45847,-7.61767,297.17,0.5,0.49,2024-09-18,0300,N20,VIIRS,n,2,282.12,2.36,N,0
41.47316,-7.69942,333.13,0.49,0.49,2024-09-18,0300,N20,VIIRS,n,2,284.48,5.6,N,0
41.60796,-8.27435,304.85,0.46,0.47,2024-09-18,0300,N20,VIIRS,n,2,290.35,1.65,N,0
41.52469,-7.91748,300.17,0.48,0.48,2024-09-18,0300,N20,VIIRS,n,2,288,1.41,N,0
41.52339,-7.91194,310.97,0.48,0.48,2024-09-18,0300,N20,VIIRS,n,2,289.95,1.41,N,0
41.60377,-8.27599,321.98,0.46,0.47,2024-09-18,0300,N20,VIIRS,n,2,291.13,1.65,N,0
41.47026,-7.70709,329.48,0.49,0.49,2024-09-18,0300,N20,VIIRS,n,2,287.49,2.63,N,0
41.46753,-7.69559,347.44,0.49,0.49,2024-09-18,0300,N20,VIIRS,n,2,288.62,5.6,N,0
41.47165,-7.71293,296.49,0.49,0.49,2024-09-18,0300,N20,VIIRS,n,2,284.56,2.63,N,0
41.4689,-7.70135,312.46,0.49,0.49,2024-09-18,0300,N20,VIIRS,n,2,287.77,5.6,N,0
41.44974,-7.62084,303.26,0.5,0.49,2024-09-18,0300,N20,VIIRS,n,2,280.45,1.23,N,0
41.46879,-7.72076,298.15,0.49,0.49,2024-09-18,0300,N20,VIIRS,n,2,285.77,2.07,N,0
41.4674,-7.71492,298.48,0.49,0.49,2024-09-18,0300,N20,VIIRS,n,2,286.07,1.28,N,0
41.46317,-7.71697,296.44,0.49,0.49,2024-09-18,0300,N20,VIIRS,n,2,285.09,1.28,N,0
41.56157,-8.15382,328.95,0.47,0.47,2024-09-18,0300,N20,VIIRS,n,2,292.69,10.19,N,0
41.56047,-8.14914,330.28,0.47,0.48,2024-09-18,0300,N20,VIIRS,n,2,292.08,10.19,N,0
41.55937,-8.14443,351.09,0.47,0.48,2024-09-18,0300,N20,VIIRS,n,2,304.1,17.36,N,0
41.55827,-8.13973,300.48,0.47,0.48,2024-09-18,0300,N20,VIIRS,n,2,287.25,17.36,N,0
41.5575,-8.15608,341.74,0.47,0.47,2024-09-18,0300,N20,VIIRS,n,2,292.71,10.19,N,0
41.55639,-8.15137,367,0.47,0.48,2024-09-18,0300,N20,VIIRS,h,2,297.1,10.19,N,0
41.55531,-8.14674,354.63,0.47,0.48,2024-09-18,0300,N20,VIIRS,n,2,299.46,17.36,N,0
41.55423,-8.14217,331.49,0.47,0.48,2024-09-18,0300,N20,VIIRS,n,2,289.98,17.36,N,0
41.55125,-8.14908,325.18,0.47,0.48,2024-09-18,0300,N20,VIIRS,n,2,288.59,4.01,N,0
41.55016,-8.14442,338.38,0.47,0.48,2024-09-18,0300,N20,VIIRS,n,2,289.54,4.01,N,0
41.54905,-8.13969,328.7,0.47,0.48,2024-09-18,0300,N20,VIIRS,n,2,287.38,4.29,N,0
41.54607,-8.14667,322.43,0.47,0.48,2024-09-18,0300,N20,VIIRS,n,2,286.84,4.01,N,0
41.54491,-8.14171,334.74,0.47,0.48,2024-09-18,0300,N20,VIIRS,n,2,287.45,4.29,N,0
41.54062,-8.14308,309.56,0.47,0.48,2024-09-18,0300,N20,VIIRS,n,2,286.42,1.32,N,0
41.54036,-8.18117,309.09,0.47,0.47,2024-09-18,0300,N20,VIIRS,n,2,288.35,0.66,N,0
41.43567,-7.75991,295.62,0.49,0.49,2024-09-18,0300,N20,VIIRS,n,2,283.82,1.18,N,0
41.41571,-7.69648,297.92,0.5,0.49,2024-09-18,0300,N20,VIIRS,n,2,282,1.41,N,0
41.41431,-7.69067,312.87,0.5,0.49,2024-09-18,0300,N20,VIIRS,n,2,284.35,1.41,N,0
41.40118,-7.6559,335.17,0.5,0.49,2024-09-18,0300,N20,VIIRS,n,2,284.39,4.95,N,0
41.41282,-7.70416,316.26,0.49,0.49,2024-09-18,0300,N20,VIIRS,n,2,282.1,2.55,N,0
41.4025,-7.66136,306.27,0.5,0.49,2024-09-18,0300,N20,VIIRS,n,2,282.56,2.1,N,0
41.39815,-7.66299,349.02,0.5,0.49,2024-09-18,0300,N20,VIIRS,n,2,287.25,26.23,N,0
41.39498,-7.66954,353.67,0.5,0.49,2024-09-18,0300,N20,VIIRS,n,2,295.56,26.23,N,0
41.39374,-7.6644,330.71,0.5,0.49,2024-09-18,0300,N20,VIIRS,n,2,288.95,26.23,N,0
41.52799,-8.22624,300.04,0.46,0.47,2024-09-18,0300,N20,VIIRS,n,2,288.07,0.93,N,0
41.3986,-7.6845,297.22,0.5,0.49,2024-09-18,0300,N20,VIIRS,n,2,285.77,1.12,N,0
41.39617,-7.67445,298.59,0.5,0.49,2024-09-18,0300,N20,VIIRS,n,2,284.37,6.78,N,0
41.52395,-8.22858,339.4,0.46,0.47,2024-09-18,0300,N20,VIIRS,n,2,291.94,20.61,N,0
41.52264,-8.22302,342.06,0.46,0.47,2024-09-18,0300,N20,VIIRS,n,2,303.05,20.61,N,0
41.39298,-7.68089,324.01,0.5,0.49,2024-09-18,0300,N20,VIIRS,n,2,285.63,4.06,N,0
41.39179,-7.67596,322.31,0.5,0.49,2024-09-18,0300,N20,VIIRS,n,2,285.97,4.06,N,0
41.39059,-7.67101,326.91,0.5,0.49,2024-09-18,0300,N20,VIIRS,n,2,284.58,3.39,N,0
41.52122,-8.21705,298.43,0.46,0.47,2024-09-18,0300,N20,VIIRS,n,2,287.62,3.11,N,0
41.39422,-7.686,300.26,0.5,0.49,2024-09-18,0300,N20,VIIRS,n,2,284.58,1.35,N,0
41.38744,-7.67759,333.05,0.5,0.49,2024-09-18,0300,N20,VIIRS,n,2,287.4,4.06,N,0
41.51989,-8.23081,296.52,0.46,0.47,2024-09-18,0300,N20,VIIRS,n,2,285.63,20.61,N,0
41.51851,-8.22497,308.91,0.46,0.47,2024-09-18,0300,N20,VIIRS,n,2,287.62,20.61,N,0
41.40657,-7.75662,301.5,0.49,0.49,2024-09-18,0300,N20,VIIRS,n,2,279.36,1.17,N,0
41.38622,-7.67255,318.01,0.5,0.49,2024-09-18,0300,N20,VIIRS,n,2,284.06,3.39,N,0
41.40231,-7.75849,329.11,0.49,0.49,2024-09-18,0300,N20,VIIRS,n,2,281.06,2.82,N,0
41.39298,-7.72003,307.62,0.49,0.49,2024-09-18,0300,N20,VIIRS,n,2,281.93,1.37,N,0
41.39034,-7.72866,312.54,0.49,0.49,2024-09-18,0300,N20,VIIRS,n,2,282.83,2.19,N,0
41.34059,-7.56346,306.47,0.5,0.49,2024-09-18,0300,N20,VIIRS,n,2,283.29,1.11,N,0
41.4036,-7.75987,334.91,0.49,0.49,2024-09-18,0300,N20,VIIRS,n,2,281.76,4.12,N,0
41.39458,-7.72148,298.39,0.49,0.49,2024-09-18,0300,N20,VIIRS,n,2,282.03,0.82,N,0
41.38869,-7.69646,297.36,0.5,0.49,2024-09-18,0300,N20,VIIRS,n,2,283.69,0.75,N,0
41.38488,-7.68033,309.09,0.5,0.49,2024-09-18,0300,N20,VIIRS,n,2,283.21,1.95,N,0
41.38366,-7.67518,314.53,0.5,0.49,2024-09-18,0300,N20,VIIRS,n,2,283.58,1.95,N,0
41.39195,-7.73039,306.23,0.49,0.49,2024-09-18,0300,N20,VIIRS,n,2,282.55,0.82,N,0
41.3903,-7.72335,295.46,0.49,0.49,2024-09-18,0300,N20,VIIRS,n,2,282.44,0.82,N,0
41.3876,-7.73192,297.28,0.49,0.49,2024-09-18,0300,N20,VIIRS,n,2,282.64,0.84,N,0
41.33868,-7.56577,297.39,0.5,0.49,2024-09-18,0300,N20,VIIRS,n,2,284.74,2.94,N,0
41.33732,-7.56007,317.92,0.51,0.49,2024-09-18,0300,N20,VIIRS,n,2,283.55,2.2,N,0
41.33423,-7.5671,319.05,0.5,0.49,2024-09-18,0300,N20,VIIRS,n,2,287.22,2.94,N,0
41.3329,-7.56155,312.63,0.51,0.49,2024-09-18,0300,N20,VIIRS,n,2,284.85,2.2,N,0
41.46135,-8.24393,313.54,0.46,0.47,2024-09-18,0300,N20,VIIRS,n,2,291.31,2.1,N,0
41.39669,-8.02804,325.14,0.48,0.48,2024-09-18,0300,N20,VIIRS,n,2,287.35,4.19,N,0
41.3953,-8.02219,332.63,0.48,0.48,2024-09-18,0300,N20,VIIRS,n,2,289.84,4.19,N,0
41.38938,-8.07569,307.46,0.48,0.48,2024-09-18,0300,N20,VIIRS,n,2,287.79,1.45,N,0
41.3851,-8.07722,304.02,0.48,0.48,2024-09-18,0300,N20,VIIRS,n,2,287.63,1.16,N,0
41.40232,-8.16929,327.23,0.47,0.48,2024-09-18,0300,N20,VIIRS,n,2,288.02,3.42,N,0
41.40104,-8.16389,332.54,0.47,0.48,2024-09-18,0300,N20,VIIRS,n,2,289.12,3.42,N,0
41.39809,-8.17095,341.59,0.47,0.48,2024-09-18,0300,N20,VIIRS,n,2,294.08,5.84,N,0
41.39682,-8.16561,306.44,0.47,0.48,2024-09-18,0300,N20,VIIRS,n,2,289.02,5.84,N,0
41.39264,-8.16746,325.84,0.47,0.48,2024-09-18,0300,N20,VIIRS,n,2,289.86,5.84,N,0
41.39387,-8.17265,314.47,0.47,0.48,2024-09-18,0300,N20,VIIRS,n,2,290.33,5.84,N,0
41.35011,-8.04759,322.75,0.48,0.48,2024-09-18,0300,N20,VIIRS,n,2,288.8,3.25,N,0
41.34744,-8.03644,319.03,0.48,0.48,2024-09-18,0300,N20,VIIRS,n,2,288.48,1.57,N,0
41.34165,-8.03176,299.26,0.48,0.48,2024-09-18,0300,N20,VIIRS,n,2,288.46,1.57,N,0
41.35576,-8.0527,299.66,0.48,0.48,2024-09-18,0300,N20,VIIRS,n,2,287.82,0.39,N,0
41.3502,-8.04877,303.36,0.48,0.48,2024-09-18,0300,N20,VIIRS,n,2,287.9,1.72,N,0
41.34894,-8.04336,309.93,0.48,0.48,2024-09-18,0300,N20,VIIRS,n,2,288.35,1.28,N,0
41.34761,-8.03769,309.35,0.48,0.48,2024-09-18,0300,N20,VIIRS,n,2,287.95,1.28,N,0
41.34628,-8.03198,301.8,0.48,0.48,2024-09-18,0300,N20,VIIRS,n,2,287.7,0.83,N,0
41.34187,-8.03303,300.45,0.48,0.48,2024-09-18,0300,N20,VIIRS,n,2,288.36,0.83,N,0
41.34676,-8.07385,300.11,0.48,0.48,2024-09-18,0300,N20,VIIRS,n,2,289.17,1.22,N,0
41.33213,-8.01128,300.91,0.48,0.48,2024-09-18,0300,N20,VIIRS,n,2,290.06,0.81,N,0
41.35682,-8.13682,329.74,0.47,0.48,2024-09-18,0300,N20,VIIRS,n,2,288.44,17.19,N,0
41.3556,-8.13159,347.37,0.47,0.48,2024-09-18,0300,N20,VIIRS,n,2,294,17.19,N,0
41.35426,-8.12584,350.03,0.47,0.48,2024-09-18,0300,N20,VIIRS,n,2,306.06,30.99,N,0
41.35286,-8.11981,307.67,0.47,0.48,2024-09-18,0300,N20,VIIRS,n,2,290.78,30.99,N,0
41.3515,-8.11401,302.54,0.47,0.48,2024-09-18,0300,N20,VIIRS,n,2,290.87,2.02,N,0
41.34736,-8.09627,306.54,0.48,0.48,2024-09-18,0300,N20,VIIRS,n,2,288.01,1.13,N,0
41.35371,-8.14333,333.58,0.47,0.48,2024-09-18,0300,N20,VIIRS,n,2,290.92,6.28,N,0
41.35254,-8.13828,339.99,0.47,0.48,2024-09-18,0300,N20,VIIRS,n,2,295.41,4.42,N,0
41.35008,-8.12778,335.4,0.47,0.48,2024-09-18,0300,N20,VIIRS,n,2,290.53,3.52,N,0
41.3262,-8.02573,353.41,0.48,0.48,2024-09-18,0300,N20,VIIRS,n,2,295.41,7.42,N,0
41.35133,-8.13315,314.19,0.47,0.48,2024-09-18,0300,N20,VIIRS,n,2,290.08,4.42,N,0
41.34873,-8.12201,310.54,0.47,0.48,2024-09-18,0300,N20,VIIRS,n,2,291.31,3.52,N,0
41.3249,-8.02019,302.51,0.48,0.48,2024-09-18,0300,N20,VIIRS,n,2,290.48,7.42,N,0
41.34943,-8.14479,332.39,0.47,0.48,2024-09-18,0300,N20,VIIRS,n,2,289.27,6.28,N,0
41.35678,-8.17628,302.77,0.47,0.48,2024-09-18,0300,N20,VIIRS,n,2,288.99,1.1,N,0
41.34824,-8.1397,310,0.47,0.48,2024-09-18,0300,N20,VIIRS,n,2,290.1,4.42,N,0
41.34705,-8.13462,307.21,0.47,0.48,2024-09-18,0300,N20,VIIRS,n,2,289.55,4.42,N,0
41.32979,-8.06088,303.34,0.48,0.48,2024-09-18,0300,N20,VIIRS,n,2,288.62,0.7,N,0
41.32193,-8.02742,310.79,0.48,0.48,2024-09-18,0300,N20,VIIRS,n,2,290.61,7.42,N,0
41.34272,-8.13591,326.19,0.47,0.48,2024-09-18,0300,N20,VIIRS,n,2,289.63,3.66,N,0
41.32544,-8.0622,317.7,0.48,0.48,2024-09-18,0300,N20,VIIRS,n,2,289.83,2.06,N,0
41.31895,-8.03458,305.32,0.48,0.48,2024-09-18,0300,N20,VIIRS,n,2,291.17,1.35,N,0
41.363,-8.26216,302.92,0.47,0.47,2024-09-18,0300,N20,VIIRS,n,2,288.78,1.41,N,0
41.32362,-8.09399,299.94,0.48,0.48,2024-09-18,0300,N20,VIIRS,n,2,287.85,0.83,N,0
41.32206,-8.10715,299.22,0.48,0.48,2024-09-18,0300,N20,VIIRS,n,2,288.61,1.17,N,0
41.32076,-8.10162,305.45,0.48,0.48,2024-09-18,0300,N20,VIIRS,n,2,288.29,0.83,N,0
41.45441,-8.73559,309.23,0.44,0.46,2024-09-18,0300,N20,VIIRS,n,2,290.13,1.37,N,0
41.24659,-7.8676,302.78,0.49,0.49,2024-09-18,0300,N20,VIIRS,n,2,281.37,1.32,N,0
41.24488,-7.86043,307.95,0.49,0.49,2024-09-18,0300,N20,VIIRS,n,2,285.16,1.66,N,0
41.22663,-7.88258,313.55,0.49,0.49,2024-09-18,0300,N20,VIIRS,n,2,284.7,4.73,N,0
41.22221,-7.88381,340.42,0.49,0.49,2024-09-18,0300,N20,VIIRS,n,2,288.23,4.73,N,0
41.26011,-8.04214,305.35,0.48,0.48,2024-09-18,0300,N20,VIIRS,n,2,289.4,0.81,N,0
41.22488,-7.89491,300.07,0.49,0.49,2024-09-18,0300,N20,VIIRS,n,2,283.89,0.68,N,0
41.22371,-7.89003,295.22,0.49,0.49,2024-09-18,0300,N20,VIIRS,n,2,282.88,0.68,N,0
41.22049,-7.89626,338.21,0.49,0.49,2024-09-18,0300,N20,VIIRS,n,2,285.13,20.19,N,0
41.21939,-7.89165,348.47,0.49,0.49,2024-09-18,0300,N20,VIIRS,n,2,298.92,20.19,N,0
41.21807,-7.88616,340.06,0.49,0.49,2024-09-18,0300,N20,VIIRS,n,2,296.51,21.38,N,0
41.21621,-7.87846,324.9,0.49,0.49,2024-09-18,0300,N20,VIIRS,n,2,286.74,21.38,N,0
41.22175,-7.90149,302.34,0.49,0.49,2024-09-18,0300,N20,VIIRS,n,2,284.98,1.18,N,0
41.23791,-7.98843,350.46,0.48,0.48,2024-09-18,0300,N20,VIIRS,n,2,290.22,10.79,N,0
41.23667,-7.98325,353.84,0.48,0.48,2024-09-18,0300,N20,VIIRS,n,2,291.87,16.4,N,0
41.21628,-7.89831,344.08,0.49,0.49,2024-09-18,0300,N20,VIIRS,n,2,289.15,20.19,N,0
41.2152,-7.89381,336.46,0.49,0.49,2024-09-18,0300,N20,VIIRS,n,2,288.5,20.19,N,0
41.21387,-7.88831,340.31,0.49,0.49,2024-09-18,0300,N20,VIIRS,n,2,292.33,21.38,N,0
41.21215,-7.88114,322.38,0.49,0.49,2024-09-18,0300,N20,VIIRS,n,2,296.94,21.38,N,0
41.21737,-7.90286,304.45,0.49,0.49,2024-09-18,0300,N20,VIIRS,n,2,285.52,1.18,N,0
41.23483,-7.9951,334.87,0.48,0.48,2024-09-18,0300,N20,VIIRS,n,2,290.53,4.33,N,0
41.2143,-7.90964,340.26,0.49,0.48,2024-09-18,0300,N20,VIIRS,n,2,286.43,100.17,N,0
41.21302,-7.90436,367,0.49,0.49,2024-09-18,0300,N20,VIIRS,h,2,330.31,100.17,N,0
41.21198,-7.90001,367,0.49,0.49,2024-09-18,0300,N20,VIIRS,h,2,331.45,53.39,N,0
41.20961,-7.8902,339.85,0.49,0.49,2024-09-18,0300,N20,VIIRS,n,2,289.27,10.86,N,0
41.208,-7.8835,331.36,0.49,0.49,2024-09-18,0300,N20,VIIRS,n,2,284.42,10.86,N,0
41.23364,-7.99016,305.32,0.48,0.48,2024-09-18,0300,N20,VIIRS,n,2,288,4.33,N,0
41.23245,-7.98519,314.56,0.48,0.48,2024-09-18,0300,N20,VIIRS,n,2,289.27,2.01,N,0
41.23123,-7.98011,303.25,0.48,0.48,2024-09-18,0300,N20,VIIRS,n,2,287.95,2.01,N,0
41.23,-7.97494,314.98,0.48,0.48,2024-09-18,0300,N20,VIIRS,n,2,288.27,2.97,N,0
41.21579,-7.91584,295.79,0.49,0.48,2024-09-18,0300,N20,VIIRS,n,2,284.13,0.72,N,0
41.21093,-7.89563,306.77,0.49,0.49,2024-09-18,0300,N20,VIIRS,n,2,284.09,53.39,N,0
41.22931,-7.99163,349.35,0.48,0.48,2024-09-18,0300,N20,VIIRS,n,2,294.72,4.33,N,0
41.22566,-7.97643,329.28,0.48,0.48,2024-09-18,0300,N20,VIIRS,n,2,289.07,2.97,N,0
41.22187,-7.96065,327.31,0.49,0.48,2024-09-18,0300,N20,VIIRS,n,2,287.18,1.63,N,0
41.21923,-7.94967,325.52,0.49,0.48,2024-09-18,0300,N20,VIIRS,n,2,287.14,3.42,N,0
41.20989,-7.9109,342.33,0.49,0.48,2024-09-18,0300,N20,VIIRS,n,2,288.85,100.17,N,0
41.20869,-7.90593,367,0.49,0.49,2024-09-18,0300,N20,VIIRS,h,2,324.61,100.17,N,0
41.22813,-7.98672,303.34,0.48,0.48,2024-09-18,0300,N20,VIIRS,n,2,289.28,2.01,N,0
41.22691,-7.98161,311.86,0.48,0.48,2024-09-18,0300,N20,VIIRS,n,2,289.5,2.01,N,0
41.22317,-7.96607,298.18,0.49,0.48,2024-09-18,0300,N20,VIIRS,n,2,285.62,1.63,N,0
41.21803,-7.94471,309.58,0.49,0.48,2024-09-18,0300,N20,VIIRS,n,2,286.21,1.07,N,0
41.21687,-7.93986,299.32,0.49,0.48,2024-09-18,0300,N20,VIIRS,n,2,285.13,1.07,N,0
41.2113,-7.91676,296.46,0.49,0.48,2024-09-18,0300,N20,VIIRS,n,2,284.5,0.72,N,0
41.20762,-7.90147,307.22,0.49,0.49,2024-09-18,0300,N20,VIIRS,n,2,286.34,53.39,N,0
41.22248,-7.9827,349.2,0.48,0.48,2024-09-18,0300,N20,VIIRS,n,2,296.13,5.59,N,0
41.22126,-7.97763,346.53,0.48,0.48,2024-09-18,0300,N20,VIIRS,n,2,298.87,7.32,N,0
41.21747,-7.96189,325.8,0.49,0.48,2024-09-18,0300,N20,VIIRS,n,2,289.04,2.18,N,0
41.22622,-7.99826,309.08,0.48,0.48,2024-09-18,0300,N20,VIIRS,n,2,288.53,1.78,N,0
41.22499,-7.99318,313.1,0.48,0.48,2024-09-18,0300,N20,VIIRS,n,2,289.36,1.78,N,0
41.22372,-7.98789,315.72,0.48,0.48,2024-09-18,0300,N20,VIIRS,n,2,290.36,5.59,N,0
41.21877,-7.9673,302.38,0.49,0.48,2024-09-18,0300,N20,VIIRS,n,2,287.61,2.18,N,0
41.20537,-7.91168,299.48,0.49,0.48,2024-09-18,0300,N20,VIIRS,n,2,286.72,1.16,N,0
41.20434,-7.90741,301.87,0.49,0.49,2024-09-18,0300,N20,VIIRS,n,2,285.16,1.16,N,0
41.21692,-7.9791,340.6,0.48,0.48,2024-09-18,0300,N20,VIIRS,n,2,291,7.32,N,0
41.22218,-8.00095,298.16,0.48,0.48,2024-09-18,0300,N20,VIIRS,n,2,287.28,1.78,N,0
41.22083,-7.99533,314.29,0.48,0.48,2024-09-18,0300,N20,VIIRS,n,2,290.56,1.78,N,0
41.21947,-7.98969,309.99,0.48,0.48,2024-09-18,0300,N20,VIIRS,n,2,290.56,5.59,N,0
41.21818,-7.98434,317.25,0.48,0.48,2024-09-18,0300,N20,VIIRS,n,2,289.22,5.59,N,0
41.21562,-7.9737,304.7,0.49,0.48,2024-09-18,0300,N20,VIIRS,n,2,290.12,7.32,N,0
41.21431,-7.96828,308.83,0.49,0.48,2024-09-18,0300,N20,VIIRS,n,2,288.19,2.18,N,0
41.21303,-7.96295,315.62,0.49,0.48,2024-09-18,0300,N20,VIIRS,n,2,288.59,2.18,N,0
41.2342,-7.9917,330.54,0.48,0.48,2024-09-18,0300,N20,VIIRS,n,2,290.41,4.34,N,0
41.21404,-7.90567,346.86,0.49,0.49,2024-09-18,0300,N20,VIIRS,n,2,297.36,168.84,N,0
41.21196,-7.89685,328.82,0.49,0.49,2024-09-18,0300,N20,VIIRS,n,2,291.35,18.21,N,0
41.20926,-7.88533,345.2,0.49,0.49,2024-09-18,0300,N20,VIIRS,n,2,295.12,21.08,N,0
41.23536,-7.99666,302.15,0.48,0.48,2024-09-18,0300,N20,VIIRS,n,2,287.31,2.86,N,0
41.23303,-7.98673,319.51,0.48,0.48,2024-09-18,0300,N20,VIIRS,n,2,288.74,4.34,N,0
41.23184,-7.98166,310.58,0.48,0.48,2024-09-18,0300,N20,VIIRS,n,2,289.25,2.27,N,0
41.23063,-7.97647,316.69,0.49,0.48,2024-09-18,0300,N20,VIIRS,n,2,288.74,2.27,N,0
41.21536,-7.91131,304.15,0.49,0.49,2024-09-18,0300,N20,VIIRS,n,2,285.39,8.26,N,0
41.21076,-7.89175,317.99,0.49,0.49,2024-09-18,0300,N20,VIIRS,n,2,285.81,18.21,N,0
41.22985,-7.9931,349.06,0.48,0.48,2024-09-18,0300,N20,VIIRS,n,2,293.21,4.34,N,0
41.22632,-7.97804,334.33,0.49,0.48,2024-09-18,0300,N20,VIIRS,n,2,290.05,2.27,N,0
41.22,-7.9511,321.07,0.49,0.48,2024-09-18,0300,N20,VIIRS,n,2,286.8,2.5,N,0
41.2097,-7.90717,333,0.49,0.49,2024-09-18,0300,N20,VIIRS,n,2,329.48,168.84,N,0
41.20861,-7.90256,336.21,0.49,0.49,2024-09-18,0300,N20,VIIRS,n,2,292.73,168.84,N,0
41.22871,-7.98829,314.65,0.48,0.48,2024-09-18,0300,N20,VIIRS,n,2,290.48,4.34,N,0
41.22753,-7.98321,305.63,0.48,0.48,2024-09-18,0300,N20,VIIRS,n,2,289.02,2.27,N,0
41.22262,-7.96227,309.55,0.49,0.48,2024-09-18,0300,N20,VIIRS,n,2,286.3,1.72,N,0
41.21882,-7.94606,317.63,0.49,0.48,2024-09-18,0300,N20,VIIRS,n,2,286.75,2.5,N,0
41.21767,-7.94118,302.57,0.49,0.48,2024-09-18,0300,N20,VIIRS,n,2,285.34,0.79,N,0
41.21096,-7.91252,317.78,0.49,0.49,2024-09-18,0300,N20,VIIRS,n,2,285.29,8.26,N,0
41.20758,-7.89818,295.29,0.49,0.49,2024-09-18,0300,N20,VIIRS,n,2,283.2,18.21,N,0
41.22557,-7.99479,321.98,0.48,0.48,2024-09-18,0300,N20,VIIRS,n,2,289.16,2.51,N,0
41.22435,-7.98959,320.92,0.48,0.48,2024-09-18,0300,N20,VIIRS,n,2,289.96,2.51,N,0
41.22311,-7.98429,333.93,0.48,0.48,2024-09-18,0300,N20,VIIRS,n,2,290.86,8.53,N,0
41.22191,-7.97921,353.06,0.49,0.48,2024-09-18,0300,N20,VIIRS,n,2,299.98,8.53,N,0
41.21824,-7.96357,338.11,0.49,0.48,2024-09-18,0300,N20,VIIRS,n,2,290.06,4.68,N,0
41.22072,-7.97411,309.67,0.49,0.48,2024-09-18,0300,N20,VIIRS,n,2,290.71,4.63,N,0
41.20642,-7.91321,299.61,0.49,0.49,2024-09-18,0300,N20,VIIRS,n,2,286.84,1.49,N,0
41.20533,-7.90856,313.49,0.49,0.49,2024-09-18,0300,N20,VIIRS,n,2,285.76,1.27,N,0
41.20429,-7.90418,295.94,0.49,0.49,2024-09-18,0300,N20,VIIRS,n,2,284.15,1.27,N,0
41.22142,-7.99709,322,0.48,0.48,2024-09-18,0300,N20,VIIRS,n,2,289.2,2.51,N,0
41.21758,-7.9807,355.31,0.49,0.48,2024-09-18,0300,N20,VIIRS,n,2,290,8.53,N,0
41.21634,-7.97539,326.99,0.49,0.48,2024-09-18,0300,N20,VIIRS,n,2,291.92,4.63,N,0
41.21379,-7.96457,323.62,0.49,0.48,2024-09-18,0300,N20,VIIRS,n,2,289.01,4.68,N,0
41.22009,-7.99136,308.6,0.48,0.48,2024-09-18,0300,N20,VIIRS,n,2,290.85,2.51,N,0
41.21881,-7.98593,309.93,0.48,0.48,2024-09-18,0300,N20,VIIRS,n,2,290.29,8.53,N,0
41.22743,-8.04264,328.15,0.48,0.48,2024-09-18,0300,N20,VIIRS,n,2,291.52,4.32,N,0
41.26884,-8.22011,297.58,0.47,0.48,2024-09-18,0300,N20,VIIRS,n,2,287.54,0.7,N,0
41.25386,-8.15572,303.96,0.47,0.48,2024-09-18,0300,N20,VIIRS,n,2,288.55,3.22,N,0
41.22851,-8.04724,310.99,0.48,0.48,2024-09-18,0300,N20,VIIRS,n,2,287.89,1.42,N,0
41.20708,-7.95598,305.27,0.49,0.48,2024-09-18,0300,N20,VIIRS,n,2,289,1.3,N,0
41.20593,-7.95109,298.89,0.49,0.48,2024-09-18,0300,N20,VIIRS,n,2,286.83,1.3,N,0
41.24955,-8.15711,336.73,0.47,0.48,2024-09-18,0300,N20,VIIRS,n,2,290.38,3.22,N,0
41.25191,-8.16722,310.39,0.47,0.48,2024-09-18,0300,N20,VIIRS,n,2,288.62,1.36,N,0
41.22425,-8.04899,302.67,0.48,0.48,2024-09-18,0300,N20,VIIRS,n,2,287.89,1.42,N,0
41.20283,-7.95781,318.98,0.49,0.48,2024-09-18,0300,N20,VIIRS,n,2,286.87,1.3,N,0
41.20163,-7.95273,296.67,0.49,0.48,2024-09-18,0300,N20,VIIRS,n,2,286.09,1.3,N,0
41.22005,-8.05094,302.55,0.48,0.48,2024-09-18,0300,N20,VIIRS,n,2,289.51,0.94,N,0
41.30491,-8.43516,355.44,0.46,0.47,2024-09-18,0300,N20,VIIRS,n,2,294.9,12,N,0
41.30377,-8.43024,338.73,0.46,0.47,2024-09-18,0300,N20,VIIRS,n,2,291.1,12,N,0
41.30259,-8.42514,326.31,0.46,0.47,2024-09-18,0300,N20,VIIRS,n,2,291.01,4.06,N,0
41.30602,-8.43994,306.19,0.46,0.47,2024-09-18,0300,N20,VIIRS,n,2,289.07,2.24,N,0
41.30515,-8.45591,367,0.46,0.47,2024-09-18,0300,N20,VIIRS,h,2,300.82,20.44,N,0
41.304,-8.45096,354.68,0.46,0.47,2024-09-18,0300,N20,VIIRS,n,2,300.17,20.44,N,0
41.30289,-8.44613,367,0.46,0.47,2024-09-18,0300,N20,VIIRS,h,2,302.27,23.8,N,0
41.30182,-8.4415,367,0.46,0.47,2024-09-18,0300,N20,VIIRS,h,2,298.74,23.8,N,0
41.30075,-8.43688,352.39,0.46,0.47,2024-09-18,0300,N20,VIIRS,n,2,297.15,5.96,N,0
41.29846,-8.42702,334.99,0.46,0.47,2024-09-18,0300,N20,VIIRS,n,2,291.01,5.43,N,0
41.3063,-8.46088,302.76,0.46,0.47,2024-09-18,0300,N20,VIIRS,n,2,290.82,5.41,N,0
41.29963,-8.43207,315.1,0.46,0.47,2024-09-18,0300,N20,VIIRS,n,2,290.96,5.96,N,0
41.24035,-8.17723,300,0.47,0.48,2024-09-18,0300,N20,VIIRS,n,2,286.32,0.76,N,0
41.23911,-8.17195,299.46,0.47,0.48,2024-09-18,0300,N20,VIIRS,n,2,288.51,0.76,N,0
41.20842,-8.0412,297.15,0.48,0.48,2024-09-18,0300,N20,VIIRS,n,2,285.91,1.03,N,0
41.19928,-8.00243,309.47,0.48,0.48,2024-09-18,0300,N20,VIIRS,n,2,287.8,1.79,N,0
41.19777,-7.99599,298.18,0.48,0.48,2024-09-18,0300,N20,VIIRS,n,2,287.29,1.42,N,0
41.30091,-8.45728,339.55,0.46,0.47,2024-09-18,0300,N20,VIIRS,n,2,292.43,20.44,N,0
41.29975,-8.45227,327.29,0.46,0.47,2024-09-18,0300,N20,VIIRS,n,2,292.12,20.44,N,0
41.29865,-8.44751,355.57,0.46,0.47,2024-09-18,0300,N20,VIIRS,n,2,303.16,23.8,N,0
41.29759,-8.44294,342.95,0.46,0.47,2024-09-18,0300,N20,VIIRS,n,2,301.27,23.8,N,0
41.29657,-8.43853,347.89,0.46,0.47,2024-09-18,0300,N20,VIIRS,n,2,297.05,5.96,N,0
41.19933,-8.02248,330.35,0.48,0.48,2024-09-18,0300,N20,VIIRS,n,2,289.5,3.19,N,0
41.29546,-8.43377,306.65,0.46,0.47,2024-09-18,0300,N20,VIIRS,n,2,289.96,5.96,N,0
41.19788,-8.01634,307.91,0.48,0.48,2024-09-18,0300,N20,VIIRS,n,2,287.89,3.19,N,0
41.19485,-8.00349,313.41,0.48,0.48,2024-09-18,0300,N20,VIIRS,n,2,285.75,1.79,N,0
41.29439,-8.44882,348.5,0.46,0.47,2024-09-18,0300,N20,VIIRS,n,2,301.59,64.95,N,0
41.29333,-8.44425,339.1,0.46,0.47,2024-09-18,0300,N20,VIIRS,n,2,307.01,64.95,N,0
41.29229,-8.43976,338.94,0.46,0.47,2024-09-18,0300,N20,VIIRS,n,2,292.36,9.05,N,0
41.19503,-8.02408,353.7,0.48,0.48,2024-09-18,0300,N20,VIIRS,n,2,310.38,9.8,N,0
41.29548,-8.45353,301.17,0.46,0.47,2024-09-18,0300,N20,VIIRS,n,2,291.12,1.76,N,0
41.19644,-8.03002,308.57,0.48,0.48,2024-09-18,0300,N20,VIIRS,n,2,284.25,5.62,N,0
41.1935,-8.01758,297.34,0.48,0.48,2024-09-18,0300,N20,VIIRS,n,2,285.61,9.8,N,0
41.19063,-8.02521,337.48,0.48,0.48,2024-09-18,0300,N20,VIIRS,n,2,293.24,9.8,N,0
41.19211,-8.03149,295.84,0.48,0.48,2024-09-18,0300,N20,VIIRS,n,2,284.4,5.62,N,0
41.18169,-8.02696,320.29,0.48,0.48,2024-09-18,0300,N20,VIIRS,n,2,287.68,1.74,N,0
41.16867,-7.97206,312.7,0.49,0.48,2024-09-18,0300,N20,VIIRS,n,2,286.36,1.85,N,0
41.16448,-7.97418,338.27,0.49,0.48,2024-09-18,0300,N20,VIIRS,n,2,287.82,3.56,N,0
41.0458,-7.48016,337.93,0.52,0.5,2024-09-18,0300,N20,VIIRS,n,2,287.14,4.94,N,0
41.04445,-7.47457,311.7,0.52,0.5,2024-09-18,0300,N20,VIIRS,n,2,285.83,4.94,N,0
41.04137,-7.48181,333.34,0.52,0.5,2024-09-18,0300,N20,VIIRS,n,2,285.89,4.94,N,0
41.03868,-7.47075,337.84,0.52,0.5,2024-09-18,0300,N20,VIIRS,n,2,284.94,5.52,N,0
41.16171,-7.98226,315.01,0.49,0.48,2024-09-18,0300,N20,VIIRS,n,2,284.77,2.74,N,0
41.16019,-7.9759,302.65,0.49,0.48,2024-09-18,0300,N20,VIIRS,n,2,284.72,3.56,N,0
41.04002,-7.47626,296.03,0.52,0.5,2024-09-18,0300,N20,VIIRS,n,2,284.85,4.94,N,0
41.15728,-7.98333,355.37,0.49,0.48,2024-09-18,0300,N20,VIIRS,n,2,291.98,5,N,0
41.15872,-7.98939,297.93,0.49,0.48,2024-09-18,0300,N20,VIIRS,n,2,284.09,5,N,0
41.03559,-7.47793,309.88,0.52,0.5,2024-09-18,0300,N20,VIIRS,n,2,287.88,8.72,N,0
41.03425,-7.47242,303.05,0.52,0.5,2024-09-18,0300,N20,VIIRS,n,2,286.3,5.43,N,0
41.15435,-7.99076,341.78,0.49,0.48,2024-09-18,0300,N20,VIIRS,n,2,288.18,5,N,0
41.03117,-7.47962,367,0.52,0.5,2024-09-18,0300,N20,VIIRS,h,2,294.09,8.72,N,0
41.02982,-7.47408,337.07,0.52,0.5,2024-09-18,0300,N20,VIIRS,n,2,290.34,5.43,N,0
41.15285,-7.98444,313.57,0.49,0.48,2024-09-18,0300,N20,VIIRS,n,2,286.51,5,N,0
41.15138,-7.99798,344.11,0.49,0.48,2024-09-18,0300,N20,VIIRS,n,2,303.45,19.48,N,0
41.02676,-7.48139,338.12,0.52,0.5,2024-09-18,0300,N20,VIIRS,n,2,286.91,15.7,N,0
41.02541,-7.47586,328.24,0.52,0.5,2024-09-18,0300,N20,VIIRS,n,2,290.53,16.93,N,0
41.15618,-8.01812,298.3,0.48,0.48,2024-09-18,0300,N20,VIIRS,n,2,287.14,2.89,N,0
41.15269,-8.00346,310.91,0.49,0.48,2024-09-18,0300,N20,VIIRS,n,2,285.96,19.48,N,0
41.14991,-7.99182,303.44,0.49,0.48,2024-09-18,0300,N20,VIIRS,n,2,286.24,5.71,N,0
41.15197,-8.02009,332.8,0.48,0.48,2024-09-18,0300,N20,VIIRS,n,2,288.5,2.89,N,0
41.15083,-8.01529,321.26,0.48,0.48,2024-09-18,0300,N20,VIIRS,n,2,293.18,3.41,N,0
41.14965,-8.01035,320.33,0.49,0.48,2024-09-18,0300,N20,VIIRS,n,2,291.05,3.41,N,0
41.147,-7.99926,333.13,0.49,0.48,2024-09-18,0300,N20,VIIRS,n,2,288.76,19.48,N,0
41.1484,-8.00513,307.36,0.49,0.48,2024-09-18,0300,N20,VIIRS,n,2,288.72,19.48,N,0
41.14777,-8.02215,323.52,0.48,0.48,2024-09-18,0300,N20,VIIRS,n,2,288.21,4.96,N,0
41.14661,-8.01728,367,0.48,0.48,2024-09-18,0300,N20,VIIRS,h,2,309.19,25.78,N,0
41.14538,-8.01213,327.83,0.49,0.48,2024-09-18,0300,N20,VIIRS,n,2,295.36,25.78,N,0
41.10996,-7.88405,323.31,0.49,0.49,2024-09-18,0300,N20,VIIRS,n,2,286.94,10.04,N,0
41.10888,-7.87952,367,0.49,0.49,2024-09-18,0300,N20,VIIRS,h,2,295.07,10.04,N,0
41.10782,-7.87512,355.84,0.49,0.49,2024-09-18,0300,N20,VIIRS,n,2,299.13,18.63,N,0
41.10676,-7.87071,347.42,0.49,0.49,2024-09-18,0300,N20,VIIRS,n,2,293.77,18.63,N,0
41.17124,-8.14022,298.89,0.48,0.48,2024-09-18,0300,N20,VIIRS,n,2,288.44,0.47,N,0
41.11106,-7.88865,303.46,0.49,0.49,2024-09-18,0300,N20,VIIRS,n,2,286.54,1.43,N,0
41.10567,-7.86615,295.21,0.49,0.49,2024-09-18,0300,N20,VIIRS,n,2,282.72,1.2,N,0
41.16711,-8.14241,301.65,0.48,0.48,2024-09-18,0300,N20,VIIRS,n,2,289.65,1.08,N,0
41.10366,-7.8775,296.76,0.49,0.49,2024-09-18,0300,N20,VIIRS,n,2,284.94,2.14,N,0
41.10259,-7.87302,319.24,0.49,0.49,2024-09-18,0300,N20,VIIRS,n,2,288.82,2.14,N,0
41.10143,-7.8682,301.35,0.49,0.49,2024-09-18,0300,N20,VIIRS,n,2,283.88,1.24,N,0
41.16019,-8.13294,324.16,0.48,0.48,2024-09-18,0300,N20,VIIRS,n,2,289.32,3.42,N,0
41.17865,-8.21045,298.7,0.47,0.48,2024-09-18,0300,N20,VIIRS,n,2,288.11,0.75,N,0
41.17164,-8.20048,328.31,0.47,0.48,2024-09-18,0300,N20,VIIRS,n,2,289.13,3.86,N,0
41.15611,-8.13533,309.95,0.48,0.48,2024-09-18,0300,N20,VIIRS,n,2,289.45,1.53,N,0
41.12329,-8.01784,323.37,0.49,0.48,2024-09-18,0300,N20,VIIRS,n,2,288.93,1.58,N,0
41.12472,-8.02376,297.49,0.48,0.48,2024-09-18,0300,N20,VIIRS,n,2,287.4,1.58,N,0
41.12939,-8.08221,312.12,0.48,0.48,2024-09-18,0300,N20,VIIRS,n,2,286.71,0.9,N,0
41.17144,-8.20198,324.56,0.47,0.48,2024-09-18,0300,N20,VIIRS,n,2,288.8,3,N,0
41.15627,-8.13666,307.15,0.48,0.48,2024-09-18,0300,N20,VIIRS,n,2,289.51,1.25,N,0
41.12416,-8.019,321.41,0.49,0.48,2024-09-18,0300,N20,VIIRS,n,2,288.69,2.32,N,0
41.12983,-8.08322,314.48,0.48,0.48,2024-09-18,0300,N20,VIIRS,n,2,286.87,2.07,N,0
41.14878,-8.20418,302.43,0.47,0.48,2024-09-18,0300,N20,VIIRS,n,2,289.24,0.97,N,0
41.06431,-7.88473,343.54,0.49,0.49,2024-09-18,0300,N20,VIIRS,n,2,286.29,10.12,N,0
41.09469,-8.03306,329.24,0.49,0.48,2024-09-18,0300,N20,VIIRS,n,2,291.81,5.09,N,0
41.09346,-8.02784,331.76,0.49,0.48,2024-09-18,0300,N20,VIIRS,n,2,293.23,4.41,N,0
41.07869,-7.98524,311.79,0.49,0.48,2024-09-18,0300,N20,VIIRS,n,2,286.71,1.6,N,0
41.05397,-7.90084,336.48,0.49,0.49,2024-09-18,0300,N20,VIIRS,n,2,286.45,4.76,N,0
41.05275,-7.89572,346.04,0.49,0.49,2024-09-18,0300,N20,VIIRS,n,2,290.26,14.99,N,0
41.04972,-7.9028,296.47,0.49,0.49,2024-09-18,0300,N20,VIIRS,n,2,283.91,4.76,N,0
41.04409,-7.89902,300.64,0.49,0.49,2024-09-18,0300,N20,VIIRS,n,2,281.32,15.58,N,0
41.04267,-7.89305,318.92,0.49,0.49,2024-09-18,0300,N20,VIIRS,n,2,283.39,15.58,N,0
41.04118,-7.90661,343.12,0.49,0.49,2024-09-18,0300,N20,VIIRS,n,2,286.12,7.17,N,0
41.03976,-7.90067,339.97,0.49,0.49,2024-09-18,0300,N20,VIIRS,n,2,286.41,15.58,N,0
41.03832,-7.89463,304.49,0.49,0.49,2024-09-18,0300,N20,VIIRS,n,2,288.84,15.58,N,0
41.06356,-8.02047,347.67,0.49,0.48,2024-09-18,0300,N20,VIIRS,n,2,288.81,16.07,N,0
41.0369,-7.90849,339.19,0.49,0.49,2024-09-18,0300,N20,VIIRS,n,2,284.93,10.81,N,0
41.0649,-8.02608,309.41,0.49,0.48,2024-09-18,0300,N20,VIIRS,n,2,286.25,4.84,N,0
41.05956,-8.02335,347.54,0.49,0.48,2024-09-18,0300,N20,VIIRS,n,2,298.28,16.07,N,0
41.05818,-8.01756,298.8,0.49,0.48,2024-09-18,0300,N20,VIIRS,n,2,285.49,16.07,N,0
41.09059,-8.17393,338.42,0.48,0.48,2024-09-18,0300,N20,VIIRS,n,2,293.87,7.53,N,0
41.08931,-8.16851,331.04,0.48,0.48,2024-09-18,0300,N20,VIIRS,n,2,292.28,7.53,N,0
41.0555,-8.026,345.61,0.49,0.48,2024-09-18,0300,N20,VIIRS,n,2,292.37,5.11,N,0
41.05424,-8.02071,336.6,0.49,0.48,2024-09-18,0300,N20,VIIRS,n,2,287.97,5.11,N,0
41.05135,-8.02831,298.36,0.49,0.48,2024-09-18,0300,N20,VIIRS,n,2,285.13,5.11,N,0
41.0501,-8.02307,318.61,0.49,0.48,2024-09-18,0300,N20,VIIRS,n,2,285.9,5.11,N,0
41.04593,-8.02525,322.13,0.49,0.48,2024-09-18,0300,N20,VIIRS,n,2,287.85,7.08,N,0
41.06609,-8.10993,298.92,0.48,0.48,2024-09-18,0300,N20,VIIRS,n,2,286.96,3.66,N,0
41.05389,-8.05869,309.13,0.48,0.48,2024-09-18,0300,N20,VIIRS,n,2,288.64,2.38,N,0
41.06199,-8.11232,341.53,0.48,0.48,2024-09-18,0300,N20,VIIRS,n,2,292.42,3.66,N,0
41.04161,-8.02683,367,0.49,0.48,2024-09-18,0300,N20,VIIRS,h,2,298.53,7.08,N,0
41.04041,-8.02177,329.46,0.49,0.48,2024-09-18,0300,N20,VIIRS,n,2,287.5,7.47,N,0
41.04281,-8.03185,296.32,0.49,0.48,2024-09-18,0300,N20,VIIRS,n,2,285.54,7.08,N,0
41.03724,-8.02817,346.09,0.49,0.48,2024-09-18,0300,N20,VIIRS,n,2,292.84,10.9,N,0
41.05903,-8.11953,300.59,0.48,0.48,2024-09-18,0300,N20,VIIRS,n,2,288.17,1.04,N,0
41.03837,-8.03292,300,0.49,0.48,2024-09-18,0300,N20,VIIRS,n,2,286.62,10.9,N,0
41.05019,-8.10201,347.83,0.48,0.48,2024-09-18,0300,N20,VIIRS,n,2,289.9,7.73,N,0
41.04893,-8.09674,334.5,0.48,0.48,2024-09-18,0300,N20,VIIRS,n,2,286.92,7.73,N,0
41.04763,-8.09131,345.13,0.48,0.48,2024-09-18,0300,N20,VIIRS,n,2,288.81,8.72,N,0
41.04628,-8.08562,342.33,0.48,0.48,2024-09-18,0300,N20,VIIRS,n,2,289.21,8.72,N,0
41.03623,-8.04362,344.88,0.49,0.48,2024-09-18,0300,N20,VIIRS,n,2,292.47,22.02,N,0
41.0351,-8.03888,323.06,0.49,0.48,2024-09-18,0300,N20,VIIRS,n,2,296.19,22.02,N,0
41.0448,-8.07947,307.19,0.48,0.48,2024-09-18,0300,N20,VIIRS,n,2,284.77,1.56,N,0
41.04021,-8.0603,306.87,0.49,0.48,2024-09-18,0300,N20,VIIRS,n,2,287.18,1.38,N,0
41.03741,-8.0486,312.7,0.49,0.48,2024-09-18,0300,N20,VIIRS,n,2,287.67,2.83,N,0
41.04611,-8.10452,323.86,0.48,0.48,2024-09-18,0300,N20,VIIRS,n,2,288.92,3.31,N,0
41.03636,-8.06375,320.25,0.49,0.48,2024-09-18,0300,N20,VIIRS,n,2,285.96,2.47,N,0
41.04482,-8.09911,303.4,0.48,0.48,2024-09-18,0300,N20,VIIRS,n,2,287.47,3.31,N,0
41.04353,-8.09369,306,0.48,0.48,2024-09-18,0300,N20,VIIRS,n,2,286.53,2.04,N,0
41.04221,-8.0882,308.19,0.48,0.48,2024-09-18,0300,N20,VIIRS,n,2,285.2,2.04,N,0
41.04073,-8.08201,304.75,0.48,0.48,2024-09-18,0300,N20,VIIRS,n,2,285.62,1.53,N,0
41.03475,-8.05704,300.09,0.49,0.48,2024-09-18,0300,N20,VIIRS,n,2,286.77,2,N,0
41.04199,-8.10684,336.45,0.48,0.48,2024-09-18,0300,N20,VIIRS,n,2,286.9,3.31,N,0
41.11849,-8.42913,316.27,0.46,0.47,2024-09-18,0300,N20,VIIRS,n,2,290.66,1.85,N,0
41.03115,-8.08112,308.54,0.48,0.48,2024-09-18,0300,N20,VIIRS,n,2,284.13,1.44,N,0
41.1161,-8.45792,310.73,0.46,0.47,2024-09-18,0300,N20,VIIRS,n,2,291.14,1.44,N,0
41.11445,-8.47036,349.52,0.46,0.47,2024-09-18,0300,N20,VIIRS,n,2,293.56,11.25,N,0
41.11148,-8.47718,325.12,0.46,0.47,2024-09-18,0300,N20,VIIRS,n,2,293.19,3.1,N,0
41.1102,-8.47173,343.17,0.46,0.47,2024-09-18,0300,N20,VIIRS,n,2,298.42,11.25,N,0
41.11272,-8.48242,305.32,0.46,0.47,2024-09-18,0300,N20,VIIRS,n,2,291.27,3.1,N,0
41.10893,-8.46638,305.29,0.46,0.47,2024-09-18,0300,N20,VIIRS,n,2,291.93,11.25,N,0
41.03142,-8.08151,306.96,0.48,0.48,2024-09-18,0300,N20,VIIRS,n,2,284.03,1.09,N,0
41.11434,-8.45937,310.92,0.46,0.47,2024-09-18,0300,N20,VIIRS,n,2,291.96,1.19,N,0
41.11263,-8.47184,346.17,0.46,0.47,2024-09-18,0300,N20,VIIRS,n,2,298.21,7,N,0
41.11137,-8.46635,331.26,0.46,0.47,2024-09-18,0300,N20,VIIRS,n,2,294.81,13.49,N,0
41.11384,-8.47709,308.48,0.46,0.47,2024-09-18,0300,N20,VIIRS,n,2,291.17,7,N,0
41.10962,-8.47863,324.73,0.46,0.47,2024-09-18,0300,N20,VIIRS,n,2,294.55,7,N,0
41.11084,-8.48391,315.56,0.46,0.47,2024-09-18,0300,N20,VIIRS,n,2,292.67,1.94,N,0
41.10838,-8.47326,305.2,0.46,0.47,2024-09-18,0300,N20,VIIRS,n,2,291.42,7,N,0
41.11159,-8.50704,330.23,0.46,0.47,2024-09-18,0300,N20,VIIRS,n,2,292.33,3.24,N,0
41.10663,-8.48549,307.29,0.46,0.47,2024-09-18,0300,N20,VIIRS,n,2,292.76,1.12,N,0
41.09102,-8.41786,302.03,0.46,0.47,2024-09-18,0300,N20,VIIRS,n,2,290.71,2.38,N,0
41.08178,-8.39775,341.27,0.47,0.47,2024-09-18,0300,N20,VIIRS,n,2,296.41,9.49,N,0
41.0806,-8.39264,341.4,0.47,0.47,2024-09-18,0300,N20,VIIRS,n,2,298.96,9.49,N,0
41.08924,-8.43,308.47,0.46,0.47,2024-09-18,0300,N20,VIIRS,n,2,291.87,1.28,N,0
41.08799,-8.42459,308.54,0.46,0.47,2024-09-18,0300,N20,VIIRS,n,2,291.21,1.28,N,0
41.07862,-8.40394,341.97,0.47,0.47,2024-09-18,0300,N20,VIIRS,n,2,297.48,20.9,N,0
41.07743,-8.3988,346.91,0.47,0.47,2024-09-18,0300,N20,VIIRS,n,2,308.26,28.99,N,0
41.08874,-8.44768,303.15,0.46,0.47,2024-09-18,0300,N20,VIIRS,n,2,291.61,2.76,N,0
41.08758,-8.44266,307.47,0.46,0.47,2024-09-18,0300,N20,VIIRS,n,2,293.07,2.85,N,0
41.08509,-8.43192,303.91,0.46,0.47,2024-09-18,0300,N20,VIIRS,n,2,292,1.26,N,0
41.0838,-8.4263,311.45,0.46,0.47,2024-09-18,0300,N20,VIIRS,n,2,291.51,1.26,N,0
41.08123,-8.41521,305.22,0.47,0.47,2024-09-18,0300,N20,VIIRS,n,2,292.29,1.96,N,0
41.07993,-8.4096,307.15,0.47,0.47,2024-09-18,0300,N20,VIIRS,n,2,292.92,20.9,N,0
41.07625,-8.39373,304.49,0.47,0.47,2024-09-18,0300,N20,VIIRS,n,2,291.27,28.99,N,0
41.00054,-8.0695,304.06,0.49,0.48,2024-09-18,0300,N20,VIIRS,n,2,285.48,1.59,N,0
41.08448,-8.44904,336.87,0.46,0.47,2024-09-18,0300,N20,VIIRS,n,2,300.99,2.76,N,0
41.0833,-8.44397,328.86,0.46,0.47,2024-09-18,0300,N20,VIIRS,n,2,298.98,2.85,N,0
41.07565,-8.41093,327.9,0.47,0.47,2024-09-18,0300,N20,VIIRS,n,2,293.46,20.9,N,0
41.07434,-8.40528,349.2,0.47,0.47,2024-09-18,0300,N20,VIIRS,n,2,302.05,20.9,N,0
41.08564,-8.45406,313.38,0.46,0.47,2024-09-18,0300,N20,VIIRS,n,2,294.14,2.76,N,0
41.08211,-8.43885,316.67,0.46,0.47,2024-09-18,0300,N20,VIIRS,n,2,294.9,2.85,N,0
41.08089,-8.43356,305.42,0.46,0.47,2024-09-18,0300,N20,VIIRS,n,2,291.96,1.26,N,0
41.07963,-8.42811,313.44,0.46,0.47,2024-09-18,0300,N20,VIIRS,n,2,293.42,1.26,N,0
41.07829,-8.42231,317.86,0.46,0.47,2024-09-18,0300,N20,VIIRS,n,2,292.46,1.96,N,0
41.07698,-8.41667,314.81,0.47,0.47,2024-09-18,0300,N20,VIIRS,n,2,292.96,1.96,N,0
41.07313,-8.40007,316.87,0.47,0.47,2024-09-18,0300,N20,VIIRS,n,2,294.67,28.99,N,0
41.08257,-8.46062,326.38,0.46,0.47,2024-09-18,0300,N20,VIIRS,n,2,294.25,32.79,N,0
41.08139,-8.4555,367,0.46,0.47,2024-09-18,0300,N20,VIIRS,h,2,300.57,33.74,N,0
41.08021,-8.45039,355.46,0.46,0.47,2024-09-18,0300,N20,VIIRS,n,2,308.99,33.74,N,0
41.07901,-8.44523,353.35,0.46,0.47,2024-09-18,0300,N20,VIIRS,n,2,313.64,39.58,N,0
41.07782,-8.4401,329.12,0.46,0.47,2024-09-18,0300,N20,VIIRS,n,2,323.47,39.58,N,0
41.07661,-8.43492,367,0.46,0.47,2024-09-18,0300,N20,VIIRS,h,2,298.6,14.84,N,0
41.07538,-8.4296,355.14,0.46,0.47,2024-09-18,0300,N20,VIIRS,n,2,300.03,14.84,N,0
41.07408,-8.42398,338.98,0.46,0.47,2024-09-18,0300,N20,VIIRS,n,2,294.15,4.21,N,0
41.08379,-8.46588,310.97,0.46,0.47,2024-09-18,0300,N20,VIIRS,n,2,292.21,32.79,N,0
41.07275,-8.41827,304.05,0.47,0.47,2024-09-18,0300,N20,VIIRS,n,2,291.53,4.21,N,0
41.07956,-8.46738,344.13,0.46,0.47,2024-09-18,0300,N20,VIIRS,n,2,311.32,32.79,N,0
41.07837,-8.46223,344.04,0.46,0.47,2024-09-18,0300,N20,VIIRS,n,2,309.89,32.79,N,0
41.07717,-8.45707,354.15,0.46,0.47,2024-09-18,0300,N20,VIIRS,n,2,302.96,33.74,N,0
41.07597,-8.45191,347.68,0.46,0.47,2024-09-18,0300,N20,VIIRS,n,2,306.75,33.74,N,0
41.07475,-8.44666,338.9,0.46,0.47,2024-09-18,0300,N20,VIIRS,n,2,299.6,39.58,N,0
41.08077,-8.47257,307,0.46,0.47,2024-09-18,0300,N20,VIIRS,n,2,291.1,3.95,N,0
41.07352,-8.44134,318.81,0.46,0.47,2024-09-18,0300,N20,VIIRS,n,2,292.13,39.58,N,0
41.07232,-8.43617,302.1,0.46,0.47,2024-09-18,0300,N20,VIIRS,n,2,291.28,14.84,N,0
40.98802,-8.07602,296.72,0.49,0.48,2024-09-18,0300,N20,VIIRS,n,2,283.07,0.53,N,0
40.98666,-8.07028,295.42,0.49,0.48,2024-09-18,0300,N20,VIIRS,n,2,283.98,0.53,N,0
41.07536,-8.469,328.33,0.46,0.47,2024-09-18,0300,N20,VIIRS,n,2,292.18,2.36,N,0
41.0766,-8.47438,301.99,0.46,0.47,2024-09-18,0300,N20,VIIRS,n,2,291.66,2.22,N,0
41.07413,-8.4637,307.35,0.46,0.47,2024-09-18,0300,N20,VIIRS,n,2,290.9,2.36,N,3
41.07294,-8.45856,305.16,0.46,0.47,2024-09-18,0300,N20,VIIRS,n,2,290.95,0.95,N,0
41.07174,-8.4534,301.9,0.46,0.47,2024-09-18,0300,N20,VIIRS,n,2,290.61,0.95,N,0
40.97633,-8.12557,302.45,0.48,0.48,2024-09-18,0300,N20,VIIRS,n,2,289.44,16.33,N,0
40.97328,-8.13243,355.47,0.48,0.48,2024-09-18,0300,N20,VIIRS,n,2,297.29,24.84,N,0
40.97214,-8.12764,355.35,0.48,0.48,2024-09-18,0300,N20,VIIRS,n,2,299.59,16.33,N,0
40.97097,-8.12271,338,0.48,0.48,2024-09-18,0300,N20,VIIRS,n,2,296.72,16.33,N,0
40.904,-7.8419,329.76,0.5,0.49,2024-09-18,0300,N20,VIIRS,n,2,286.91,4.29,N,0
40.96976,-8.11762,301.09,0.48,0.48,2024-09-18,0300,N20,VIIRS,n,2,288.1,1.61,N,0
40.90273,-7.83663,310.77,0.5,0.49,2024-09-18,0300,N20,VIIRS,n,2,287.22,2.69,N,0
40.97017,-8.13905,344.33,0.48,0.48,2024-09-18,0300,N20,VIIRS,n,2,294.19,25.48,N,0
40.96901,-8.13413,345.81,0.48,0.48,2024-09-18,0300,N20,VIIRS,n,2,297.72,25.48,N,0
40.96784,-8.12921,334.88,0.48,0.48,2024-09-18,0300,N20,VIIRS,n,2,306.57,31.62,N,0
40.96668,-8.12435,345.94,0.48,0.48,2024-09-18,0300,N20,VIIRS,n,2,299.69,31.62,N,0
40.9655,-8.11938,348.87,0.48,0.48,2024-09-18,0300,N20,VIIRS,n,2,312.56,35.73,N,0
40.96417,-8.11375,343.38,0.48,0.48,2024-09-18,0300,N20,VIIRS,n,2,290.61,35.73,N,0
40.96262,-8.10726,336.33,0.48,0.48,2024-09-18,0300,N20,VIIRS,n,2,291.05,42.59,N,0
40.95683,-8.08287,341.95,0.49,0.48,2024-09-18,0300,N20,VIIRS,n,2,292,37.92,N,0
40.95561,-8.07776,350.81,0.49,0.48,2024-09-18,0300,N20,VIIRS,n,2,293.78,37.92,N,0
40.95447,-8.07295,339.88,0.49,0.48,2024-09-18,0300,N20,VIIRS,n,2,294.19,25.55,N,0
40.90357,-7.85991,341.98,0.5,0.49,2024-09-18,0300,N20,VIIRS,n,2,289.9,4.43,N,0
40.90228,-7.85457,342.15,0.5,0.49,2024-09-18,0300,N20,VIIRS,n,2,291.09,4.43,N,0
40.90101,-7.84927,330.76,0.5,0.49,2024-09-18,0300,N20,VIIRS,n,2,289.22,4.67,N,0
40.89714,-7.83313,326.04,0.5,0.49,2024-09-18,0300,N20,VIIRS,n,2,290.09,3.09,N,0
40.96109,-8.10078,313.45,0.49,0.48,2024-09-18,0300,N20,VIIRS,n,2,289.66,42.59,N,0
40.95959,-8.0945,306.85,0.49,0.48,2024-09-18,0300,N20,VIIRS,n,2,289.27,14.15,N,0
40.95814,-8.08836,310.82,0.49,0.48,2024-09-18,0300,N20,VIIRS,n,2,289.56,14.15,N,0
40.94853,-8.04797,307.91,0.49,0.48,2024-09-18,0300,N20,VIIRS,n,2,288.44,52.91,N,0
40.94178,-8.01963,300.54,0.49,0.49,2024-09-18,0300,N20,VIIRS,n,2,288.69,73.43,N,0
40.94046,-8.01413,303.05,0.49,0.49,2024-09-18,0300,N20,VIIRS,n,2,288.98,73.43,N,0
40.93925,-8.00905,303.09,0.49,0.49,2024-09-18,0300,N20,VIIRS,n,2,288.01,47.59,N,0
40.93804,-8.00399,309.74,0.49,0.49,2024-09-18,0300,N20,VIIRS,n,2,287.08,47.59,N,0
40.89974,-7.84397,319.06,0.5,0.49,2024-09-18,0300,N20,VIIRS,n,2,289.46,4.67,N,0
40.89845,-7.83858,296.33,0.5,0.49,2024-09-18,0300,N20,VIIRS,n,2,285.83,3.09,N,0
40.89581,-7.82762,315.06,0.5,0.49,2024-09-18,0300,N20,VIIRS,n,2,286.98,2.31,N,0
40.96585,-8.14054,327.03,0.48,0.48,2024-09-18,0300,N20,VIIRS,n,2,290.61,25.48,N,0
40.96465,-8.1355,367,0.48,0.48,2024-09-18,0300,N20,VIIRS,h,2,299.29,25.48,N,0
40.96347,-8.13051,338.68,0.48,0.48,2024-09-18,0300,N20,VIIRS,n,2,310.03,31.62,N,0
40.96234,-8.12575,324.06,0.48,0.48,2024-09-18,0300,N20,VIIRS,n,2,293.36,31.62,N,0
40.96116,-8.1208,346.97,0.48,0.48,2024-09-18,0300,N20,VIIRS,n,2,295.89,35.73,N,0
40.9598,-8.11505,340.39,0.48,0.48,2024-09-18,0300,N20,VIIRS,n,2,310.29,35.73,N,0
40.95824,-8.10852,349.63,0.48,0.48,2024-09-18,0300,N20,VIIRS,n,2,309.03,42.59,N,0
40.95666,-8.10187,336.55,0.49,0.48,2024-09-18,0300,N20,VIIRS,n,2,307.31,42.59,N,0
40.95509,-8.09529,348.82,0.49,0.48,2024-09-18,0300,N20,VIIRS,n,2,297.64,14.15,N,0
40.95369,-8.08941,367,0.49,0.48,2024-09-18,0300,N20,VIIRS,h,2,305.72,14.15,N,0
40.95243,-8.08412,348.71,0.49,0.48,2024-09-18,0300,N20,VIIRS,n,2,319.9,37.92,N,0
40.95123,-8.07905,349.74,0.49,0.48,2024-09-18,0300,N20,VIIRS,n,2,314.67,37.92,N,0
40.95006,-8.07413,352.93,0.49,0.48,2024-09-18,0300,N20,VIIRS,n,2,303.5,25.55,N,0
40.94885,-8.06905,334.8,0.49,0.48,2024-09-18,0300,N20,VIIRS,n,2,298.13,25.55,N,0
40.94519,-8.05368,338.4,0.49,0.48,2024-09-18,0300,N20,VIIRS,n,2,289.66,52.91,N,0
40.94395,-8.0485,329.11,0.49,0.48,2024-09-18,0300,N20,VIIRS,n,2,327.55,52.91,N,0
40.94266,-8.04306,325.76,0.49,0.48,2024-09-18,0300,N20,VIIRS,n,2,309.4,47.09,N,0
40.93722,-8.02027,350.91,0.49,0.49,2024-09-18,0300,N20,VIIRS,n,2,309.25,73.43,N,0
40.93602,-8.01523,367,0.49,0.49,2024-09-18,0300,N20,VIIRS,h,2,343.57,73.43,N,0
40.93483,-8.01025,334.56,0.49,0.49,2024-09-18,0300,N20,VIIRS,n,2,333.93,47.59,N,0
40.93364,-8.00528,333,0.49,0.49,2024-09-18,0300,N20,VIIRS,n,2,319.04,47.59,N,0
40.94125,-8.03714,304.34,0.49,0.49,2024-09-18,0300,N20,VIIRS,n,2,288.66,47.09,N,0
40.93854,-8.02579,318.69,0.49,0.49,2024-09-18,0300,N20,VIIRS,n,2,289.14,8.18,N,0
40.93216,-7.99905,305.59,0.49,0.49,2024-09-18,0300,N20,VIIRS,n,2,289.14,10.24,N,0
40.90196,-7.873,298.04,0.5,0.49,2024-09-18,0300,N20,VIIRS,n,2,285.71,1.06,N,0
40.90058,-7.86726,301.62,0.5,0.49,2024-09-18,0300,N20,VIIRS,n,2,285.8,1.06,N,0
40.89929,-7.8619,297.36,0.5,0.49,2024-09-18,0300,N20,VIIRS,n,2,285.04,4.43,N,0
40.89803,-7.85665,296.24,0.5,0.49,2024-09-18,0300,N20,VIIRS,n,2,284.85,4.43,N,0
40.96395,-8.15224,367,0.48,0.48,2024-09-18,0300,N20,VIIRS,h,2,303.98,11.5,N,0
40.96275,-8.14715,353.31,0.48,0.48,2024-09-18,0300,N20,VIIRS,n,2,302.57,11.5,N,0
40.96153,-8.14204,346.86,0.48,0.48,2024-09-18,0300,N20,VIIRS,n,2,307,24.81,N,0
40.96031,-8.13692,354.82,0.48,0.48,2024-09-18,0300,N20,VIIRS,n,2,307.48,24.81,N,0
40.95536,-8.11611,340.92,0.48,0.48,2024-09-18,0300,N20,VIIRS,n,2,297.82,22.33,N,0
40.95382,-8.10965,343.37,0.48,0.48,2024-09-18,0300,N20,VIIRS,n,2,296.43,19.76,N,0
40.95225,-8.10303,347,0.49,0.48,2024-09-18,0300,N20,VIIRS,n,2,298.12,19.76,N,0
40.9507,-8.09652,349.6,0.49,0.48,2024-09-18,0300,N20,VIIRS,n,2,299.62,14.02,N,0
40.94938,-8.09099,339.47,0.49,0.48,2024-09-18,0300,N20,VIIRS,n,2,300.6,14.02,N,0
40.94817,-8.0859,350.83,0.49,0.48,2024-09-18,0300,N20,VIIRS,n,2,303.32,29.79,N,0
40.94693,-8.08071,344.08,0.49,0.48,2024-09-18,0300,N20,VIIRS,n,2,315.5,29.79,N,0
40.94564,-8.0753,367,0.49,0.48,2024-09-18,0300,N20,VIIRS,h,2,306.76,14.97,N,0
40.94434,-8.06984,354.63,0.49,0.48,2024-09-18,0300,N20,VIIRS,n,2,312.73,14.97,N,0
40.94312,-8.06472,327.57,0.49,0.48,2024-09-18,0300,N20,VIIRS,n,2,290.06,4.71,N,0
40.94062,-8.05422,338.87,0.49,0.48,2024-09-18,0300,N20,VIIRS,n,2,294.44,4.23,N,0
40.93806,-8.04352,341.62,0.49,0.48,2024-09-18,0300,N20,VIIRS,n,2,294.44,5.55,N,0
40.93406,-8.02676,356.02,0.49,0.49,2024-09-18,0300,N20,VIIRS,n,2,297.99,12.18,N,0
40.93283,-8.0216,348.25,0.49,0.49,2024-09-18,0300,N20,VIIRS,n,2,302.07,13.4,N,0
40.93164,-8.0166,339.05,0.49,0.49,2024-09-18,0300,N20,VIIRS,n,2,297.08,13.4,N,0
40.92918,-8.00634,340.9,0.49,0.49,2024-09-18,0300,N20,VIIRS,n,2,301.4,30.93,N,0
40.96519,-8.15744,302.38,0.48,0.48,2024-09-18,0300,N20,VIIRS,n,2,290.29,2.62,N,0
40.95913,-8.13196,308.79,0.48,0.48,2024-09-18,0300,N20,VIIRS,n,2,289.92,3.69,N,0
40.95797,-8.12706,315.27,0.48,0.48,2024-09-18,0300,N20,VIIRS,n,2,290.75,3.69,N,0
40.93938,-8.04907,307.87,0.49,0.48,2024-09-18,0300,N20,VIIRS,n,2,290.79,4.23,N,0
40.93663,-8.03751,303.2,0.49,0.49,2024-09-18,0300,N20,VIIRS,n,2,289.59,5.55,N,0
40.93532,-8.03204,307.1,0.49,0.49,2024-09-18,0300,N20,VIIRS,n,2,288.48,12.18,N,0
40.93044,-8.01157,306.28,0.49,0.49,2024-09-18,0300,N20,VIIRS,n,2,289.27,30.93,N,0
40.96852,-8.19114,322.54,0.48,0.48,2024-09-18,0300,N20,VIIRS,n,2,290.3,2.31,N,0
40.96454,-8.17438,344,0.48,0.48,2024-09-18,0300,N20,VIIRS,n,2,306.32,32.64,N,0
40.96331,-8.16921,341.22,0.48,0.48,2024-09-18,0300,N20,VIIRS,n,2,297.63,32.64,N,0
40.96091,-8.15909,333.92,0.48,0.48,2024-09-18,0300,N20,VIIRS,n,2,291.59,2.62,N,0
40.95966,-8.15388,337.15,0.48,0.48,2024-09-18,0300,N20,VIIRS,n,2,295,11.5,N,0
40.95845,-8.14874,325.97,0.48,0.48,2024-09-18,0300,N20,VIIRS,n,2,295.71,11.5,N,0
40.95722,-8.14357,327.58,0.48,0.48,2024-09-18,0300,N20,VIIRS,n,2,292.7,24.81,N,0
40.9493,-8.11032,330.21,0.48,0.48,2024-09-18,0300,N20,VIIRS,n,2,290.22,19.76,N,0
40.94778,-8.10396,345.63,0.49,0.48,2024-09-18,0300,N20,VIIRS,n,2,293.67,19.76,N,0
40.94628,-8.09766,355.31,0.49,0.48,2024-09-18,0300,N20,VIIRS,n,2,304.86,14.02,N,0
40.94502,-8.09237,353.06,0.49,0.48,2024-09-18,0300,N20,VIIRS,n,2,302.93,14.02,N,0
40.94381,-8.08731,351.68,0.49,0.48,2024-09-18,0300,N20,VIIRS,n,2,303.35,29.79,N,0
40.93983,-8.07062,321.88,0.49,0.48,2024-09-18,0300,N20,VIIRS,n,2,293.75,14.97,N,0
40.93736,-8.06026,322.56,0.49,0.48,2024-09-18,0300,N20,VIIRS,n,2,290.39,4.71,N,0
40.93607,-8.05488,334.53,0.49,0.48,2024-09-18,0300,N20,VIIRS,n,2,294.67,4.23,N,0
40.9321,-8.03826,331.62,0.49,0.49,2024-09-18,0300,N20,VIIRS,n,2,293.5,5.55,N,0
40.92308,-8.00054,340.43,0.49,0.49,2024-09-18,0300,N20,VIIRS,n,2,295.83,76.54,N,0
40.96725,-8.18579,316.59,0.48,0.48,2024-09-18,0300,N20,VIIRS,n,2,292.15,4.43,N,0
40.96582,-8.17976,310.87,0.48,0.48,2024-09-18,0300,N20,VIIRS,n,2,291.98,4.43,N,0
40.96212,-8.16419,306.71,0.48,0.48,2024-09-18,0300,N20,VIIRS,n,2,290.78,2.62,N,0
40.95599,-8.1384,305.72,0.48,0.48,2024-09-18,0300,N20,VIIRS,n,2,290.09,24.81,N,0
40.95086,-8.11685,303.07,0.48,0.48,2024-09-18,0300,N20,VIIRS,n,2,289.92,22.33,N,0
40.94249,-8.08176,306.6,0.49,0.48,2024-09-18,0300,N20,VIIRS,n,2,290.56,29.79,N,0
40.94112,-8.07604,313.48,0.49,0.48,2024-09-18,0300,N20,VIIRS,n,2,291.93,14.97,N,0
40.9386,-8.06547,311.79,0.49,0.48,2024-09-18,0300,N20,VIIRS,n,2,292.4,4.71,N,0
40.93348,-8.04403,318.03,0.49,0.48,2024-09-18,0300,N20,VIIRS,n,2,292.1,5.55,N,0
40.92457,-8.00678,309.85,0.49,0.49,2024-09-18,0300,N20,VIIRS,n,2,288.52,30.93,N,0
40.96315,-8.18816,348.84,0.48,0.48,2024-09-18,0300,N20,VIIRS,n,2,295.86,15.82,N,0
40.96169,-8.18202,349.36,0.48,0.48,2024-09-18,0300,N20,VIIRS,n,2,297,15.82,N,0
40.96024,-8.17595,355.41,0.48,0.48,2024-09-18,0300,N20,VIIRS,n,2,300.85,13.92,N,0
40.95899,-8.17069,350.68,0.48,0.48,2024-09-18,0300,N20,VIIRS,n,2,301.73,13.92,N,0
40.95784,-8.16585,345.54,0.48,0.48,2024-09-18,0300,N20,VIIRS,n,2,296.69,21.06,N,0
40.95671,-8.16108,345.7,0.48,0.48,2024-09-18,0300,N20,VIIRS,n,2,309.77,21.06,N,0
40.94196,-8.09921,332.22,0.49,0.48,2024-09-18,0300,N20,VIIRS,n,2,292.44,3.88,N,0
40.94067,-8.09379,331.01,0.49,0.48,2024-09-18,0300,N20,VIIRS,n,2,294.23,3.88,N,0
40.93941,-8.08852,332.56,0.49,0.48,2024-09-18,0300,N20,VIIRS,n,2,297.34,3.59,N,0
40.938,-8.08263,338.51,0.49,0.48,2024-09-18,0300,N20,VIIRS,n,2,291.99,3.59,N,0
40.96701,-8.2044,304.45,0.48,0.48,2024-09-18,0300,N20,VIIRS,n,2,290.99,1.12,N,0
40.96439,-8.19338,311.51,0.48,0.48,2024-09-18,0300,N20,VIIRS,n,2,290.3,4.53,N,0
40.95543,-8.1557,315.64,0.48,0.48,2024-09-18,0300,N20,VIIRS,n,2,291.94,3.03,N,0
40.95419,-8.15048,304.99,0.48,0.48,2024-09-18,0300,N20,VIIRS,n,2,291.4,3.03,N,0
40.95296,-8.14536,314.21,0.48,0.48,2024-09-18,0300,N20,VIIRS,n,2,290.35,3.45,N,0
40.94334,-8.10501,310.7,0.49,0.48,2024-09-18,0300,N20,VIIRS,n,2,291.26,2.1,N,0
40.93665,-8.07697,304.21,0.49,0.48,2024-09-18,0300,N20,VIIRS,n,2,290.81,2.44,N,0
40.93535,-8.07154,319.92,0.49,0.48,2024-09-18,0300,N20,VIIRS,n,2,293.12,2.44,N,0
40.9341,-8.06629,305.67,0.49,0.48,2024-09-18,0300,N20,VIIRS,n,2,291.85,3.22,N,0
40.95895,-8.19013,351.48,0.48,0.48,2024-09-18,0300,N20,VIIRS,n,2,302.32,15.82,N,0
40.95747,-8.1839,329.27,0.48,0.48,2024-09-18,0300,N20,VIIRS,n,2,294.41,15.82,N,0
40.95596,-8.17754,344.2,0.48,0.48,2024-09-18,0300,N20,VIIRS,n,2,296.2,13.92,N,0
40.95465,-8.17205,349.95,0.48,0.48,2024-09-18,0300,N20,VIIRS,n,2,297.47,13.92,N,0
40.91533,-8.0076,321.82,0.49,0.49,2024-09-18,0300,N20,VIIRS,n,2,290.59,2.53,N,0
40.95354,-8.16743,312.05,0.48,0.48,2024-09-18,0300,N20,VIIRS,n,2,293.99,21.06,N,0
40.95247,-8.16289,308.81,0.48,0.48,2024-09-18,0300,N20,VIIRS,n,2,292.6,21.06,N,0
40.95127,-8.15788,304.57,0.48,0.48,2024-09-18,0300,N20,VIIRS,n,2,291.96,3.03,N,0
40.94032,-8.11201,304.87,0.48,0.48,2024-09-18,0300,N20,VIIRS,n,2,291.02,2.1,N,0
40.93634,-8.09531,302.56,0.49,0.48,2024-09-18,0300,N20,VIIRS,n,2,289.5,3.88,N,0
40.93505,-8.08992,303.26,0.49,0.48,2024-09-18,0300,N20,VIIRS,n,2,288.67,3.59,N,0
40.9337,-8.08428,301.97,0.49,0.48,2024-09-18,0300,N20,VIIRS,n,2,288.76,3.59,N,0
40.95469,-8.1918,340.75,0.48,0.48,2024-09-18,0300,N20,VIIRS,n,2,293.67,11.08,N,0
40.95322,-8.18564,367,0.48,0.48,2024-09-18,0300,N20,VIIRS,h,2,299.21,11.08,N,0
40.95169,-8.17925,356.34,0.48,0.48,2024-09-18,0300,N20,VIIRS,n,2,304.35,12.85,N,0
40.95045,-8.17407,343.75,0.48,0.48,2024-09-18,0300,N20,VIIRS,n,2,298.14,12.85,N,0
40.91086,-8.00862,342.21,0.49,0.49,2024-09-18,0300,N20,VIIRS,n,2,294.91,8.43,N,0
40.88962,-7.92034,329.89,0.5,0.49,2024-09-18,0300,N20,VIIRS,n,2,288.06,3.57,N,0
40.88825,-7.91466,339.55,0.5,0.49,2024-09-18,0300,N20,VIIRS,n,2,289.13,3.3,N,0
40.94933,-8.16935,312.11,0.48,0.48,2024-09-18,0300,N20,VIIRS,n,2,294.52,7,N,0
40.94825,-8.16482,307.78,0.48,0.48,2024-09-18,0300,N20,VIIRS,n,2,293.13,7,N,0
40.94709,-8.15994,304.72,0.48,0.48,2024-09-18,0300,N20,VIIRS,n,2,292.01,2.01,N,0
40.94053,-8.13248,308.81,0.48,0.48,2024-09-18,0300,N20,VIIRS,n,2,290.69,22.76,N,0
40.93597,-8.1134,313.47,0.48,0.48,2024-09-18,0300,N20,VIIRS,n,2,291.6,3.65,N,0
40.91217,-8.01409,310.27,0.49,0.49,2024-09-18,0300,N20,VIIRS,n,2,290.92,8.43,N,0
40.891,-7.92608,312.74,0.5,0.49,2024-09-18,0300,N20,VIIRS,n,2,285.27,3.57,N,0
40.94744,-8.18104,337.41,0.48,0.48,2024-09-18,0300,N20,VIIRS,n,2,292.52,12.85,N,0
40.94621,-8.17586,341.66,0.48,0.48,2024-09-18,0300,N20,VIIRS,n,2,292.69,12.85,N,0
40.94508,-8.17112,346.41,0.48,0.48,2024-09-18,0300,N20,VIIRS,n,2,301.66,7,N,0
40.94392,-8.16625,334.95,0.48,0.48,2024-09-18,0300,N20,VIIRS,n,2,296.77,7,N,0
40.94274,-8.1613,320.08,0.48,0.48,2024-09-18,0300,N20,VIIRS,n,2,295.1,2.01,N,0
40.93889,-8.14519,347.35,0.48,0.48,2024-09-18,0300,N20,VIIRS,n,2,293.23,11.26,N,0
40.93745,-8.13914,349.08,0.48,0.48,2024-09-18,0300,N20,VIIRS,n,2,306.12,22.76,N,0
40.93609,-8.13348,335.19,0.48,0.48,2024-09-18,0300,N20,VIIRS,n,2,298.26,22.76,N,0
40.9092,-8.02135,348.76,0.49,0.49,2024-09-18,0300,N20,VIIRS,n,2,292.39,10.72,N,0
40.90789,-8.0159,338.46,0.49,0.49,2024-09-18,0300,N20,VIIRS,n,2,293.73,8.43,N,0
40.94888,-8.18705,305.66,0.48,0.48,2024-09-18,0300,N20,VIIRS,n,2,291.59,11.08,N,0
40.9415,-8.1561,305.96,0.48,0.48,2024-09-18,0300,N20,VIIRS,n,2,291.76,2.01,N,0
40.93468,-8.12756,306.18,0.48,0.48,2024-09-18,0300,N20,VIIRS,n,2,291.3,3.79,N,0
40.8867,-7.92787,312.9,0.5,0.49,2024-09-18,0300,N20,VIIRS,n,2,287.99,3.57,N,0
40.88399,-7.91666,308.1,0.5,0.49,2024-09-18,0300,N20,VIIRS,n,2,286.23,3.3,N,0
40.94067,-8.17222,341.37,0.48,0.48,2024-09-18,0300,N20,VIIRS,n,2,292.24,10.44,N,0
40.93948,-8.16724,348.52,0.48,0.48,2024-09-18,0300,N20,VIIRS,n,2,296.63,10.44,N,0
40.93829,-8.16224,337.9,0.48,0.48,2024-09-18,0300,N20,VIIRS,n,2,295.08,10.55,N,0
40.93704,-8.15704,367,0.48,0.48,2024-09-18,0300,N20,VIIRS,h,2,298.62,10.55,N,0
40.93574,-8.15159,335.59,0.48,0.48,2024-09-18,0300,N20,VIIRS,n,2,294.08,7.49,N,0
40.93437,-8.14589,356.52,0.48,0.48,2024-09-18,0300,N20,VIIRS,n,2,296.92,7.49,N,0
40.93297,-8.14002,356.53,0.48,0.48,2024-09-18,0300,N20,VIIRS,n,2,299.08,71.38,N,0
40.93164,-8.13445,335.99,0.48,0.48,2024-09-18,0300,N20,VIIRS,n,2,304.82,71.38,N,0
40.93031,-8.12888,333.69,0.48,0.48,2024-09-18,0300,N20,VIIRS,n,2,292.45,11.42,N,0
40.92881,-8.12267,325.02,0.48,0.48,2024-09-18,0300,N20,VIIRS,n,2,292.98,11.42,N,0
40.90505,-8.02369,354.22,0.49,0.49,2024-09-18,0300,N20,VIIRS,n,2,296.88,7,N,0
40.88397,-7.93621,338.81,0.5,0.49,2024-09-18,0300,N20,VIIRS,n,2,290.18,8.86,N,0
40.86081,-7.84051,325.92,0.5,0.49,2024-09-18,0300,N20,VIIRS,n,2,285.92,5.7,N,0
40.92751,-8.11721,304.66,0.48,0.48,2024-09-18,0300,N20,VIIRS,n,2,290.63,3.07,N,0
40.88248,-7.93003,315.51,0.5,0.49,2024-09-18,0300,N20,VIIRS,n,2,287.91,9.3,N,0
40.93116,-8.15203,320.67,0.48,0.48,2024-09-18,0300,N20,VIIRS,n,2,292.4,7.49,N,0
40.92979,-8.14628,323.14,0.48,0.48,2024-09-18,0300,N20,VIIRS,n,2,292.95,7.49,N,0
40.92855,-8.1411,345.31,0.48,0.48,2024-09-18,0300,N20,VIIRS,n,2,298.83,71.38,N,0
40.92727,-8.13577,324.64,0.48,0.48,2024-09-18,0300,N20,VIIRS,n,2,316.3,71.38,N,0
40.92591,-8.13013,352.9,0.48,0.48,2024-09-18,0300,N20,VIIRS,n,2,302.94,11.42,N,0
40.92448,-8.12413,322.59,0.48,0.48,2024-09-18,0300,N20,VIIRS,n,2,292.78,11.42,N,0
40.90222,-8.03151,326.56,0.49,0.49,2024-09-18,0300,N20,VIIRS,n,2,290.95,7,N,0
40.90094,-8.0262,353.14,0.49,0.49,2024-09-18,0300,N20,VIIRS,n,2,292.1,7,N,0
40.88379,-7.95504,323.31,0.5,0.49,2024-09-18,0300,N20,VIIRS,n,2,287.74,1.84,N,0
40.85638,-7.84188,338.97,0.5,0.49,2024-09-18,0300,N20,VIIRS,n,2,288.75,5.7,N,0
40.88516,-7.96073,300.65,0.49,0.49,2024-09-18,0300,N20,VIIRS,n,2,285.29,0.41,N,0
40.88249,-7.94967,301.09,0.5,0.49,2024-09-18,0300,N20,VIIRS,n,2,286.46,1.84,N,0
40.87968,-7.93808,309.77,0.5,0.49,2024-09-18,0300,N20,VIIRS,n,2,285.83,8.86,N,0
40.93085,-8.17028,349.14,0.48,0.48,2024-09-18,0300,N20,VIIRS,n,2,295.52,8.73,N,0
40.92953,-8.16474,343.14,0.48,0.48,2024-09-18,0300,N20,VIIRS,n,2,293.19,6.88,N,0
40.92815,-8.159,356.3,0.48,0.48,2024-09-18,0300,N20,VIIRS,n,2,296.52,6.88,N,0
40.92677,-8.15323,351.35,0.48,0.48,2024-09-18,0300,N20,VIIRS,n,2,294.73,7.34,N,0
40.92554,-8.14812,343.52,0.48,0.48,2024-09-18,0300,N20,VIIRS,n,2,294.73,7.34,N,0
40.92434,-8.14308,352.3,0.48,0.48,2024-09-18,0300,N20,VIIRS,n,2,296.91,14,N,0
40.92309,-8.13787,351.22,0.48,0.48,2024-09-18,0300,N20,VIIRS,n,2,296.3,14,N,0
40.92161,-8.13173,321.67,0.48,0.48,2024-09-18,0300,N20,VIIRS,n,2,293.41,4.67,N,0
40.92025,-8.12606,324.97,0.48,0.48,2024-09-18,0300,N20,VIIRS,n,2,293.63,4.67,N,0
40.91896,-8.1207,334.93,0.48,0.48,2024-09-18,0300,N20,VIIRS,n,2,293.45,4.11,N,0
40.89824,-8.03452,342.23,0.49,0.49,2024-09-18,0300,N20,VIIRS,n,2,294.51,5.15,N,0
40.88855,-7.9944,328.72,0.49,0.49,2024-09-18,0300,N20,VIIRS,n,2,288.75,38.9,N,0
40.88748,-7.98992,334.9,0.49,0.49,2024-09-18,0300,N20,VIIRS,n,2,312.28,56.31,N,0
40.88636,-7.98528,325.51,0.49,0.49,2024-09-18,0300,N20,VIIRS,n,2,322.25,56.31,N,0
40.88519,-7.9804,353.66,0.49,0.49,2024-09-18,0300,N20,VIIRS,n,2,300.69,15.98,N,0
40.88383,-7.97482,339.03,0.49,0.49,2024-09-18,0300,N20,VIIRS,n,2,292.52,15.98,N,0
40.88237,-7.96877,338.45,0.49,0.49,2024-09-18,0300,N20,VIIRS,n,2,287.59,7.41,N,0
40.88092,-7.96276,337.78,0.49,0.49,2024-09-18,0300,N20,VIIRS,n,2,294.77,7.41,N,0
40.87823,-7.95165,335.48,0.5,0.49,2024-09-18,0300,N20,VIIRS,n,2,287.17,4.68,N,0
40.87538,-7.93988,348.63,0.5,0.49,2024-09-18,0300,N20,VIIRS,n,2,290.17,13.43,N,0
40.85061,-7.83777,331.65,0.5,0.49,2024-09-18,0300,N20,VIIRS,n,2,287.82,13.76,N,0
40.91773,-8.11554,312,0.49,0.48,2024-09-18,0300,N20,VIIRS,n,2,292.61,4.11,N,0
40.91643,-8.11016,312.48,0.49,0.48,2024-09-18,0300,N20,VIIRS,n,2,292.47,3.34,N,0
40.89957,-8.04006,311.84,0.49,0.49,2024-09-18,0300,N20,VIIRS,n,2,292.52,2.1,N,0
40.87687,-7.94602,305.85,0.5,0.49,2024-09-18,0300,N20,VIIRS,n,2,286.37,13.43,N,0
40.92668,-8.17237,346.11,0.48,0.48,2024-09-18,0300,N20,VIIRS,n,2,297.22,8.73,N,0
40.92259,-8.15534,320.44,0.48,0.48,2024-09-18,0300,N20,VIIRS,n,2,294.55,7.34,N,0
40.8858,-8.00254,342.49,0.49,0.49,2024-09-18,0300,N20,VIIRS,n,2,302.92,38.9,N,0
40.88438,-7.99666,352.23,0.49,0.49,2024-09-18,0300,N20,VIIRS,n,2,301.67,38.9,N,0
40.88321,-7.99179,339.54,0.49,0.49,2024-09-18,0300,N20,VIIRS,n,2,298.18,56.31,N,0
40.87107,-7.94166,341.65,0.5,0.49,2024-09-18,0300,N20,VIIRS,n,2,301.59,13.43,N,0
40.84907,-7.85103,338.06,0.5,0.49,2024-09-18,0300,N20,VIIRS,n,2,286.67,21.86,N,0
40.84763,-7.8451,320.99,0.5,0.49,2024-09-18,0300,N20,VIIRS,n,2,296.5,13.76,N,0
40.84624,-7.83943,335.48,0.5,0.49,2024-09-18,0300,N20,VIIRS,n,2,288.8,13.76,N,0
40.92787,-8.17733,306.32,0.48,0.48,2024-09-18,0300,N20,VIIRS,n,2,290.14,8.73,N,0
40.92542,-8.16709,313.02,0.48,0.48,2024-09-18,0300,N20,VIIRS,n,2,293.82,6.88,N,0
40.924,-8.16122,311.88,0.48,0.48,2024-09-18,0300,N20,VIIRS,n,2,293,6.88,N,0
40.89426,-8.03753,319.28,0.49,0.49,2024-09-18,0300,N20,VIIRS,n,2,288.76,5.15,N,0
40.88722,-8.00842,317.17,0.49,0.49,2024-09-18,0300,N20,VIIRS,n,2,286.99,3.65,N,0
40.8821,-7.98718,319.4,0.49,0.49,2024-09-18,0300,N20,VIIRS,n,2,294.21,56.31,N,0
40.88087,-7.98215,308.93,0.49,0.49,2024-09-18,0300,N20,VIIRS,n,2,289.83,15.98,N,0
40.87805,-7.97044,301.31,0.49,0.49,2024-09-18,0300,N20,VIIRS,n,2,287.67,7.41,N,0
40.87255,-7.94773,298.21,0.5,0.49,2024-09-18,0300,N20,VIIRS,n,2,286.53,13.43,N,0
40.86956,-7.93541,304.23,0.5,0.49,2024-09-18,0300,N20,VIIRS,n,2,287.31,12.43,N,0
40.84485,-7.83369,304.58,0.5,0.49,2024-09-18,0300,N20,VIIRS,n,2,286.49,3.93,N,0
40.94114,-8.1732,322.86,0.48,0.48,2024-09-18,0300,N20,VIIRS,n,2,291.41,5.78,N,0
40.93997,-8.16819,347.35,0.48,0.48,2024-09-18,0300,N20,VIIRS,n,2,295.95,9.59,N,0
40.93882,-8.16322,338.29,0.48,0.48,2024-09-18,0300,N20,VIIRS,n,2,295.18,9.59,N,0
40.93761,-8.15808,353.28,0.48,0.48,2024-09-18,0300,N20,VIIRS,n,2,297.47,7.45,N,0
40.93635,-8.15267,348.31,0.48,0.48,2024-09-18,0300,N20,VIIRS,n,2,294.84,7.45,N,0
40.93504,-8.14705,344.14,0.48,0.48,2024-09-18,0300,N20,VIIRS,n,2,295.61,24.65,N,0
40.93367,-8.14111,367,0.48,0.48,2024-09-18,0300,N20,VIIRS,h,2,297.13,24.65,N,0
40.93234,-8.13545,344.75,0.48,0.48,2024-09-18,0300,N20,VIIRS,n,2,307.48,64.57,N,0
40.93106,-8.12992,327.45,0.48,0.48,2024-09-18,0300,N20,VIIRS,n,2,292.79,64.57,N,0
40.90633,-8.0241,347.89,0.49,0.49,2024-09-18,0300,N20,VIIRS,n,2,294.21,6.16,N,0
40.88432,-7.93029,320.4,0.5,0.49,2024-09-18,0300,N20,VIIRS,n,2,288.55,9.37,N,0
40.9296,-8.12369,319.1,0.48,0.48,2024-09-18,0300,N20,VIIRS,n,2,292.89,4.96,N,0
40.92829,-8.11803,312.1,0.49,0.48,2024-09-18,0300,N20,VIIRS,n,2,291.36,4.96,N,0
40.90503,-8.01855,308.15,0.49,0.49,2024-09-18,0300,N20,VIIRS,n,2,290.06,6.16,N,0
40.88295,-7.92448,299.35,0.5,0.49,2024-09-18,0300,N20,VIIRS,n,2,286.13,1.35,N,0
40.93047,-8.14744,327.07,0.48,0.48,2024-09-18,0300,N20,VIIRS,n,2,293.18,24.65,N,0
40.9292,-8.14198,342.82,0.48,0.48,2024-09-18,0300,N20,VIIRS,n,2,294.35,24.65,N,0
40.92797,-8.13671,367,0.48,0.48,2024-09-18,0300,N20,VIIRS,h,2,319.01,64.57,N,0
40.92667,-8.13115,353.18,0.48,0.48,2024-09-18,0300,N20,VIIRS,n,2,306.4,64.57,N,0
40.92527,-8.12516,331.47,0.48,0.48,2024-09-18,0300,N20,VIIRS,n,2,292.99,4.96,N,0
40.9022,-8.02656,349.32,0.49,0.49,2024-09-18,0300,N20,VIIRS,n,2,294.12,6.16,N,0
40.8815,-7.93847,336.92,0.5,0.49,2024-09-18,0300,N20,VIIRS,n,2,285.84,9.37,N,0
40.88006,-7.93234,328.57,0.5,0.49,2024-09-18,0300,N20,VIIRS,n,2,289.2,9.37,N,0
40.85878,-7.8421,336.88,0.5,0.49,2024-09-18,0300,N20,VIIRS,n,2,286.84,6.31,N,0
40.85747,-7.83656,321.88,0.5,0.49,2024-09-18,0300,N20,VIIRS,n,2,287.49,5.49,N,0
40.9318,-8.15314,310.06,0.48,0.48,2024-09-18,0300,N20,VIIRS,n,2,291.9,7.45,N,0
40.9009,-8.02102,305.23,0.49,0.49,2024-09-18,0300,N20,VIIRS,n,2,288.91,6.16,N,0
40.88546,-7.95527,310.37,0.5,0.49,2024-09-18,0300,N20,VIIRS,n,2,286,1.6,N,0
40.88419,-7.94987,312.17,0.5,0.49,2024-09-18,0300,N20,VIIRS,n,2,286.59,1.77,N,0
40.93135,-8.17126,347.45,0.48,0.48,2024-09-18,0300,N20,VIIRS,n,2,295.33,7.92,N,0
40.93009,-8.16582,326.87,0.48,0.48,2024-09-18,0300,N20,VIIRS,n,2,293.02,7.92,N,0
40.92874,-8.16004,367,0.48,0.48,2024-09-18,0300,N20,VIIRS,h,2,296.32,7.66,N,0
40.92737,-8.15417,347.28,0.48,0.48,2024-09-18,0300,N20,VIIRS,n,2,294.71,7.66,N,0
40.92616,-8.14898,343.75,0.48,0.48,2024-09-18,0300,N20,VIIRS,n,2,294.9,5.38,N,0
40.92497,-8.14392,350.95,0.48,0.48,2024-09-18,0300,N20,VIIRS,n,2,295.75,5.38,N,0
40.92377,-8.13878,355.88,0.48,0.48,2024-09-18,0300,N20,VIIRS,n,2,296.32,5.7,N,0
40.92237,-8.13278,325.08,0.48,0.48,2024-09-18,0300,N20,VIIRS,n,2,293.84,5.7,N,0
40.91972,-8.1214,334.97,0.49,0.48,2024-09-18,0300,N20,VIIRS,n,2,293.65,4.8,N,0
40.91853,-8.11632,321.04,0.49,0.48,2024-09-18,0300,N20,VIIRS,n,2,292.88,2.54,N,0
40.89943,-8.0348,326.2,0.49,0.49,2024-09-18,0300,N20,VIIRS,n,2,293.46,3.27,N,0
40.89815,-8.02936,337.44,0.49,0.49,2024-09-18,0300,N20,VIIRS,n,2,291.27,7.38,N,0
40.88894,-7.99017,341.3,0.49,0.49,2024-09-18,0300,N20,VIIRS,n,2,294.04,50.47,N,0
40.88786,-7.98557,367,0.49,0.49,2024-09-18,0300,N20,VIIRS,h,2,320.41,40.47,N,0
40.88673,-7.98076,348.05,0.49,0.49,2024-09-18,0300,N20,VIIRS,n,2,292.2,40.47,N,0
40.88545,-7.97533,348.35,0.49,0.49,2024-09-18,0300,N20,VIIRS,n,2,293.6,13.98,N,0
40.88258,-7.96314,353.33,0.5,0.49,2024-09-18,0300,N20,VIIRS,n,2,296.27,8.84,N,0
40.87995,-7.95194,323.56,0.5,0.49,2024-09-18,0300,N20,VIIRS,n,2,286.24,3.23,N,0
40.87721,-7.94034,337.43,0.5,0.49,2024-09-18,0300,N20,VIIRS,n,2,288.58,14.9,N,0
40.921,-8.1269,319.55,0.48,0.48,2024-09-18,0300,N20,VIIRS,n,2,293.31,4.8,N,0
40.91729,-8.11103,315.61,0.49,0.48,2024-09-18,0300,N20,VIIRS,n,2,292.1,2.54,N,0
40.90073,-8.04035,313.47,0.49,0.49,2024-09-18,0300,N20,VIIRS,n,2,292.05,3.27,N,0
40.87865,-7.94645,309.03,0.5,0.49,2024-09-18,0300,N20,VIIRS,n,2,286.65,3.23,N,0
40.92716,-8.1733,355.69,0.48,0.48,2024-09-18,0300,N20,VIIRS,n,2,296.25,7.92,N,0
40.92595,-8.16809,321.33,0.48,0.48,2024-09-18,0300,N20,VIIRS,n,2,294.44,7.92,N,0
40.89546,-8.03796,324.73,0.49,0.49,2024-09-18,0300,N20,VIIRS,n,2,288.82,3.27,N,0
40.88727,-8.00311,339.06,0.49,0.49,2024-09-18,0300,N20,VIIRS,n,2,289.39,14.93,N,0
40.88584,-7.99702,350.79,0.49,0.49,2024-09-18,0300,N20,VIIRS,n,2,299.6,50.47,N,0
40.88467,-7.99206,348.97,0.49,0.49,2024-09-18,0300,N20,VIIRS,n,2,305.19,50.47,N,0
40.88359,-7.98748,355.74,0.49,0.49,2024-09-18,0300,N20,VIIRS,n,2,301.76,40.47,N,0
40.88242,-7.98253,367,0.49,0.49,2024-09-18,0300,N20,VIIRS,h,2,295.66,40.47,N,0
40.87291,-7.94214,338.41,0.5,0.49,2024-09-18,0300,N20,VIIRS,n,2,290.24,14.9,N,0
40.87143,-7.93586,320.02,0.5,0.49,2024-09-18,0300,N20,VIIRS,n,2,292.57,14.9,N,0
40.84864,-7.83947,335.99,0.5,0.49,2024-09-18,0300,N20,VIIRS,n,2,288.87,6.41,N,0
40.84729,-7.83374,336.95,0.5,0.49,2024-09-18,0300,N20,VIIRS,n,2,290.24,6.41,N,0
40.92459,-8.1623,309.65,0.48,0.48,2024-09-18,0300,N20,VIIRS,n,2,293.03,7.66,N,0
40.92321,-8.15634,317.08,0.48,0.48,2024-09-18,0300,N20,VIIRS,n,2,294.4,7.66,N,0
40.92195,-8.15098,306.06,0.48,0.48,2024-09-18,0300,N20,VIIRS,n,2,292.66,5.38,N,0
40.92079,-8.14602,304.72,0.48,0.48,2024-09-18,0300,N20,VIIRS,n,2,291.78,5.38,N,0
40.91958,-8.14086,304.06,0.48,0.48,2024-09-18,0300,N20,VIIRS,n,2,291.27,5.7,N,0
40.91831,-8.13541,303.31,0.48,0.48,2024-09-18,0300,N20,VIIRS,n,2,290.94,5.7,N,0
40.88114,-7.97709,319.72,0.49,0.49,2024-09-18,0300,N20,VIIRS,n,2,288.96,13.98,N,0
40.8783,-7.96502,304.64,0.5,0.49,2024-09-18,0300,N20,VIIRS,n,2,288.77,8.84,N,0
40.85,-7.84518,295.52,0.5,0.49,2024-09-18,0300,N20,VIIRS,n,2,284.9,1.2,N,0
40.923,-8.17544,345.77,0.48,0.48,2024-09-18,0300,N20,VIIRS,n,2,293.38,11,N,0
40.92187,-8.17063,346.8,0.48,0.48,2024-09-18,0300,N20,VIIRS,n,2,297.3,11,N,0
40.92052,-8.16487,332.44,0.48,0.48,2024-09-18,0300,N20,VIIRS,n,2,293.53,9.3,N,0
40.9191,-8.15876,367,0.48,0.48,2024-09-18,0300,N20,VIIRS,h,2,300.19,9.3,N,0
40.91653,-8.1478,331.22,0.48,0.48,2024-09-18,0300,N20,VIIRS,n,2,296.46,3.7,N,0
40.91421,-8.13791,352.67,0.48,0.48,2024-09-18,0300,N20,VIIRS,n,2,295.76,6.52,N,0
40.89142,-8.04082,346.24,0.49,0.49,2024-09-18,0300,N20,VIIRS,n,2,296.74,15.98,N,0
40.88432,-8.01061,367,0.49,0.49,2024-09-18,0300,N20,VIIRS,h,2,294.48,31.73,N,0
40.88299,-8.00494,344.53,0.49,0.49,2024-09-18,0300,N20,VIIRS,n,2,306.09,31.73,N,0
40.88161,-7.99911,353.32,0.49,0.49,2024-09-18,0300,N20,VIIRS,n,2,303.72,24.29,N,0
40.86861,-7.94396,352.94,0.5,0.49,2024-09-18,0300,N20,VIIRS,n,2,300.23,15.4,N,0
40.84571,-7.84716,349.75,0.5,0.49,2024-09-18,0300,N20,VIIRS,n,2,304.25,23.41,N,0
40.91776,-8.15306,311.87,0.48,0.48,2024-09-18,0300,N20,VIIRS,n,2,294.81,3.7,N,0
40.88562,-8.0161,313.46,0.49,0.49,2024-09-18,0300,N20,VIIRS,n,2,288.25,13.54,N,0
40.88041,-7.99399,318.97,0.49,0.49,2024-09-18,0300,N20,VIIRS,n,2,292.37,24.29,N,0
40.87,-7.94988,303.63,0.5,0.49,2024-09-18,0300,N20,VIIRS,n,2,287.29,2.33,N,0
40.86711,-7.93761,310.83,0.5,0.49,2024-09-18,0300,N20,VIIRS,n,2,287.19,15.4,N,0
40.84712,-7.85315,311.69,0.5,0.49,2024-09-18,0300,N20,VIIRS,n,2,285.82,23.41,N,0
40.9164,-8.16723,325.58,0.48,0.48,2024-09-18,0300,N20,VIIRS,n,2,291.26,9.3,N,0
40.91504,-8.16139,367,0.48,0.48,2024-09-18,0300,N20,VIIRS,h,2,299.79,9.3,N,0
40.91368,-8.15561,324.75,0.48,0.48,2024-09-18,0300,N20,VIIRS,n,2,295.1,3.7,N,0
40.91111,-8.14465,340.93,0.48,0.48,2024-09-18,0300,N20,VIIRS,n,2,295.19,6.52,N,0
40.91001,-8.13994,323.65,0.48,0.48,2024-09-18,0300,N20,VIIRS,n,2,292.01,6.52,N,0
40.88737,-8.04359,340.81,0.49,0.49,2024-09-18,0300,N20,VIIRS,n,2,287.39,15.98,N,0
40.88121,-8.01741,367,0.49,0.49,2024-09-18,0300,N20,VIIRS,h,2,296.86,13.54,N,0
40.8643,-7.94574,338.64,0.5,0.49,2024-09-18,0300,N20,VIIRS,n,2,291.82,15.4,N,0
40.86277,-7.93926,337.86,0.5,0.49,2024-09-18,0300,N20,VIIRS,n,2,293.26,15.4,N,0
40.84158,-7.84982,323.94,0.5,0.49,2024-09-18,0300,N20,VIIRS,n,2,287.14,23.41,N,0
40.91235,-8.14991,316.43,0.48,0.48,2024-09-18,0300,N20,VIIRS,n,2,292.94,3.7,N,0
40.89681,-8.08368,304.93,0.49,0.48,2024-09-18,0300,N20,VIIRS,n,2,291.45,1.46,N,0
40.88871,-8.04929,306.92,0.49,0.49,2024-09-18,0300,N20,VIIRS,n,2,286.85,15.98,N,0
40.87994,-8.01202,312.06,0.49,0.49,2024-09-18,0300,N20,VIIRS,n,2,290.36,31.73,N,0
40.86567,-7.95153,305.2,0.5,0.49,2024-09-18,0300,N20,VIIRS,n,2,289.17,2.33,N,0
40.84027,-7.84432,305.09,0.5,0.49,2024-09-18,0300,N20,VIIRS,n,2,285.62,7.16,N,0
40.90839,-8.15295,354.39,0.48,0.48,2024-09-18,0300,N20,VIIRS,n,2,303.26,12.03,N,0
40.90704,-8.14723,349.73,0.48,0.48,2024-09-18,0300,N20,VIIRS,n,2,299.5,9.02,N,0
40.90586,-8.1422,331.63,0.48,0.48,2024-09-18,0300,N20,VIIRS,n,2,293.68,9.02,N,0
40.88561,-8.05608,341.61,0.49,0.49,2024-09-18,0300,N20,VIIRS,n,2,299.04,35.64,N,0
40.88442,-8.05104,333.26,0.49,0.49,2024-09-18,0300,N20,VIIRS,n,2,325.35,39.2,N,0
40.88306,-8.04527,331.3,0.49,0.49,2024-09-18,0300,N20,VIIRS,n,2,289.78,39.2,N,0
40.87988,-8.03172,323.91,0.49,0.49,2024-09-18,0300,N20,VIIRS,n,2,289.38,4.56,N,0
40.87826,-8.02487,345.09,0.49,0.49,2024-09-18,0300,N20,VIIRS,n,2,295.49,9.19,N,0
40.87681,-8.01871,339.6,0.49,0.49,2024-09-18,0300,N20,VIIRS,n,2,291.6,9.19,N,0
40.85994,-7.94732,348.4,0.5,0.49,2024-09-18,0300,N20,VIIRS,n,2,297.79,9.99,N,0
40.85844,-7.94098,327.14,0.5,0.49,2024-09-18,0300,N20,VIIRS,n,2,289.33,9.99,N,0
40.83979,-7.86234,338.46,0.5,0.49,2024-09-18,0300,N20,VIIRS,n,2,289.92,10.51,N,0
40.83855,-7.85711,335.71,0.5,0.49,2024-09-18,0300,N20,VIIRS,n,2,293.54,15.64,N,0
40.83736,-7.8521,320.16,0.5,0.49,2024-09-18,0300,N20,VIIRS,n,2,291.45,15.64,N,0
40.83615,-7.84701,337.57,0.5,0.49,2024-09-18,0300,N20,VIIRS,n,2,288.78,7.73,N,0
40.90968,-8.15847,306.71,0.48,0.48,2024-09-18,0300,N20,VIIRS,n,2,290.37,12.03,N,0
40.89664,-8.10292,306.27,0.49,0.48,2024-09-18,0300,N20,VIIRS,n,2,290.76,4.52,N,0
40.89398,-8.09161,311.5,0.49,0.48,2024-09-18,0300,N20,VIIRS,n,2,288.83,13.01,N,0
40.86394,-7.96422,305.8,0.5,0.49,2024-09-18,0300,N20,VIIRS,n,2,288.08,1.99,N,0
40.86131,-7.95312,304.05,0.5,0.49,2024-09-18,0300,N20,VIIRS,n,2,289.18,2.1,N,0
40.90307,-8.15025,326.75,0.48,0.48,2024-09-18,0300,N20,VIIRS,n,2,291.15,9.02,N,0
40.8995,-8.13506,326.06,0.49,0.48,2024-09-18,0300,N20,VIIRS,n,2,290.37,3.26,N,0
40.89833,-8.13009,333.27,0.49,0.48,2024-09-18,0300,N20,VIIRS,n,2,289.95,4.4,N,0
40.89248,-8.10518,328.17,0.49,0.48,2024-09-18,0300,N20,VIIRS,n,2,292.7,4.52,N,0
40.88988,-8.09415,355.22,0.49,0.48,2024-09-18,0300,N20,VIIRS,n,2,301.5,13.01,N,0
40.88873,-8.08924,320.25,0.49,0.48,2024-09-18,0300,N20,VIIRS,n,2,292.34,13.01,N,0
40.88144,-8.05835,337.02,0.49,0.49,2024-09-18,0300,N20,VIIRS,n,2,299.07,35.64,N,0
40.88015,-8.05288,352.57,0.49,0.49,2024-09-18,0300,N20,VIIRS,n,2,310.94,39.2,N,0
40.87867,-8.04662,321.88,0.49,0.49,2024-09-18,0300,N20,VIIRS,n,2,289.49,39.2,N,0
40.87711,-8.03995,326.02,0.49,0.49,2024-09-18,0300,N20,VIIRS,n,2,289.39,4.56,N,0
40.87394,-8.02649,335.37,0.49,0.49,2024-09-18,0300,N20,VIIRS,n,2,291.34,9.19,N,0
40.85556,-7.9488,325.32,0.5,0.49,2024-09-18,0300,N20,VIIRS,n,2,289.67,9.99,N,0
40.83667,-7.8692,341.25,0.5,0.49,2024-09-18,0300,N20,VIIRS,n,2,291.1,10.51,N,0
40.83538,-7.86376,355.92,0.5,0.49,2024-09-18,0300,N20,VIIRS,n,2,298.38,10.51,N,0
40.83419,-7.85875,329.79,0.5,0.49,2024-09-18,0300,N20,VIIRS,n,2,296.59,15.64,N,0
40.83304,-7.85395,347.64,0.5,0.49,2024-09-18,0300,N20,VIIRS,n,2,308.47,15.64,N,0
40.83184,-7.84891,328.61,0.5,0.49,2024-09-18,0300,N20,VIIRS,n,2,288.69,7.73,N,0
40.90562,-8.16111,301.4,0.48,0.48,2024-09-18,0300,N20,VIIRS,n,2,289.39,12.03,N,0
40.90442,-8.15599,314.57,0.48,0.48,2024-09-18,0300,N20,VIIRS,n,2,290.78,12.03,N,0
40.90179,-8.14478,314.46,0.48,0.48,2024-09-18,0300,N20,VIIRS,n,2,290.74,9.02,N,0
40.90063,-8.13987,313.51,0.48,0.48,2024-09-18,0300,N20,VIIRS,n,2,292.29,3.26,N,0
40.89396,-8.1115,313.76,0.49,0.48,2024-09-18,0300,N20,VIIRS,n,2,290.23,2.68,N,0
40.8911,-8.09931,319.74,0.49,0.48,2024-09-18,0300,N20,VIIRS,n,2,291.29,4.52,N,0
40.87551,-8.03318,315.73,0.49,0.49,2024-09-18,0300,N20,VIIRS,n,2,289.39,4.56,N,0
40.85828,-7.9603,308.53,0.5,0.49,2024-09-18,0300,N20,VIIRS,n,2,287.18,2.1,N,0
40.89772,-8.14739,338.68,0.48,0.48,2024-09-18,0300,N20,VIIRS,n,2,292.52,5.11,N,0
40.88997,-8.11445,338.37,0.49,0.48,2024-09-18,0300,N20,VIIRS,n,2,291.88,3.75,N,0
40.88574,-8.09648,350.98,0.49,0.48,2024-09-18,0300,N20,VIIRS,n,2,305.13,181.47,N,0
40.88464,-8.0918,332.13,0.49,0.48,2024-09-18,0300,N20,VIIRS,n,2,310.04,181.47,N,0
40.87727,-8.06057,335.05,0.49,0.49,2024-09-18,0300,N20,VIIRS,n,2,293.06,6.81,N,0
40.8758,-8.05434,340.41,0.49,0.49,2024-09-18,0300,N20,VIIRS,n,2,292.08,9.15,N,0
40.83227,-7.87068,350.6,0.5,0.49,2024-09-18,0300,N20,VIIRS,n,2,294.41,12.8,N,0
40.831,-7.86534,352.96,0.5,0.49,2024-09-18,0300,N20,VIIRS,n,2,297.49,12.8,N,0
40.82983,-7.86042,367,0.5,0.49,2024-09-18,0300,N20,VIIRS,h,2,302.64,35.1,N,0
40.82869,-7.85567,342.93,0.5,0.49,2024-09-18,0300,N20,VIIRS,n,2,316.26,35.1,N,0
40.9014,-8.16301,318.85,0.48,0.48,2024-09-18,0300,N20,VIIRS,n,2,290.11,3.2,N,0
40.90021,-8.15798,306.25,0.48,0.48,2024-09-18,0300,N20,VIIRS,n,2,290.85,3.2,N,0
40.899,-8.15281,313.46,0.48,0.48,2024-09-18,0300,N20,VIIRS,n,2,289.71,5.11,N,0
40.89536,-8.13735,300.74,0.49,0.48,2024-09-18,0300,N20,VIIRS,n,2,287.95,1.44,N,0
40.89416,-8.13227,318.73,0.49,0.48,2024-09-18,0300,N20,VIIRS,n,2,287.54,2.05,N,0
40.88836,-8.10759,315.61,0.49,0.48,2024-09-18,0300,N20,VIIRS,n,2,291.39,29.5,N,0
40.88689,-8.10135,318.12,0.49,0.48,2024-09-18,0300,N20,VIIRS,n,2,291.29,29.5,N,0
40.88343,-8.08672,308.02,0.49,0.48,2024-09-18,0300,N20,VIIRS,n,2,289.61,10.78,N,0
40.88084,-8.07574,307.81,0.49,0.48,2024-09-18,0300,N20,VIIRS,n,2,289.66,1.05,N,0
40.85658,-7.97307,319.21,0.5,0.49,2024-09-18,0300,N20,VIIRS,n,2,289.91,4.89,N,0
40.83371,-7.87676,310.29,0.5,0.49,2024-09-18,0300,N20,VIIRS,n,2,289.01,3.95,N,0
40.89705,-8.1644,346.5,0.48,0.48,2024-09-18,0300,N20,VIIRS,n,2,291.65,3.2,N,0
40.88278,-8.10381,343.19,0.49,0.48,2024-09-18,0300,N20,VIIRS,n,2,292.45,29.5,N,0
40.88051,-8.09423,345.15,0.49,0.48,2024-09-18,0300,N20,VIIRS,n,2,334.9,181.47,N,0
40.87938,-8.08944,338.36,0.49,0.48,2024-09-18,0300,N20,VIIRS,n,2,299.66,10.78,N,0
40.85222,-7.97463,346.2,0.5,0.49,2024-09-18,0300,N20,VIIRS,n,2,293.52,4.89,N,0
40.85093,-7.96918,320.09,0.5,0.49,2024-09-18,0300,N20,VIIRS,n,2,288.48,4.89,N,0
40.82928,-7.87808,340.1,0.5,0.49,2024-09-18,0300,N20,VIIRS,n,2,294,3.95,N,0
40.82792,-7.87237,346.5,0.5,0.49,2024-09-18,0300,N20,VIIRS,n,2,291.96,12.8,N,0
40.82669,-7.86721,343.17,0.5,0.49,2024-09-18,0300,N20,VIIRS,n,2,291.34,12.8,N,0
40.89592,-8.15958,312.67,0.48,0.48,2024-09-18,0300,N20,VIIRS,n,2,292.9,3.2,N,0
40.89116,-8.13938,303.86,0.49,0.48,2024-09-18,0300,N20,VIIRS,n,2,289.48,1.44,N,0
40.88987,-8.13394,314.37,0.49,0.48,2024-09-18,0300,N20,VIIRS,n,2,290.84,2.05,N,0
40.88723,-8.12269,301.44,0.49,0.48,2024-09-18,0300,N20,VIIRS,n,2,288.94,3.75,N,0
40.88443,-8.11085,302.74,0.49,0.48,2024-09-18,0300,N20,VIIRS,n,2,289.07,29.5,N,0
40.87675,-8.07829,303.26,0.49,0.48,2024-09-18,0300,N20,VIIRS,n,2,289.12,1.05,N,0
40.86126,-8.01274,307.22,0.49,0.49,2024-09-18,0300,N20,VIIRS,n,2,290.25,2.76,N,0
40.86007,-8.00773,308.32,0.49,0.49,2024-09-18,0300,N20,VIIRS,n,2,288.48,2.85,N,0
40.83212,-7.89001,299.86,0.5,0.49,2024-09-18,0300,N20,VIIRS,n,2,287.97,1.34,N,0
40.83073,-7.88419,304.59,0.5,0.49,2024-09-18,0300,N20,VIIRS,n,2,288.57,3.95,N,0
40.8255,-7.86224,298.42,0.5,0.49,2024-09-18,0300,N20,VIIRS,n,2,286.48,35.1,N,0
40.89145,-8.16044,342.64,0.48,0.48,2024-09-18,0300,N20,VIIRS,n,2,293.77,12.72,N,0
40.89026,-8.15545,354.96,0.48,0.48,2024-09-18,0300,N20,VIIRS,n,2,296.76,9.4,N,0
40.88913,-8.15064,327,0.48,0.48,2024-09-18,0300,N20,VIIRS,n,2,294.88,9.4,N,0
40.88687,-8.14104,340.02,0.49,0.48,2024-09-18,0300,N20,VIIRS,n,2,291.17,5.84,N,0
40.88556,-8.1355,349.79,0.49,0.48,2024-09-18,0300,N20,VIIRS,n,2,292.26,15.49,N,0
40.88413,-8.12943,354.39,0.49,0.48,2024-09-18,0300,N20,VIIRS,n,2,302.5,15.49,N,0
40.88288,-8.12416,340.8,0.49,0.48,2024-09-18,0300,N20,VIIRS,n,2,294.09,16.75,N,0
40.87883,-8.10695,321,0.49,0.48,2024-09-18,0300,N20,VIIRS,n,2,289.78,13.39,N,0
40.87748,-8.10123,351.05,0.49,0.48,2024-09-18,0300,N20,VIIRS,n,2,307.76,36.36,N,0
40.87639,-8.09664,330.71,0.49,0.48,2024-09-18,0300,N20,VIIRS,n,2,302.02,36.36,N,0
40.84922,-7.98186,354.36,0.49,0.49,2024-09-18,0300,N20,VIIRS,n,2,295.11,29.45,N,0
40.84787,-7.97619,333.92,0.5,0.49,2024-09-18,0300,N20,VIIRS,n,2,290.7,7.93,N,0
40.82773,-7.89153,326.41,0.5,0.49,2024-09-18,0300,N20,VIIRS,n,2,288.42,37.69,N,0
40.82632,-7.8856,356.28,0.5,0.49,2024-09-18,0300,N20,VIIRS,n,2,298.52,26.01,N,0
40.82491,-7.87971,325.89,0.5,0.49,2024-09-18,0300,N20,VIIRS,n,2,289.45,26.01,N,0
40.88807,-8.1461,314.52,0.48,0.48,2024-09-18,0300,N20,VIIRS,n,2,292.26,5.84,N,0
40.85695,-8.01446,309.91,0.49,0.49,2024-09-18,0300,N20,VIIRS,n,2,290.84,4.6,N,0
40.85579,-8.00955,307.38,0.49,0.49,2024-09-18,0300,N20,VIIRS,n,2,291.55,2.54,N,0
40.85461,-8.00462,313.07,0.49,0.49,2024-09-18,0300,N20,VIIRS,n,2,291.27,2.54,N,0
40.85335,-7.99931,306.78,0.49,0.49,2024-09-18,0300,N20,VIIRS,n,2,290.12,3.49,N,0
40.85201,-7.99363,306.23,0.49,0.49,2024-09-18,0300,N20,VIIRS,n,2,289.11,3.49,N,0
40.85063,-7.98781,310.07,0.49,0.49,2024-09-18,0300,N20,VIIRS,n,2,290.98,29.45,N,0
40.8858,-8.15634,338.73,0.48,0.48,2024-09-18,0300,N20,VIIRS,n,2,291.44,9.4,N,0
40.8847,-8.15168,347.21,0.48,0.48,2024-09-18,0300,N20,VIIRS,n,2,297.39,9.4,N,0
40.88363,-8.14714,355.32,0.48,0.48,2024-09-18,0300,N20,VIIRS,n,2,296.08,5.84,N,0
40.8734,-8.10384,351.21,0.49,0.48,2024-09-18,0300,N20,VIIRS,n,2,297.99,36.36,N,0
40.85031,-8.00637,328.69,0.49,0.49,2024-09-18,0300,N20,VIIRS,n,2,295.95,2.54,N,0
40.84903,-8.001,320.44,0.49,0.49,2024-09-18,0300,N20,VIIRS,n,2,294.23,3.49,N,0
40.84765,-7.99517,326,0.49,0.49,2024-09-18,0300,N20,VIIRS,n,2,293.16,3.49,N,0
40.84624,-7.98926,342.48,0.49,0.49,2024-09-18,0300,N20,VIIRS,n,2,313.32,29.45,N,0
40.84486,-7.98342,340.66,0.49,0.49,2024-09-18,0300,N20,VIIRS,n,2,300.55,29.45,N,0
40.84354,-7.97786,342.97,0.5,0.49,2024-09-18,0300,N20,VIIRS,n,2,292.26,7.93,N,0
40.82334,-7.89304,333.35,0.5,0.49,2024-09-18,0300,N20,VIIRS,n,2,313.13,37.69,N,0
40.82188,-7.88693,322.21,0.5,0.49,2024-09-18,0300,N20,VIIRS,n,2,297.08,26.01,N,0
40.88244,-8.14211,312.2,0.49,0.48,2024-09-18,0300,N20,VIIRS,n,2,289.57,5.84,N,0
40.87975,-8.13071,314.4,0.49,0.48,2024-09-18,0300,N20,VIIRS,n,2,288.92,15.49,N,0
40.87225,-8.099,312.22,0.49,0.48,2024-09-18,0300,N20,VIIRS,n,2,291.13,36.36,N,0
40.86983,-8.08874,302.85,0.49,0.48,2024-09-18,0300,N20,VIIRS,n,2,288.27,2.46,N,0
40.86845,-8.08292,301.3,0.49,0.48,2024-09-18,0300,N20,VIIRS,n,2,288.22,2.01,N,0
40.85503,-8.02625,308.2,0.49,0.49,2024-09-18,0300,N20,VIIRS,n,2,291.31,3.83,N,0
40.85148,-8.01128,315.4,0.49,0.49,2024-09-18,0300,N20,VIIRS,n,2,293.74,2.54,N,0
40.82468,-7.89867,301.6,0.5,0.49,2024-09-18,0300,N20,VIIRS,n,2,287.28,37.69,N,0
40.86926,-8.10617,339.32,0.49,0.48,2024-09-18,0300,N20,VIIRS,n,2,294.52,13.8,N,0
40.86684,-8.09595,346.45,0.49,0.48,2024-09-18,0300,N20,VIIRS,n,2,293.74,9.35,N,0
40.8655,-8.0903,343.37,0.49,0.48,2024-09-18,0300,N20,VIIRS,n,2,290.58,9.35,N,0
40.86409,-8.08433,330.41,0.49,0.48,2024-09-18,0300,N20,VIIRS,n,2,290.72,3.53,N,0
40.84718,-8.01306,344.76,0.49,0.49,2024-09-18,0300,N20,VIIRS,n,2,299.22,36.79,N,0
40.84599,-8.00805,345.57,0.49,0.49,2024-09-18,0300,N20,VIIRS,n,2,299.88,36.79,N,0
40.84471,-8.00268,352.76,0.49,0.49,2024-09-18,0300,N20,VIIRS,n,2,303.75,71.55,N,0
40.8433,-7.99677,339.55,0.49,0.49,2024-09-18,0300,N20,VIIRS,n,2,322.05,71.55,N,0
40.84188,-7.99079,356.11,0.49,0.49,2024-09-18,0300,N20,VIIRS,n,2,297.45,11.08,N,0
40.8325,-7.95135,341.99,0.5,0.49,2024-09-18,0300,N20,VIIRS,n,2,293.42,11.58,N,0
40.82029,-7.90018,322.18,0.5,0.49,2024-09-18,0300,N20,VIIRS,n,2,287.72,16.47,N,0
40.81897,-7.89463,320.21,0.5,0.49,2024-09-18,0300,N20,VIIRS,n,2,287.28,16.47,N,0
40.86805,-8.10104,313.58,0.49,0.48,2024-09-18,0300,N20,VIIRS,n,2,291.05,13.8,N,0
40.85816,-8.05933,303.66,0.49,0.49,2024-09-18,0300,N20,VIIRS,n,2,288.15,1.4,N,0
40.85197,-8.03321,304.17,0.49,0.49,2024-09-18,0300,N20,VIIRS,n,2,290.01,3.36,N,0
40.84943,-8.02255,307.32,0.49,0.49,2024-09-18,0300,N20,VIIRS,n,2,291.29,2.69,N,0
40.84828,-8.01768,318.58,0.49,0.49,2024-09-18,0300,N20,VIIRS,n,2,296.33,2.69,N,0
40.84051,-7.98501,310.65,0.49,0.49,2024-09-18,0300,N20,VIIRS,n,2,290.2,11.08,N,0
40.81752,-7.88856,300.72,0.5,0.49,2024-09-18,0300,N20,VIIRS,n,2,286.89,2.16,N,0
40.86501,-8.10804,337.57,0.49,0.48,2024-09-18,0300,N20,VIIRS,n,2,288.21,13.8,N,0
40.86381,-8.10297,354.85,0.49,0.48,2024-09-18,0300,N20,VIIRS,n,2,292.6,13.8,N,0
40.86257,-8.09773,341.06,0.49,0.48,2024-09-18,0300,N20,VIIRS,n,2,289.14,9.35,N,0
40.85965,-8.08543,327.1,0.49,0.48,2024-09-18,0300,N20,VIIRS,n,2,288.81,3.53,N,0
40.84764,-8.03486,340.34,0.49,0.49,2024-09-18,0300,N20,VIIRS,n,2,293.09,3.36,N,0
40.84391,-8.01916,324.88,0.49,0.49,2024-09-18,0300,N20,VIIRS,n,2,295.83,2.69,N,0
40.84281,-8.01454,351.5,0.49,0.49,2024-09-18,0300,N20,VIIRS,n,2,300.72,36.79,N,0
40.84166,-8.00968,338.8,0.49,0.49,2024-09-18,0300,N20,VIIRS,n,2,320.38,36.79,N,0
40.8404,-8.00439,367,0.49,0.49,2024-09-18,0300,N20,VIIRS,h,2,327.65,71.55,N,0
40.83898,-7.99845,332.66,0.49,0.49,2024-09-18,0300,N20,VIIRS,n,2,302.43,71.55,N,0
40.82817,-7.9531,346.64,0.5,0.49,2024-09-18,0300,N20,VIIRS,n,2,299.62,11.58,N,0
40.82406,-7.93584,332.16,0.5,0.49,2024-09-18,0300,N20,VIIRS,n,2,287.65,4.53,N,0
40.82278,-7.93051,326.78,0.5,0.49,2024-09-18,0300,N20,VIIRS,n,2,290.51,4.53,N,0
40.81592,-7.90175,347.82,0.5,0.49,2024-09-18,0300,N20,VIIRS,n,2,300.21,16.47,N,0
40.85815,-8.07909,308.93,0.49,0.49,2024-09-18,0300,N20,VIIRS,n,2,289.6,3.53,N,0
40.85368,-8.06027,309.45,0.49,0.49,2024-09-18,0300,N20,VIIRS,n,2,290.38,1.4,N,0
40.85205,-8.05338,307.88,0.49,0.49,2024-09-18,0300,N20,VIIRS,n,2,290.29,1.4,N,0
40.85054,-8.04702,304.44,0.49,0.49,2024-09-18,0300,N20,VIIRS,n,2,289.96,3.09,N,0
40.8463,-8.02918,307.77,0.49,0.49,2024-09-18,0300,N20,VIIRS,n,2,290.61,3.36,N,0
40.84506,-8.02399,307.49,0.49,0.49,2024-09-18,0300,N20,VIIRS,n,2,291.61,2.69,N,0
40.83753,-7.99236,307,0.49,0.49,2024-09-18,0300,N20,VIIRS,n,2,288.35,11.08,N,0
40.83104,-7.96511,305.88,0.5,0.49,2024-09-18,0300,N20,VIIRS,n,2,287.97,1.43,N,0
40.82964,-7.95924,316.32,0.5,0.49,2024-09-18,0300,N20,VIIRS,n,2,290.24,11.58,N,0
40.81719,-7.90708,300.81,0.5,0.49,2024-09-18,0300,N20,VIIRS,n,2,286.89,8.55,N,0
40.81457,-7.89612,303.01,0.5,0.49,2024-09-18,0300,N20,VIIRS,n,2,287.65,16.47,N,0
40.85076,-8.06778,326.69,0.49,0.49,2024-09-18,0300,N20,VIIRS,n,2,291.34,19.4,N,0
40.84924,-8.0614,347.99,0.49,0.49,2024-09-18,0300,N20,VIIRS,n,2,292.5,32.33,N,0
40.84763,-8.05462,340.15,0.49,0.49,2024-09-18,0300,N20,VIIRS,n,2,292.55,32.33,N,0
40.83731,-8.01128,324.46,0.49,0.49,2024-09-18,0300,N20,VIIRS,n,2,292.09,3.25,N,0
40.82801,-7.97224,338.75,0.5,0.49,2024-09-18,0300,N20,VIIRS,n,2,288.65,33.97,N,0
40.82669,-7.96674,342.22,0.5,0.49,2024-09-18,0300,N20,VIIRS,n,2,296.55,33.97,N,0
40.82531,-7.96092,367,0.5,0.49,2024-09-18,0300,N20,VIIRS,h,2,303.68,17.25,N,0
40.85362,-8.07983,305.25,0.49,0.49,2024-09-18,0300,N20,VIIRS,n,2,289.89,3.58,N,0
40.85217,-8.07375,308.85,0.49,0.49,2024-09-18,0300,N20,VIIRS,n,2,290.26,19.4,N,0
40.84614,-8.04834,316.32,0.49,0.49,2024-09-18,0300,N20,VIIRS,n,2,291.67,3.36,N,0
40.84472,-8.04237,312.38,0.49,0.49,2024-09-18,0300,N20,VIIRS,n,2,291.3,3.36,N,0
40.84333,-8.03654,308.17,0.49,0.49,2024-09-18,0300,N20,VIIRS,n,2,291.58,2.7,N,0
40.842,-8.03093,318.33,0.49,0.49,2024-09-18,0300,N20,VIIRS,n,2,291.39,2.7,N,0
40.84075,-8.0257,308.34,0.49,0.49,2024-09-18,0300,N20,VIIRS,n,2,291.44,4.42,N,0
40.83846,-8.01608,308.37,0.49,0.49,2024-09-18,0300,N20,VIIRS,n,2,290.45,3.25,N,0
40.83605,-8.00596,307.16,0.49,0.49,2024-09-18,0300,N20,VIIRS,n,2,289.37,2.51,N,0
40.82384,-7.95478,315.33,0.5,0.49,2024-09-18,0300,N20,VIIRS,n,2,291.76,17.25,N,0
40.81972,-7.93751,307.12,0.5,0.49,2024-09-18,0300,N20,VIIRS,n,2,289.03,1.73,N,0
40.84912,-8.08068,321.11,0.49,0.49,2024-09-18,0300,N20,VIIRS,n,2,289.92,3.58,N,0
40.8477,-8.0747,348.28,0.49,0.49,2024-09-18,0300,N20,VIIRS,n,2,297.57,19.4,N,0
40.84632,-8.06891,348.04,0.49,0.49,2024-09-18,0300,N20,VIIRS,n,2,307.4,19.4,N,0
40.84484,-8.06268,335.67,0.49,0.49,2024-09-18,0300,N20,VIIRS,n,2,311.52,32.33,N,0
40.84328,-8.05614,355.34,0.49,0.49,2024-09-18,0300,N20,VIIRS,n,2,297.73,32.33,N,0
40.8418,-8.04992,330.08,0.49,0.49,2024-09-18,0300,N20,VIIRS,n,2,293.4,3.36,N,0
40.82371,-7.97407,342.66,0.5,0.49,2024-09-18,0300,N20,VIIRS,n,2,315.81,33.97,N,0
40.82238,-7.96849,367,0.5,0.49,2024-09-18,0300,N20,VIIRS,h,2,314.81,33.97,N,0
40.82097,-7.9626,345.46,0.5,0.49,2024-09-18,0300,N20,VIIRS,n,2,303.74,17.25,N,0
40.81808,-7.95051,338.71,0.5,0.49,2024-09-18,0300,N20,VIIRS,n,2,292.81,5.45,N,0
40.81671,-7.94477,329.49,0.5,0.49,2024-09-18,0300,N20,VIIRS,n,2,289.66,5.45,N,0
40.84037,-8.04393,317.24,0.49,0.49,2024-09-18,0300,N20,VIIRS,n,2,292.14,3.36,N,0
40.839,-8.03816,315.59,0.49,0.49,2024-09-18,0300,N20,VIIRS,n,2,291.59,2.7,N,0
40.81537,-7.93919,304.64,0.5,0.49,2024-09-18,0300,N20,VIIRS,n,2,290.3,1.73,N,0
40.8465,-8.0894,346.29,0.49,0.48,2024-09-18,0300,N20,VIIRS,n,2,291.39,17.51,N,0
40.84477,-8.08218,340.6,0.49,0.49,2024-09-18,0300,N20,VIIRS,n,2,290.01,17.51,N,0
40.84328,-8.0759,346.04,0.49,0.49,2024-09-18,0300,N20,VIIRS,n,2,307.3,36.12,N,0
40.84192,-8.07021,352.43,0.49,0.49,2024-09-18,0300,N20,VIIRS,n,2,303.05,36.12,N,0
40.84045,-8.06402,343.3,0.49,0.49,2024-09-18,0300,N20,VIIRS,n,2,314.96,48.33,N,0
40.83896,-8.05777,351.93,0.49,0.49,2024-09-18,0300,N20,VIIRS,n,2,303.27,48.33,N,0
40.8375,-8.05162,329.11,0.49,0.49,2024-09-18,0300,N20,VIIRS,n,2,300.12,14.56,N,0
40.82069,-7.98122,339.57,0.5,0.49,2024-09-18,0300,N20,VIIRS,n,2,293.97,22.2,N,0
40.8194,-7.97581,367,0.5,0.49,2024-09-18,0300,N20,VIIRS,h,2,348.71,63.58,N,0
40.81805,-7.97019,344.23,0.5,0.49,2024-09-18,0300,N20,VIIRS,n,2,319.08,63.58,N,0
40.81664,-7.9643,332.34,0.5,0.49,2024-09-18,0300,N20,VIIRS,n,2,289.05,9.98,N,0
40.81377,-7.95231,339.89,0.5,0.49,2024-09-18,0300,N20,VIIRS,n,2,294.02,3.32,N,0
40.83606,-8.04561,303.19,0.49,0.49,2024-09-18,0300,N20,VIIRS,n,2,289,14.56,N,0
40.82192,-7.98639,306.91,0.5,0.49,2024-09-18,0300,N20,VIIRS,n,2,287.35,22.2,N,0
40.80682,-7.9233,315.48,0.5,0.49,2024-09-18,0300,N20,VIIRS,n,2,288.22,2.44,N,0
40.80537,-7.91724,317.5,0.5,0.49,2024-09-18,0300,N20,VIIRS,n,2,290.54,2.83,N,0
40.84241,-8.09197,352.9,0.49,0.48,2024-09-18,0300,N20,VIIRS,n,2,302.33,17.51,N,0
40.83897,-8.07757,336.67,0.49,0.49,2024-09-18,0300,N20,VIIRS,n,2,290.09,36.12,N,0
40.83758,-8.07175,332.55,0.49,0.49,2024-09-18,0300,N20,VIIRS,n,2,290.65,36.12,N,0
40.83617,-8.06584,353.71,0.49,0.49,2024-09-18,0300,N20,VIIRS,n,2,294.26,48.33,N,0
40.83474,-8.05981,342.5,0.49,0.49,2024-09-18,0300,N20,VIIRS,n,2,292.89,48.33,N,0
40.82424,-8.01584,355.79,0.49,0.49,2024-09-18,0300,N20,VIIRS,n,2,299.38,11.51,N,0
40.81639,-7.98304,339.15,0.5,0.49,2024-09-18,0300,N20,VIIRS,n,2,291.12,22.2,N,0
40.81506,-7.97748,338.73,0.5,0.49,2024-09-18,0300,N20,VIIRS,n,2,290.39,63.58,N,0
40.84393,-8.09836,307.93,0.49,0.48,2024-09-18,0300,N20,VIIRS,n,2,286.74,7.32,N,0
40.84069,-8.08476,316.62,0.49,0.49,2024-09-18,0300,N20,VIIRS,n,2,289.53,17.51,N,0
40.83325,-8.05359,312.86,0.49,0.49,2024-09-18,0300,N20,VIIRS,n,2,289.49,14.56,N,0
40.8255,-8.02112,306.39,0.49,0.49,2024-09-18,0300,N20,VIIRS,n,2,290.95,11.51,N,0
40.81368,-7.97172,306.78,0.5,0.49,2024-09-18,0300,N20,VIIRS,n,2,288.32,63.58,N,0
40.81086,-7.95997,299.96,0.5,0.49,2024-09-18,0300,N20,VIIRS,n,2,287.4,9.98,N,0
40.80946,-7.9541,303.12,0.5,0.49,2024-09-18,0300,N20,VIIRS,n,2,289.23,3.32,N,0
40.80522,-7.93641,314.66,0.5,0.49,2024-09-18,0300,N20,VIIRS,n,2,291.46,3.04,N,0
40.80239,-7.92464,307.41,0.5,0.49,2024-09-18,0300,N20,VIIRS,n,2,288.8,2.44,N,0
40.83833,-8.09458,340.58,0.49,0.48,2024-09-18,0300,N20,VIIRS,n,2,287.46,8.82,N,0
40.82612,-8.04348,330.89,0.49,0.49,2024-09-18,0300,N20,VIIRS,n,2,290.02,7.01,N,0
40.82244,-8.02805,322.98,0.49,0.49,2024-09-18,0300,N20,VIIRS,n,2,291.89,9.7,N,0
40.82114,-8.02264,342.58,0.49,0.49,2024-09-18,0300,N20,VIIRS,n,2,295.07,9.35,N,0
40.81986,-8.01729,338.13,0.49,0.49,2024-09-18,0300,N20,VIIRS,n,2,291.99,9.35,N,0
40.80236,-7.94429,342.5,0.5,0.49,2024-09-18,0300,N20,VIIRS,n,2,292.89,18.56,N,0
40.80082,-7.93784,338.11,0.5,0.49,2024-09-18,0300,N20,VIIRS,n,2,291.8,18.56,N,0
40.82488,-8.0383,310.58,0.49,0.49,2024-09-18,0300,N20,VIIRS,n,2,291.53,7.01,N,0
40.82368,-8.03324,304.22,0.49,0.49,2024-09-18,0300,N20,VIIRS,n,2,291.03,9.7,N,0
40.80513,-7.9558,307.59,0.5,0.49,2024-09-18,0300,N20,VIIRS,n,2,289.19,8.89,N,0
40.80379,-7.95021,316.73,0.5,0.49,2024-09-18,0300,N20,VIIRS,n,2,291.89,8.89,N,0
40.8206,-8.04011,346.03,0.49,0.49,2024-09-18,0300,N20,VIIRS,n,2,292.63,7.01,N,0
40.81937,-8.035,345.31,0.49,0.49,2024-09-18,0300,N20,VIIRS,n,2,301.33,9.7,N,0
40.8181,-8.02966,325.81,0.49,0.49,2024-09-18,0300,N20,VIIRS,n,2,290.84,9.7,N,0
40.80078,-7.95745,354.78,0.5,0.49,2024-09-18,0300,N20,VIIRS,n,2,298.25,8.89,N,0
40.79945,-7.95188,336.54,0.5,0.49,2024-09-18,0300,N20,VIIRS,n,2,295.89,8.89,N,0
40.79803,-7.94599,353.74,0.5,0.49,2024-09-18,0300,N20,VIIRS,n,2,304.42,18.56,N,0
40.82185,-8.04532,317.35,0.49,0.49,2024-09-18,0300,N20,VIIRS,n,2,291.18,7.01,N,0
40.80211,-7.96298,313.33,0.5,0.49,2024-09-18,0300,N20,VIIRS,n,2,288.98,4.49,N,0
40.81756,-8.04713,343.85,0.49,0.49,2024-09-18,0300,N20,VIIRS,n,2,294.88,15.38,N,0
40.8163,-8.04186,352.72,0.49,0.49,2024-09-18,0300,N20,VIIRS,n,2,293.67,15.38,N,0
40.79919,-7.97053,354.55,0.5,0.49,2024-09-18,0300,N20,VIIRS,n,2,297.81,14.31,N,0
40.79776,-7.96461,349.66,0.5,0.49,2024-09-18,0300,N20,VIIRS,n,2,292.5,14.31,N,0
40.79642,-7.95903,355.44,0.5,0.49,2024-09-18,0300,N20,VIIRS,n,2,310.32,56.47,N,0
40.79511,-7.95358,342.07,0.5,0.49,2024-09-18,0300,N20,VIIRS,n,2,321.38,56.47,N,0
40.79367,-7.94759,340.31,0.5,0.49,2024-09-18,0300,N20,VIIRS,n,2,293.94,24.63,N,0
40.81506,-8.03668,319.43,0.49,0.49,2024-09-18,0300,N20,VIIRS,n,2,289.02,4.92,N,0
40.8035,-7.98849,312.17,0.5,0.49,2024-09-18,0300,N20,VIIRS,n,2,287.94,17.62,N,0
40.80061,-7.97645,314.15,0.5,0.49,2024-09-18,0300,N20,VIIRS,n,2,287.75,11.09,N,0
40.8005,-7.99568,367,0.5,0.49,2024-09-18,0300,N20,VIIRS,h,2,296.01,17.62,N,0
40.79913,-7.98999,352.22,0.5,0.49,2024-09-18,0300,N20,VIIRS,n,2,297.7,17.62,N,0
40.79769,-7.984,338.88,0.5,0.49,2024-09-18,0300,N20,VIIRS,n,2,294.89,11.09,N,0
40.79625,-7.97802,342.63,0.5,0.49,2024-09-18,0300,N20,VIIRS,n,2,292.11,11.09,N,0
40.79482,-7.9721,342.36,0.5,0.49,2024-09-18,0300,N20,VIIRS,n,2,291.51,14.31,N,0
40.79342,-7.96625,340.83,0.5,0.49,2024-09-18,0300,N20,VIIRS,n,2,293.26,14.31,N,0
40.79208,-7.96071,354.07,0.5,0.49,2024-09-18,0300,N20,VIIRS,n,2,296.34,56.47,N,0
40.79078,-7.95529,340.68,0.5,0.49,2024-09-18,0300,N20,VIIRS,n,2,294.72,56.47,N,0
40.80177,-8.00098,319.62,0.49,0.49,2024-09-18,0300,N20,VIIRS,n,2,288.25,4.12,N,0
40.80009,-8.0137,346.91,0.49,0.49,2024-09-18,0300,N20,VIIRS,n,2,295.57,33.44,N,0
40.79873,-8.008,342.82,0.49,0.49,2024-09-18,0300,N20,VIIRS,n,2,293.05,34.5,N,0
40.79741,-8.00253,341.35,0.49,0.49,2024-09-18,0300,N20,VIIRS,n,2,293.77,34.5,N,0
40.79613,-7.99723,330.53,0.5,0.49,2024-09-18,0300,N20,VIIRS,n,2,292.34,36.65,N,0
40.79475,-7.99147,333.57,0.5,0.49,2024-09-18,0300,N20,VIIRS,n,2,310.12,36.65,N,0
40.79331,-7.98549,332.92,0.5,0.49,2024-09-18,0300,N20,VIIRS,n,2,293.94,11.11,N,0
40.80141,-8.01918,303.82,0.49,0.49,2024-09-18,0300,N20,VIIRS,n,2,288.09,33.44,N,0
40.79187,-7.97952,315.35,0.5,0.49,2024-09-18,0300,N20,VIIRS,n,2,288.74,11.11,N,0
40.79719,-8.02127,343.5,0.49,0.49,2024-09-18,0300,N20,VIIRS,n,2,313.45,33.44,N,0
40.79579,-8.01545,343.32,0.49,0.49,2024-09-18,0300,N20,VIIRS,n,2,307.96,33.44,N,0
40.79439,-8.00964,353.78,0.49,0.49,2024-09-18,0300,N20,VIIRS,n,2,302.75,34.5,N,0
40.79309,-8.00425,345.58,0.49,0.49,2024-09-18,0300,N20,VIIRS,n,2,310.26,34.5,N,0
40.79176,-7.9987,352.46,0.5,0.49,2024-09-18,0300,N20,VIIRS,n,2,299.33,36.65,N,0
40.79036,-7.99289,339.02,0.5,0.49,2024-09-18,0300,N20,VIIRS,n,2,290.94,36.65,N,0
40.78893,-7.98699,302.25,0.5,0.49,2024-09-18,0300,N20,VIIRS,n,2,288.88,11.11,N,0
40.79289,-8.02304,348.11,0.49,0.49,2024-09-18,0300,N20,VIIRS,n,2,305.1,49.51,N,0
40.79147,-8.01715,332.82,0.49,0.49,2024-09-18,0300,N20,VIIRS,n,2,294.8,49.51,N,0
40.79007,-8.01137,342.33,0.49,0.49,2024-09-18,0300,N20,VIIRS,n,2,291.47,34.31,N,0
40.78879,-8.00604,336.13,0.49,0.49,2024-09-18,0300,N20,VIIRS,n,2,295.83,34.31,N,0
40.6762,-7.58319,312.28,0.52,0.5,2024-09-18,0300,N20,VIIRS,n,2,285.08,4.79,N,0
40.67888,-7.61383,340.85,0.52,0.5,2024-09-18,0300,N20,VIIRS,n,2,287.89,7.19,N,0
40.67749,-7.60816,341.36,0.52,0.5,2024-09-18,0300,N20,VIIRS,n,2,291.24,7.19,N,0
40.67187,-7.58534,340.05,0.52,0.5,2024-09-18,0300,N20,VIIRS,n,2,288.93,4.79,N,0
40.67612,-7.60261,296.99,0.52,0.5,2024-09-18,0300,N20,VIIRS,n,2,286.85,1.22,N,0
40.67048,-7.5797,310.74,0.52,0.5,2024-09-18,0300,N20,VIIRS,n,2,286.43,3.9,N,0
40.79444,-8.02446,340.26,0.49,0.49,2024-09-18,0300,N20,VIIRS,n,2,297.18,61.38,N,0
40.79309,-8.01866,320.5,0.49,0.49,2024-09-18,0300,N20,VIIRS,n,2,318.28,30.51,N,0
40.79169,-8.01271,342.53,0.49,0.49,2024-09-18,0300,N20,VIIRS,n,2,290.2,30.51,N,0
40.79041,-8.00724,325.58,0.5,0.49,2024-09-18,0300,N20,VIIRS,n,2,317.35,69.48,N,0
40.78912,-8.00177,331.57,0.5,0.49,2024-09-18,0300,N20,VIIRS,n,2,292.93,69.48,N,0
40.78874,-8.02026,301.81,0.49,0.49,2024-09-18,0300,N20,VIIRS,n,2,287.26,30.51,N,0
40.78736,-8.0144,297.03,0.49,0.49,2024-09-18,0300,N20,VIIRS,n,2,286.31,30.51,N,0
40.67591,-7.58497,323.28,0.52,0.5,2024-09-18,0300,N20,VIIRS,n,2,286.08,2.44,N,0
40.67454,-7.57926,306.77,0.52,0.5,2024-09-18,0300,N20,VIIRS,n,2,285.79,2.44,N,0
40.67844,-7.6157,332.97,0.52,0.5,2024-09-18,0300,N20,VIIRS,n,2,287.55,8.59,N,0
40.67707,-7.61,351.78,0.52,0.5,2024-09-18,0300,N20,VIIRS,n,2,293.78,4.68,N,0
40.67022,-7.58146,337.47,0.52,0.5,2024-09-18,0300,N20,VIIRS,n,2,288.25,3.78,N,0
40.67573,-7.60441,300.89,0.52,0.5,2024-09-18,0300,N20,VIIRS,n,2,287.55,4.68,N,0
40.67159,-7.58718,297.78,0.52,0.5,2024-09-18,0300,N20,VIIRS,n,2,285.1,3.78,N,0
40.67413,-7.61791,342.95,0.52,0.5,2024-09-18,0300,N20,VIIRS,n,2,294.16,8.59,N,0
40.6755,-7.62365,306.19,0.52,0.5,2024-09-18,0300,N20,VIIRS,n,2,285.83,8.59,N,0
40.67278,-7.61228,298.22,0.52,0.5,2024-09-18,0300,N20,VIIRS,n,2,287.64,4.68,N,0
40.67248,-7.63118,341.63,0.52,0.5,2024-09-18,0300,N20,VIIRS,n,2,290.32,7.52,N,0
40.67113,-7.62555,340.97,0.52,0.5,2024-09-18,0300,N20,VIIRS,n,2,291.89,5.32,N,0
40.66851,-7.61465,301.16,0.52,0.5,2024-09-18,0300,N20,VIIRS,n,2,286.25,1.8,N,0
40.67233,-7.6507,348.45,0.52,0.5,2024-09-18,0300,N20,VIIRS,n,2,290.39,9.19,N,0
40.66813,-7.63319,352.81,0.52,0.5,2024-09-18,0300,N20,VIIRS,n,2,294.79,7.52,N,0
40.66947,-7.63878,299.34,0.52,0.5,2024-09-18,0300,N20,VIIRS,n,2,286.01,7.52,N,0
40.6668,-7.62767,303.99,0.52,0.5,2024-09-18,0300,N20,VIIRS,n,2,287.96,5.32,N,0
40.66793,-7.65247,347.92,0.52,0.5,2024-09-18,0300,N20,VIIRS,n,2,290.92,9.17,N,0
40.66652,-7.64663,320.92,0.52,0.5,2024-09-18,0300,N20,VIIRS,n,2,286.89,9.17,N,0
40.66518,-7.64106,347.33,0.52,0.5,2024-09-18,0300,N20,VIIRS,n,2,303.96,27.34,N,0
40.66386,-7.63556,321.5,0.52,0.5,2024-09-18,0300,N20,VIIRS,n,2,289.48,27.34,N,0
40.66218,-7.64868,327.37,0.52,0.5,2024-09-18,0300,N20,VIIRS,n,2,287.96,9.17,N,0
40.66088,-7.64325,367,0.52,0.5,2024-09-18,0300,N20,VIIRS,h,2,299.23,27.34,N,0
40.65958,-7.63787,335.29,0.52,0.5,2024-09-18,0300,N20,VIIRS,n,2,293.11,27.34,N,0
40.66494,-7.66011,307.81,0.52,0.5,2024-09-18,0300,N20,VIIRS,n,2,287.12,2.48,N,0
40.66353,-7.65425,301.64,0.52,0.5,2024-09-18,0300,N20,VIIRS,n,2,286.66,9.17,N,0
40.65788,-7.65088,367,0.52,0.5,2024-09-18,0300,N20,VIIRS,h,2,292.18,13.78,N,0
40.65657,-7.64547,305.56,0.52,0.5,2024-09-18,0300,N20,VIIRS,n,2,286.56,2.56,N,0
40.82182,-8.42007,326.18,0.47,0.48,2024-09-18,0300,N20,VIIRS,n,2,292.73,10.03,N,0
40.82069,-8.41526,326.98,0.47,0.48,2024-09-18,0300,N20,VIIRS,n,2,293.19,34.29,N,0
40.81758,-8.42172,341.32,0.47,0.48,2024-09-18,0300,N20,VIIRS,n,2,300.27,10.03,N,0
40.81645,-8.41691,351.66,0.47,0.48,2024-09-18,0300,N20,VIIRS,n,2,324.35,34.29,N,0
40.81532,-8.41208,350.19,0.47,0.48,2024-09-18,0300,N20,VIIRS,n,2,311.68,34.29,N,0
40.81417,-8.40721,355.31,0.47,0.48,2024-09-18,0300,N20,VIIRS,n,2,300.66,23,N,0
40.813,-8.4022,355.57,0.47,0.48,2024-09-18,0300,N20,VIIRS,n,2,298.95,23,N,0
40.8134,-8.42361,329.52,0.47,0.48,2024-09-18,0300,N20,VIIRS,n,2,299.65,5.9,N,0
40.81225,-8.4187,343.96,0.47,0.48,2024-09-18,0300,N20,VIIRS,n,2,301.85,8.34,N,0
40.81113,-8.41395,344.33,0.47,0.48,2024-09-18,0300,N20,VIIRS,n,2,300.18,8.34,N,0
40.80894,-8.40463,321.52,0.47,0.48,2024-09-18,0300,N20,VIIRS,n,2,292.54,3.47,N,0
40.80772,-8.39943,338.85,0.47,0.48,2024-09-18,0300,N20,VIIRS,n,2,292.77,4.34,N,0
40.81709,-8.43932,304.43,0.47,0.48,2024-09-18,0300,N20,VIIRS,n,2,290.88,1.99,N,0
40.81582,-8.43393,314.7,0.47,0.48,2024-09-18,0300,N20,VIIRS,n,2,293.98,1.99,N,0
40.81005,-8.40935,303.32,0.47,0.48,2024-09-18,0300,N20,VIIRS,n,2,292.3,3.47,N,0
40.80368,-8.40192,304.37,0.47,0.48,2024-09-18,0300,N20,VIIRS,n,2,289.74,4.34,N,0
40.80167,-8.41304,330.87,0.47,0.48,2024-09-18,0300,N20,VIIRS,n,2,293.6,4.76,N,0
40.80286,-8.41808,306.62,0.47,0.48,2024-09-18,0300,N20,VIIRS,n,2,292.12,3.89,N,0
40.79848,-8.41916,337.88,0.47,0.48,2024-09-18,0300,N20,VIIRS,n,2,292.71,3.89,N,0
40.79729,-8.41409,334.38,0.47,0.48,2024-09-18,0300,N20,VIIRS,n,2,293.26,4.76,N,0
40.79279,-8.395,344.98,0.47,0.48,2024-09-18,0300,N20,VIIRS,n,2,296.09,9,N,0
40.79395,-8.3999,304.24,0.47,0.48,2024-09-18,0300,N20,VIIRS,n,2,289.84,1.5,N,0
40.78849,-8.39641,341.99,0.47,0.48,2024-09-18,0300,N20,VIIRS,n,2,299.9,7.42,N,0
40.7872,-8.39094,334.82,0.47,0.48,2024-09-18,0300,N20,VIIRS,n,2,293.18,7.42,N,0
40.7897,-8.40153,314.07,0.47,0.48,2024-09-18,0300,N20,VIIRS,n,2,292.73,2.03,N,0
40.61275,-7.6642,298.13,0.52,0.5,2024-09-18,0300,N20,VIIRS,n,2,286.63,0.74,N,0
40.78416,-8.39771,331.19,0.47,0.48,2024-09-18,0300,N20,VIIRS,n,2,294.1,7.42,N,0
40.6139,-7.68877,324.98,0.52,0.5,2024-09-18,0300,N20,VIIRS,n,2,288.48,3.49,N,0
40.78289,-8.39234,307.91,0.47,0.48,2024-09-18,0300,N20,VIIRS,n,2,290.62,7.42,N,0
40.60283,-7.66324,332.48,0.52,0.5,2024-09-18,0300,N20,VIIRS,n,2,299.55,25.46,N,0
40.77857,-8.39365,302.64,0.47,0.48,2024-09-18,0300,N20,VIIRS,n,2,290.73,1.85,N,0
40.60415,-7.66864,318.38,0.52,0.5,2024-09-18,0300,N20,VIIRS,n,2,284.87,25.46,N,0
40.59843,-7.66506,350.58,0.52,0.5,2024-09-18,0300,N20,VIIRS,n,2,297.22,25.46,N,0
40.60386,-7.68726,312.16,0.52,0.5,2024-09-18,0300,N20,VIIRS,n,2,285.93,1.98,N,0
40.59974,-7.67039,308.24,0.52,0.5,2024-09-18,0300,N20,VIIRS,n,2,288.3,25.46,N,0
40.77346,-8.41122,305.05,0.47,0.48,2024-09-18,0300,N20,VIIRS,n,2,293.16,1.71,N,0
40.77233,-8.40646,308.48,0.47,0.48,2024-09-18,0300,N20,VIIRS,n,2,292.68,1.71,N,0
40.77119,-8.40165,304.19,0.47,0.48,2024-09-18,0300,N20,VIIRS,n,2,290.27,1.48,N,0
40.59678,-7.67809,304.19,0.52,0.5,2024-09-18,0300,N20,VIIRS,n,2,288.37,2.62,N,0
40.59531,-7.67209,312.38,0.52,0.5,2024-09-18,0300,N20,VIIRS,n,2,289.73,5.14,N,0
40.76806,-8.40796,328.11,0.47,0.48,2024-09-18,0300,N20,VIIRS,n,2,295.67,1.71,N,0
40.59229,-7.67949,338.99,0.52,0.5,2024-09-18,0300,N20,VIIRS,n,2,291.69,2.62,N,0
40.59082,-7.67353,346.66,0.52,0.5,2024-09-18,0300,N20,VIIRS,n,2,291.22,5.14,N,0
40.58944,-7.66789,326.86,0.52,0.5,2024-09-18,0300,N20,VIIRS,n,2,288.8,5.14,N,0
40.76918,-8.41271,315.99,0.47,0.48,2024-09-18,0300,N20,VIIRS,n,2,294.51,1.71,N,0
40.59666,-7.69737,314.74,0.52,0.5,2024-09-18,0300,N20,VIIRS,n,2,284.59,2.14,N,0
40.59522,-7.69147,311.07,0.52,0.5,2024-09-18,0300,N20,VIIRS,n,2,286.29,2.14,N,0
40.59378,-7.6856,296.14,0.52,0.5,2024-09-18,0300,N20,VIIRS,n,2,285.53,2.62,N,0
40.76493,-8.41431,337.29,0.47,0.48,2024-09-18,0300,N20,VIIRS,n,2,296.31,13.26,N,0
40.76381,-8.40958,355.97,0.47,0.48,2024-09-18,0300,N20,VIIRS,n,2,304.26,13.26,N,0
40.76264,-8.40466,331.61,0.47,0.48,2024-09-18,0300,N20,VIIRS,n,2,292.74,8.94,N,0
40.58927,-7.68694,335.41,0.52,0.5,2024-09-18,0300,N20,VIIRS,n,2,288.04,14.37,N,0
40.58772,-7.68063,353.11,0.52,0.5,2024-09-18,0300,N20,VIIRS,n,2,296.26,14.37,N,0
40.5863,-7.67486,347.08,0.52,0.5,2024-09-18,0300,N20,VIIRS,n,2,292.06,36.92,N,0
40.76739,-8.42468,306.84,0.47,0.48,2024-09-18,0300,N20,VIIRS,n,2,293.94,1.31,N,0
40.76611,-8.41928,304.18,0.47,0.48,2024-09-18,0300,N20,VIIRS,n,2,293.72,1.31,N,0
40.59074,-7.69293,303.37,0.52,0.5,2024-09-18,0300,N20,VIIRS,n,2,286.64,6.5,N,0
40.75954,-8.41115,346.31,0.47,0.48,2024-09-18,0300,N20,VIIRS,n,2,301.08,13.26,N,0
40.75831,-8.40599,336.3,0.47,0.48,2024-09-18,0300,N20,VIIRS,n,2,294.12,8.94,N,0
40.59615,-7.7347,340.5,0.52,0.5,2024-09-18,0300,N20,VIIRS,n,2,292.91,13.12,N,0
40.58625,-7.69433,338.4,0.52,0.5,2024-09-18,0300,N20,VIIRS,n,2,288.39,6.5,N,0
40.58475,-7.68825,342.6,0.52,0.5,2024-09-18,0300,N20,VIIRS,n,2,293.26,14.37,N,0
40.58324,-7.68213,324.87,0.52,0.5,2024-09-18,0300,N20,VIIRS,n,2,289.61,14.37,N,0
40.5818,-7.67626,347.83,0.52,0.5,2024-09-18,0300,N20,VIIRS,n,2,301.03,36.92,N,0
40.76315,-8.42633,311.73,0.47,0.48,2024-09-18,0300,N20,VIIRS,n,2,293.87,1.31,N,0
40.76181,-8.42071,310.35,0.47,0.48,2024-09-18,0300,N20,VIIRS,n,2,294.77,1.31,N,0
40.76067,-8.41589,319.16,0.47,0.48,2024-09-18,0300,N20,VIIRS,n,2,295.92,13.26,N,0
40.74836,-8.36416,300.57,0.48,0.48,2024-09-18,0300,N20,VIIRS,n,2,288.08,0.61,N,0
40.59756,-7.74046,302.32,0.52,0.5,2024-09-18,0300,N20,VIIRS,n,2,286.48,5.64,N,0
40.59795,-7.66597,346.43,0.52,0.5,2024-09-18,0300,N20,VIIRS,n,2,294.84,36.31,N,0
40.77199,-8.40776,307.35,0.47,0.48,2024-09-18,0300,N20,VIIRS,n,2,293.87,4.01,N,0
40.77089,-8.40302,308.11,0.47,0.48,2024-09-18,0300,N20,VIIRS,n,2,291.56,4.01,N,0
40.6033,-7.68841,298.56,0.52,0.5,2024-09-18,0300,N20,VIIRS,n,2,284.78,0.58,N,0
40.59925,-7.67141,302.32,0.52,0.5,2024-09-18,0300,N20,VIIRS,n,2,288.4,1.65,N,0
40.76772,-8.4093,355.15,0.47,0.48,2024-09-18,0300,N20,VIIRS,n,2,299.91,4.01,N,0
40.77004,-8.41931,305.8,0.47,0.48,2024-09-18,0300,N20,VIIRS,n,2,293.25,2.49,N,0
40.76884,-8.41412,308.85,0.47,0.48,2024-09-18,0300,N20,VIIRS,n,2,293.77,2.49,N,0
40.76663,-8.40459,302.64,0.47,0.48,2024-09-18,0300,N20,VIIRS,n,2,290.58,4.01,N,0
40.59628,-7.67919,303.45,0.52,0.5,2024-09-18,0300,N20,VIIRS,n,2,287.75,1.65,N,0
40.59482,-7.6731,313.42,0.52,0.5,2024-09-18,0300,N20,VIIRS,n,2,290.25,1.65,N,0
40.76458,-8.41571,323.01,0.47,0.48,2024-09-18,0300,N20,VIIRS,n,2,295.38,2.55,N,0
40.76348,-8.41095,349.65,0.47,0.48,2024-09-18,0300,N20,VIIRS,n,2,302,13.06,N,0
40.76235,-8.40608,340.23,0.47,0.48,2024-09-18,0300,N20,VIIRS,n,2,300.77,13.06,N,0
40.59464,-7.69255,328.71,0.52,0.5,2024-09-18,0300,N20,VIIRS,n,2,287.47,3,N,0
40.59176,-7.68051,344.92,0.52,0.5,2024-09-18,0300,N20,VIIRS,n,2,293.75,21.28,N,0
40.59033,-7.67451,344.53,0.52,0.5,2024-09-18,0300,N20,VIIRS,n,2,291.66,21.28,N,0
40.58898,-7.66883,337.4,0.52,0.5,2024-09-18,0300,N20,VIIRS,n,2,290.48,8.09,N,0
40.59607,-7.69855,297.93,0.52,0.5,2024-09-18,0300,N20,VIIRS,n,2,284.18,1.88,N,0
40.75922,-8.41255,324.57,0.47,0.48,2024-09-18,0300,N20,VIIRS,n,2,296.63,13.06,N,0
40.75805,-8.40747,349.03,0.47,0.48,2024-09-18,0300,N20,VIIRS,n,2,299.15,13.06,N,0
40.75544,-8.39619,325.63,0.47,0.48,2024-09-18,0300,N20,VIIRS,n,2,290.26,3.53,N,0
40.59979,-7.73433,341.81,0.52,0.5,2024-09-18,0300,N20,VIIRS,n,2,287.79,6.34,N,0
40.58722,-7.68169,367,0.52,0.5,2024-09-18,0300,N20,VIIRS,h,2,292.87,21.28,N,0
40.58582,-7.67583,343.59,0.52,0.5,2024-09-18,0300,N20,VIIRS,n,2,299.32,21.28,N,0
40.76281,-8.428,308.11,0.47,0.48,2024-09-18,0300,N20,VIIRS,n,2,293,1.82,N,0
40.76146,-8.42219,310.02,0.47,0.48,2024-09-18,0300,N20,VIIRS,n,2,294.6,2.55,N,0
40.76032,-8.41727,311.15,0.47,0.48,2024-09-18,0300,N20,VIIRS,n,2,295.06,2.55,N,0
40.75415,-8.39067,311.18,0.47,0.48,2024-09-18,0300,N20,VIIRS,n,2,290.83,2.28,N,0
40.75074,-8.37599,301.03,0.48,0.48,2024-09-18,0300,N20,VIIRS,n,2,290.03,0.6,N,0
40.74833,-8.3656,306.33,0.48,0.48,2024-09-18,0300,N20,VIIRS,n,2,288.56,0.64,N,0
40.59016,-7.69401,302.22,0.52,0.5,2024-09-18,0300,N20,VIIRS,n,2,287.12,3,N,0
40.58873,-7.688,319.08,0.52,0.5,2024-09-18,0300,N20,VIIRS,n,2,287.36,3,N,0
40.58443,-7.67003,304.35,0.52,0.5,2024-09-18,0300,N20,VIIRS,n,2,288.22,8.09,N,0
40.59535,-7.73592,343.47,0.52,0.5,2024-09-18,0300,N20,VIIRS,n,2,290.04,8.58,N,0
40.58567,-7.69542,337.56,0.52,0.5,2024-09-18,0300,N20,VIIRS,n,2,287.25,19.16,N,0
40.58422,-7.68932,349.2,0.52,0.5,2024-09-18,0300,N20,VIIRS,n,2,297.83,19.16,N,0
40.58275,-7.68321,326.63,0.52,0.5,2024-09-18,0300,N20,VIIRS,n,2,291.02,32.99,N,0
40.58133,-7.67728,350.29,0.52,0.5,2024-09-18,0300,N20,VIIRS,n,2,296.99,32.99,N,0
40.75377,-8.40897,317.01,0.47,0.48,2024-09-18,0300,N20,VIIRS,n,2,291.08,1.32,N,0
40.75113,-8.3976,311.8,0.47,0.48,2024-09-18,0300,N20,VIIRS,n,2,292.44,3.19,N,0
40.7499,-8.39229,309.32,0.47,0.48,2024-09-18,0300,N20,VIIRS,n,2,292.58,1.25,N,0
40.74393,-8.36664,315.44,0.48,0.48,2024-09-18,0300,N20,VIIRS,n,2,291.03,1.91,N,0
40.58118,-7.69683,331.93,0.52,0.5,2024-09-18,0300,N20,VIIRS,n,2,287.11,19.16,N,0
40.5797,-7.69066,353.2,0.52,0.5,2024-09-18,0300,N20,VIIRS,n,2,295.39,19.16,N,0
40.57825,-7.68462,346.07,0.52,0.5,2024-09-18,0300,N20,VIIRS,n,2,314.54,32.99,N,0
40.57685,-7.67875,330.71,0.52,0.5,2024-09-18,0300,N20,VIIRS,n,2,292.87,32.99,N,0
40.74954,-8.4107,303.14,0.47,0.48,2024-09-18,0300,N20,VIIRS,n,2,290.48,1.32,N,0
40.74563,-8.39383,301.52,0.47,0.48,2024-09-18,0300,N20,VIIRS,n,2,291.23,1.25,N,0
40.57524,-7.69217,338.25,0.52,0.5,2024-09-18,0300,N20,VIIRS,n,2,290.9,20.29,N,0
40.5738,-7.68617,330.52,0.52,0.5,2024-09-18,0300,N20,VIIRS,n,2,290.01,16.77,N,0
40.56571,-7.77295,301.66,0.51,0.5,2024-09-18,0300,N20,VIIRS,n,2,286.69,2.74,N,0
40.56435,-7.76728,316.34,0.51,0.5,2024-09-18,0300,N20,VIIRS,n,2,287.71,5.56,N,0
40.56,-7.76922,337.91,0.51,0.5,2024-09-18,0300,N20,VIIRS,n,2,291.22,5.56,N,0
40.56136,-7.77488,297.77,0.51,0.5,2024-09-18,0300,N20,VIIRS,n,2,287.39,2.74,N,0
40.55838,-7.78249,307.64,0.51,0.5,2024-09-18,0300,N20,VIIRS,n,2,287.56,1.13,N,0
40.55703,-7.77686,303.73,0.51,0.5,2024-09-18,0300,N20,VIIRS,n,2,287.52,1.13,N,0
40.69282,-8.36649,301.13,0.48,0.48,2024-09-18,0300,N20,VIIRS,n,2,289.75,0.76,N,0
40.68741,-8.36328,339.13,0.48,0.48,2024-09-18,0300,N20,VIIRS,n,2,290.71,9.52,N,0
40.68613,-8.35784,339.69,0.48,0.48,2024-09-18,0300,N20,VIIRS,n,2,296.7,3.19,N,0
40.68261,-8.34292,334.03,0.48,0.48,2024-09-18,0300,N20,VIIRS,n,2,292.17,2.49,N,0
40.68489,-8.35258,306.65,0.48,0.48,2024-09-18,0300,N20,VIIRS,n,2,291.75,3.19,N,0
40.6881,-8.38593,300.16,0.48,0.48,2024-09-18,0300,N20,VIIRS,n,2,288.63,0.6,N,0
40.68564,-8.37546,303.13,0.48,0.48,2024-09-18,0300,N20,VIIRS,n,2,289.55,1.84,N,0
40.68192,-8.35969,303.42,0.48,0.48,2024-09-18,0300,N20,VIIRS,n,2,290.24,3.19,N,0
40.68067,-8.35441,306.8,0.48,0.48,2024-09-18,0300,N20,VIIRS,n,2,290.41,3.19,N,0
40.67951,-8.3495,305.61,0.48,0.48,2024-09-18,0300,N20,VIIRS,n,2,291.56,2.49,N,0
40.67839,-8.34475,316.41,0.48,0.48,2024-09-18,0300,N20,VIIRS,n,2,292.41,2.49,N,0
40.66753,-8.33825,331.9,0.48,0.48,2024-09-18,0300,N20,VIIRS,n,2,291.79,5.25,N,0
40.66321,-8.33966,321.97,0.48,0.48,2024-09-18,0300,N20,VIIRS,n,2,291.99,1.77,N,0
40.66441,-8.34473,303.6,0.48,0.48,2024-09-18,0300,N20,VIIRS,n,2,291.58,1.77,N,0
40.65219,-8.3129,343.79,0.48,0.48,2024-09-18,0300,N20,VIIRS,n,2,298.51,6.99,N,0
40.65081,-8.3071,338.33,0.48,0.48,2024-09-18,0300,N20,VIIRS,n,2,296.14,6.99,N,0
40.65347,-8.31829,302.96,0.48,0.48,2024-09-18,0300,N20,VIIRS,n,2,290.75,1.69,N,0
40.64902,-8.31921,325.43,0.48,0.48,2024-09-18,0300,N20,VIIRS,n,2,295.35,3.79,N,0
40.64771,-8.31373,354.76,0.48,0.48,2024-09-18,0300,N20,VIIRS,n,2,302.85,15.85,N,0
40.64641,-8.30825,311.25,0.48,0.48,2024-09-18,0300,N20,VIIRS,n,2,291.34,15.85,N,0
40.64465,-8.32047,323.92,0.48,0.48,2024-09-18,0300,N20,VIIRS,n,2,296.31,3.79,N,0
40.64338,-8.31515,352.33,0.48,0.48,2024-09-18,0300,N20,VIIRS,n,2,297.96,15.85,N,0
40.64606,-8.3264,311.69,0.48,0.48,2024-09-18,0300,N20,VIIRS,n,2,291.74,3.79,N,0
40.64173,-8.3278,355.98,0.48,0.48,2024-09-18,0300,N20,VIIRS,n,2,299.25,39.61,N,0
40.64043,-8.32236,349.31,0.48,0.48,2024-09-18,0300,N20,VIIRS,n,2,300.83,39.61,N,0
40.64592,-8.34538,302.24,0.48,0.48,2024-09-18,0300,N20,VIIRS,n,2,289.84,0.42,N,0
40.64312,-8.33366,302.28,0.48,0.48,2024-09-18,0300,N20,VIIRS,n,2,291.27,11.19,N,0
40.63873,-8.3348,355.84,0.48,0.48,2024-09-18,0300,N20,VIIRS,n,2,305.61,11.19,N,0
40.6374,-8.32925,347.33,0.48,0.48,2024-09-18,0300,N20,VIIRS,n,2,321.53,39.61,N,0
40.63622,-8.32427,339.44,0.48,0.48,2024-09-18,0300,N20,VIIRS,n,2,313.32,39.61,N,0
40.64159,-8.34677,301.38,0.48,0.48,2024-09-18,0300,N20,VIIRS,n,2,289.92,0.42,N,0
40.64017,-8.34083,309.22,0.48,0.48,2024-09-18,0300,N20,VIIRS,n,2,291.25,11.19,N,0
40.63503,-8.3193,301.59,0.48,0.48,2024-09-18,0300,N20,VIIRS,n,2,290.23,10.25,N,0
40.63729,-8.34831,345.08,0.48,0.48,2024-09-18,0300,N20,VIIRS,n,2,296.07,76.08,N,0
40.63583,-8.34222,354.79,0.48,0.48,2024-09-18,0300,N20,VIIRS,n,2,301.63,59.14,N,0
40.63445,-8.33641,352.82,0.48,0.48,2024-09-18,0300,N20,VIIRS,n,2,315.03,59.14,N,0
40.63321,-8.33125,353.83,0.48,0.48,2024-09-18,0300,N20,VIIRS,n,2,306.64,13.09,N,0
40.63206,-8.3264,301.57,0.48,0.48,2024-09-18,0300,N20,VIIRS,n,2,290.8,13.09,N,0
40.63423,-8.35506,342.38,0.48,0.48,2024-09-18,0300,N20,VIIRS,n,2,299.35,76.08,N,0
40.63286,-8.34931,367,0.48,0.48,2024-09-18,0300,N20,VIIRS,h,2,333.39,76.08,N,0
40.63147,-8.34349,335.28,0.48,0.48,2024-09-18,0300,N20,VIIRS,n,2,317.26,59.14,N,0
40.63017,-8.33808,340.56,0.48,0.48,2024-09-18,0300,N20,VIIRS,n,2,310.66,59.14,N,0
40.629,-8.33316,307.23,0.48,0.48,2024-09-18,0300,N20,VIIRS,n,2,291.78,13.09,N,0
40.64211,-8.32978,339.12,0.48,0.48,2024-09-18,0301,N20,VIIRS,n,2,293.81,18.2,N,0
40.64082,-8.32421,353.93,0.48,0.48,2024-09-18,0301,N20,VIIRS,n,2,305.53,36.72,N,0
40.63958,-8.31889,324.86,0.48,0.48,2024-09-18,0301,N20,VIIRS,n,2,291.79,36.72,N,0
40.64615,-8.34725,300.53,0.48,0.48,2024-09-18,0301,N20,VIIRS,n,2,289.64,0.71,N,0
40.64486,-8.34168,301.5,0.48,0.48,2024-09-18,0301,N20,VIIRS,n,2,290.45,0.71,N,0
40.64348,-8.33573,302.18,0.48,0.48,2024-09-18,0301,N20,VIIRS,n,2,291,18.2,N,0
40.63909,-8.33685,342.91,0.48,0.48,2024-09-18,0301,N20,VIIRS,n,2,300.54,18.2,N,0
40.63773,-8.331,367,0.48,0.48,2024-09-18,0301,N20,VIIRS,h,2,312.48,18.2,N,0
40.63657,-8.32599,341.13,0.48,0.48,2024-09-18,0301,N20,VIIRS,n,2,322.37,36.72,N,0
40.63541,-8.32103,323.15,0.48,0.48,2024-09-18,0301,N20,VIIRS,n,2,296.52,36.72,N,0
40.63756,-8.35033,339.91,0.48,0.48,2024-09-18,0301,N20,VIIRS,n,2,296.5,70.87,N,0
40.63618,-8.3444,341.32,0.48,0.48,2024-09-18,0301,N20,VIIRS,n,2,299.4,70.87,N,0
40.63479,-8.33838,355.47,0.48,0.48,2024-09-18,0301,N20,VIIRS,n,2,310.31,48.9,N,0
40.63354,-8.333,353.07,0.48,0.48,2024-09-18,0301,N20,VIIRS,n,2,314.55,48.9,N,0
40.63239,-8.32809,321.93,0.48,0.48,2024-09-18,0301,N20,VIIRS,n,2,292.81,11.75,N,0
40.63316,-8.35138,333.1,0.48,0.48,2024-09-18,0301,N20,VIIRS,n,2,329.37,70.87,N,0
40.63179,-8.34554,347.25,0.48,0.48,2024-09-18,0301,N20,VIIRS,n,2,317.09,70.87,N,0
40.63049,-8.33994,336.51,0.48,0.48,2024-09-18,0301,N20,VIIRS,n,2,321.16,48.9,N,0
40.62931,-8.33485,335.11,0.48,0.48,2024-09-18,0301,N20,VIIRS,n,2,293.41,48.9,N,0
40.63446,-8.35703,315.6,0.48,0.48,2024-09-18,0301,N20,VIIRS,n,2,291.56,14.91,N,0
40.62875,-8.35244,355.29,0.48,0.48,2024-09-18,0301,N20,VIIRS,n,2,297.99,14.57,N,0
40.62746,-8.34693,334.43,0.48,0.48,2024-09-18,0301,N20,VIIRS,n,2,297.11,14.57,N,0
40.63006,-8.3581,302.2,0.48,0.48,2024-09-18,0301,N20,VIIRS,n,2,291.58,2.15,N,0
40.62624,-8.34169,308.6,0.48,0.48,2024-09-18,0301,N20,VIIRS,n,2,291.24,2,N,0
40.62572,-8.35944,326.5,0.48,0.48,2024-09-18,0301,N20,VIIRS,n,2,292.7,2.15,N,0
40.62445,-8.35397,304.14,0.48,0.48,2024-09-18,0301,N20,VIIRS,n,2,292.61,14.57,N,0
40.63725,-8.44879,308.13,0.47,0.48,2024-09-18,0301,N20,VIIRS,n,2,290.1,0.96,N,0
40.61845,-8.36818,308.27,0.48,0.48,2024-09-18,0301,N20,VIIRS,n,2,292.03,1.33,N,0
40.61124,-8.37716,342.2,0.48,0.48,2024-09-18,0301,N20,VIIRS,n,2,295.38,6.39,N,0
40.61391,-8.38858,307.45,0.48,0.48,2024-09-18,0301,N20,VIIRS,n,2,291.47,0.98,N,0
40.60836,-8.38473,344.28,0.48,0.48,2024-09-18,0301,N20,VIIRS,n,2,312.82,41.64,N,0
40.607,-8.3789,321.83,0.48,0.48,2024-09-18,0301,N20,VIIRS,n,2,308.59,41.64,N,0
40.61217,-8.401,305.81,0.48,0.48,2024-09-18,0301,N20,VIIRS,n,2,291.83,6.87,N,0
40.61092,-8.39567,313.42,0.48,0.48,2024-09-18,0301,N20,VIIRS,n,2,292.44,15.22,N,0
40.60966,-8.39028,315.96,0.48,0.48,2024-09-18,0301,N20,VIIRS,n,2,291.92,15.22,N,0
40.60915,-8.40793,338.67,0.48,0.48,2024-09-18,0301,N20,VIIRS,n,2,293.24,6.87,N,0
40.60791,-8.40264,350.75,0.48,0.48,2024-09-18,0301,N20,VIIRS,n,2,296.91,6.87,N,0
40.60667,-8.39735,352.98,0.48,0.48,2024-09-18,0301,N20,VIIRS,n,2,306.49,15.22,N,0
40.60541,-8.39197,342.73,0.48,0.48,2024-09-18,0301,N20,VIIRS,n,2,295.82,15.22,N,0
40.60411,-8.38641,342.32,0.48,0.48,2024-09-18,0301,N20,VIIRS,n,2,294.14,41.64,N,0
40.61281,-8.42356,303.59,0.48,0.48,2024-09-18,0301,N20,VIIRS,n,2,292.97,1.23,N,0
40.61159,-8.41836,304.72,0.48,0.48,2024-09-18,0301,N20,VIIRS,n,2,293.15,1.94,N,0
40.60274,-8.38057,306.75,0.48,0.48,2024-09-18,0301,N20,VIIRS,n,2,292.25,41.64,N,0
40.60612,-8.41484,331.85,0.48,0.48,2024-09-18,0301,N20,VIIRS,n,2,296.63,22.39,N,0
40.60489,-8.40958,350.92,0.48,0.48,2024-09-18,0301,N20,VIIRS,n,2,298.6,37.42,N,0
40.60365,-8.40428,351.77,0.48,0.48,2024-09-18,0301,N20,VIIRS,n,2,307.83,37.42,N,0
40.6024,-8.399,332.39,0.48,0.48,2024-09-18,0301,N20,VIIRS,n,2,330.75,71.71,N,0
40.60114,-8.39359,367,0.48,0.48,2024-09-18,0301,N20,VIIRS,h,2,315.58,71.71,N,0
40.60855,-8.42523,309.27,0.48,0.48,2024-09-18,0301,N20,VIIRS,n,2,293.63,2.19,N,0
40.60733,-8.42003,311.34,0.48,0.48,2024-09-18,0301,N20,VIIRS,n,2,293.95,22.39,N,0
40.59984,-8.38808,301.67,0.48,0.48,2024-09-18,0301,N20,VIIRS,n,2,291.36,5.71,N,0
40.60434,-8.42704,331.55,0.48,0.48,2024-09-18,0301,N20,VIIRS,n,2,294.38,2.19,N,0
40.60308,-8.42171,355.06,0.48,0.48,2024-09-18,0301,N20,VIIRS,n,2,302.79,22.39,N,0
40.60186,-8.41651,352.99,0.48,0.48,2024-09-18,0301,N20,VIIRS,n,2,308.06,22.39,N,0
40.60062,-8.41123,342.2,0.48,0.48,2024-09-18,0301,N20,VIIRS,n,2,311.75,37.42,N,0
40.59938,-8.40592,352.15,0.48,0.48,2024-09-18,0301,N20,VIIRS,n,2,300.75,37.42,N,0
40.59813,-8.40061,350.66,0.48,0.48,2024-09-18,0301,N20,VIIRS,n,2,296.39,71.71,N,0
40.60555,-8.43224,309.92,0.48,0.48,2024-09-18,0301,N20,VIIRS,n,2,293.58,2.19,N,0
40.59687,-8.39524,303.56,0.48,0.48,2024-09-18,0301,N20,VIIRS,n,2,291.25,71.71,N,0
40.60135,-8.43409,342.71,0.48,0.48,2024-09-18,0301,N20,VIIRS,n,2,298.23,22.21,N,0
40.6001,-8.42879,347.88,0.48,0.48,2024-09-18,0301,N20,VIIRS,n,2,304.37,22.21,N,0
40.59887,-8.42352,339.27,0.48,0.48,2024-09-18,0301,N20,VIIRS,n,2,308.91,38.85,N,0
40.60262,-8.43949,313.31,0.48,0.48,2024-09-18,0301,N20,VIIRS,n,2,291.87,1.97,N,0
40.59763,-8.41828,311.44,0.48,0.48,2024-09-18,0301,N20,VIIRS,n,2,293.25,38.85,N,0
40.59713,-8.43591,309.36,0.48,0.48,2024-09-18,0301,N20,VIIRS,n,2,290.62,22.21,N,0
40.59586,-8.43051,303.02,0.48,0.48,2024-09-18,0301,N20,VIIRS,n,2,291.39,22.21,N,0
40.45685,-7.90636,306.4,0.51,0.49,2024-09-18,0301,N20,VIIRS,n,2,288.84,1.43,N,0
40.45741,-8.00769,297.94,0.5,0.49,2024-09-18,0301,N20,VIIRS,n,2,286.89,0.56,N,0
40.45305,-8.00938,307.26,0.5,0.49,2024-09-18,0301,N20,VIIRS,n,2,287.75,1.47,N,0
40.42609,-7.93771,307.64,0.51,0.49,2024-09-18,0301,N20,VIIRS,n,2,289.25,1.61,N,0
40.45528,-8.00802,313.14,0.5,0.49,2024-09-18,0301,N20,VIIRS,n,2,288.36,1.8,N,0
40.4244,-7.93792,305.61,0.51,0.49,2024-09-18,0301,N20,VIIRS,n,2,288.42,1.42,N,0
40.44148,-8.05036,326.4,0.5,0.49,2024-09-18,0301,N20,VIIRS,n,2,288.54,3.03,N,0
40.43716,-8.0522,307.52,0.5,0.49,2024-09-18,0301,N20,VIIRS,n,2,288.66,1.42,N,0
40.40771,-8.00842,302.08,0.51,0.49,2024-09-18,0301,N20,VIIRS,n,2,288.26,1.3,N,0
40.39014,-8.01478,330.65,0.51,0.49,2024-09-18,0301,N20,VIIRS,n,2,290.76,5.36,N,0
40.38713,-8.02211,299.39,0.5,0.49,2024-09-18,0301,N20,VIIRS,n,2,288.95,1.24,N,0
38.63004,-9.07872,306.33,0.49,0.49,2024-09-18,0301,N20,VIIRS,n,2,290.09,1.37,N,2
41.57973,-7.60088,344.82,0.56,0.51,2024-09-18,1243,N20,VIIRS,n,2,300.83,7.99,D,0
41.57653,-7.61371,330.37,0.56,0.51,2024-09-18,1243,N20,VIIRS,n,2,298.12,9.18,D,0
41.59042,-7.57809,333.69,0.56,0.51,2024-09-18,1243,N20,VIIRS,n,2,299.84,5.03,D,0
41.59478,-7.58066,343.82,0.56,0.51,2024-09-18,1243,N20,VIIRS,n,2,297.73,34.41,D,0
41.595,-7.59991,330.86,0.56,0.51,2024-09-18,1243,N20,VIIRS,n,2,298.34,13.3,D,0
41.59337,-7.60645,340.87,0.56,0.51,2024-09-18,1243,N20,VIIRS,n,2,302.66,13.3,D,0
41.52047,-7.89787,340.09,0.58,0.52,2024-09-18,1243,N20,VIIRS,n,2,298.5,8.93,D,0
41.51896,-7.90387,350.35,0.58,0.52,2024-09-18,1243,N20,VIIRS,n,2,300.18,13.83,D,0
41.51719,-7.91092,346.89,0.58,0.52,2024-09-18,1243,N20,VIIRS,n,2,299.85,13.83,D,0
41.54829,-8.13443,341.81,0.6,0.53,2024-09-18,1243,N20,VIIRS,n,2,299.65,11.43,D,0
41.54737,-8.13445,339.71,0.6,0.53,2024-09-18,1243,N20,VIIRS,n,2,299.42,3.88,D,0
41.55178,-8.13738,331.72,0.6,0.53,2024-09-18,1243,N20,VIIRS,n,2,297.18,3.88,D,0
40.78334,-7.94317,346.53,0.61,0.53,2024-09-18,1243,N20,VIIRS,n,2,302.79,12.52,D,0
41.05603,-8.01498,350.84,0.6,0.53,2024-09-18,1243,N20,VIIRS,n,2,301.33,9.21,D,0
41.09994,-7.86139,332.2,0.59,0.53,2024-09-18,1243,N20,VIIRS,n,2,296.93,4.16,D,0
41.06192,-8.01218,337.66,0.6,0.53,2024-09-18,1243,N20,VIIRS,n,2,293.81,9.21,D,0
41.06051,-8.01775,329.28,0.6,0.53,2024-09-18,1243,N20,VIIRS,n,2,297.96,9.21,D,0
41.1045,-7.86368,356.11,0.59,0.53,2024-09-18,1243,N20,VIIRS,n,2,301.46,13.08,D,0
41.10872,-7.86735,342.04,0.59,0.53,2024-09-18,1243,N20,VIIRS,n,2,297.87,13.08,D,0
41.11271,-7.87194,350.46,0.59,0.53,2024-09-18,1243,N20,VIIRS,n,2,296.98,9.54,D,0
41.0969,-7.93498,339.84,0.6,0.53,2024-09-18,1243,N20,VIIRS,n,2,299.26,10.1,D,0
41.14952,-7.98761,354.02,0.6,0.53,2024-09-18,1243,N20,VIIRS,n,2,303.01,26.43,D,0
41.15782,-7.97528,339.39,0.6,0.53,2024-09-18,1243,N20,VIIRS,n,2,298.19,7.17,D,0
41.18539,-7.90707,337.52,0.59,0.53,2024-09-18,1243,N20,VIIRS,n,2,297.1,10.12,D,0
41.18357,-7.91429,341.78,0.59,0.53,2024-09-18,1243,N20,VIIRS,n,2,299.75,10.12,D,0
41.13434,-8.10841,351.31,0.61,0.53,2024-09-18,1243,N20,VIIRS,n,2,295.73,12.24,D,0
41.13899,-8.11057,334.24,0.61,0.53,2024-09-18,1243,N20,VIIRS,n,2,293.38,12.24,D,0
41.20261,-7.87949,345.15,0.59,0.53,2024-09-18,1243,N20,VIIRS,n,2,302.21,28.22,D,0
41.20113,-7.88534,336.78,0.59,0.53,2024-09-18,1243,N20,VIIRS,n,2,300.83,28.22,D,0
41.14789,-8.09601,335.85,0.61,0.53,2024-09-18,1243,N20,VIIRS,n,2,295.46,8.97,D,0
41.20871,-7.87562,352.08,0.59,0.53,2024-09-18,1243,N20,VIIRS,n,2,310.46,54.8,D,0
41.20739,-7.8809,354.62,0.59,0.53,2024-09-18,1243,N20,VIIRS,n,2,316.83,28.22,D,0
41.21474,-7.87205,354.98,0.59,0.53,2024-09-18,1243,N20,VIIRS,n,2,308.37,26.47,D,0
41.21339,-7.87741,341.24,0.59,0.53,2024-09-18,1243,N20,VIIRS,n,2,312.56,26.47,D,0
41.21943,-7.87378,342.62,0.59,0.53,2024-09-18,1243,N20,VIIRS,n,2,302.55,26.47,D,0
41.22441,-7.87429,350.74,0.59,0.53,2024-09-18,1243,N20,VIIRS,n,2,301.87,11.41,D,0
41.18652,-8.02525,331.01,0.6,0.53,2024-09-18,1243,N20,VIIRS,n,2,293.57,6.11,D,0
41.22955,-7.87422,341.07,0.59,0.53,2024-09-18,1243,N20,VIIRS,n,2,294.9,11.41,D,0
41.19466,-8.01342,341.6,0.6,0.53,2024-09-18,1243,N20,VIIRS,n,2,292.91,6.9,D,0
41.23292,-7.88121,354.88,0.59,0.53,2024-09-18,1243,N20,VIIRS,n,2,301.25,22.03,D,0
41.22383,-7.95873,332.15,0.6,0.53,2024-09-18,1243,N20,VIIRS,n,2,301.25,4.06,D,0
41.23404,-7.9797,340.24,0.6,0.53,2024-09-18,1243,N20,VIIRS,n,2,310.45,22.57,D,0
41.23847,-7.9826,354.54,0.6,0.53,2024-09-18,1243,N20,VIIRS,n,2,309.08,20.28,D,0
41.23678,-7.9894,333.11,0.6,0.53,2024-09-18,1243,N20,VIIRS,n,2,299.86,10.62,D,0
41.24271,-7.98628,339.53,0.6,0.53,2024-09-18,1243,N20,VIIRS,n,2,296.06,20.28,D,0
41.24113,-7.99259,330.28,0.6,0.53,2024-09-18,1243,N20,VIIRS,n,2,297.16,10.62,D,0
41.10857,-8.51972,342.35,0.32,0.55,2024-09-18,1243,N20,VIIRS,n,2,293.91,4.18,D,0
41.1076,-8.52354,328.97,0.32,0.55,2024-09-18,1243,N20,VIIRS,n,2,295.03,3.37,D,0
41.23351,-7.97915,341.9,0.6,0.53,2024-09-18,1243,N20,VIIRS,n,2,307.59,15.42,D,0
41.23794,-7.982,354.06,0.6,0.53,2024-09-18,1243,N20,VIIRS,n,2,309.11,20.91,D,0
41.24218,-7.9856,339.44,0.6,0.53,2024-09-18,1243,N20,VIIRS,n,2,297.31,20.91,D,0
41.24056,-7.99192,336.58,0.6,0.53,2024-09-18,1243,N20,VIIRS,n,2,299.99,20.91,D,0
41.10872,-8.52321,350.64,0.32,0.55,2024-09-18,1243,N20,VIIRS,n,2,295.23,4.03,D,0
41.38772,-7.73178,329.76,0.57,0.52,2024-09-18,1243,N20,VIIRS,l,2,303.85,10.3,D,0
41.38632,-7.73743,349.64,0.58,0.52,2024-09-18,1243,N20,VIIRS,n,2,304.08,10.3,D,0
41.39523,-7.72188,343.06,0.57,0.52,2024-09-18,1243,N20,VIIRS,n,2,304.13,11.56,D,0
41.39117,-7.73828,330.61,0.58,0.52,2024-09-18,1243,N20,VIIRS,n,2,302.51,5.19,D,0
41.38977,-7.7439,336.37,0.58,0.52,2024-09-18,1243,N20,VIIRS,n,2,299.9,4.8,D,0
41.39856,-7.72886,348.66,0.57,0.52,2024-09-18,1243,N20,VIIRS,n,2,304.08,11.56,D,0
41.39727,-7.73406,330.59,0.57,0.52,2024-09-18,1243,N20,VIIRS,l,2,303.96,5.19,D,0
41.39594,-7.73944,338.05,0.58,0.52,2024-09-18,1243,N20,VIIRS,n,2,299.78,5.19,D,0
41.4135,-7.68881,339.98,0.57,0.52,2024-09-18,1243,N20,VIIRS,n,2,302.32,5.12,D,0
41.41196,-7.69502,342.95,0.57,0.52,2024-09-18,1243,N20,VIIRS,n,2,303.36,5.12,D,0
41.4032,-7.73053,335.75,0.57,0.52,2024-09-18,1243,N20,VIIRS,n,2,298.81,2.47,D,0
41.41648,-7.69718,337.53,0.57,0.52,2024-09-18,1243,N20,VIIRS,n,2,303.74,5.12,D,0
41.41493,-7.7035,328.06,0.57,0.52,2024-09-18,1243,N20,VIIRS,l,2,301.99,6.3,D,0
41.4134,-7.70967,341.57,0.57,0.52,2024-09-18,1243,N20,VIIRS,n,2,305.07,6.3,D,0
41.4195,-7.70543,341.16,0.57,0.52,2024-09-18,1243,N20,VIIRS,n,2,298.06,133.64,D,0
41.41803,-7.71137,350.81,0.57,0.52,2024-09-18,1243,N20,VIIRS,n,2,321.39,133.64,D,0
41.41662,-7.71713,338.52,0.57,0.52,2024-09-18,1243,N20,VIIRS,n,2,304.69,127.91,D,0
41.32186,-8.09951,327.97,0.6,0.53,2024-09-18,1243,N20,VIIRS,n,2,296.14,3.76,D,0
41.3202,-8.10615,327.84,0.6,0.53,2024-09-18,1243,N20,VIIRS,n,2,297.47,3.76,D,0
41.4241,-7.70726,341.55,0.57,0.52,2024-09-18,1243,N20,VIIRS,n,2,295.87,133.64,D,0
41.42268,-7.71302,367,0.57,0.52,2024-09-18,1243,N20,VIIRS,l,2,355.39,133.64,D,0
41.41557,-7.68554,330.55,0.57,0.52,2024-09-18,1243,N20,VIIRS,n,2,301.25,5.2,D,0
41.41399,-7.69179,331.83,0.57,0.52,2024-09-18,1243,N20,VIIRS,n,2,301.57,5.2,D,0
41.41241,-7.69804,345.74,0.57,0.52,2024-09-18,1243,N20,VIIRS,n,2,302.16,7.27,D,0
41.41692,-7.70019,327.99,0.57,0.52,2024-09-18,1243,N20,VIIRS,n,2,301.18,7.27,D,0
41.41536,-7.70639,342.86,0.57,0.52,2024-09-18,1243,N20,VIIRS,n,2,303.55,7.27,D,0
41.41384,-7.71241,345.68,0.57,0.52,2024-09-18,1243,N20,VIIRS,n,2,305.54,11.54,D,0
41.4185,-7.71399,367,0.57,0.52,2024-09-18,1243,N20,VIIRS,h,2,336.24,221.67,D,0
41.41996,-7.70818,343.28,0.57,0.52,2024-09-18,1243,N20,VIIRS,n,2,312.59,107.57,D,0
41.32001,-8.10121,340.98,0.6,0.53,2024-09-18,1243,N20,VIIRS,n,2,299.52,8.44,D,0
41.42458,-7.70995,343.16,0.57,0.52,2024-09-18,1243,N20,VIIRS,n,2,297.83,107.57,D,0
41.42316,-7.71557,207.93,0.57,0.52,2024-09-18,1243,N20,VIIRS,l,2,324.28,221.67,D,0
41.4631,-7.61672,334.37,0.56,0.52,2024-09-18,1243,N20,VIIRS,n,2,302.49,17.96,D,0
41.46785,-7.61785,340.45,0.56,0.52,2024-09-18,1243,N20,VIIRS,n,2,307.62,17.96,D,0
41.47253,-7.61923,339.57,0.56,0.52,2024-09-18,1243,N20,VIIRS,n,2,297.35,8.43,D,0
41.47095,-7.62553,335.54,0.56,0.52,2024-09-18,1243,N20,VIIRS,n,2,305.48,8.43,D,0
41.46955,-7.69171,344.82,0.57,0.52,2024-09-18,1243,N20,VIIRS,n,2,299.56,9.07,D,0
41.05154,-8.01222,338.62,0.6,0.53,2024-09-18,1243,N20,VIIRS,n,2,295.73,11.64,D,0
41.0357,-8.05415,350.8,0.61,0.53,2024-09-18,1243,N20,VIIRS,n,2,296.27,12.84,D,0
41.04399,-8.02153,352.89,0.61,0.53,2024-09-18,1243,N20,VIIRS,n,2,307.01,21.89,D,0
41.04558,-8.01527,333.7,0.61,0.53,2024-09-18,1243,N20,VIIRS,n,2,296.63,21.89,D,0
41.02987,-8.05661,329.52,0.61,0.53,2024-09-18,1243,N20,VIIRS,n,2,292.62,6.83,D,0
41.03124,-8.05123,338.06,0.61,0.53,2024-09-18,1243,N20,VIIRS,n,2,292,6.41,D,0
40.98174,-8.20386,337.47,0.62,0.54,2024-09-18,1243,N20,VIIRS,n,2,302.54,27.88,D,0
40.98338,-8.19747,338.24,0.62,0.54,2024-09-18,1243,N20,VIIRS,n,2,291.19,27.88,D,0
40.97938,-8.15183,311.51,0.62,0.54,2024-09-18,1243,N20,VIIRS,l,2,323.14,123.59,D,0
40.97127,-8.18331,347.94,0.62,0.54,2024-09-18,1243,N20,VIIRS,n,2,292.61,14.04,D,0
40.97752,-8.15907,331.22,0.62,0.54,2024-09-18,1243,N20,VIIRS,n,2,292.08,53.85,D,0
40.98109,-8.14519,341.09,0.62,0.54,2024-09-18,1243,N20,VIIRS,n,2,290.18,123.59,D,0
40.9851,-8.12959,335.59,0.62,0.54,2024-09-18,1243,N20,VIIRS,n,2,291.4,5.75,D,0
40.95993,-8.20692,355.91,0.62,0.54,2024-09-18,1243,N20,VIIRS,n,2,295.41,18.99,D,0
40.96663,-8.18095,338.32,0.62,0.54,2024-09-18,1243,N20,VIIRS,n,2,291.79,9.9,D,0
40.9746,-8.15005,348.56,0.62,0.54,2024-09-18,1243,N20,VIIRS,n,2,298.92,20.29,D,0
40.97645,-8.14285,355.35,0.62,0.54,2024-09-18,1243,N20,VIIRS,n,2,302.55,20.29,D,0
40.97831,-8.13564,351.72,0.62,0.54,2024-09-18,1243,N20,VIIRS,n,2,294.32,32.66,D,0
40.98038,-8.1276,351.29,0.62,0.54,2024-09-18,1243,N20,VIIRS,n,2,314.4,32.66,D,0
40.98249,-8.1194,340.72,0.61,0.54,2024-09-18,1243,N20,VIIRS,n,2,298.39,45.86,D,0
40.95516,-8.20502,342.72,0.62,0.54,2024-09-18,1243,N20,VIIRS,n,2,293.59,18.99,D,0
40.97184,-8.14041,339.7,0.62,0.54,2024-09-18,1243,N20,VIIRS,n,2,294.22,20.29,D,0
40.97389,-8.13248,328.98,0.62,0.54,2024-09-18,1243,N20,VIIRS,n,2,291.41,32.66,D,0
40.97589,-8.12473,351.84,0.62,0.54,2024-09-18,1243,N20,VIIRS,n,2,299.62,32.66,D,0
40.97791,-8.11687,345.07,0.61,0.54,2024-09-18,1243,N20,VIIRS,n,2,302.84,45.86,D,0
41.03489,-7.89463,347.64,0.6,0.53,2024-09-18,1243,N20,VIIRS,n,2,302.34,15.09,D,0
41.03661,-7.88791,338.66,0.6,0.53,2024-09-18,1243,N20,VIIRS,n,2,296.92,15.09,D,0
40.95219,-8.19617,340.27,0.62,0.54,2024-09-18,1243,N20,VIIRS,n,2,293.59,12.29,D,0
40.97342,-8.11402,340.55,0.61,0.54,2024-09-18,1243,N20,VIIRS,n,2,296.02,11.73,D,0
40.97556,-8.10572,335.2,0.61,0.54,2024-09-18,1243,N20,VIIRS,n,2,290.11,11.73,D,0
40.94897,-8.18828,330.68,0.62,0.54,2024-09-18,1243,N20,VIIRS,n,2,294.03,11.13,D,0
40.96252,-8.13594,334.48,0.62,0.54,2024-09-18,1243,N20,VIIRS,n,2,297.06,22.24,D,0
40.96471,-8.12745,339.66,0.62,0.54,2024-09-18,1243,N20,VIIRS,n,2,293.84,24.06,D,0
40.97071,-8.10428,338.62,0.61,0.54,2024-09-18,1243,N20,VIIRS,n,2,292.66,11.73,D,0
40.98144,-8.15339,339.05,0.62,0.54,2024-09-18,1243,N20,VIIRS,n,2,291.04,16.06,D,0
40.97675,-8.15127,367,0.62,0.54,2024-09-18,1243,N20,VIIRS,l,2,327.33,231.28,D,0
40.96889,-8.18261,356.58,0.62,0.54,2024-09-18,1243,N20,VIIRS,n,2,293.75,25.82,D,0
40.98026,-8.13725,342.98,0.62,0.54,2024-09-18,1243,N20,VIIRS,n,2,293.2,34.69,D,0
40.98233,-8.12901,351.87,0.62,0.54,2024-09-18,1243,N20,VIIRS,n,2,303.5,39.71,D,0
40.98439,-8.12076,340.02,0.62,0.54,2024-09-18,1243,N20,VIIRS,n,2,296.03,39.71,D,0
40.9785,-8.14428,367,0.62,0.54,2024-09-18,1243,N20,VIIRS,h,2,302.6,34.69,D,0
40.9576,-8.2066,348.55,0.62,0.54,2024-09-18,1243,N20,VIIRS,n,2,298.91,31.7,D,0
40.95932,-8.19979,334.31,0.62,0.54,2024-09-18,1243,N20,VIIRS,n,2,292.63,17.55,D,0
40.97383,-8.14205,338.81,0.62,0.54,2024-09-18,1243,N20,VIIRS,n,2,295.98,34.69,D,0
40.97574,-8.13443,339.52,0.62,0.54,2024-09-18,1243,N20,VIIRS,n,2,291.93,34.69,D,0
40.97773,-8.12652,355.56,0.62,0.54,2024-09-18,1243,N20,VIIRS,n,2,306.24,39.71,D,0
40.97973,-8.11853,350.03,0.62,0.54,2024-09-18,1243,N20,VIIRS,n,2,305.96,39.71,D,0
41.03553,-7.89508,343.81,0.6,0.53,2024-09-18,1243,N20,VIIRS,n,2,302.21,19.5,D,0
41.03722,-7.88833,339.37,0.6,0.53,2024-09-18,1243,N20,VIIRS,n,2,298.57,14.35,D,0
40.97133,-8.13119,330.36,0.62,0.54,2024-09-18,1243,N20,VIIRS,n,2,292.36,8.79,D,0
40.97524,-8.11561,353.81,0.62,0.54,2024-09-18,1243,N20,VIIRS,n,2,297.82,33.6,D,0
40.94975,-8.19611,334.1,0.62,0.54,2024-09-18,1243,N20,VIIRS,n,2,293.55,9.79,D,0
40.95147,-8.18931,341.56,0.62,0.54,2024-09-18,1243,N20,VIIRS,n,2,294.39,9.79,D,0
40.96667,-8.12893,335.81,0.62,0.54,2024-09-18,1243,N20,VIIRS,n,2,292.74,8.79,D,0
40.97263,-8.10522,339.11,0.61,0.54,2024-09-18,1243,N20,VIIRS,n,2,293.37,18.86,D,0
40.96203,-8.12664,339.45,0.62,0.54,2024-09-18,1243,N20,VIIRS,n,2,295.09,26.3,D,0
40.96761,-8.10444,352.2,0.61,0.54,2024-09-18,1243,N20,VIIRS,n,2,295.46,19.01,D,0
40.96247,-8.10416,347,0.61,0.54,2024-09-18,1243,N20,VIIRS,n,2,295.46,19.01,D,0
40.9575,-8.10319,333.47,0.61,0.54,2024-09-18,1243,N20,VIIRS,n,2,293.52,15.61,D,0
40.93404,-8.17526,330.29,0.62,0.54,2024-09-18,1243,N20,VIIRS,n,2,295.42,11.73,D,0
40.93603,-8.16742,348.45,0.62,0.54,2024-09-18,1243,N20,VIIRS,n,2,296.56,11.73,D,0
40.9777,-8.00229,338.37,0.61,0.53,2024-09-18,1243,N20,VIIRS,n,2,295.95,10.94,D,0
40.92591,-8.18664,330.05,0.62,0.54,2024-09-18,1243,N20,VIIRS,n,2,293.91,6.42,D,0
40.93129,-8.16545,346.3,0.62,0.54,2024-09-18,1243,N20,VIIRS,n,2,297.47,19,D,0
40.95304,-8.07954,340.41,0.61,0.54,2024-09-18,1243,N20,VIIRS,n,2,292.73,12.27,D,0
40.95537,-8.07028,348.14,0.61,0.54,2024-09-18,1243,N20,VIIRS,n,2,291.72,12.85,D,0
40.95766,-8.06121,342.95,0.61,0.54,2024-09-18,1243,N20,VIIRS,n,2,293.2,12.85,D,0
40.9231,-8.17703,328.97,0.62,0.54,2024-09-18,1243,N20,VIIRS,n,2,294.56,6.42,D,0
40.95291,-8.0594,332.31,0.61,0.54,2024-09-18,1243,N20,VIIRS,n,2,293.68,12.85,D,0
40.94161,-8.08345,340,0.61,0.54,2024-09-18,1243,N20,VIIRS,n,2,299.55,15.23,D,0
40.94796,-8.05838,346.03,0.61,0.54,2024-09-18,1243,N20,VIIRS,n,2,294.34,15.1,D,0
40.9119,-8.17979,328.64,0.62,0.54,2024-09-18,1243,N20,VIIRS,n,2,292.57,9.22,D,0
40.94744,-8.03982,335.73,0.61,0.53,2024-09-18,1243,N20,VIIRS,n,2,299.74,256.98,D,0
40.95122,-8.02491,343.3,0.61,0.53,2024-09-18,1243,N20,VIIRS,n,2,298.91,388.27,D,0
40.90738,-8.17692,328.28,0.62,0.54,2024-09-18,1243,N20,VIIRS,n,2,291.34,6.04,D,0
40.90952,-8.16852,332.84,0.62,0.54,2024-09-18,1243,N20,VIIRS,n,2,292.42,6.04,D,0
40.94426,-8.03186,355.07,0.61,0.53,2024-09-18,1243,N20,VIIRS,n,2,306.32,35.41,D,0
40.94624,-8.02404,367,0.61,0.53,2024-09-18,1243,N20,VIIRS,h,2,306.72,35.41,D,0
40.9432,-8.01553,343.07,0.61,0.53,2024-09-18,1243,N20,VIIRS,n,2,308.13,85.45,D,0
40.94522,-8.00752,342.21,0.61,0.53,2024-09-18,1243,N20,VIIRS,n,2,298.55,85.45,D,0
40.94046,-8.00579,314.71,0.61,0.53,2024-09-18,1243,N20,VIIRS,l,2,324.28,86.17,D,0
40.94245,-7.99798,340.97,0.61,0.53,2024-09-18,1243,N20,VIIRS,n,2,306.21,89.01,D,0
40.9357,-8.00409,329.59,0.61,0.53,2024-09-18,1243,N20,VIIRS,l,2,304.45,86.17,D,0
40.9375,-7.99699,348.84,0.61,0.53,2024-09-18,1243,N20,VIIRS,n,2,310.81,89.01,D,0
40.93243,-7.99648,351.89,0.61,0.53,2024-09-18,1243,N20,VIIRS,n,2,310.29,88.27,D,0
40.92895,-7.98975,338.8,0.61,0.53,2024-09-18,1243,N20,VIIRS,n,2,294.76,88.27,D,0
40.81306,-8.3994,346.87,0.32,0.55,2024-09-18,1243,N20,VIIRS,n,2,295.71,6.03,D,0
40.88644,-8.1152,340.2,0.62,0.54,2024-09-18,1243,N20,VIIRS,n,2,300.07,11.8,D,0
40.88783,-8.10981,348.62,0.62,0.54,2024-09-18,1243,N20,VIIRS,n,2,298.42,11.8,D,0
40.88919,-8.10447,337.06,0.62,0.54,2024-09-18,1243,N20,VIIRS,n,2,299.89,26.83,D,0
40.89918,-8.02477,328.51,0.61,0.53,2024-09-18,1243,N20,VIIRS,n,2,294.79,6.04,D,0
40.90079,-8.01848,355.33,0.61,0.53,2024-09-18,1243,N20,VIIRS,n,2,298.4,15.27,D,0
40.90241,-8.01215,355.81,0.61,0.53,2024-09-18,1243,N20,VIIRS,n,2,296.87,15.27,D,0
40.79388,-8.39117,345.4,0.32,0.55,2024-09-18,1243,N20,VIIRS,n,2,296.81,4.25,D,0
40.88216,-8.05039,332.68,0.61,0.54,2024-09-18,1243,N20,VIIRS,n,2,294.9,7.75,D,0
40.88387,-8.04376,338.15,0.61,0.54,2024-09-18,1243,N20,VIIRS,n,2,294.71,7.75,D,0
40.88539,-8.03786,347.28,0.61,0.54,2024-09-18,1243,N20,VIIRS,n,2,296.09,11.88,D,0
40.87729,-8.04906,333.43,0.61,0.54,2024-09-18,1243,N20,VIIRS,n,2,299.94,18.9,D,0
40.87893,-8.04267,339.02,0.61,0.54,2024-09-18,1243,N20,VIIRS,n,2,292.18,18.9,D,0
40.88049,-8.03659,344.09,0.61,0.54,2024-09-18,1243,N20,VIIRS,n,2,292.85,27.75,D,0
40.88202,-8.03063,338.66,0.61,0.54,2024-09-18,1243,N20,VIIRS,n,2,301.77,27.75,D,0
40.88356,-8.02464,354.45,0.61,0.54,2024-09-18,1243,N20,VIIRS,n,2,297.59,38.08,D,0
40.88523,-8.01814,352.89,0.61,0.53,2024-09-18,1243,N20,VIIRS,n,2,307.31,38.08,D,0
40.88712,-8.01078,354.13,0.61,0.53,2024-09-18,1243,N20,VIIRS,n,2,300.08,31.86,D,0
40.88884,-8.0041,350.32,0.61,0.53,2024-09-18,1243,N20,VIIRS,n,2,301.99,31.86,D,0
40.89032,-7.99833,341.84,0.61,0.53,2024-09-18,1243,N20,VIIRS,n,2,305,38.76,D,0
40.89221,-7.99099,339.15,0.61,0.53,2024-09-18,1243,N20,VIIRS,n,2,294.78,38.76,D,0
40.85472,-8.1162,299.42,0.62,0.54,2024-09-18,1243,N20,VIIRS,l,2,324.01,99.06,D,0
40.85682,-8.10813,339.64,0.62,0.54,2024-09-18,1243,N20,VIIRS,n,2,293.16,99.06,D,0
40.86044,-8.09411,337.6,0.62,0.54,2024-09-18,1243,N20,VIIRS,n,2,297.63,11.16,D,0
40.86212,-8.08757,342.82,0.62,0.54,2024-09-18,1243,N20,VIIRS,n,2,297.77,14,D,0
40.87553,-8.03558,346.75,0.61,0.54,2024-09-18,1243,N20,VIIRS,n,2,296.73,27.75,D,0
40.87709,-8.02949,342.03,0.61,0.54,2024-09-18,1243,N20,VIIRS,n,2,302.12,27.75,D,0
40.87864,-8.0235,345.07,0.61,0.54,2024-09-18,1243,N20,VIIRS,n,2,298.43,38.08,D,0
40.88044,-8.01651,336.53,0.61,0.53,2024-09-18,1243,N20,VIIRS,n,2,298.24,38.08,D,0
40.88237,-8.00899,347.42,0.61,0.53,2024-09-18,1243,N20,VIIRS,n,2,300.66,31.86,D,0
40.88794,-7.98734,340.44,0.61,0.53,2024-09-18,1243,N20,VIIRS,n,2,296.3,38.76,D,0
40.89004,-7.9792,356.33,0.61,0.53,2024-09-18,1243,N20,VIIRS,n,2,299.08,22.93,D,0
40.88437,-8.11379,339.92,0.62,0.54,2024-09-18,1243,N20,VIIRS,n,2,299.9,10.12,D,0
40.88568,-8.10858,348.01,0.62,0.54,2024-09-18,1243,N20,VIIRS,n,2,296.69,12.41,D,0
40.88706,-8.10311,337.1,0.62,0.54,2024-09-18,1243,N20,VIIRS,n,2,296.99,12.41,D,0
40.9028,-8.0193,367,0.61,0.53,2024-09-18,1243,N20,VIIRS,h,2,299.02,18.22,D,0
40.90437,-8.01301,367,0.61,0.53,2024-09-18,1243,N20,VIIRS,h,2,298.6,18.42,D,0
40.79337,-8.39083,345.88,0.32,0.55,2024-09-18,1243,N20,VIIRS,n,2,297.81,6.43,D,0
40.8797,-8.0491,330.77,0.61,0.54,2024-09-18,1243,N20,VIIRS,n,2,300.36,25.27,D,0
40.88129,-8.04275,340.87,0.61,0.54,2024-09-18,1243,N20,VIIRS,n,2,292.83,17.29,D,0
40.88279,-8.03679,342.27,0.61,0.54,2024-09-18,1243,N20,VIIRS,n,2,293.83,17.29,D,0
40.8843,-8.03076,337.78,0.61,0.54,2024-09-18,1243,N20,VIIRS,n,2,294.54,43.09,D,0
40.88581,-8.02476,341.91,0.61,0.54,2024-09-18,1243,N20,VIIRS,n,2,293.5,43.09,D,0
40.88742,-8.01836,352.08,0.61,0.54,2024-09-18,1243,N20,VIIRS,n,2,295.11,29.28,D,0
40.88921,-8.01118,355.45,0.61,0.53,2024-09-18,1243,N20,VIIRS,n,2,296.38,29.28,D,0
40.89086,-8.00464,339.79,0.61,0.53,2024-09-18,1243,N20,VIIRS,n,2,297.96,35.88,D,0
40.89232,-7.99881,355.59,0.61,0.53,2024-09-18,1243,N20,VIIRS,n,2,297.12,35.88,D,0
40.85514,-8.12599,328.96,0.62,0.54,2024-09-18,1243,N20,VIIRS,n,2,297.42,174.55,D,0
40.86306,-8.0945,334.29,0.62,0.54,2024-09-18,1243,N20,VIIRS,n,2,297.77,14.96,D,0
40.87788,-8.03562,355.54,0.61,0.54,2024-09-18,1243,N20,VIIRS,n,2,297.64,17.29,D,0
40.87939,-8.0296,336.02,0.61,0.54,2024-09-18,1243,N20,VIIRS,n,2,308.04,43.09,D,0
40.8809,-8.0236,355.25,0.61,0.54,2024-09-18,1243,N20,VIIRS,n,2,301.21,43.09,D,0
40.88263,-8.01668,354.88,0.61,0.54,2024-09-18,1243,N20,VIIRS,n,2,308.95,29.28,D,0
40.88451,-8.00921,356.08,0.61,0.53,2024-09-18,1243,N20,VIIRS,n,2,302.88,29.28,D,0
40.88619,-8.0025,351.8,0.61,0.53,2024-09-18,1243,N20,VIIRS,n,2,299.48,35.88,D,0
40.88978,-7.98816,349.37,0.61,0.53,2024-09-18,1243,N20,VIIRS,n,2,296.77,23.99,D,0
40.89188,-7.97976,339.38,0.61,0.53,2024-09-18,1243,N20,VIIRS,n,2,295.15,23.99,D,0
40.78843,-8.38932,367,0.32,0.55,2024-09-18,1243,N20,VIIRS,h,2,301.66,6.43,D,0
40.85059,-8.12328,340.48,0.62,0.54,2024-09-18,1243,N20,VIIRS,n,2,296.71,26.71,D,0
40.85276,-8.11464,345.38,0.62,0.54,2024-09-18,1243,N20,VIIRS,n,2,310.81,26.71,D,0
40.85484,-8.10639,340.93,0.62,0.54,2024-09-18,1243,N20,VIIRS,n,2,296.46,31.36,D,0
40.8598,-8.08671,339.23,0.62,0.54,2024-09-18,1243,N20,VIIRS,n,2,294.22,6.38,D,0
40.88736,-7.97705,356.07,0.61,0.53,2024-09-18,1243,N20,VIIRS,n,2,303.62,21.35,D,0
40.88905,-7.97033,339.29,0.61,0.53,2024-09-18,1243,N20,VIIRS,n,2,295.23,18.65,D,0
40.84786,-8.11335,348.67,0.62,0.54,2024-09-18,1243,N20,VIIRS,n,2,298.67,26.71,D,0
40.84999,-8.10486,351.64,0.62,0.54,2024-09-18,1243,N20,VIIRS,n,2,298.11,31.36,D,0
40.88266,-7.97508,336.61,0.61,0.53,2024-09-18,1243,N20,VIIRS,n,2,299.83,21.35,D,0
40.88428,-7.96864,339.65,0.61,0.53,2024-09-18,1243,N20,VIIRS,n,2,297.07,18.65,D,0
40.8483,-8.09087,340.5,0.62,0.54,2024-09-18,1243,N20,VIIRS,n,2,295.36,12.28,D,0
40.87952,-7.96692,343.71,0.61,0.53,2024-09-18,1243,N20,VIIRS,n,2,300.18,10.13,D,0
40.88118,-7.96033,340.76,0.61,0.53,2024-09-18,1243,N20,VIIRS,n,2,296.47,10.13,D,0
40.88461,-7.94665,337.42,0.61,0.53,2024-09-18,1243,N20,VIIRS,n,2,300.14,8.62,D,0
40.84684,-8.09664,367,0.62,0.54,2024-09-18,1243,N20,VIIRS,h,2,303.4,26.88,D,0
40.8863,-7.93995,367,0.61,0.53,2024-09-18,1243,N20,VIIRS,h,2,301.76,37.34,D,0
40.88813,-7.91199,341.59,0.6,0.53,2024-09-18,1243,N20,VIIRS,n,2,300.38,12.01,D,0
40.75224,-8.40585,355.89,0.32,0.55,2024-09-18,1243,N20,VIIRS,n,2,302.5,8.74,D,0
40.83841,-8.06794,342.83,0.62,0.54,2024-09-18,1243,N20,VIIRS,n,2,299.05,30.22,D,0
40.87209,-7.93459,345.53,0.61,0.53,2024-09-18,1243,N20,VIIRS,n,2,303.88,17.39,D,0
40.75313,-8.40236,367,0.32,0.55,2024-09-18,1243,N20,VIIRS,h,2,301.52,8.74,D,0
40.86572,-7.93927,336.79,0.61,0.53,2024-09-18,1243,N20,VIIRS,n,2,298.76,4.89,D,0
40.86733,-7.93287,337.65,0.61,0.53,2024-09-18,1243,N20,VIIRS,n,2,296.85,5.5,D,0
40.86091,-7.93777,331.77,0.61,0.53,2024-09-18,1243,N20,VIIRS,n,2,297.96,4.89,D,0
40.84766,-7.96964,346.94,0.61,0.53,2024-09-18,1243,N20,VIIRS,n,2,300.77,22.95,D,0
40.81329,-8.04335,347.41,0.62,0.54,2024-09-18,1243,N20,VIIRS,n,2,298.72,11.88,D,0
40.82088,-8.01358,334.89,0.61,0.54,2024-09-18,1243,N20,VIIRS,n,2,295.53,6.2,D,0
40.66602,-8.59357,338.58,0.33,0.55,2024-09-18,1243,N20,VIIRS,n,2,298.1,3.09,D,0
40.82346,-7.98294,352.33,0.61,0.53,2024-09-18,1243,N20,VIIRS,n,2,294.63,28.53,D,0
40.82534,-7.97553,340.82,0.61,0.53,2024-09-18,1243,N20,VIIRS,n,2,296.2,17.43,D,0
40.81161,-8.009,352.85,0.61,0.54,2024-09-18,1243,N20,VIIRS,n,2,291.72,15.63,D,0
40.81336,-8.00211,336.66,0.61,0.54,2024-09-18,1243,N20,VIIRS,n,2,293.57,15.47,D,0
40.81518,-7.99498,350.61,0.61,0.54,2024-09-18,1243,N20,VIIRS,n,2,299.48,15.47,D,0
40.81888,-7.98048,355.62,0.61,0.53,2024-09-18,1243,N20,VIIRS,n,2,304.47,28.53,D,0
40.81703,-7.98771,367,0.61,0.54,2024-09-18,1243,N20,VIIRS,h,2,301.27,28.53,D,0
40.80324,-8.0213,329.36,0.61,0.54,2024-09-18,1243,N20,VIIRS,n,2,292.34,12.02,D,0
40.80514,-8.01386,352.78,0.61,0.54,2024-09-18,1243,N20,VIIRS,n,2,297.42,39.84,D,0
40.80693,-8.00688,352.18,0.61,0.54,2024-09-18,1243,N20,VIIRS,n,2,306.16,39.84,D,0
40.80876,-7.99971,336.59,0.61,0.54,2024-09-18,1243,N20,VIIRS,n,2,297.12,13.29,D,0
40.8177,-7.96467,339.6,0.61,0.53,2024-09-18,1243,N20,VIIRS,n,2,299.76,9.71,D,0
40.821,-7.95173,354.9,0.61,0.53,2024-09-18,1243,N20,VIIRS,n,2,309.91,40.31,D,0
40.81936,-7.95816,367,0.61,0.53,2024-09-18,1243,N20,VIIRS,h,2,305.59,40.31,D,0
40.79867,-8.01876,354.04,0.61,0.54,2024-09-18,1243,N20,VIIRS,n,2,297.61,12.02,D,0
40.81118,-7.9698,335.49,0.61,0.53,2024-09-18,1243,N20,VIIRS,n,2,299.41,9.71,D,0
40.81293,-7.96294,350.26,0.61,0.53,2024-09-18,1243,N20,VIIRS,n,2,299.73,9.71,D,0
40.81459,-7.95642,348.63,0.61,0.53,2024-09-18,1243,N20,VIIRS,n,2,301.45,40.31,D,0
40.80296,-7.98158,349.9,0.61,0.54,2024-09-18,1243,N20,VIIRS,n,2,311.35,26.97,D,0
40.80465,-7.97495,345.5,0.61,0.53,2024-09-18,1243,N20,VIIRS,n,2,296.66,26.97,D,0
40.80638,-7.9682,341.98,0.61,0.53,2024-09-18,1243,N20,VIIRS,n,2,297.88,8.46,D,0
40.83864,-7.84167,349.69,0.6,0.53,2024-09-18,1243,N20,VIIRS,n,2,303.25,56.61,D,0
40.79814,-7.98003,340.61,0.61,0.54,2024-09-18,1243,N20,VIIRS,n,2,300.12,26.97,D,0
40.79986,-7.9733,341.69,0.61,0.53,2024-09-18,1243,N20,VIIRS,n,2,297.92,26.97,D,0
40.8228,-7.88354,338.5,0.6,0.53,2024-09-18,1243,N20,VIIRS,n,2,300.58,14.59,D,0
40.82465,-7.8763,349.04,0.6,0.53,2024-09-18,1243,N20,VIIRS,n,2,299.49,14.59,D,0
40.82651,-7.86898,350.89,0.6,0.53,2024-09-18,1243,N20,VIIRS,n,2,303.5,45.29,D,0
40.83255,-7.84531,342.34,0.6,0.53,2024-09-18,1243,N20,VIIRS,n,2,298.01,16.66,D,0
40.81814,-7.88147,347.93,0.6,0.53,2024-09-18,1243,N20,VIIRS,n,2,302.01,11.3,D,0
40.82408,-7.8582,349.21,0.6,0.53,2024-09-18,1243,N20,VIIRS,n,2,298.75,14.63,D,0
40.82013,-7.87369,367,0.6,0.53,2024-09-18,1243,N20,VIIRS,h,2,304.93,11.3,D,0
40.82211,-7.86594,367,0.6,0.53,2024-09-18,1243,N20,VIIRS,h,2,304.47,14.63,D,0
40.79026,-7.97007,344.85,0.61,0.53,2024-09-18,1243,N20,VIIRS,n,2,299.46,13.63,D,0
40.79208,-7.96297,334.81,0.61,0.53,2024-09-18,1243,N20,VIIRS,n,2,298.44,7.12,D,0
40.79894,-7.93622,333.19,0.61,0.53,2024-09-18,1243,N20,VIIRS,n,2,306.42,18.82,D,0
40.80074,-7.92922,346.32,0.61,0.53,2024-09-18,1243,N20,VIIRS,n,2,300.15,18.82,D,0
40.81561,-7.8711,337.73,0.6,0.53,2024-09-18,1243,N20,VIIRS,n,2,299.04,11.3,D,0
40.77495,-8.00932,341.64,0.61,0.54,2024-09-18,1243,N20,VIIRS,n,2,305.18,15.07,D,0
40.77682,-8.00205,354.88,0.61,0.54,2024-09-18,1243,N20,VIIRS,n,2,308.24,27.58,D,0
40.77852,-7.99543,354.55,0.61,0.54,2024-09-18,1243,N20,VIIRS,n,2,306.21,27.58,D,0
40.78016,-7.98908,349.04,0.61,0.54,2024-09-18,1243,N20,VIIRS,n,2,300.93,19.37,D,0
40.7819,-7.98231,349.26,0.61,0.54,2024-09-18,1243,N20,VIIRS,n,2,301.69,19.37,D,0
40.7837,-7.9753,352.35,0.61,0.54,2024-09-18,1243,N20,VIIRS,n,2,301.64,52.37,D,0
40.78553,-7.96818,346.3,0.61,0.53,2024-09-18,1243,N20,VIIRS,n,2,308.03,52.37,D,0
40.7909,-7.94726,354.56,0.61,0.53,2024-09-18,1243,N20,VIIRS,n,2,301.73,58.46,D,0
40.7925,-7.94104,353.57,0.61,0.53,2024-09-18,1243,N20,VIIRS,n,2,304.36,58.46,D,0
40.8014,-7.90632,332.85,0.61,0.53,2024-09-18,1243,N20,VIIRS,n,2,298.73,3.58,D,0
40.77187,-8.001,341.03,0.61,0.54,2024-09-18,1243,N20,VIIRS,n,2,301.61,27.58,D,0
40.77898,-7.97337,333.77,0.61,0.54,2024-09-18,1243,N20,VIIRS,n,2,305.71,52.37,D,0
40.7809,-7.96593,354.3,0.61,0.53,2024-09-18,1243,N20,VIIRS,n,2,311.62,52.37,D,0
40.78271,-7.95886,348.74,0.61,0.53,2024-09-18,1243,N20,VIIRS,n,2,302.89,75.12,D,0
40.78444,-7.95211,334.22,0.61,0.53,2024-09-18,1243,N20,VIIRS,n,2,303.25,75.12,D,0
40.78773,-7.9393,351.58,0.61,0.53,2024-09-18,1243,N20,VIIRS,n,2,302.3,58.46,D,0
40.77365,-7.99408,367,0.61,0.54,2024-09-18,1243,N20,VIIRS,h,2,301.29,27.58,D,0
40.80511,-7.98085,354.33,0.61,0.54,2024-09-18,1243,N20,VIIRS,n,2,302.02,38.28,D,0
40.80678,-7.97419,343.29,0.61,0.54,2024-09-18,1243,N20,VIIRS,n,2,296.62,13.72,D,0
40.83986,-7.84097,351.09,0.6,0.53,2024-09-18,1243,N20,VIIRS,n,2,300.15,21.2,D,0
40.80848,-7.96738,367,0.61,0.53,2024-09-18,1243,N20,VIIRS,h,2,299.82,13.72,D,0
40.80031,-7.97926,352.11,0.61,0.54,2024-09-18,1243,N20,VIIRS,n,2,309.31,38.28,D,0
40.80199,-7.97253,340.6,0.61,0.54,2024-09-18,1243,N20,VIIRS,n,2,297.18,13.72,D,0
40.82798,-7.86807,344.35,0.6,0.53,2024-09-18,1243,N20,VIIRS,n,2,297.65,14.38,D,0
40.83387,-7.84428,352.34,0.6,0.53,2024-09-18,1243,N20,VIIRS,n,2,300.62,21.2,D,0
40.83535,-7.83837,343.02,0.6,0.53,2024-09-18,1243,N20,VIIRS,n,2,298.25,21.2,D,0
40.81973,-7.88046,349.72,0.6,0.53,2024-09-18,1243,N20,VIIRS,n,2,304.99,16.16,D,0
40.82167,-7.87266,355.8,0.6,0.53,2024-09-18,1243,N20,VIIRS,n,2,304.76,30.31,D,0
40.82357,-7.86501,350.6,0.6,0.53,2024-09-18,1243,N20,VIIRS,n,2,310.14,30.31,D,0
40.82554,-7.85708,353.77,0.6,0.53,2024-09-18,1243,N20,VIIRS,n,2,298,16.35,D,0
40.80089,-7.93532,342.39,0.61,0.53,2024-09-18,1243,N20,VIIRS,n,2,301.77,10.15,D,0
40.8133,-7.88552,331.45,0.6,0.53,2024-09-18,1243,N20,VIIRS,n,2,298.74,16.16,D,0
40.81716,-7.87001,350.38,0.6,0.53,2024-09-18,1243,N20,VIIRS,n,2,300.04,30.31,D,0
40.77742,-8.00833,331.44,0.61,0.54,2024-09-18,1243,N20,VIIRS,l,2,305.03,19.16,D,0
40.77921,-8.00119,329.25,0.61,0.54,2024-09-18,1243,N20,VIIRS,l,2,303.22,19.16,D,0
40.78416,-7.98143,345.89,0.61,0.54,2024-09-18,1243,N20,VIIRS,n,2,301.52,21.98,D,0
40.78767,-7.96739,338.86,0.61,0.54,2024-09-18,1243,N20,VIIRS,n,2,310.11,64.85,D,0
40.78951,-7.96006,343.98,0.61,0.53,2024-09-18,1243,N20,VIIRS,n,2,307.44,64.85,D,0
40.79613,-7.93358,338.9,0.61,0.53,2024-09-18,1243,N20,VIIRS,n,2,303.61,25.26,D,0
40.79788,-7.92659,331.62,0.61,0.53,2024-09-18,1243,N20,VIIRS,n,2,297.87,9.61,D,0
40.78589,-7.97452,367,0.61,0.54,2024-09-18,1243,N20,VIIRS,h,2,302.84,21.98,D,0
40.79446,-7.94024,367,0.61,0.53,2024-09-18,1243,N20,VIIRS,h,2,304.72,25.26,D,0
40.77249,-8.00719,340.79,0.61,0.54,2024-09-18,1243,N20,VIIRS,n,2,302.27,19.16,D,0
40.77429,-8,353.31,0.61,0.54,2024-09-18,1243,N20,VIIRS,n,2,311.32,19.16,D,0
40.77597,-7.9933,354.66,0.61,0.54,2024-09-18,1243,N20,VIIRS,n,2,310.66,36.1,D,0
40.7776,-7.98683,345.14,0.61,0.54,2024-09-18,1243,N20,VIIRS,n,2,299.32,36.1,D,0
40.77935,-7.97982,329.59,0.61,0.54,2024-09-18,1243,N20,VIIRS,n,2,297.78,21.98,D,0
40.78117,-7.97259,355.1,0.61,0.54,2024-09-18,1243,N20,VIIRS,n,2,303.3,21.98,D,0
40.78302,-7.9652,354.61,0.61,0.54,2024-09-18,1243,N20,VIIRS,n,2,311.28,64.85,D,0
40.78481,-7.95802,342.65,0.61,0.53,2024-09-18,1243,N20,VIIRS,n,2,301.64,64.85,D,0
40.78651,-7.95125,340.3,0.61,0.53,2024-09-18,1243,N20,VIIRS,n,2,303.26,118.72,D,0
40.7897,-7.93852,341.47,0.61,0.53,2024-09-18,1243,N20,VIIRS,n,2,299.91,25.26,D,0
40.77646,-7.97058,337.57,0.61,0.54,2024-09-18,1243,N20,VIIRS,n,2,302.94,16.96,D,0
40.78004,-7.95632,353.41,0.61,0.53,2024-09-18,1243,N20,VIIRS,n,2,305.11,22.71,D,0
40.78168,-7.94978,345.55,0.61,0.53,2024-09-18,1243,N20,VIIRS,n,2,302.48,12.52,D,0
41.05012,-8.01782,339.68,0.61,0.53,2024-09-18,1243,N20,VIIRS,n,2,301.87,21.89,D,0
40.78508,-7.9362,339.71,0.61,0.53,2024-09-18,1243,N20,VIIRS,n,2,298.9,7.35,D,0
40.77835,-7.96305,367,0.61,0.54,2024-09-18,1243,N20,VIIRS,h,2,301.73,22.71,D,0
40.6395,-8.34351,342.13,0.32,0.55,2024-09-18,1243,N20,VIIRS,n,2,295.98,6.3,D,0
40.64395,-8.30552,353.08,0.32,0.55,2024-09-18,1243,N20,VIIRS,n,2,306.73,28.32,D,0
40.64494,-8.30169,330.12,0.32,0.55,2024-09-18,1243,N20,VIIRS,n,2,295.75,12.5,D,0
40.63263,-8.32875,330.95,0.32,0.55,2024-09-18,1243,N20,VIIRS,n,2,297.7,36.06,D,0
40.63364,-8.32484,336.25,0.32,0.55,2024-09-18,1243,N20,VIIRS,n,2,297.64,36.06,D,0
40.63555,-8.31743,345.81,0.32,0.55,2024-09-18,1243,N20,VIIRS,n,2,303.67,18.97,D,0
40.63739,-8.31031,346,0.32,0.55,2024-09-18,1243,N20,VIIRS,n,2,307.81,21.67,D,0
40.63646,-8.3139,367,0.32,0.55,2024-09-18,1243,N20,VIIRS,h,2,295.83,21.67,D,0
40.63834,-8.30662,367,0.32,0.55,2024-09-18,1243,N20,VIIRS,h,2,299.68,28.57,D,0
40.62817,-8.32537,207.93,0.32,0.55,2024-09-18,1243,N20,VIIRS,l,2,321.7,36.06,D,0
40.61258,-8.38568,329.42,0.32,0.55,2024-09-18,1243,N20,VIIRS,n,2,299.23,2.15,D,0
40.6271,-8.32952,336.9,0.32,0.55,2024-09-18,1243,N20,VIIRS,n,2,296.86,27.91,D,0
40.62919,-8.32142,367,0.32,0.55,2024-09-18,1243,N20,VIIRS,h,2,298.93,36.06,D,0
40.63015,-8.3177,367,0.32,0.55,2024-09-18,1243,N20,VIIRS,h,2,297.97,18.97,D,0
40.61936,-8.33883,333.94,0.32,0.55,2024-09-18,1243,N20,VIIRS,n,2,295.42,6.39,D,0
40.62041,-8.33473,343.48,0.32,0.55,2024-09-18,1243,N20,VIIRS,n,2,296.41,6.39,D,0
40.61734,-8.3466,367,0.32,0.55,2024-09-18,1243,N20,VIIRS,h,2,299.68,8.71,D,0
40.61835,-8.34272,367,0.32,0.55,2024-09-18,1243,N20,VIIRS,h,2,301.85,8.71,D,0
40.60283,-8.38199,330.58,0.32,0.55,2024-09-18,1243,N20,VIIRS,n,2,300.79,4.32,D,0
40.60371,-8.37855,353.47,0.32,0.55,2024-09-18,1243,N20,VIIRS,n,2,301.24,4.32,D,0
40.60463,-8.37502,341.88,0.32,0.55,2024-09-18,1243,N20,VIIRS,n,2,297.55,5.14,D,0
40.61389,-8.33934,336.43,0.32,0.55,2024-09-18,1243,N20,VIIRS,n,2,297.12,8.71,D,0
40.5904,-8.40918,332.77,0.33,0.55,2024-09-18,1243,N20,VIIRS,n,2,299.96,1.96,D,0
40.59891,-8.37644,329.03,0.32,0.55,2024-09-18,1243,N20,VIIRS,n,2,298.04,1.52,D,0
40.67368,-7.64503,352.67,0.59,0.53,2024-09-18,1243,N20,VIIRS,n,2,304.22,18.15,D,0
40.669,-7.64321,343.74,0.59,0.53,2024-09-18,1243,N20,VIIRS,n,2,298.54,18.15,D,0
40.67069,-7.63651,337.54,0.59,0.53,2024-09-18,1243,N20,VIIRS,n,2,299.14,33.43,D,0
40.67244,-7.62959,353.13,0.59,0.53,2024-09-18,1243,N20,VIIRS,n,2,305.08,33.43,D,0
40.67418,-7.62267,347.53,0.59,0.53,2024-09-18,1243,N20,VIIRS,n,2,300.11,11.44,D,0
40.67586,-7.61602,347.1,0.59,0.53,2024-09-18,1243,N20,VIIRS,n,2,300.38,11.44,D,0
40.66279,-7.64744,355.24,0.59,0.53,2024-09-18,1243,N20,VIIRS,n,2,309.98,58.49,D,0
40.66454,-7.64053,354.12,0.59,0.53,2024-09-18,1243,N20,VIIRS,n,2,305.62,58.49,D,0
40.66793,-7.6271,329.79,0.59,0.53,2024-09-18,1243,N20,VIIRS,l,2,300.38,10.84,D,0
40.67353,-7.58463,335.07,0.59,0.53,2024-09-18,1243,N20,VIIRS,n,2,300.72,11.55,D,0
40.67521,-7.57799,347.68,0.59,0.53,2024-09-18,1243,N20,VIIRS,n,2,308.38,37.76,D,0
40.67692,-7.57121,339.42,0.59,0.53,2024-09-18,1243,N20,VIIRS,n,2,297.83,37.76,D,0
40.67073,-7.57545,347.88,0.59,0.53,2024-09-18,1243,N20,VIIRS,n,2,304.34,13.41,D,0
40.66457,-7.57956,344.09,0.59,0.53,2024-09-18,1243,N20,VIIRS,n,2,303.74,13.65,D,0
40.66621,-7.57308,343.8,0.59,0.53,2024-09-18,1243,N20,VIIRS,n,2,301.62,13.41,D,0
40.66145,-7.65479,304.36,0.59,0.53,2024-09-18,1243,N20,VIIRS,l,2,306.66,80.46,D,0
40.66315,-7.64789,353.08,0.59,0.53,2024-09-18,1243,N20,VIIRS,n,2,312.06,80.46,D,0
40.66485,-7.64096,353.11,0.59,0.53,2024-09-18,1243,N20,VIIRS,n,2,306.07,29.38,D,0
40.66651,-7.63422,337.77,0.59,0.53,2024-09-18,1243,N20,VIIRS,n,2,298.69,29.38,D,0
40.66818,-7.62745,355.46,0.59,0.53,2024-09-18,1243,N20,VIIRS,n,2,300.91,7.7,D,0
40.67521,-7.57808,348.54,0.59,0.53,2024-09-18,1243,N20,VIIRS,n,2,308.57,61.65,D,0
40.67688,-7.57128,340.07,0.59,0.53,2024-09-18,1243,N20,VIIRS,n,2,298.23,20.85,D,0
40.67072,-7.57553,344.64,0.59,0.53,2024-09-18,1243,N20,VIIRS,n,2,303.93,10.82,D,0
40.6646,-7.57964,342.39,0.59,0.53,2024-09-18,1243,N20,VIIRS,n,2,303.26,10.82,D,0
40.6662,-7.57314,348.9,0.59,0.53,2024-09-18,1243,N20,VIIRS,n,2,301.67,10.82,D,0
40.58691,-7.66511,348.34,0.6,0.53,2024-09-18,1243,N20,VIIRS,l,2,318.35,54.1,D,0
40.56995,-7.71212,330.32,0.6,0.53,2024-09-18,1243,N20,VIIRS,n,2,299.53,6.21,D,0
40.5717,-7.70518,336.57,0.6,0.53,2024-09-18,1243,N20,VIIRS,n,2,302.65,7.59,D,0
40.57334,-7.69864,346.15,0.6,0.53,2024-09-18,1243,N20,VIIRS,n,2,304.9,7.59,D,0
40.57501,-7.69199,336.33,0.6,0.53,2024-09-18,1243,N20,VIIRS,l,2,307.66,11.82,D,0
40.58025,-7.67116,336.4,0.6,0.53,2024-09-18,1243,N20,VIIRS,l,2,306.78,26,D,0
40.58194,-7.6644,341.59,0.6,0.53,2024-09-18,1243,N20,VIIRS,n,2,303.93,54.1,D,0
40.56517,-7.71056,342.68,0.6,0.53,2024-09-18,1243,N20,VIIRS,n,2,303.67,13.81,D,0
40.56688,-7.70377,335.65,0.6,0.53,2024-09-18,1243,N20,VIIRS,l,2,305.68,14.24,D,0
40.57542,-7.66986,352.9,0.6,0.53,2024-09-18,1243,N20,VIIRS,n,2,304.7,16.58,D,0
40.57059,-7.66856,340.61,0.6,0.53,2024-09-18,1243,N20,VIIRS,n,2,302.3,16.58,D,0
40.56895,-7.6751,367,0.6,0.53,2024-09-18,1243,N20,VIIRS,h,2,308.29,16.58,D,0
40.4496,-8.00039,348.85,0.63,0.54,2024-09-18,1243,N20,VIIRS,n,2,302.06,21.42,D,0
40.45284,-8.00138,348.25,0.63,0.54,2024-09-18,1243,N20,VIIRS,n,2,301.03,24.98,D,0
40.76406,-8.40133,367,0.32,0.55,2024-09-18,1243,N20,VIIRS,h,2,298.42,6.79,D,0
40.75813,-8.40366,344.47,0.32,0.55,2024-09-18,1243,N20,VIIRS,n,2,303.57,8.74,D,0
40.83876,-8.08722,353.36,0.62,0.54,2024-09-18,1243,N20,VIIRS,n,2,299.23,15.6,D,0
40.84005,-8.08214,339.05,0.62,0.54,2024-09-18,1243,N20,VIIRS,n,2,294.55,15.6,D,0
40.84655,-8.05645,353,0.62,0.54,2024-09-18,1243,N20,VIIRS,n,2,298.03,19.98,D,0
40.87686,-7.93623,339.99,0.61,0.53,2024-09-18,1243,N20,VIIRS,n,2,297.87,17.39,D,0
40.88356,-7.90959,353.51,0.6,0.53,2024-09-18,1243,N20,VIIRS,n,2,305.28,33.19,D,0
40.75908,-8.39994,367,0.32,0.55,2024-09-18,1243,N20,VIIRS,h,2,298.56,13.12,D,0
40.59189,-7.6591,339.74,0.54,0.68,2024-09-18,1423,N20,VIIRS,n,2,294.39,4.48,D,0
40.58551,-7.66316,367,0.54,0.68,2024-09-18,1423,N20,VIIRS,h,2,296.58,20.66,D,0
40.57914,-7.667,335.21,0.54,0.68,2024-09-18,1423,N20,VIIRS,n,2,298.44,12.46,D,0
40.57272,-7.67238,347.91,0.54,0.68,2024-09-18,1423,N20,VIIRS,n,2,302.85,4.85,D,0
40.57292,-7.665,338.83,0.54,0.68,2024-09-18,1423,N20,VIIRS,n,2,296.19,4.85,D,0
40.56648,-7.67108,332.52,0.54,0.68,2024-09-18,1423,N20,VIIRS,n,2,295.08,4.85,D,0
40.45309,-8.00527,339.8,0.51,0.66,2024-09-18,1423,N20,VIIRS,n,2,300.34,36.7,D,0
40.60379,-7.68326,351.23,0.54,0.68,2024-09-18,1423,N20,VIIRS,n,2,296.14,9.42,D,0
40.45327,-7.99898,367,0.51,0.66,2024-09-18,1423,N20,VIIRS,h,2,308.5,68.2,D,0
40.59815,-7.65995,329.58,0.54,0.68,2024-09-18,1423,N20,VIIRS,n,2,294.84,4.48,D,0
41.50984,-7.90955,328.08,0.53,0.67,2024-09-18,1424,N20,VIIRS,n,2,296.39,4.37,D,0
41.42633,-7.72069,342.83,0.54,0.68,2024-09-18,1424,N20,VIIRS,n,2,302.25,9.94,D,0
41.42652,-7.71058,367,0.54,0.68,2024-09-18,1424,N20,VIIRS,h,2,296.53,9.94,D,0
41.42023,-7.71028,343.68,0.54,0.68,2024-09-18,1424,N20,VIIRS,n,2,309.46,25.86,D,0
41.42006,-7.71977,367,0.54,0.68,2024-09-18,1424,N20,VIIRS,h,2,303.25,25.86,D,0
41.41422,-7.69557,333.02,0.54,0.68,2024-09-18,1424,N20,VIIRS,n,2,299.3,35.89,D,0
41.41434,-7.68851,351.26,0.54,0.68,2024-09-18,1424,N20,VIIRS,n,2,298.97,7.78,D,0
41.45031,-7.63462,332.31,0.55,0.68,2024-09-18,1424,N20,VIIRS,l,2,303.99,6.87,D,0
41.42937,-7.71782,345.3,0.54,0.68,2024-09-18,1424,N20,VIIRS,n,2,301.24,19.11,D,0
41.42332,-7.70814,348.51,0.54,0.68,2024-09-18,1424,N20,VIIRS,n,2,307.29,62.57,D,0
41.42309,-7.71732,367,0.54,0.68,2024-09-18,1424,N20,VIIRS,h,2,304.55,19.11,D,0
41.41683,-7.7163,331.15,0.54,0.68,2024-09-18,1424,N20,VIIRS,n,2,301.16,3.07,D,0
41.41704,-7.70781,329.47,0.54,0.68,2024-09-18,1424,N20,VIIRS,n,2,300.12,6.24,D,0
41.41755,-7.68644,339.93,0.54,0.68,2024-09-18,1424,N20,VIIRS,n,2,297.14,10.8,D,0
41.3925,-7.68001,327.67,0.54,0.68,2024-09-18,1424,N20,VIIRS,l,2,298.86,4.81,D,0
41.38509,-7.72984,332.05,0.54,0.68,2024-09-18,1424,N20,VIIRS,n,2,299.98,8.39,D,0
41.34438,-7.56437,367,0.55,0.68,2024-09-18,1424,N20,VIIRS,h,2,299.38,46.6,D,0
41.33795,-7.56946,329.98,0.55,0.68,2024-09-18,1424,N20,VIIRS,n,2,304.26,46.6,D,0
41.33806,-7.56361,348.32,0.55,0.68,2024-09-18,1424,N20,VIIRS,n,2,304.49,46.6,D,0
41.34158,-7.56413,367,0.55,0.68,2024-09-18,1424,N20,VIIRS,h,2,304.83,73.47,D,0
41.24375,-7.98587,346.08,0.52,0.67,2024-09-18,1424,N20,VIIRS,n,2,291.23,6.86,D,0
41.23747,-7.98893,341.44,0.52,0.67,2024-09-18,1424,N20,VIIRS,n,2,298.7,6.86,D,0
41.23761,-7.98303,341.13,0.52,0.67,2024-09-18,1424,N20,VIIRS,n,2,295.32,6.86,D,0
41.23775,-7.97668,328.94,0.52,0.67,2024-09-18,1424,N20,VIIRS,n,2,294.22,5.26,D,0
41.23357,-7.88742,349.73,0.53,0.67,2024-09-18,1424,N20,VIIRS,n,2,301.68,31.31,D,0
41.23369,-7.88182,367,0.53,0.67,2024-09-18,1424,N20,VIIRS,h,2,303.37,31.31,D,0
41.23388,-7.87337,367,0.53,0.67,2024-09-18,1424,N20,VIIRS,h,2,297.38,11.53,D,0
41.22775,-7.8686,338.95,0.53,0.67,2024-09-18,1424,N20,VIIRS,n,2,297.66,11.53,D,0
41.22144,-7.87187,367,0.53,0.67,2024-09-18,1424,N20,VIIRS,h,2,301.55,22.5,D,0
41.21449,-7.90523,341.43,0.53,0.67,2024-09-18,1424,N20,VIIRS,n,2,298.49,4.96,D,0
41.21458,-7.90091,328.64,0.53,0.67,2024-09-18,1424,N20,VIIRS,n,2,298.34,4.96,D,0
41.20875,-7.88231,329.76,0.53,0.67,2024-09-18,1424,N20,VIIRS,n,2,297.75,8.23,D,0
41.209,-7.87032,367,0.53,0.67,2024-09-18,1424,N20,VIIRS,h,2,295.68,8.23,D,0
41.20254,-7.88101,348.34,0.53,0.67,2024-09-18,1424,N20,VIIRS,n,2,298.06,8.23,D,0
41.20279,-7.86895,330.96,0.53,0.67,2024-09-18,1424,N20,VIIRS,n,2,293.57,8.23,D,0
41.23901,-7.9832,345.19,0.52,0.67,2024-09-18,1424,N20,VIIRS,n,2,295.42,10.14,D,0
41.23883,-7.9892,367,0.52,0.67,2024-09-18,1424,N20,VIIRS,h,2,299.81,10.14,D,0
41.23542,-7.88881,333.38,0.53,0.67,2024-09-18,1424,N20,VIIRS,n,2,295.34,26.19,D,0
41.23556,-7.88354,367,0.53,0.67,2024-09-18,1424,N20,VIIRS,h,2,307.27,26.19,D,0
41.23576,-7.87659,367,0.53,0.67,2024-09-18,1424,N20,VIIRS,h,2,299.44,25.48,D,0
41.22335,-7.87489,356.52,0.53,0.67,2024-09-18,1424,N20,VIIRS,n,2,303,19.41,D,0
41.22361,-7.86562,342.72,0.53,0.67,2024-09-18,1424,N20,VIIRS,n,2,297.04,18.6,D,0
41.21641,-7.90137,347.43,0.53,0.67,2024-09-18,1424,N20,VIIRS,n,2,297.24,10.84,D,0
41.21095,-7.87238,367,0.53,0.67,2024-09-18,1424,N20,VIIRS,h,2,295.82,14.93,D,0
41.20442,-7.88349,328.78,0.53,0.67,2024-09-18,1424,N20,VIIRS,n,2,296.91,9.32,D,0
41.20472,-7.87225,367,0.53,0.67,2024-09-18,1424,N20,VIIRS,h,2,297.21,9.32,D,0
41.19728,-7.9191,353.01,0.53,0.67,2024-09-18,1424,N20,VIIRS,n,2,295.12,8.67,D,0
41.18489,-7.91691,335.31,0.53,0.67,2024-09-18,1424,N20,VIIRS,n,2,294.43,8.97,D,0
41.18504,-7.91131,352.9,0.53,0.67,2024-09-18,1424,N20,VIIRS,n,2,296.98,10.66,D,0
41.18521,-7.90439,349.86,0.53,0.67,2024-09-18,1424,N20,VIIRS,n,2,295.77,10.66,D,0
41.15646,-8.28962,336.58,0.5,0.66,2024-09-18,1424,N20,VIIRS,n,2,290.96,8.72,D,0
41.15662,-8.28413,354.88,0.5,0.66,2024-09-18,1424,N20,VIIRS,n,2,289.72,8.72,D,0
41.1585,-7.97798,367,0.52,0.67,2024-09-18,1424,N20,VIIRS,h,2,294.92,24.68,D,0
41.14944,-8.09227,367,0.51,0.66,2024-09-18,1424,N20,VIIRS,h,2,295.33,14.47,D,0
41.15236,-7.97587,367,0.52,0.67,2024-09-18,1424,N20,VIIRS,h,2,295.23,28.15,D,0
41.11118,-7.87403,328.08,0.53,0.67,2024-09-18,1424,N20,VIIRS,n,2,291.57,6.24,D,0
41.11137,-7.86519,330.48,0.53,0.67,2024-09-18,1424,N20,VIIRS,n,2,290.61,2.94,D,0
41.10509,-7.8674,328.58,0.53,0.67,2024-09-18,1424,N20,VIIRS,n,2,291.43,13.95,D,0
41.10521,-7.86187,351.06,0.53,0.67,2024-09-18,1424,N20,VIIRS,n,2,290.62,13.95,D,0
41.09746,-7.93323,342.35,0.52,0.67,2024-09-18,1424,N20,VIIRS,n,2,289.42,7.29,D,0
41.09896,-7.86203,367,0.53,0.67,2024-09-18,1424,N20,VIIRS,h,2,295.77,13.95,D,0
41.10685,-7.86655,339.43,0.53,0.67,2024-09-18,1424,N20,VIIRS,n,2,292.45,11.56,D,0
41.09887,-7.93252,347.31,0.52,0.67,2024-09-18,1424,N20,VIIRS,n,2,289.82,7.37,D,0
41.10073,-7.86199,367,0.53,0.67,2024-09-18,1424,N20,VIIRS,h,2,297.2,35.89,D,0
41.04545,-8.08002,343.73,0.51,0.66,2024-09-18,1424,N20,VIIRS,n,2,288.89,6.25,D,0
40.98128,-8.19347,348.9,0.51,0.66,2024-09-18,1424,N20,VIIRS,n,2,291.23,7.01,D,0
40.98251,-8.15066,367,0.51,0.66,2024-09-18,1424,N20,VIIRS,h,2,291.37,16.57,D,0
40.98314,-8.12872,367,0.51,0.66,2024-09-18,1424,N20,VIIRS,h,2,293.98,16.33,D,0
40.98328,-8.12368,367,0.51,0.66,2024-09-18,1424,N20,VIIRS,h,2,294.68,16.33,D,0
40.97766,-8.10452,356.13,0.51,0.66,2024-09-18,1424,N20,VIIRS,l,2,288.83,16.78,D,0
40.9767,-8.13881,331.03,0.51,0.66,2024-09-18,1424,N20,VIIRS,n,2,289.91,10.35,D,0
40.97699,-8.12862,334.98,0.51,0.66,2024-09-18,1424,N20,VIIRS,n,2,292.3,11.19,D,0
40.97741,-8.11374,334.53,0.51,0.66,2024-09-18,1424,N20,VIIRS,n,2,291.09,15.87,D,0
40.97754,-8.10914,355.65,0.51,0.66,2024-09-18,1424,N20,VIIRS,n,2,294.85,16.78,D,0
40.97654,-8.14478,367,0.51,0.66,2024-09-18,1424,N20,VIIRS,h,2,293.06,19.7,D,0
40.97068,-8.13445,332.18,0.51,0.66,2024-09-18,1424,N20,VIIRS,n,2,289.75,10.35,D,0
40.9714,-8.10843,332.14,0.51,0.66,2024-09-18,1424,N20,VIIRS,n,2,294.91,16.78,D,0
40.97054,-8.1393,367,0.51,0.66,2024-09-18,1424,N20,VIIRS,h,2,293.57,10.35,D,0
40.97156,-8.10264,367,0.51,0.66,2024-09-18,1424,N20,VIIRS,h,2,294.74,16.78,D,0
40.96532,-8.10579,332.21,0.51,0.66,2024-09-18,1424,N20,VIIRS,n,2,293.51,6.39,D,0
40.96552,-8.09868,348.47,0.51,0.66,2024-09-18,1424,N20,VIIRS,n,2,290.63,6.39,D,0
40.96121,-8.02935,356.51,0.52,0.67,2024-09-18,1424,N20,VIIRS,l,2,286.36,42.3,D,0
40.95646,-8.20345,348.31,0.51,0.66,2024-09-18,1424,N20,VIIRS,n,2,297.09,18.29,D,0
40.96089,-8.04137,350.35,0.52,0.67,2024-09-18,1424,N20,VIIRS,n,2,290.61,49.11,D,0
40.96103,-8.03611,353.34,0.52,0.67,2024-09-18,1424,N20,VIIRS,n,2,296.17,49.11,D,0
40.95664,-8.19725,367,0.51,0.66,2024-09-18,1424,N20,VIIRS,h,2,294.19,23.57,D,0
40.95073,-8.18929,342.23,0.51,0.66,2024-09-18,1424,N20,VIIRS,n,2,293.43,6.91,D,0
40.95392,-8.07159,332.57,0.51,0.66,2024-09-18,1424,N20,VIIRS,n,2,290.64,11.49,D,0
40.95465,-8.04408,339.69,0.52,0.67,2024-09-18,1424,N20,VIIRS,n,2,289.17,29.64,D,0
40.95494,-8.03296,331.79,0.52,0.67,2024-09-18,1424,N20,VIIRS,n,2,289.98,23.09,D,0
40.95514,-8.02562,350.37,0.52,0.67,2024-09-18,1424,N20,VIIRS,n,2,296.33,46.33,D,0
40.95381,-8.0761,367,0.51,0.66,2024-09-18,1424,N20,VIIRS,h,2,294.96,11.49,D,0
40.95477,-8.03923,367,0.52,0.67,2024-09-18,1424,N20,VIIRS,h,2,295.56,23.09,D,0
40.95531,-8.01878,367,0.52,0.67,2024-09-18,1424,N20,VIIRS,h,2,293.76,46.33,D,0
40.94934,-8.01064,356.41,0.52,0.67,2024-09-18,1424,N20,VIIRS,l,2,286.02,48.72,D,0
40.9487,-8.0353,349.2,0.52,0.67,2024-09-18,1424,N20,VIIRS,n,2,290.05,23.09,D,0
40.94919,-8.01655,352.42,0.52,0.67,2024-09-18,1424,N20,VIIRS,n,2,293.81,46.33,D,0
40.94817,-8.05563,367,0.52,0.66,2024-09-18,1424,N20,VIIRS,h,2,292.89,71.35,D,0
40.93899,-8.16957,335.21,0.51,0.66,2024-09-18,1424,N20,VIIRS,n,2,294.12,16.49,D,0
40.93925,-8.15993,338.06,0.51,0.66,2024-09-18,1424,N20,VIIRS,n,2,292.54,16.43,D,0
40.94347,-7.99855,352.46,0.52,0.67,2024-09-18,1424,N20,VIIRS,n,2,287.42,38.19,D,0
40.94333,-8.00405,367,0.52,0.67,2024-09-18,1424,N20,VIIRS,h,2,291.97,42.5,D,0
40.93287,-8.16915,343.26,0.51,0.66,2024-09-18,1424,N20,VIIRS,n,2,296.4,16.49,D,0
40.93302,-8.16351,356.41,0.51,0.66,2024-09-18,1424,N20,VIIRS,n,2,300.69,16.49,D,0
40.93734,-7.99625,332.31,0.52,0.67,2024-09-18,1424,N20,VIIRS,n,2,286.88,38.19,D,0
40.93317,-8.15767,367,0.51,0.66,2024-09-18,1424,N20,VIIRS,h,2,297.3,16.43,D,0
40.92738,-8.14422,328.67,0.51,0.66,2024-09-18,1424,N20,VIIRS,n,2,294.47,3.06,D,0
40.93126,-7.99171,367,0.52,0.67,2024-09-18,1424,N20,VIIRS,h,2,290.33,21.83,D,0
40.8961,-8.16657,328.28,0.51,0.66,2024-09-18,1424,N20,VIIRS,n,2,294.25,5.95,D,0
40.89973,-8.01625,347.04,0.52,0.67,2024-09-18,1424,N20,VIIRS,n,2,298.25,68.07,D,0
40.89989,-8.00976,349.55,0.52,0.67,2024-09-18,1424,N20,VIIRS,n,2,307.67,84.75,D,0
40.90005,-8.00275,355.73,0.52,0.67,2024-09-18,1424,N20,VIIRS,n,2,299.49,84.75,D,0
40.90022,-7.99541,345.16,0.52,0.67,2024-09-18,1424,N20,VIIRS,n,2,288.96,28.86,D,0
40.89621,-8.16193,367,0.51,0.66,2024-09-18,1424,N20,VIIRS,h,2,296.11,9.12,D,0
40.90351,-7.85105,367,0.53,0.67,2024-09-18,1424,N20,VIIRS,h,2,297.75,8.97,D,0
40.89424,-7.9867,334.97,0.52,0.67,2024-09-18,1424,N20,VIIRS,n,2,288.96,37.93,D,0
40.89434,-7.98224,350.97,0.52,0.67,2024-09-18,1424,N20,VIIRS,n,2,299.6,37.93,D,0
40.89366,-8.01172,367,0.52,0.67,2024-09-18,1424,N20,VIIRS,h,2,313.05,48.34,D,0
40.89382,-8.00472,367,0.52,0.67,2024-09-18,1424,N20,VIIRS,h,2,301.25,48.34,D,0
40.894,-7.99677,367,0.52,0.67,2024-09-18,1424,N20,VIIRS,h,2,294.21,38.75,D,0
40.89458,-7.97171,367,0.52,0.67,2024-09-18,1424,N20,VIIRS,h,2,290.03,95.6,D,0
40.88839,-7.97171,207.93,0.52,0.67,2024-09-18,1424,N20,VIIRS,l,2,313.36,95.6,D,0
40.88856,-7.9639,356.25,0.52,0.67,2024-09-18,1424,N20,VIIRS,l,2,289.61,103.41,D,0
40.88412,-8.15411,328.94,0.51,0.66,2024-09-18,1424,N20,VIIRS,n,2,298.03,4.54,D,0
40.88717,-8.0249,353.96,0.52,0.67,2024-09-18,1424,N20,VIIRS,n,2,301.25,100.59,D,0
40.88734,-8.01772,354.97,0.52,0.67,2024-09-18,1424,N20,VIIRS,n,2,299.71,100.59,D,0
40.88761,-8.00561,344.2,0.52,0.67,2024-09-18,1424,N20,VIIRS,n,2,292.85,48.34,D,0
40.88824,-7.97798,346.8,0.52,0.67,2024-09-18,1424,N20,VIIRS,n,2,296.18,95.6,D,0
40.88901,-7.94393,355.3,0.52,0.67,2024-09-18,1424,N20,VIIRS,n,2,293.41,20.84,D,0
40.88915,-7.93735,345.37,0.52,0.67,2024-09-18,1424,N20,VIIRS,n,2,288.94,19.61,D,0
40.88747,-8.01181,367,0.52,0.67,2024-09-18,1424,N20,VIIRS,h,2,299.64,48.34,D,0
40.92612,-7.98829,336.04,0.52,0.67,2024-09-18,1424,N20,VIIRS,n,2,281.23,3.96,D,0
40.89625,-8.16172,355.18,0.51,0.66,2024-09-18,1424,N20,VIIRS,n,2,296.08,11.7,D,0
40.90057,-8.0158,351.76,0.52,0.67,2024-09-18,1424,N20,VIIRS,n,2,297.18,97.56,D,0
40.90076,-8.00923,353.84,0.52,0.67,2024-09-18,1424,N20,VIIRS,n,2,302.96,97.56,D,0
40.90117,-7.9951,338.26,0.52,0.67,2024-09-18,1424,N20,VIIRS,n,2,288.31,42.8,D,0
40.90097,-8.0022,367,0.52,0.67,2024-09-18,1424,N20,VIIRS,h,2,296.63,42.8,D,0
40.90522,-7.85096,367,0.53,0.67,2024-09-18,1424,N20,VIIRS,h,2,295.32,12.67,D,0
40.89564,-7.97156,356.44,0.52,0.67,2024-09-18,1424,N20,VIIRS,l,2,287.78,43.87,D,0
40.89451,-8.01142,354.66,0.52,0.67,2024-09-18,1424,N20,VIIRS,n,2,316.14,97.56,D,0
40.8951,-7.991,329.22,0.52,0.67,2024-09-18,1424,N20,VIIRS,n,2,288.7,32.84,D,0
40.89535,-7.98204,352.57,0.52,0.67,2024-09-18,1424,N20,VIIRS,n,2,297.89,59.85,D,0
40.89548,-7.97735,344.15,0.52,0.67,2024-09-18,1424,N20,VIIRS,n,2,300.29,59.85,D,0
40.89471,-8.00446,367,0.52,0.67,2024-09-18,1424,N20,VIIRS,h,2,303.6,42.8,D,0
40.89494,-7.99649,367,0.52,0.67,2024-09-18,1424,N20,VIIRS,h,2,294.32,42.8,D,0
40.76044,-8.39615,355.44,0.49,0.65,2024-09-18,1424,N20,VIIRS,n,2,294.46,6.72,D,0
40.77218,-8.00122,355.75,0.52,0.67,2024-09-18,1424,N20,VIIRS,n,2,304.29,19.95,D,0
40.77236,-7.99472,367,0.52,0.67,2024-09-18,1424,N20,VIIRS,h,2,302.06,19.95,D,0
40.75404,-8.40684,336.07,0.49,0.65,2024-09-18,1424,N20,VIIRS,n,2,295.86,8.32,D,0
40.75424,-8.40045,339.2,0.49,0.65,2024-09-18,1424,N20,VIIRS,n,2,293.18,6.72,D,0
40.67355,-7.79329,351.06,0.53,0.67,2024-09-18,1424,N20,VIIRS,n,2,293.96,6.46,D,0
40.67735,-7.64679,339.73,0.54,0.68,2024-09-18,1424,N20,VIIRS,n,2,290.55,18.46,D,0
40.88944,-7.97166,307.37,0.52,0.67,2024-09-18,1424,N20,VIIRS,l,2,311.18,67.03,D,0
40.88966,-7.96396,356.37,0.52,0.67,2024-09-18,1424,N20,VIIRS,l,2,288.97,67.03,D,0
40.88769,-8.03372,342.2,0.52,0.67,2024-09-18,1424,N20,VIIRS,n,2,305.53,45.54,D,0
40.88795,-8.02477,354.95,0.52,0.67,2024-09-18,1424,N20,VIIRS,n,2,300.02,45.54,D,0
40.8885,-8.00536,350.3,0.52,0.67,2024-09-18,1424,N20,VIIRS,n,2,293.94,24.64,D,0
40.889,-7.98756,334.38,0.52,0.67,2024-09-18,1424,N20,VIIRS,n,2,289.33,10.01,D,0
40.67785,-7.62709,337.32,0.54,0.68,2024-09-18,1424,N20,VIIRS,n,2,286.1,29.96,D,0
40.67752,-7.64028,367,0.54,0.68,2024-09-18,1424,N20,VIIRS,h,2,292.06,18.46,D,0
40.6711,-7.64536,334.56,0.54,0.68,2024-09-18,1424,N20,VIIRS,n,2,285.43,18.46,D,0
40.67126,-7.63895,367,0.54,0.68,2024-09-18,1424,N20,VIIRS,h,2,300.3,18.46,D,0
40.64656,-8.30713,355.65,0.5,0.66,2024-09-18,1424,N20,VIIRS,n,2,300.48,72.67,D,0
40.88913,-7.98296,339.31,0.52,0.67,2024-09-18,1424,N20,VIIRS,n,2,292.07,31.18,D,0
40.89023,-7.94356,351.28,0.52,0.67,2024-09-18,1424,N20,VIIRS,n,2,290.92,12.01,D,0
40.89041,-7.93694,340.58,0.52,0.67,2024-09-18,1424,N20,VIIRS,n,2,287.39,12.01,D,0
40.89079,-7.92326,331.26,0.52,0.67,2024-09-18,1424,N20,VIIRS,n,2,280.55,9.44,D,0
40.64673,-8.30159,334.63,0.5,0.66,2024-09-18,1424,N20,VIIRS,n,2,293.12,26.89,D,0
40.66481,-7.64583,354.66,0.54,0.68,2024-09-18,1424,N20,VIIRS,n,2,296.64,12.09,D,0
40.66495,-7.6399,352.18,0.54,0.68,2024-09-18,1424,N20,VIIRS,n,2,293.02,12.09,D,0
40.66449,-7.65831,367,0.54,0.68,2024-09-18,1424,N20,VIIRS,h,2,293.87,10.52,D,0
40.65819,-7.65917,330.37,0.54,0.68,2024-09-18,1424,N20,VIIRS,n,2,296.65,10.52,D,0
40.65835,-7.65275,354.46,0.54,0.68,2024-09-18,1424,N20,VIIRS,n,2,294.49,10.52,D,0
40.64048,-8.30707,367,0.5,0.66,2024-09-18,1424,N20,VIIRS,h,2,297.91,72.67,D,0
40.63401,-8.31958,355.45,0.5,0.66,2024-09-18,1424,N20,VIIRS,n,2,298.7,15.15,D,0
40.88815,-8.01773,367,0.52,0.67,2024-09-18,1424,N20,VIIRS,h,2,298.06,19.3,D,0
40.88832,-8.01177,367,0.52,0.67,2024-09-18,1424,N20,VIIRS,h,2,300.39,19.3,D,0
40.88927,-7.97784,367,0.52,0.67,2024-09-18,1424,N20,VIIRS,h,2,298.38,31.18,D,0
40.87808,-8.15317,345.66,0.51,0.66,2024-09-18,1424,N20,VIIRS,n,2,298.7,6.86,D,0
40.87821,-8.14873,340.51,0.51,0.66,2024-09-18,1424,N20,VIIRS,n,2,300.36,6.86,D,0
40.88182,-8.02293,338.15,0.52,0.67,2024-09-18,1424,N20,VIIRS,n,2,293.49,45.54,D,0
40.882,-8.0166,340.46,0.52,0.67,2024-09-18,1424,N20,VIIRS,n,2,293.06,19.3,D,0
40.88216,-8.01099,335.64,0.52,0.67,2024-09-18,1424,N20,VIIRS,n,2,290.87,19.3,D,0
40.88327,-7.97105,334.43,0.52,0.67,2024-09-18,1424,N20,VIIRS,n,2,299.06,67.03,D,0
40.63419,-8.31381,336.1,0.5,0.66,2024-09-18,1424,N20,VIIRS,n,2,297.34,39.51,D,0
40.63436,-8.308,347.53,0.5,0.66,2024-09-18,1424,N20,VIIRS,n,2,314.38,39.51,D,0
40.63453,-8.30244,340.51,0.5,0.66,2024-09-18,1424,N20,VIIRS,n,2,294.27,35.15,D,0
40.63386,-8.3248,367,0.5,0.65,2024-09-18,1424,N20,VIIRS,h,2,299.28,15.15,D,0
40.88131,-8.04091,367,0.52,0.67,2024-09-18,1424,N20,VIIRS,h,2,297.62,34.93,D,0
40.88347,-7.96358,367,0.52,0.67,2024-09-18,1424,N20,VIIRS,h,2,292.7,67.03,D,0
40.87336,-8.10356,345.84,0.51,0.66,2024-09-18,1424,N20,VIIRS,n,2,295.91,20.14,D,0
40.87819,-7.93012,328.47,0.52,0.67,2024-09-18,1424,N20,VIIRS,n,2,290.14,4.79,D,0
40.86701,-8.1104,344.23,0.51,0.66,2024-09-18,1424,N20,VIIRS,n,2,306.5,20.14,D,0
40.86717,-8.10479,367,0.51,0.66,2024-09-18,1424,N20,VIIRS,h,2,300.24,20.14,D,0
40.62774,-8.32603,353.87,0.5,0.65,2024-09-18,1424,N20,VIIRS,n,2,302.11,15.15,D,0
40.62788,-8.321,354.85,0.5,0.66,2024-09-18,1424,N20,VIIRS,n,2,305.45,15.15,D,0
40.62805,-8.31535,367,0.5,0.66,2024-09-18,1424,N20,VIIRS,h,2,295.2,39.51,D,0
40.61495,-8.34743,336.74,0.49,0.65,2024-09-18,1424,N20,VIIRS,n,2,302.46,5.44,D,0
40.6151,-8.34236,337.19,0.49,0.65,2024-09-18,1424,N20,VIIRS,n,2,298.6,5.44,D,0
40.8606,-8.11977,341.31,0.51,0.66,2024-09-18,1424,N20,VIIRS,n,2,305.99,33.17,D,0
40.86086,-8.1103,349.8,0.51,0.66,2024-09-18,1424,N20,VIIRS,n,2,305.44,39.94,D,0
40.60737,-7.68493,367,0.54,0.68,2024-09-18,1424,N20,VIIRS,h,2,296.63,8.05,D,0
40.58908,-7.66046,334.74,0.54,0.68,2024-09-18,1424,N20,VIIRS,n,2,297.64,15.79,D,0
40.58272,-7.66402,367,0.54,0.68,2024-09-18,1424,N20,VIIRS,h,2,298.32,20.58,D,0
40.861,-8.10534,354.59,0.51,0.66,2024-09-18,1424,N20,VIIRS,n,2,307.16,39.94,D,0
40.86116,-8.09968,353.8,0.51,0.66,2024-09-18,1424,N20,VIIRS,n,2,297.93,24.27,D,0
40.86155,-8.08584,341.84,0.51,0.66,2024-09-18,1424,N20,VIIRS,n,2,299.01,10.98,D,0
40.86563,-7.93557,349.95,0.52,0.67,2024-09-18,1424,N20,VIIRS,n,2,291.9,7.93,D,0
40.86073,-8.11513,367,0.51,0.66,2024-09-18,1424,N20,VIIRS,h,2,308.01,33.17,D,0
40.85442,-8.12067,356.15,0.51,0.66,2024-09-18,1424,N20,VIIRS,n,2,306.32,33.17,D,0
40.85456,-8.11582,344.84,0.51,0.66,2024-09-18,1424,N20,VIIRS,n,2,307.45,33.17,D,0
40.85483,-8.10587,355.58,0.51,0.66,2024-09-18,1424,N20,VIIRS,n,2,319.62,39.94,D,0
40.85502,-8.09896,353.54,0.51,0.66,2024-09-18,1424,N20,VIIRS,n,2,297.8,24.27,D,0
40.85469,-8.11094,367,0.51,0.66,2024-09-18,1424,N20,VIIRS,h,2,311.57,39.94,D,0
40.8483,-8.11971,331.64,0.51,0.66,2024-09-18,1424,N20,VIIRS,n,2,301.72,5.05,D,0
40.84844,-8.11454,347.68,0.51,0.66,2024-09-18,1424,N20,VIIRS,n,2,305.03,5.05,D,0
40.84891,-8.09753,367,0.51,0.66,2024-09-18,1424,N20,VIIRS,h,2,307.63,14.57,D,0
40.84388,-8.05576,333.14,0.51,0.66,2024-09-18,1424,N20,VIIRS,n,2,300.03,7.34,D,0
40.83642,-8.10393,349.62,0.51,0.66,2024-09-18,1424,N20,VIIRS,n,2,304.87,9.74,D,0
40.83659,-8.09775,342.85,0.51,0.66,2024-09-18,1424,N20,VIIRS,n,2,304.3,11.38,D,0
40.83715,-8.0766,330.13,0.51,0.66,2024-09-18,1424,N20,VIIRS,n,2,299.49,3.98,D,0
40.83735,-8.06939,346.21,0.51,0.66,2024-09-18,1424,N20,VIIRS,n,2,301.79,3.98,D,0
40.82088,-7.98904,339.67,0.52,0.67,2024-09-18,1424,N20,VIIRS,n,2,293.11,6.5,D,0
40.82101,-7.98354,345.96,0.52,0.67,2024-09-18,1424,N20,VIIRS,n,2,293.69,6.5,D,0
40.82374,-7.87157,352.99,0.53,0.67,2024-09-18,1424,N20,VIIRS,n,2,302.2,16.33,D,0
40.82386,-7.86635,349.87,0.53,0.67,2024-09-18,1424,N20,VIIRS,n,2,300.83,11.47,D,0
40.8241,-7.85624,342.82,0.53,0.67,2024-09-18,1424,N20,VIIRS,n,2,295,8.23,D,0
40.82399,-7.8612,367,0.53,0.67,2024-09-18,1424,N20,VIIRS,h,2,299.17,11.47,D,0
40.81738,-7.87712,330.73,0.53,0.67,2024-09-18,1424,N20,VIIRS,l,2,304.01,7.45,D,0
40.8175,-7.87201,354.33,0.53,0.67,2024-09-18,1424,N20,VIIRS,n,2,300.53,7.45,D,0
40.81763,-7.86677,343.25,0.53,0.67,2024-09-18,1424,N20,VIIRS,n,2,298.09,10.38,D,0
40.81327,-8.04658,367,0.51,0.66,2024-09-18,1424,N20,VIIRS,h,2,305.33,13.26,D,0
40.8134,-8.04107,367,0.52,0.66,2024-09-18,1424,N20,VIIRS,h,2,306.53,13.26,D,0
40.81454,-7.99529,367,0.52,0.67,2024-09-18,1424,N20,VIIRS,h,2,298.72,21.4,D,0
40.80806,-8.0073,336.05,0.52,0.67,2024-09-18,1424,N20,VIIRS,n,2,299.11,7.88,D,0
40.80791,-8.01329,367,0.52,0.67,2024-09-18,1424,N20,VIIRS,h,2,299.95,7.88,D,0
40.80173,-8.01317,345.75,0.52,0.67,2024-09-18,1424,N20,VIIRS,n,2,302.65,12.82,D,0
40.80263,-7.97595,335.28,0.52,0.67,2024-09-18,1424,N20,VIIRS,n,2,291.24,2.55,D,0
40.80159,-8.01903,367,0.52,0.67,2024-09-18,1424,N20,VIIRS,h,2,303.06,15.57,D,0
40.7981,-7.90424,337.75,0.52,0.67,2024-09-18,1424,N20,VIIRS,n,2,299.4,12.71,D,0
40.79782,-7.91634,367,0.52,0.67,2024-09-18,1424,N20,VIIRS,h,2,298.88,18.25,D,0
40.79044,-7.96738,331.02,0.52,0.67,2024-09-18,1424,N20,VIIRS,n,2,295.79,40.85,D,0
40.79105,-7.94121,330.71,0.52,0.67,2024-09-18,1424,N20,VIIRS,n,2,296.62,5.44,D,0
40.78398,-7.97908,350.26,0.52,0.67,2024-09-18,1424,N20,VIIRS,n,2,305.9,49.52,D,0
40.78413,-7.97275,354.25,0.52,0.67,2024-09-18,1424,N20,VIIRS,n,2,307.09,40.85,D,0
40.78439,-7.96119,342.15,0.52,0.67,2024-09-18,1424,N20,VIIRS,n,2,298.22,20.12,D,0
40.78485,-7.9408,344.75,0.52,0.67,2024-09-18,1424,N20,VIIRS,n,2,298.97,5.44,D,0
40.78426,-7.96696,367,0.52,0.67,2024-09-18,1424,N20,VIIRS,h,2,305.26,40.85,D,0
41.58963,-7.59885,367,0.55,0.68,2024-09-18,1424,N20,VIIRS,h,2,301.59,13.9,D,0
41.57671,-7.61171,327.66,0.55,0.68,2024-09-18,1424,N20,VIIRS,n,2,297.1,4.56,D,0
41.57685,-7.60502,332.71,0.55,0.68,2024-09-18,1424,N20,VIIRS,n,2,297.18,8.19,D,0
41.5527,-8.13792,333.05,0.51,0.66,2024-09-18,1424,N20,VIIRS,n,2,294.22,10.96,D,0
41.55285,-8.13208,367,0.52,0.66,2024-09-18,1424,N20,VIIRS,h,2,293.66,10.96,D,0
41.54665,-8.13336,367,0.52,0.66,2024-09-18,1424,N20,VIIRS,h,2,298.89,10.96,D,0
41.52047,-7.91183,327.88,0.53,0.67,2024-09-18,1424,N20,VIIRS,n,2,297.53,6.23,D,0
41.51427,-7.91002,349.56,0.53,0.67,2024-09-18,1424,N20,VIIRS,n,2,301.25,6.23,D,0
41.54722,-8.13294,367,0.51,0.66,2024-09-18,1424,N20,VIIRS,h,2,298.92,18.89,D,0
41.51605,-7.91059,340.58,0.53,0.67,2024-09-18,1424,N20,VIIRS,n,2,300.56,4.37,D,0
40.78558,-7.96496,367,0.52,0.67,2024-09-18,1424,N20,VIIRS,h,2,303.35,15.54,D,0
40.76627,-8.40341,337.22,0.49,0.65,2024-09-18,1424,N20,VIIRS,n,2,294.59,8.02,D,0
40.7785,-7.99642,336.23,0.52,0.67,2024-09-18,1424,N20,VIIRS,n,2,298.47,16.91,D,0
40.7789,-7.98222,350.08,0.52,0.67,2024-09-18,1424,N20,VIIRS,n,2,298.91,17.13,D,0
40.77907,-7.97615,352.7,0.52,0.67,2024-09-18,1424,N20,VIIRS,n,2,299.04,34.22,D,0
40.77938,-7.96482,336.29,0.52,0.67,2024-09-18,1424,N20,VIIRS,n,2,298.86,15.54,D,0
40.77956,-7.95853,344.28,0.52,0.67,2024-09-18,1424,N20,VIIRS,n,2,298.16,15.54,D,0
40.77976,-7.95146,329.85,0.52,0.67,2024-09-18,1424,N20,VIIRS,n,2,296.64,13.58,D,0
40.77872,-7.98878,367,0.52,0.67,2024-09-18,1424,N20,VIIRS,h,2,299.79,17.13,D,0
40.77923,-7.97039,367,0.52,0.67,2024-09-18,1424,N20,VIIRS,h,2,304.21,34.22,D,0
40.76024,-8.40239,330.83,0.49,0.65,2024-09-18,1424,N20,VIIRS,n,2,297.12,6.72,D,0
40.81571,-7.99301,367,0.52,0.67,2024-09-18,1424,N20,VIIRS,h,2,298.81,12.56,D,0
40.81432,-8.03896,367,0.51,0.66,2024-09-18,1424,N20,VIIRS,h,2,303.52,15.43,D,0
40.81416,-8.04428,367,0.51,0.66,2024-09-18,1424,N20,VIIRS,h,2,306.69,19.27,D,0
40.81963,-7.85964,350.62,0.53,0.67,2024-09-18,1424,N20,VIIRS,n,2,296.46,9.4,D,0
40.81948,-7.86484,345.4,0.53,0.67,2024-09-18,1424,N20,VIIRS,n,2,298.87,9.78,D,0
40.81933,-7.8701,346.01,0.53,0.67,2024-09-18,1424,N20,VIIRS,n,2,300.27,9.78,D,0
40.81918,-7.87517,340.54,0.53,0.67,2024-09-18,1424,N20,VIIRS,n,2,305.38,10.15,D,0
40.82558,-7.86937,367,0.53,0.67,2024-09-18,1424,N20,VIIRS,h,2,302.99,9.78,D,0
40.82601,-7.85437,332.54,0.53,0.67,2024-09-18,1424,N20,VIIRS,n,2,296.32,9.4,D,0
40.82573,-7.86417,332.38,0.53,0.67,2024-09-18,1424,N20,VIIRS,n,2,297.12,9.78,D,0
40.82542,-7.87485,330.69,0.53,0.67,2024-09-18,1424,N20,VIIRS,n,2,298.88,10.15,D,0
40.82224,-7.98139,341.61,0.52,0.67,2024-09-18,1424,N20,VIIRS,n,2,291.29,8.57,D,0
40.82208,-7.98678,333.13,0.52,0.67,2024-09-18,1424,N20,VIIRS,n,2,291.61,12.56,D,0
41.74339,-7.42461,328.39,0.56,0.69,2024-09-18,1424,N20,VIIRS,l,2,300.87,4.23,D,0
41.7416,-7.42239,342.7,0.56,0.69,2024-09-18,1424,N20,VIIRS,n,2,301.05,5.84,D,0
41.59581,-7.60606,356.16,0.55,0.68,2024-09-18,1424,N20,VIIRS,n,2,300.43,37.16,D,0
41.59594,-7.59952,367,0.55,0.68,2024-09-18,1424,N20,VIIRS,h,2,307.29,37.16,D,0
41.59612,-7.59139,367,0.55,0.68,2024-09-18,1424,N20,VIIRS,h,2,300.97,32.64,D,0
41.58994,-7.58344,367,0.55,0.68,2024-09-18,1424,N20,VIIRS,h,2,302.11,18.94,D,0
40.80917,-8.00496,332.11,0.52,0.67,2024-09-18,1424,N20,VIIRS,n,2,298.63,10.46,D,0
40.8131,-7.8702,329.78,0.53,0.67,2024-09-18,1424,N20,VIIRS,n,2,296.42,2.5,D,0
40.80898,-8.01123,367,0.52,0.67,2024-09-18,1424,N20,VIIRS,h,2,298.6,10.51,D,0
40.80281,-8.01092,339.41,0.52,0.67,2024-09-18,1424,N20,VIIRS,n,2,302.21,10.51,D,0
40.80263,-8.0168,367,0.52,0.67,2024-09-18,1424,N20,VIIRS,h,2,303.58,10.51,D,0
40.79926,-7.9203,330.95,0.52,0.67,2024-09-18,1424,N20,VIIRS,n,2,292.82,13.11,D,0
40.79976,-7.9024,336.53,0.52,0.67,2024-09-18,1424,N20,VIIRS,n,2,298.38,4.01,D,0
40.79942,-7.91428,367,0.52,0.67,2024-09-18,1424,N20,VIIRS,h,2,295.41,24.44,D,0
40.78524,-7.97699,349.94,0.52,0.67,2024-09-18,1424,N20,VIIRS,n,2,307.95,34.22,D,0
40.78542,-7.97072,356.27,0.52,0.67,2024-09-18,1424,N20,VIIRS,n,2,301.55,34.22,D,0
40.78574,-7.95916,333.49,0.52,0.67,2024-09-18,1424,N20,VIIRS,n,2,297.07,15.54,D,0
40.78632,-7.93851,329.5,0.52,0.67,2024-09-18,1424,N20,VIIRS,n,2,297.5,6.42,D,0
41.45212,-7.61843,296.7,0.46,0.39,2024-09-19,0241,N20,VIIRS,n,2,283.28,2.8,N,0
41.45322,-7.6241,328.03,0.46,0.39,2024-09-19,0241,N20,VIIRS,n,2,285.95,2.86,N,0
41.75846,-8.39078,347.81,0.43,0.38,2024-09-19,0241,N20,VIIRS,n,2,296.24,10.76,N,0
41.75941,-8.39585,328.24,0.43,0.38,2024-09-19,0241,N20,VIIRS,n,2,285.41,8.81,N,0
41.59463,-7.58888,329.56,0.46,0.39,2024-09-19,0241,N20,VIIRS,n,2,286.25,4.06,N,0
41.596,-7.57648,297.44,0.46,0.39,2024-09-19,0241,N20,VIIRS,n,2,284.25,0.81,N,0
41.59703,-7.58187,301.99,0.46,0.39,2024-09-19,0241,N20,VIIRS,n,2,284.93,0.81,N,0
41.59813,-7.58758,330.37,0.46,0.39,2024-09-19,0241,N20,VIIRS,n,2,288.6,4.06,N,0
41.59688,-7.61105,312.2,0.46,0.39,2024-09-19,0241,N20,VIIRS,n,2,286.47,2.41,N,0
41.59607,-7.58792,334.65,0.46,0.39,2024-09-19,0241,N20,VIIRS,n,2,289.07,5.87,N,0
41.59844,-7.5809,310.11,0.46,0.39,2024-09-19,0241,N20,VIIRS,n,2,284.21,1.29,N,0
41.59956,-7.58661,318.37,0.46,0.39,2024-09-19,0241,N20,VIIRS,n,2,286.04,1.29,N,0
41.60069,-7.59233,304.77,0.46,0.39,2024-09-19,0241,N20,VIIRS,n,2,285.56,1.4,N,0
41.75403,-8.38663,304.81,0.43,0.38,2024-09-19,0241,N20,VIIRS,n,2,287,10.76,N,0
41.755,-8.39176,337.81,0.43,0.38,2024-09-19,0241,N20,VIIRS,n,2,289.94,10.76,N,0
41.76191,-8.38977,336.99,0.43,0.38,2024-09-19,0241,N20,VIIRS,n,2,285.53,3.86,N,0
41.45676,-7.62295,311.33,0.46,0.39,2024-09-19,0241,N20,VIIRS,n,2,284.34,2.86,N,0
41.51177,-7.90789,301.06,0.45,0.39,2024-09-19,0241,N20,VIIRS,n,2,285.76,0.84,N,0
41.51528,-7.90683,299.77,0.45,0.39,2024-09-19,0241,N20,VIIRS,n,2,286.8,1.4,N,0
41.51735,-7.91762,303.16,0.45,0.39,2024-09-19,0241,N20,VIIRS,n,2,285.61,0.7,N,0
41.56281,-8.09819,314.34,0.44,0.39,2024-09-19,0241,N20,VIIRS,n,2,286.57,2.49,N,0
41.56533,-8.09208,340.75,0.44,0.39,2024-09-19,0241,N20,VIIRS,n,2,287.87,6.32,N,0
41.56627,-8.097,343.73,0.44,0.39,2024-09-19,0241,N20,VIIRS,n,2,288.95,6.32,N,0
41.57811,-7.60053,299.48,0.46,0.39,2024-09-19,0241,N20,VIIRS,n,2,285.35,0.99,N,0
41.5792,-7.60618,330.87,0.46,0.39,2024-09-19,0241,N20,VIIRS,n,2,290.11,4.6,N,0
41.59533,-7.61196,312.82,0.46,0.39,2024-09-19,0241,N20,VIIRS,n,2,285.89,1.11,N,0
41.6733,-7.37992,310.83,0.47,0.4,2024-09-19,0241,N20,VIIRS,n,2,287.04,13.57,N,0
41.67437,-7.38535,328.69,0.47,0.4,2024-09-19,0241,N20,VIIRS,n,2,285.44,22.03,N,0
41.60419,-7.59101,308.63,0.46,0.39,2024-09-19,0241,N20,VIIRS,n,2,284.63,1.4,N,0
41.75748,-8.38563,343.67,0.43,0.38,2024-09-19,0241,N20,VIIRS,n,2,291.43,10.76,N,0
40.82811,-7.84052,344.72,0.46,0.39,2024-09-19,0242,N20,VIIRS,n,2,291.6,5.69,N,0
41.21229,-7.86886,316.72,0.46,0.39,2024-09-19,0242,N20,VIIRS,n,2,286.77,7.28,N,0
41.22218,-7.99011,297.71,0.45,0.39,2024-09-19,0242,N20,VIIRS,n,2,286.3,0.74,N,0
41.29331,-8.44454,298.35,0.44,0.38,2024-09-19,0242,N20,VIIRS,n,2,287.32,0.99,N,0
41.29242,-8.43979,317.18,0.44,0.38,2024-09-19,0242,N20,VIIRS,n,2,288.44,1.8,N,0
41.24278,-8.17625,296.56,0.45,0.39,2024-09-19,0242,N20,VIIRS,n,2,285.15,0.33,N,0
41.18805,-8.02529,307.65,0.45,0.39,2024-09-19,0242,N20,VIIRS,n,2,288.08,1.77,N,0
41.1242,-7.84953,325.32,0.46,0.39,2024-09-19,0242,N20,VIIRS,n,2,287.61,2.52,N,0
41.12317,-7.84425,317.01,0.46,0.39,2024-09-19,0242,N20,VIIRS,n,2,288.46,2.24,N,0
41.12074,-7.85099,321.62,0.46,0.39,2024-09-19,0242,N20,VIIRS,n,2,291.77,2.52,N,0
41.12271,-7.86109,301.53,0.46,0.39,2024-09-19,0242,N20,VIIRS,n,2,286.2,0.71,N,0
41.12173,-7.85606,313.62,0.46,0.39,2024-09-19,0242,N20,VIIRS,n,2,291.2,2.52,N,0
41.11973,-7.84581,311.61,0.46,0.39,2024-09-19,0242,N20,VIIRS,n,2,289.21,2.24,N,0
41.12017,-7.8673,325.64,0.46,0.39,2024-09-19,0242,N20,VIIRS,n,2,287.75,3.11,N,0
41.11626,-7.84722,322.95,0.46,0.39,2024-09-19,0242,N20,VIIRS,n,2,293.1,6.08,N,0
41.11924,-7.86248,311.93,0.46,0.39,2024-09-19,0242,N20,VIIRS,n,2,290.13,3.11,N,0
41.11827,-7.85752,310.23,0.46,0.39,2024-09-19,0242,N20,VIIRS,n,2,291.57,2.85,N,0
41.11728,-7.85244,307.27,0.46,0.39,2024-09-19,0242,N20,VIIRS,n,2,291.9,2.85,N,0
41.1167,-7.86869,340.25,0.46,0.39,2024-09-19,0242,N20,VIIRS,n,2,291.33,3.11,N,0
41.11383,-7.85391,333,0.46,0.39,2024-09-19,0242,N20,VIIRS,n,2,292.54,2.85,N,0
41.1128,-7.84867,354.41,0.46,0.39,2024-09-19,0242,N20,VIIRS,n,2,297.41,6.08,N,0
41.11579,-7.86397,301.96,0.46,0.39,2024-09-19,0242,N20,VIIRS,n,2,288.21,3.11,N,0
41.11482,-7.85901,302.51,0.46,0.39,2024-09-19,0242,N20,VIIRS,n,2,288.15,2.85,N,0
41.11174,-7.84323,302.72,0.46,0.39,2024-09-19,0242,N20,VIIRS,n,2,285.69,6.08,N,0
41.11415,-7.87481,324,0.46,0.39,2024-09-19,0242,N20,VIIRS,n,2,288.85,2.78,N,0
41.11036,-7.85532,325.81,0.46,0.39,2024-09-19,0242,N20,VIIRS,n,2,284.79,4.12,N,0
41.11324,-7.87008,298.44,0.46,0.39,2024-09-19,0242,N20,VIIRS,n,2,287.63,1.61,N,0
41.10932,-7.85,300.06,0.46,0.39,2024-09-19,0242,N20,VIIRS,n,2,283.48,2.59,N,0
41.06891,-8.01967,299.62,0.45,0.39,2024-09-19,0242,N20,VIIRS,n,2,286.84,0.98,N,0
41.03894,-7.90329,301.76,0.46,0.39,2024-09-19,0242,N20,VIIRS,n,2,283.8,0.88,N,0
41.05656,-8.01351,310.19,0.45,0.39,2024-09-19,0242,N20,VIIRS,n,2,287.97,1.44,N,0
41.11837,-8.43257,299.44,0.44,0.38,2024-09-19,0242,N20,VIIRS,n,2,287.13,0.71,N,0
41.11153,-8.39658,295.76,0.44,0.38,2024-09-19,0242,N20,VIIRS,n,2,285.49,0.37,N,0
41.09847,-8.34728,298.44,0.44,0.39,2024-09-19,0242,N20,VIIRS,n,2,286.99,0.71,N,0
40.96817,-7.99253,302.69,0.46,0.39,2024-09-19,0242,N20,VIIRS,n,2,283.49,8.19,N,0
40.96716,-7.98726,296.93,0.46,0.39,2024-09-19,0242,N20,VIIRS,n,2,283.59,8.19,N,0
40.98939,-8.12225,326.46,0.45,0.39,2024-09-19,0242,N20,VIIRS,n,2,292.85,8.73,N,0
40.98648,-8.10707,338.97,0.45,0.39,2024-09-19,0242,N20,VIIRS,n,2,294.8,62.35,N,0
40.96464,-7.99355,329.96,0.46,0.39,2024-09-19,0242,N20,VIIRS,n,2,287.08,8.19,N,0
40.96362,-7.98827,346.53,0.46,0.39,2024-09-19,0242,N20,VIIRS,n,2,290.52,8.19,N,0
40.99034,-8.12721,307.85,0.45,0.39,2024-09-19,0242,N20,VIIRS,n,2,286.7,8.73,N,0
40.97371,-8.04064,315.85,0.45,0.39,2024-09-19,0242,N20,VIIRS,n,2,284.6,1.9,N,0
40.9666,-8.00374,314.03,0.46,0.39,2024-09-19,0242,N20,VIIRS,n,2,284.94,2.11,N,0
40.98587,-8.12324,330.72,0.45,0.39,2024-09-19,0242,N20,VIIRS,n,2,290.58,12.36,N,0
40.983,-8.10827,348.61,0.45,0.39,2024-09-19,0242,N20,VIIRS,n,2,304.39,28.62,N,0
40.98206,-8.10339,330,0.45,0.39,2024-09-19,0242,N20,VIIRS,n,2,287.71,28.62,N,0
40.96306,-8.00471,344.02,0.46,0.39,2024-09-19,0242,N20,VIIRS,n,2,290.51,8.44,N,0
40.96109,-7.9945,337.17,0.46,0.39,2024-09-19,0242,N20,VIIRS,n,2,289.22,12.61,N,0
40.96007,-7.98919,323.83,0.46,0.39,2024-09-19,0242,N20,VIIRS,n,2,289.39,12.61,N,0
40.98393,-8.11315,308.44,0.45,0.39,2024-09-19,0242,N20,VIIRS,n,2,286.25,7.96,N,0
40.96208,-7.99961,304.5,0.46,0.39,2024-09-19,0242,N20,VIIRS,n,2,284.81,8.44,N,0
40.97649,-8.09376,325.81,0.45,0.39,2024-09-19,0242,N20,VIIRS,n,2,290.04,4.94,N,0
40.9595,-8.00552,328.27,0.46,0.39,2024-09-19,0242,N20,VIIRS,n,2,287.48,8.44,N,0
40.9585,-8.00037,330.6,0.46,0.39,2024-09-19,0242,N20,VIIRS,n,2,287.54,8.44,N,0
40.9565,-7.99005,327.33,0.46,0.39,2024-09-19,0242,N20,VIIRS,n,2,287.17,12.61,N,0
40.97756,-8.0993,309.64,0.45,0.39,2024-09-19,0242,N20,VIIRS,n,2,285.74,4.94,N,0
40.96054,-8.01092,310.71,0.46,0.39,2024-09-19,0242,N20,VIIRS,n,2,287.54,3,N,0
40.95752,-7.99529,318.69,0.46,0.39,2024-09-19,0242,N20,VIIRS,n,2,298.18,12.61,N,0
40.95545,-7.98461,300.77,0.46,0.39,2024-09-19,0242,N20,VIIRS,n,2,285.31,1.7,N,0
40.95436,-7.97895,317.55,0.46,0.39,2024-09-19,0242,N20,VIIRS,n,2,285.31,1.7,N,0
40.95324,-7.97315,317.44,0.46,0.39,2024-09-19,0242,N20,VIIRS,n,2,288.18,3.04,N,0
40.98271,-8.14548,346.6,0.45,0.39,2024-09-19,0242,N20,VIIRS,n,2,292.28,11.63,N,0
40.95592,-8.00631,322.73,0.46,0.39,2024-09-19,0242,N20,VIIRS,n,2,288.1,24.84,N,0
40.95492,-8.00112,335.35,0.46,0.39,2024-09-19,0242,N20,VIIRS,n,2,298.39,24.84,N,0
40.95395,-7.99608,343.32,0.46,0.39,2024-09-19,0242,N20,VIIRS,n,2,310.07,21.7,N,0
40.95294,-7.99091,330.44,0.46,0.39,2024-09-19,0242,N20,VIIRS,n,2,288.84,21.7,N,0
40.98173,-8.14035,308.96,0.45,0.39,2024-09-19,0242,N20,VIIRS,n,2,288.97,4.63,N,0
40.95079,-7.97975,306.64,0.46,0.39,2024-09-19,0242,N20,VIIRS,n,2,287.83,2.09,N,0
40.97826,-8.14159,331.28,0.45,0.39,2024-09-19,0242,N20,VIIRS,n,2,290.77,4.63,N,0
40.97728,-8.13647,322.6,0.45,0.39,2024-09-19,0242,N20,VIIRS,n,2,288.93,4.63,N,0
40.9705,-8.10125,327.89,0.45,0.39,2024-09-19,0242,N20,VIIRS,n,2,287.65,9.16,N,0
40.96941,-8.09557,324.19,0.45,0.39,2024-09-19,0242,N20,VIIRS,n,2,290.75,9.16,N,0
40.95238,-8.00727,329.69,0.46,0.39,2024-09-19,0242,N20,VIIRS,n,2,288,24.84,N,0
40.95137,-8.00208,323.68,0.46,0.39,2024-09-19,0242,N20,VIIRS,n,2,303.22,24.84,N,0
40.95041,-7.99708,329.88,0.46,0.39,2024-09-19,0242,N20,VIIRS,n,2,296.79,21.7,N,0
40.95341,-8.01265,298,0.46,0.39,2024-09-19,0242,N20,VIIRS,n,2,285.03,2.24,N,0
40.9738,-8.13773,329.18,0.45,0.39,2024-09-19,0242,N20,VIIRS,n,2,290.17,2.22,N,0
40.94785,-8.00315,329.14,0.46,0.39,2024-09-19,0242,N20,VIIRS,n,2,288.27,5.36,N,0
40.94687,-7.99808,325.58,0.46,0.39,2024-09-19,0242,N20,VIIRS,n,2,287.76,5.33,N,0
40.97478,-8.1428,303,0.45,0.39,2024-09-19,0242,N20,VIIRS,n,2,286.77,2.22,N,0
40.96585,-8.0964,313.6,0.45,0.39,2024-09-19,0242,N20,VIIRS,n,2,286.6,1.96,N,0
40.95607,-8.04565,303.01,0.45,0.39,2024-09-19,0242,N20,VIIRS,n,2,286.45,7.79,N,0
40.94884,-8.0083,315.55,0.46,0.39,2024-09-19,0242,N20,VIIRS,n,2,287.9,5.36,N,0
40.95345,-8.05136,330.19,0.45,0.39,2024-09-19,0242,N20,VIIRS,n,2,291.41,7.79,N,0
40.95249,-8.0464,334.66,0.45,0.39,2024-09-19,0242,N20,VIIRS,n,2,291.81,7.79,N,0
40.98203,-8.1999,301.9,0.45,0.39,2024-09-19,0242,N20,VIIRS,n,2,286.65,0.87,N,0
40.95821,-8.07602,312.59,0.45,0.39,2024-09-19,0242,N20,VIIRS,n,2,287.88,1.52,N,0
40.93045,-7.99041,333.61,0.46,0.39,2024-09-19,0242,N20,VIIRS,n,2,288.17,4.05,N,0
40.96766,-8.1829,298.19,0.45,0.39,2024-09-19,0242,N20,VIIRS,n,2,286.94,0.73,N,0
40.928,-7.997,309.66,0.46,0.39,2024-09-19,0242,N20,VIIRS,n,2,287.12,1.41,N,0
40.92442,-7.99784,319.74,0.46,0.39,2024-09-19,0242,N20,VIIRS,n,2,288.49,2.51,N,0
40.96034,-8.2026,330.28,0.45,0.39,2024-09-19,0242,N20,VIIRS,n,2,289.78,5.48,N,0
40.95933,-8.19733,329.15,0.45,0.39,2024-09-19,0242,N20,VIIRS,n,2,289.37,5.48,N,0
40.95832,-8.19213,308.45,0.45,0.39,2024-09-19,0242,N20,VIIRS,n,2,287.26,1.13,N,0
40.95687,-8.20379,329.34,0.45,0.39,2024-09-19,0242,N20,VIIRS,n,2,288.5,10.53,N,0
40.95587,-8.19859,355.02,0.45,0.39,2024-09-19,0242,N20,VIIRS,n,2,298.4,10.53,N,0
40.95485,-8.19331,335.78,0.45,0.39,2024-09-19,0242,N20,VIIRS,n,2,299.93,31.92,N,0
40.95788,-8.20904,305.41,0.45,0.39,2024-09-19,0242,N20,VIIRS,n,2,287.58,0.72,N,0
40.90208,-7.95998,330.4,0.46,0.39,2024-09-19,0242,N20,VIIRS,n,2,290.85,5.28,N,0
40.90102,-7.95457,311.29,0.46,0.39,2024-09-19,0242,N20,VIIRS,n,2,286.73,6.28,N,0
40.90073,-7.97214,345.33,0.46,0.39,2024-09-19,0242,N20,VIIRS,n,2,290.54,8.29,N,0
40.89863,-7.96143,324.79,0.46,0.39,2024-09-19,0242,N20,VIIRS,n,2,291.03,5.28,N,0
40.89756,-7.95599,348.6,0.46,0.39,2024-09-19,0242,N20,VIIRS,n,2,291.7,6.28,N,0
40.89969,-7.96683,310.9,0.46,0.39,2024-09-19,0242,N20,VIIRS,n,2,288.27,5.28,N,0
40.90106,-7.99305,304.02,0.46,0.39,2024-09-19,0242,N20,VIIRS,n,2,285.35,0.69,N,0
40.89408,-7.95729,319.15,0.46,0.39,2024-09-19,0242,N20,VIIRS,n,2,287.39,2.6,N,0
40.8909,-7.94109,297.26,0.46,0.39,2024-09-19,0242,N20,VIIRS,n,2,286.03,0.8,N,0
40.89661,-7.98941,325.44,0.46,0.39,2024-09-19,0242,N20,VIIRS,n,2,287.32,2.96,N,0
40.89758,-7.99432,298.31,0.46,0.39,2024-09-19,0242,N20,VIIRS,n,2,285.68,0.69,N,0
40.89164,-7.96393,306.83,0.46,0.39,2024-09-19,0242,N20,VIIRS,n,2,288.3,2.01,N,0
40.8959,-7.9587,326.82,0.46,0.39,2024-09-19,0242,N20,VIIRS,n,2,289.6,2.76,N,0
40.89485,-7.95318,326.07,0.46,0.39,2024-09-19,0242,N20,VIIRS,n,2,287.16,2.89,N,0
40.89926,-7.99566,315.46,0.46,0.39,2024-09-19,0242,N20,VIIRS,n,2,286.67,1.53,N,0
40.89239,-7.95988,302.41,0.46,0.39,2024-09-19,0242,N20,VIIRS,n,2,286.58,2.76,N,0
40.8893,-7.94374,297.39,0.46,0.39,2024-09-19,0242,N20,VIIRS,n,2,285.55,0.85,N,0
40.89481,-7.99194,337.42,0.46,0.39,2024-09-19,0242,N20,VIIRS,n,2,289.8,7.26,N,0
40.89388,-7.98709,327.37,0.46,0.39,2024-09-19,0242,N20,VIIRS,n,2,289.54,4.14,N,0
40.89642,-8.01987,323.23,0.46,0.39,2024-09-19,0242,N20,VIIRS,n,2,288.11,2.24,N,0
40.89745,-8.02523,312.76,0.46,0.39,2024-09-19,0242,N20,VIIRS,n,2,288.63,2.5,N,0
40.89504,-8.03216,329.81,0.46,0.39,2024-09-19,0242,N20,VIIRS,n,2,288.88,10.66,N,0
40.89399,-8.02668,347.43,0.46,0.39,2024-09-19,0242,N20,VIIRS,n,2,293.52,10.66,N,0
40.89294,-8.02117,330.78,0.46,0.39,2024-09-19,0242,N20,VIIRS,n,2,290.93,9.75,N,0
40.85721,-7.8355,300.38,0.46,0.39,2024-09-19,0242,N20,VIIRS,n,2,284.52,0.86,N,0
40.91685,-8.18529,299.64,0.45,0.39,2024-09-19,0242,N20,VIIRS,n,2,285.41,0.45,N,0
40.91239,-8.18137,311.65,0.45,0.39,2024-09-19,0242,N20,VIIRS,n,2,286.14,1.54,N,0
40.84202,-7.8347,310.46,0.46,0.39,2024-09-19,0242,N20,VIIRS,n,2,283.84,30.35,N,0
40.84097,-7.82928,319.12,0.46,0.39,2024-09-19,0242,N20,VIIRS,n,2,284.62,30.35,N,0
40.83961,-7.84168,337.27,0.46,0.39,2024-09-19,0242,N20,VIIRS,n,2,293.64,30.6,N,0
40.83854,-7.83614,338.1,0.46,0.39,2024-09-19,0242,N20,VIIRS,n,2,312.37,30.35,N,0
40.83747,-7.83066,344.44,0.46,0.39,2024-09-19,0242,N20,VIIRS,n,2,300.71,30.35,N,0
40.834,-7.83213,328.3,0.46,0.39,2024-09-19,0242,N20,VIIRS,n,2,290.03,1.59,N,0
40.89816,-8.16509,298.61,0.45,0.39,2024-09-19,0242,N20,VIIRS,n,2,287.22,0.77,N,0
40.83615,-7.84321,297.21,0.46,0.39,2024-09-19,0242,N20,VIIRS,n,2,285.86,0.85,N,0
40.83507,-7.83766,304.24,0.46,0.39,2024-09-19,0242,N20,VIIRS,n,2,286.14,1.59,N,0
40.8316,-7.83915,310.9,0.46,0.39,2024-09-19,0242,N20,VIIRS,n,2,286.59,1.59,N,0
40.83052,-7.83362,303.01,0.46,0.39,2024-09-19,0242,N20,VIIRS,n,2,286.73,1.59,N,0
41.23834,-7.98337,304.81,0.45,0.39,2024-09-19,0242,N20,VIIRS,n,2,287.61,1.44,N,0
40.82703,-7.83498,300.3,0.46,0.39,2024-09-19,0242,N20,VIIRS,n,2,285.38,5.69,N,0
40.88563,-8.15779,297.7,0.45,0.39,2024-09-19,0242,N20,VIIRS,n,2,287.47,0.61,N,0
40.82406,-7.85836,308.91,0.46,0.39,2024-09-19,0242,N20,VIIRS,n,2,290.36,7.4,N,0
40.82054,-7.85956,367,0.46,0.39,2024-09-19,0242,N20,VIIRS,h,2,292.64,7.4,N,0
40.81954,-7.85446,328.47,0.46,0.39,2024-09-19,0242,N20,VIIRS,n,2,288.96,5.84,N,0
40.86245,-8.09517,296.64,0.45,0.39,2024-09-19,0242,N20,VIIRS,n,2,284.92,0.65,N,0
40.86139,-8.08967,302.41,0.45,0.39,2024-09-19,0242,N20,VIIRS,n,2,287.52,1.06,N,0
40.81899,-7.87093,303.64,0.46,0.39,2024-09-19,0242,N20,VIIRS,n,2,288.21,1.64,N,0
40.86283,-8.1165,299.81,0.45,0.39,2024-09-19,0242,N20,VIIRS,n,2,287.91,0.85,N,0
40.85321,-8.08591,331.76,0.45,0.39,2024-09-19,0242,N20,VIIRS,n,2,289.07,5.84,N,0
40.86127,-8.12765,316.08,0.45,0.39,2024-09-19,0242,N20,VIIRS,n,2,288.05,1.42,N,0
40.81142,-7.88987,298.05,0.46,0.39,2024-09-19,0242,N20,VIIRS,n,2,286.11,1.11,N,0
40.8104,-7.88468,311.9,0.46,0.39,2024-09-19,0242,N20,VIIRS,n,2,286.44,1.11,N,0
40.85331,-8.12493,300.8,0.45,0.39,2024-09-19,0242,N20,VIIRS,n,2,287.82,0.62,N,0
40.82036,-7.95502,303.21,0.46,0.39,2024-09-19,0242,N20,VIIRS,n,2,288.66,1.09,N,0
40.8193,-7.94956,300.87,0.46,0.39,2024-09-19,0242,N20,VIIRS,n,2,287.2,1.09,N,0
40.8498,-8.12603,304.16,0.45,0.39,2024-09-19,0242,N20,VIIRS,n,2,287.8,0.62,N,0
40.84883,-8.12102,299.57,0.45,0.39,2024-09-19,0242,N20,VIIRS,n,2,287.17,0.62,N,0
40.84785,-8.11593,300.74,0.45,0.39,2024-09-19,0242,N20,VIIRS,n,2,286.51,0.59,N,0
40.84047,-8.0778,315.63,0.45,0.39,2024-09-19,0242,N20,VIIRS,n,2,287.53,1.97,N,0
40.82303,-7.98797,302.58,0.46,0.39,2024-09-19,0242,N20,VIIRS,n,2,286.73,1.31,N,0
40.81791,-7.96168,299.57,0.46,0.39,2024-09-19,0242,N20,VIIRS,n,2,288.67,1.32,N,0
40.81684,-7.95619,307.19,0.46,0.39,2024-09-19,0242,N20,VIIRS,n,2,289.94,1.09,N,0
40.80537,-7.89741,296.12,0.46,0.39,2024-09-19,0242,N20,VIIRS,n,2,285.92,0.62,N,0
40.80437,-7.89226,298.51,0.46,0.39,2024-09-19,0242,N20,VIIRS,n,2,285.97,0.48,N,0
40.84533,-8.12213,332.84,0.45,0.39,2024-09-19,0242,N20,VIIRS,n,2,289.56,5.05,N,0
40.80183,-7.89847,320.75,0.46,0.39,2024-09-19,0242,N20,VIIRS,n,2,287.46,2.51,N,0
40.80082,-7.8933,329.42,0.46,0.39,2024-09-19,0242,N20,VIIRS,n,2,287.52,3.61,N,0
40.84434,-8.11702,300.17,0.45,0.39,2024-09-19,0242,N20,VIIRS,n,2,287.62,2.09,N,0
40.81439,-7.96283,318.63,0.46,0.39,2024-09-19,0242,N20,VIIRS,n,2,293.41,2.48,N,0
40.81332,-7.95736,309.48,0.46,0.39,2024-09-19,0242,N20,VIIRS,n,2,287.8,1.39,N,0
40.80387,-7.90895,305.62,0.46,0.39,2024-09-19,0242,N20,VIIRS,n,2,285.32,1.99,N,0
40.80285,-7.90371,317.21,0.46,0.39,2024-09-19,0242,N20,VIIRS,n,2,287.28,2.51,N,0
40.83891,-8.10819,328.48,0.45,0.39,2024-09-19,0242,N20,VIIRS,n,2,287.52,2.55,N,0
40.80033,-7.91007,321.79,0.46,0.39,2024-09-19,0242,N20,VIIRS,n,2,285.93,1.99,N,0
40.7993,-7.90478,323.17,0.46,0.39,2024-09-19,0242,N20,VIIRS,n,2,286.98,2.51,N,0
40.79827,-7.89953,322.23,0.46,0.39,2024-09-19,0242,N20,VIIRS,n,2,286.6,2.51,N,0
40.83792,-8.10303,311.36,0.45,0.39,2024-09-19,0242,N20,VIIRS,n,2,286.6,2.55,N,0
40.81086,-7.96393,312.24,0.46,0.39,2024-09-19,0242,N20,VIIRS,n,2,289.83,2.48,N,0
40.83546,-8.10955,324.33,0.45,0.39,2024-09-19,0242,N20,VIIRS,n,2,286.84,2.18,N,0
40.83445,-8.10436,311.84,0.45,0.39,2024-09-19,0242,N20,VIIRS,n,2,286.39,2.18,N,0
40.80098,-7.93253,300.04,0.46,0.39,2024-09-19,0242,N20,VIIRS,n,2,286.72,3.09,N,0
40.79743,-7.93359,328.38,0.46,0.39,2024-09-19,0242,N20,VIIRS,n,2,286.58,3.09,N,0
40.81408,-8.01881,315.98,0.46,0.39,2024-09-19,0242,N20,VIIRS,n,2,288.38,1.8,N,0
40.81311,-8.0138,299.84,0.46,0.39,2024-09-19,0242,N20,VIIRS,n,2,288.03,0.92,N,0
40.81057,-8.01998,346.54,0.46,0.39,2024-09-19,0242,N20,VIIRS,n,2,299.14,14.77,N,0
40.80959,-8.01494,304.37,0.46,0.39,2024-09-19,0242,N20,VIIRS,n,2,289.72,1.65,N,0
40.80132,-7.9726,296.61,0.46,0.39,2024-09-19,0242,N20,VIIRS,n,2,285.66,0.44,N,0
40.80807,-8.02634,348.62,0.46,0.39,2024-09-19,0242,N20,VIIRS,n,2,292.97,14.77,N,0
40.80706,-8.02118,321.9,0.46,0.39,2024-09-19,0242,N20,VIIRS,n,2,290.53,14.77,N,0
40.80608,-8.01613,299.96,0.46,0.39,2024-09-19,0242,N20,VIIRS,n,2,289.34,1.65,N,0
40.80458,-8.02761,343.82,0.46,0.39,2024-09-19,0242,N20,VIIRS,n,2,293.76,4.45,N,0
40.80357,-8.02246,301.37,0.46,0.39,2024-09-19,0242,N20,VIIRS,n,2,288.5,4.45,N,0
40.80009,-8.02376,332.96,0.46,0.39,2024-09-19,0242,N20,VIIRS,n,2,289.17,4.45,N,0
40.8011,-8.02892,299.28,0.46,0.39,2024-09-19,0242,N20,VIIRS,n,2,286.51,4.45,N,0
40.78195,-7.95029,310.37,0.46,0.39,2024-09-19,0242,N20,VIIRS,n,2,286.1,1.63,N,0
40.7795,-7.95689,332.07,0.46,0.39,2024-09-19,0242,N20,VIIRS,n,2,287.32,1.63,N,0
40.77842,-7.95139,308.26,0.46,0.39,2024-09-19,0242,N20,VIIRS,n,2,284.7,1.63,N,0
40.78061,-7.95228,319.68,0.46,0.39,2024-09-19,0242,N20,VIIRS,n,2,286.13,2.65,N,0
40.77813,-7.95888,330.62,0.46,0.39,2024-09-19,0242,N20,VIIRS,n,2,287.87,2.36,N,0
40.78322,-7.98538,299.1,0.46,0.39,2024-09-19,0242,N20,VIIRS,n,2,286.62,2.66,N,0
40.78016,-7.96943,298.69,0.46,0.39,2024-09-19,0242,N20,VIIRS,n,2,286.28,1.96,N,0
40.77917,-7.96428,305.43,0.46,0.39,2024-09-19,0242,N20,VIIRS,n,2,286.98,2.36,N,0
40.77865,-7.98106,340.78,0.46,0.39,2024-09-19,0242,N20,VIIRS,n,2,290.86,2.66,N,0
40.77968,-7.98644,317.17,0.46,0.39,2024-09-19,0242,N20,VIIRS,n,2,289.31,2.66,N,0
40.77721,-7.99308,326.27,0.46,0.39,2024-09-19,0242,N20,VIIRS,n,2,289.58,8.24,N,0
40.77614,-7.98748,343.75,0.46,0.39,2024-09-19,0242,N20,VIIRS,n,2,289.05,8.97,N,0
40.77513,-7.9822,347.01,0.46,0.39,2024-09-19,0242,N20,VIIRS,n,2,289.48,8.97,N,0
40.77578,-8.00507,320.37,0.46,0.39,2024-09-19,0242,N20,VIIRS,n,2,292.54,2.67,N,0
40.77473,-7.99964,367,0.46,0.39,2024-09-19,0242,N20,VIIRS,h,2,297.79,8.24,N,0
40.77368,-7.99415,342.49,0.46,0.39,2024-09-19,0242,N20,VIIRS,n,2,291.33,8.24,N,0
40.7768,-8.0104,301.94,0.46,0.39,2024-09-19,0242,N20,VIIRS,n,2,288.05,2.67,N,0
40.77325,-8.01138,323.59,0.46,0.39,2024-09-19,0242,N20,VIIRS,n,2,285.93,9.86,N,0
40.77221,-8.00596,355.25,0.46,0.39,2024-09-19,0242,N20,VIIRS,n,2,293.99,9.86,N,0
40.77118,-8.00059,347.63,0.46,0.39,2024-09-19,0242,N20,VIIRS,n,2,288.46,8.25,N,0
40.77015,-7.99524,306.36,0.46,0.39,2024-09-19,0242,N20,VIIRS,n,2,284.98,8.25,N,0
40.69213,-7.63241,345.6,0.47,0.4,2024-09-19,0242,N20,VIIRS,n,2,291.95,10.17,N,0
40.69102,-7.62679,331.55,0.47,0.4,2024-09-19,0242,N20,VIIRS,n,2,288.85,3.87,N,0
40.68746,-7.628,322.08,0.47,0.4,2024-09-19,0242,N20,VIIRS,n,2,288.36,3.87,N,0
40.69176,-7.64993,317.43,0.47,0.4,2024-09-19,0242,N20,VIIRS,n,2,289.58,3.48,N,0
40.68927,-7.65658,299.05,0.47,0.4,2024-09-19,0242,N20,VIIRS,n,2,287.26,0.7,N,0
40.68386,-7.62906,299.3,0.47,0.4,2024-09-19,0242,N20,VIIRS,n,2,286.41,1.43,N,0
40.68274,-7.62333,309.69,0.47,0.4,2024-09-19,0242,N20,VIIRS,n,2,287.66,1.43,N,0
40.67805,-7.61884,320.38,0.47,0.4,2024-09-19,0242,N20,VIIRS,n,2,285.67,1.81,N,0
40.68571,-7.65777,297.51,0.47,0.4,2024-09-19,0242,N20,VIIRS,n,2,286.97,0.7,N,0
40.68246,-7.64123,310.81,0.47,0.4,2024-09-19,0242,N20,VIIRS,n,2,288.04,2.92,N,0
40.67915,-7.62443,299.91,0.47,0.4,2024-09-19,0242,N20,VIIRS,n,2,286.45,1.43,N,0
40.68213,-7.65891,340.07,0.47,0.4,2024-09-19,0242,N20,VIIRS,n,2,288.84,5.42,N,0
40.68104,-7.65335,306.43,0.47,0.4,2024-09-19,0242,N20,VIIRS,n,2,288.69,1.65,N,0
40.67994,-7.64774,296.34,0.47,0.4,2024-09-19,0242,N20,VIIRS,n,2,285.99,1.65,N,0
40.67884,-7.64219,296.93,0.47,0.4,2024-09-19,0242,N20,VIIRS,n,2,286.88,1.14,N,0
40.67776,-7.63667,308.29,0.47,0.4,2024-09-19,0242,N20,VIIRS,n,2,287.91,1.14,N,0
40.82096,-8.41668,299.57,0.44,0.39,2024-09-19,0242,N20,VIIRS,n,2,287.93,1.07,N,0
40.82004,-8.41179,302.96,0.44,0.39,2024-09-19,0242,N20,VIIRS,n,2,288.22,1.07,N,0
40.67057,-7.63878,306.61,0.47,0.4,2024-09-19,0242,N20,VIIRS,n,2,285.62,0.74,N,0
40.81468,-8.40295,312.74,0.44,0.39,2024-09-19,0242,N20,VIIRS,n,2,287.47,1.7,N,0
40.66809,-7.6455,297.35,0.47,0.4,2024-09-19,0242,N20,VIIRS,n,2,286.24,0.74,N,0
40.6628,-7.67647,320.74,0.47,0.4,2024-09-19,0242,N20,VIIRS,n,2,286.15,1.22,N,0
40.66173,-7.67106,297.3,0.47,0.4,2024-09-19,0242,N20,VIIRS,n,2,286.05,1.97,N,0
40.65928,-7.67787,299.12,0.47,0.4,2024-09-19,0242,N20,VIIRS,n,2,284.76,1.22,N,0
40.79462,-8.39427,298.79,0.44,0.39,2024-09-19,0242,N20,VIIRS,n,2,288.26,1.57,N,0
40.76321,-8.40351,311.22,0.44,0.39,2024-09-19,0242,N20,VIIRS,n,2,290.75,1.49,N,0
40.76222,-8.39834,303.19,0.44,0.39,2024-09-19,0242,N20,VIIRS,n,2,288.69,1.49,N,0
40.75871,-8.39929,320.08,0.44,0.39,2024-09-19,0242,N20,VIIRS,n,2,292.04,2.96,N,0
40.75971,-8.40452,319.12,0.44,0.39,2024-09-19,0242,N20,VIIRS,n,2,291.93,2.96,N,0
40.75621,-8.4055,327.93,0.44,0.39,2024-09-19,0242,N20,VIIRS,n,2,289.18,2.96,N,0
40.60582,-7.63853,331.05,0.48,0.4,2024-09-19,0242,N20,VIIRS,n,2,291.05,4.16,N,0
40.75917,-8.4014,328.69,0.44,0.39,2024-09-19,0242,N20,VIIRS,n,2,295.04,3.51,N,0
40.76014,-8.40658,299.56,0.44,0.39,2024-09-19,0242,N20,VIIRS,n,2,288.23,1.25,N,0
40.75566,-8.40235,327.89,0.44,0.39,2024-09-19,0242,N20,VIIRS,n,2,288.07,3.51,N,0
40.75665,-8.4076,299.09,0.44,0.39,2024-09-19,0242,N20,VIIRS,n,2,287.83,1.25,N,0
40.60583,-7.64038,316.98,0.48,0.4,2024-09-19,0242,N20,VIIRS,n,2,288.04,2.08,N,0
40.60475,-7.63482,316.72,0.48,0.4,2024-09-19,0242,N20,VIIRS,n,2,289.73,2.08,N,0
40.60335,-7.64715,309.44,0.48,0.4,2024-09-19,0242,N20,VIIRS,n,2,288.81,1.81,N,0
40.60117,-7.636,301.54,0.48,0.4,2024-09-19,0242,N20,VIIRS,n,2,287.82,2.08,N,0
40.594,-7.6382,297.9,0.48,0.4,2024-09-19,0242,N20,VIIRS,n,2,286.31,1.3,N,0
40.58221,-7.69444,296.25,0.47,0.4,2024-09-19,0242,N20,VIIRS,n,2,285.48,0.57,N,0
40.63807,-8.30874,310.79,0.45,0.39,2024-09-19,0242,N20,VIIRS,n,2,287.22,1.98,N,0
40.63462,-8.31004,323.36,0.45,0.39,2024-09-19,0242,N20,VIIRS,n,2,289.97,1.98,N,0
40.63313,-8.32154,330.29,0.45,0.39,2024-09-19,0242,N20,VIIRS,n,2,289.73,6.27,N,0
40.63216,-8.31652,328.47,0.45,0.39,2024-09-19,0242,N20,VIIRS,n,2,290.18,6.27,N,0
40.63301,-8.31688,332.96,0.45,0.39,2024-09-19,0242,N20,VIIRS,n,2,292.56,8.49,N,0
40.63397,-8.32192,312.55,0.45,0.39,2024-09-19,0242,N20,VIIRS,n,2,287.33,4.85,N,0
40.62798,-8.32942,305.61,0.45,0.39,2024-09-19,0242,N20,VIIRS,n,2,287.88,1.64,N,0
40.62706,-8.32453,315.35,0.45,0.39,2024-09-19,0242,N20,VIIRS,n,2,289.66,1.64,N,0
40.61944,-8.3429,301.6,0.45,0.39,2024-09-19,0242,N20,VIIRS,n,2,286.92,1.61,N,0
40.61599,-8.34423,304.61,0.45,0.39,2024-09-19,0242,N20,VIIRS,n,2,286.75,0.92,N,0
40.61506,-8.3393,304.48,0.45,0.39,2024-09-19,0242,N20,VIIRS,n,2,287.44,0.92,N,0
40.43757,-8.04797,303.82,0.46,0.39,2024-09-19,0242,N20,VIIRS,n,2,285.39,1,N,0
40.28776,-8.41823,300.38,0.45,0.39,2024-09-19,0242,N20,VIIRS,n,2,287.93,0.69,N,2
38.63051,-9.08085,301.5,0.45,0.39,2024-09-19,0242,N20,VIIRS,n,2,288.59,1.57,N,2
41.35299,-7.5607,347.85,0.47,0.39,2024-09-19,0242,N20,VIIRS,n,2,294.84,10.41,N,0
41.35194,-7.5553,323.07,0.47,0.39,2024-09-19,0242,N20,VIIRS,n,2,290.2,3.38,N,0
41.35505,-7.57126,306.13,0.47,0.39,2024-09-19,0242,N20,VIIRS,n,2,286.14,1.55,N,0
41.35402,-7.56599,297.24,0.47,0.39,2024-09-19,0242,N20,VIIRS,n,2,285.89,10.41,N,0
41.34945,-7.56187,339.28,0.47,0.39,2024-09-19,0242,N20,VIIRS,n,2,291.21,10.79,N,0
41.34839,-7.55645,367,0.47,0.39,2024-09-19,0242,N20,VIIRS,h,2,320.11,33.68,N,0
41.35151,-7.57247,308.76,0.47,0.39,2024-09-19,0242,N20,VIIRS,n,2,290.28,1.16,N,0
41.35049,-7.5672,297.01,0.47,0.39,2024-09-19,0242,N20,VIIRS,n,2,286.37,10.79,N,0
41.34732,-7.55095,296.42,0.47,0.39,2024-09-19,0242,N20,VIIRS,n,2,284.52,33.68,N,0
41.34484,-7.55761,333.16,0.47,0.39,2024-09-19,0242,N20,VIIRS,n,2,285.55,33.68,N,0
41.34798,-7.57367,299.76,0.47,0.39,2024-09-19,0242,N20,VIIRS,n,2,287.89,1.16,N,0
41.34591,-7.56307,314.52,0.47,0.39,2024-09-19,0242,N20,VIIRS,n,2,287.4,10.79,N,0
41.34545,-7.58005,324.72,0.47,0.39,2024-09-19,0242,N20,VIIRS,n,2,287.47,17.08,N,0
41.34443,-7.57481,343.31,0.47,0.39,2024-09-19,0242,N20,VIIRS,n,2,306.33,17.08,N,0
41.3419,-7.58119,328.14,0.47,0.39,2024-09-19,0242,N20,VIIRS,n,2,286.08,17.08,N,0
41.34086,-7.57586,344.8,0.47,0.39,2024-09-19,0242,N20,VIIRS,n,2,295.18,17.08,N,0
41.32605,-8.24725,299.52,0.44,0.39,2024-09-19,0242,N20,VIIRS,n,2,286.4,0.73,N,0
41.23114,-7.86966,312.11,0.46,0.39,2024-09-19,0242,N20,VIIRS,n,2,287.2,1.27,N,0
41.22759,-7.87063,303.08,0.46,0.39,2024-09-19,0242,N20,VIIRS,n,2,285.67,1.27,N,0
41.22639,-7.8645,313.4,0.46,0.39,2024-09-19,0242,N20,VIIRS,n,2,287.19,1.27,N,0
41.22397,-7.87126,330.05,0.46,0.39,2024-09-19,0242,N20,VIIRS,n,2,288.4,2.88,N,0
41.22281,-7.86535,300.94,0.46,0.39,2024-09-19,0242,N20,VIIRS,n,2,286.34,2.88,N,0
41.24273,-7.98687,351.45,0.45,0.39,2024-09-19,0242,N20,VIIRS,n,2,295.57,19.49,N,0
41.24173,-7.98172,353.96,0.45,0.39,2024-09-19,0242,N20,VIIRS,n,2,302.54,19.49,N,0
41.2169,-7.87329,345.33,0.46,0.39,2024-09-19,0242,N20,VIIRS,n,2,290.04,7.28,N,0
41.21577,-7.86759,342.43,0.46,0.39,2024-09-19,0242,N20,VIIRS,n,2,290.28,7.28,N,0
40.80981,-7.87702,356.23,0.52,0.67,2024-09-19,1224,N20,VIIRS,l,2,285.22,14.42,D,0
40.96714,-7.97996,344.42,0.52,0.67,2024-09-19,1224,N20,VIIRS,n,2,265.56,9.09,D,0
40.95897,-7.98494,337.92,0.52,0.67,2024-09-19,1224,N20,VIIRS,n,2,266.6,9.2,D,0
40.97544,-7.99296,356.52,0.52,0.67,2024-09-19,1224,N20,VIIRS,l,2,278.87,19.67,D,0
40.9735,-7.99949,353.4,0.52,0.67,2024-09-19,1224,N20,VIIRS,n,2,282.4,19.67,D,0
40.86683,-8.11035,342.06,0.53,0.67,2024-09-19,1224,N20,VIIRS,n,2,290.34,5.31,D,0
40.89507,-8.01719,335.25,0.53,0.67,2024-09-19,1224,N20,VIIRS,n,2,277.15,4.03,D,0
40.77414,-7.9509,367,0.53,0.67,2024-09-19,1224,N20,VIIRS,h,2,292.5,28.29,D,0
40.77237,-7.95672,350.45,0.53,0.67,2024-09-19,1224,N20,VIIRS,n,2,292.51,20.86,D,0
40.80211,-7.88052,367,0.52,0.67,2024-09-19,1224,N20,VIIRS,h,2,292.82,11.15,D,0
40.83473,-8.10567,338.22,0.53,0.67,2024-09-19,1224,N20,VIIRS,n,2,286.3,4.92,D,0
40.80653,-8.02036,329.54,0.53,0.67,2024-09-19,1224,N20,VIIRS,n,2,287.76,7.19,D,0
40.81039,-8.00751,326.95,0.53,0.67,2024-09-19,1224,N20,VIIRS,n,2,287.06,4.25,D,0
40.84451,-7.82775,355.8,0.52,0.67,2024-09-19,1224,N20,VIIRS,l,2,282.47,32.03,D,0
40.84631,-7.82176,329.61,0.52,0.67,2024-09-19,1224,N20,VIIRS,n,2,271.43,25.82,D,0
40.83738,-7.82947,328.27,0.52,0.67,2024-09-19,1224,N20,VIIRS,n,2,291.7,32.03,D,0
40.83886,-7.82455,341.75,0.52,0.67,2024-09-19,1224,N20,VIIRS,n,2,301.95,32.03,D,0
40.80396,-7.8744,344.34,0.52,0.67,2024-09-19,1224,N20,VIIRS,n,2,284.67,11.15,D,0
40.80016,-7.88698,348.53,0.52,0.67,2024-09-19,1224,N20,VIIRS,n,2,286.39,12.78,D,0
40.77458,-7.97143,334.63,0.53,0.67,2024-09-19,1224,N20,VIIRS,n,2,290.03,5.73,D,0
40.77275,-7.97745,329.74,0.53,0.67,2024-09-19,1224,N20,VIIRS,n,2,290.96,5.73,D,0
40.77081,-7.98385,352.46,0.53,0.67,2024-09-19,1224,N20,VIIRS,n,2,290.9,10.26,D,0
40.76896,-7.98997,350.86,0.53,0.67,2024-09-19,1224,N20,VIIRS,n,2,291.46,10.26,D,0
40.80783,-7.88357,367,0.52,0.67,2024-09-19,1224,N20,VIIRS,h,2,290.8,14.42,D,0
40.8405,-7.81912,344.21,0.52,0.67,2024-09-19,1224,N20,VIIRS,n,2,287.34,25.82,D,0
41.59639,-7.58006,338.58,0.48,0.65,2024-09-19,1224,N20,VIIRS,n,2,290.29,4.07,D,0
41.24351,-7.97515,329.35,0.51,0.66,2024-09-19,1224,N20,VIIRS,n,2,288.79,3.31,D,0
41.22395,-7.86572,329.76,0.51,0.66,2024-09-19,1224,N20,VIIRS,n,2,291.96,9.9,D,0
41.22533,-7.86116,367,0.51,0.66,2024-09-19,1224,N20,VIIRS,h,2,293.66,9.9,D,0
41.2177,-7.86466,344.2,0.51,0.66,2024-09-19,1224,N20,VIIRS,n,2,292.57,9.9,D,0
41.22964,-7.86019,331.87,0.51,0.66,2024-09-19,1224,N20,VIIRS,n,2,288.98,10.53,D,0
41.22191,-7.86419,367,0.51,0.66,2024-09-19,1224,N20,VIIRS,h,2,295.66,24.26,D,0
41.2233,-7.85952,367,0.51,0.66,2024-09-19,1224,N20,VIIRS,h,2,291.39,10.53,D,0
41.10806,-7.84966,345.59,0.51,0.66,2024-09-19,1224,N20,VIIRS,n,2,291.86,9.55,D,0
41.10595,-7.84814,343.29,0.51,0.66,2024-09-19,1224,N20,VIIRS,n,2,289.1,7.56,D,0
40.98424,-8.09907,332.25,0.53,0.67,2024-09-19,1224,N20,VIIRS,n,2,278.97,5.59,D,0
40.97475,-7.99866,351.98,0.52,0.67,2024-09-19,1224,N20,VIIRS,n,2,287.54,22.48,D,0
40.97671,-7.9922,355.34,0.52,0.67,2024-09-19,1224,N20,VIIRS,n,2,278.28,22.48,D,0
40.96531,-7.98596,329.24,0.52,0.67,2024-09-19,1224,N20,VIIRS,n,2,265.02,9.61,D,0
40.81143,-8.02088,336.95,0.58,0.52,2024-09-19,1404,N20,VIIRS,n,2,295.03,6.22,D,0
40.81089,-7.88929,347.02,0.59,0.53,2024-09-19,1404,N20,VIIRS,n,2,279.79,16.03,D,0
40.81134,-7.88279,343.56,0.59,0.53,2024-09-19,1404,N20,VIIRS,n,2,282.29,16.03,D,0
40.81177,-7.87654,350.78,0.59,0.53,2024-09-19,1404,N20,VIIRS,n,2,295.53,256.58,D,0
40.81265,-7.86368,346.84,0.59,0.53,2024-09-19,1404,N20,VIIRS,n,2,279.99,62.26,D,0
40.80602,-7.8891,351.06,0.59,0.53,2024-09-19,1404,N20,VIIRS,n,2,287.54,13.79,D,0
40.80647,-7.88257,338.11,0.59,0.53,2024-09-19,1404,N20,VIIRS,n,2,293.33,13.79,D,0
40.80693,-7.87584,353.15,0.59,0.53,2024-09-19,1404,N20,VIIRS,n,2,299.48,21.75,D,0
40.80739,-7.86909,344.06,0.59,0.53,2024-09-19,1404,N20,VIIRS,n,2,293.89,21.75,D,0
40.79986,-7.90773,332.48,0.58,0.52,2024-09-19,1404,N20,VIIRS,n,2,293.5,7.36,D,0
40.80118,-7.88846,343.69,0.59,0.53,2024-09-19,1404,N20,VIIRS,n,2,296.4,13.79,D,0
40.80164,-7.88183,355.9,0.59,0.53,2024-09-19,1404,N20,VIIRS,n,2,301.26,13.79,D,0
40.8021,-7.87502,337.16,0.59,0.53,2024-09-19,1404,N20,VIIRS,n,2,291.89,21.75,D,0
40.79548,-7.90055,345.73,0.58,0.52,2024-09-19,1404,N20,VIIRS,n,2,291.47,20.29,D,0
40.79593,-7.89389,367,0.59,0.52,2024-09-19,1404,N20,VIIRS,h,2,295.92,20.29,D,0
40.77486,-7.98828,342.01,0.58,0.52,2024-09-19,1404,N20,VIIRS,n,2,296.08,11.56,D,0
40.77533,-7.98144,342.32,0.58,0.52,2024-09-19,1404,N20,VIIRS,n,2,295.41,7.71,D,0
40.77579,-7.97472,337.97,0.58,0.52,2024-09-19,1404,N20,VIIRS,n,2,294.45,7.71,D,0
40.77623,-7.96814,335.97,0.58,0.52,2024-09-19,1404,N20,VIIRS,n,2,298.41,34.14,D,0
40.77668,-7.9616,354.02,0.58,0.52,2024-09-19,1404,N20,VIIRS,n,2,302.33,34.14,D,0
40.77719,-7.95418,354.65,0.58,0.52,2024-09-19,1404,N20,VIIRS,n,2,297.12,21.24,D,0
40.76957,-7.99465,339.03,0.58,0.52,2024-09-19,1404,N20,VIIRS,n,2,293.88,4.98,D,0
40.77006,-7.98743,330.03,0.58,0.52,2024-09-19,1404,N20,VIIRS,n,2,293.53,4.98,D,0
40.67895,-7.61699,340.66,0.6,0.53,2024-09-19,1404,N20,VIIRS,n,2,295.82,18.5,D,0
41.10629,-7.85471,340.33,0.59,0.53,2024-09-19,1405,N20,VIIRS,n,2,296.06,15.57,D,0
40.79988,-7.88234,367,0.59,0.53,2024-09-19,1405,N20,VIIRS,h,2,298.3,18.65,D,0
40.79907,-7.89525,367,0.59,0.53,2024-09-19,1405,N20,VIIRS,h,2,292.65,26.06,D,0
40.79947,-7.88897,345.81,0.59,0.53,2024-09-19,1405,N20,VIIRS,n,2,296.61,26.06,D,0
40.79824,-7.90843,329.47,0.58,0.52,2024-09-19,1405,N20,VIIRS,n,2,292.49,15.79,D,0
40.80556,-7.86958,340.56,0.59,0.53,2024-09-19,1405,N20,VIIRS,n,2,290.01,11.6,D,0
40.80513,-7.8765,355.68,0.59,0.53,2024-09-19,1405,N20,VIIRS,n,2,295.58,18.65,D,0
40.80471,-7.88328,343.83,0.59,0.53,2024-09-19,1405,N20,VIIRS,n,2,293.91,18.65,D,0
40.81038,-7.87072,338.75,0.59,0.53,2024-09-19,1405,N20,VIIRS,n,2,300.62,255.61,D,0
40.80997,-7.87718,354.2,0.59,0.53,2024-09-19,1405,N20,VIIRS,n,2,291.99,97.64,D,0
40.81047,-8.02184,334.79,0.58,0.52,2024-09-19,1405,N20,VIIRS,n,2,294.07,9.57,D,0
40.83825,-8.11388,355.18,0.57,0.52,2024-09-19,1405,N20,VIIRS,n,2,290.21,28.04,D,0
40.84514,-8.08343,342.42,0.57,0.52,2024-09-19,1405,N20,VIIRS,n,2,282.35,8.31,D,0
40.8431,-8.11357,352.67,0.57,0.52,2024-09-19,1405,N20,VIIRS,n,2,290.55,26.67,D,0
40.8504,-8.07724,340.16,0.57,0.52,2024-09-19,1405,N20,VIIRS,n,2,277.36,8.31,D,0
40.86982,-7.93269,338.95,0.58,0.52,2024-09-19,1405,N20,VIIRS,n,2,291.04,4.89,D,0
40.86703,-8.11656,352.33,0.57,0.52,2024-09-19,1405,N20,VIIRS,n,2,296.04,13.81,D,0
40.95379,-7.97052,340.27,0.58,0.52,2024-09-19,1405,N20,VIIRS,n,2,294.64,9.69,D,0
40.95187,-7.99956,327.13,0.58,0.52,2024-09-19,1405,N20,VIIRS,n,2,291.04,4.57,D,0
40.95847,-7.97328,349.51,0.58,0.52,2024-09-19,1405,N20,VIIRS,n,2,291.57,22.53,D,0
40.95795,-7.98122,332.68,0.58,0.52,2024-09-19,1405,N20,VIIRS,n,2,300.61,8.02,D,0
40.95624,-8.00698,334.69,0.58,0.52,2024-09-19,1405,N20,VIIRS,n,2,294.23,7.88,D,0
40.96268,-7.98315,326.27,0.58,0.52,2024-09-19,1405,N20,VIIRS,l,2,296.74,8.02,D,0
40.96746,-7.98437,333.91,0.58,0.52,2024-09-19,1405,N20,VIIRS,n,2,297.05,21.1,D,0
40.97227,-7.98519,349.64,0.58,0.52,2024-09-19,1405,N20,VIIRS,n,2,291.16,21.1,D,0
40.97139,-7.99829,345.64,0.58,0.52,2024-09-19,1405,N20,VIIRS,n,2,295.1,24.18,D,0
40.97099,-8.00443,340.27,0.58,0.52,2024-09-19,1405,N20,VIIRS,n,2,290.55,24.18,D,0
40.97625,-7.99833,355.23,0.58,0.52,2024-09-19,1405,N20,VIIRS,n,2,293.91,65.6,D,0
40.97027,-8.08696,326.24,0.57,0.52,2024-09-19,1405,N20,VIIRS,n,2,290.33,46.73,D,0
40.96973,-8.09484,337.82,0.57,0.52,2024-09-19,1405,N20,VIIRS,n,2,298.64,46.73,D,0
40.98154,-7.99201,339.6,0.58,0.52,2024-09-19,1405,N20,VIIRS,n,2,289.38,32.4,D,0
40.97499,-8.08872,342.75,0.57,0.52,2024-09-19,1405,N20,VIIRS,n,2,297.06,46.73,D,0
40.97443,-8.09684,304.93,0.57,0.52,2024-09-19,1405,N20,VIIRS,l,2,306.38,46.73,D,0
40.97966,-8.09116,340.71,0.57,0.52,2024-09-19,1405,N20,VIIRS,n,2,293.35,10.28,D,0
40.98436,-8.09322,333.46,0.57,0.52,2024-09-19,1405,N20,VIIRS,n,2,292.82,10.28,D,0
40.98709,-8.12375,341.62,0.57,0.52,2024-09-19,1405,N20,VIIRS,n,2,297.98,18,D,0
40.98668,-8.1297,339.76,0.57,0.52,2024-09-19,1405,N20,VIIRS,n,2,294.65,11.12,D,0
41.06607,-8.01929,342.77,0.58,0.52,2024-09-19,1405,N20,VIIRS,n,2,294.19,32.56,D,0
41.10681,-7.84697,346.01,0.59,0.53,2024-09-19,1405,N20,VIIRS,n,2,294.06,15.57,D,0
41.22164,-7.86146,354.66,0.59,0.53,2024-09-19,1405,N20,VIIRS,n,2,296.58,29.45,D,0
41.12158,-7.8464,340.05,0.59,0.53,2024-09-19,1405,N20,VIIRS,n,2,292.64,24.32,D,0
41.12112,-7.85324,355.02,0.59,0.53,2024-09-19,1405,N20,VIIRS,n,2,297.56,24.32,D,0
41.12069,-7.85976,331.06,0.59,0.53,2024-09-19,1405,N20,VIIRS,n,2,290.97,21.53,D,0
41.12608,-7.8526,339.59,0.59,0.53,2024-09-19,1405,N20,VIIRS,n,2,288.11,24.32,D,0
41.12563,-7.85922,352.66,0.59,0.53,2024-09-19,1405,N20,VIIRS,n,2,294.55,21.53,D,0
41.1195,-7.84643,339.7,0.59,0.53,2024-09-19,1405,N20,VIIRS,n,2,293.03,18.41,D,0
41.11908,-7.85338,342.67,0.59,0.53,2024-09-19,1405,N20,VIIRS,n,2,296.94,30.99,D,0
41.12402,-7.85274,355.01,0.59,0.53,2024-09-19,1405,N20,VIIRS,n,2,291.1,30.99,D,0
41.12361,-7.85931,351.79,0.59,0.53,2024-09-19,1405,N20,VIIRS,n,2,297.27,30.99,D,0
41.18391,-7.91311,348.98,0.59,0.53,2024-09-19,1405,N20,VIIRS,n,2,294.6,21.65,D,0
41.21196,-7.85931,339.9,0.59,0.53,2024-09-19,1405,N20,VIIRS,n,2,288.55,10.62,D,0
41.2168,-7.86038,341.01,0.59,0.53,2024-09-19,1405,N20,VIIRS,n,2,289.38,29.45,D,0
41.21621,-7.86919,344.58,0.59,0.53,2024-09-19,1405,N20,VIIRS,n,2,295.21,29.45,D,0
38.53975,-28.65066,342.3,0.35,0.57,2024-09-19,1405,N20,VIIRS,n,2,297.33,2.39,D,0
41.5976,-7.5861,341.3,0.62,0.54,2024-09-19,1405,N20,VIIRS,n,2,293.1,8.99,D,0
41.35781,-7.56122,329.4,0.62,0.54,2024-09-19,1405,N20,VIIRS,n,2,303.91,29.91,D,0
41.35823,-7.55396,339.13,0.62,0.54,2024-09-19,1405,N20,VIIRS,n,2,293.5,29.91,D,0
41.35734,-7.5543,339.78,0.62,0.54,2024-09-19,1405,N20,VIIRS,n,2,293.82,28.97,D,0
41.23656,-7.97805,349.88,0.59,0.53,2024-09-19,1405,N20,VIIRS,n,2,297.54,39.82,D,0
41.2288,-7.8668,337.54,0.59,0.53,2024-09-19,1405,N20,VIIRS,n,2,293.98,15.5,D,0
41.22942,-7.85649,340.47,0.59,0.53,2024-09-19,1405,N20,VIIRS,n,2,292.04,15.5,D,0
41.22406,-7.8639,346.23,0.59,0.53,2024-09-19,1405,N20,VIIRS,n,2,296.98,15.5,D,0
41.22462,-7.85475,327.13,0.59,0.53,2024-09-19,1405,N20,VIIRS,n,2,288.73,15.5,D,0
41.2383,-7.97669,351.75,0.59,0.52,2024-09-19,1405,N20,VIIRS,n,2,294.96,32.72,D,0
41.23111,-7.8664,333.04,0.59,0.53,2024-09-19,1405,N20,VIIRS,n,2,291.28,13.54,D,0
41.22637,-7.86393,337.49,0.59,0.53,2024-09-19,1405,N20,VIIRS,n,2,297.06,13.54,D,0
41.22702,-7.8544,340.39,0.59,0.53,2024-09-19,1405,N20,VIIRS,n,2,291.22,26.86,D,0
41.22104,-7.87026,342.57,0.59,0.53,2024-09-19,1405,N20,VIIRS,n,2,297.67,29.45,D,0
41.71547,-7.88186,307.94,0.39,0.36,2024-09-20,0222,N20,VIIRS,n,2,285.46,1.33,N,0
41.71288,-7.88736,328.13,0.39,0.36,2024-09-20,0222,N20,VIIRS,n,2,285.8,7.27,N,0
41.71218,-7.88268,335.96,0.39,0.36,2024-09-20,0222,N20,VIIRS,n,2,289.53,7.27,N,0
41.56292,-8.04611,315.17,0.39,0.36,2024-09-20,0223,N20,VIIRS,n,2,278.71,1.45,N,0
41.5636,-8.0507,315.85,0.39,0.36,2024-09-20,0223,N20,VIIRS,n,2,273.73,1.14,N,0
41.55633,-8.04779,327.32,0.39,0.36,2024-09-20,0223,N20,VIIRS,n,2,284.99,2.81,N,0
41.55962,-8.04694,313.94,0.39,0.36,2024-09-20,0223,N20,VIIRS,n,2,285.36,2.81,N,0
41.56225,-8.04156,304.83,0.39,0.36,2024-09-20,0223,N20,VIIRS,n,2,277.76,1.45,N,0
41.55304,-8.04865,303.99,0.39,0.36,2024-09-20,0223,N20,VIIRS,n,2,279.33,1.49,N,0
41.55236,-8.04408,309.46,0.39,0.36,2024-09-20,0223,N20,VIIRS,n,2,279.82,1.49,N,0
41.54839,-8.04039,301.11,0.39,0.36,2024-09-20,0223,N20,VIIRS,n,2,281.87,2.66,N,0
40.29084,-8.42187,298.18,0.39,0.36,2024-09-20,0223,N20,VIIRS,n,2,286.56,0.83,N,2
41.52065,-7.89989,307.82,0.39,0.36,2024-09-20,0223,N20,VIIRS,n,2,286.55,1.22,N,0
41.51736,-7.90079,300.02,0.39,0.36,2024-09-20,0223,N20,VIIRS,n,2,286.85,0.95,N,0
41.55565,-8.04322,334.49,0.39,0.36,2024-09-20,0223,N20,VIIRS,n,2,286.72,2.81,N,0
41.55701,-8.05239,297.51,0.39,0.36,2024-09-20,0223,N20,VIIRS,n,2,278.46,1.72,N,0
41.55498,-8.03868,297.44,0.39,0.36,2024-09-20,0223,N20,VIIRS,n,2,280.48,0.81,N,0
41.55431,-8.03415,295.78,0.39,0.36,2024-09-20,0223,N20,VIIRS,n,2,277.14,0.81,N,0
41.55371,-8.05326,295.85,0.39,0.36,2024-09-20,0223,N20,VIIRS,n,2,277.08,1.07,N,0
38.67204,-9.20885,332.07,0.43,0.38,2024-09-20,1345,N20,VIIRS,n,2,298.41,7.83,D,0
40.73006,-8.49896,313.94,0.55,0.42,2024-09-21,0204,N20,VIIRS,n,2,284.86,2.26,N,0
38.62896,-9.0764,300.43,0.55,0.43,2024-09-21,0204,N20,VIIRS,n,2,288.66,1.1,N,2
40.72997,-8.50015,316.49,0.55,0.43,2024-09-21,0204,N20,VIIRS,n,2,285.01,1.87,N,0
40.05259,-8.87165,338.94,0.39,0.36,2024-09-21,1326,N20,VIIRS,n,2,295.9,3.84,D,0
40.13359,-8.44206,335.74,0.38,0.36,2024-09-21,1326,N20,VIIRS,n,2,300.31,4.37,D,0
40.05516,-8.87702,337.62,0.39,0.36,2024-09-21,1326,N20,VIIRS,n,2,291.7,2.12,D,0
39.68507,-8.90747,298.09,0.33,0.55,2024-09-22,0145,N20,VIIRS,n,2,286.59,0.65,N,2
39.68489,-8.91082,297.76,0.49,0.65,2024-09-22,0326,N20,VIIRS,n,2,283.95,0.73,N,0
37.61676,-8.78066,335.18,0.38,0.43,2024-09-22,1307,N20,VIIRS,n,2,294.46,1.2,D,0
39.68729,-8.90766,297.14,0.57,0.52,2024-09-23,0307,N20,VIIRS,n,2,286.25,1.2,N,2
37.88063,-7.57218,349.74,0.57,0.52,2024-09-23,1248,N20,VIIRS,n,2,294.13,10.33,D,0
41.29557,-7.81097,339,0.49,0.48,2024-09-23,1249,N20,VIIRS,n,2,296.95,6.01,D,0
41.83008,-8.36731,356.51,0.6,0.71,2024-09-23,1430,N20,VIIRS,l,2,285.87,19.43,D,0
41.83001,-8.37305,339.22,0.6,0.71,2024-09-23,1430,N20,VIIRS,n,2,283.96,15.11,D,0
38.63089,-9.07868,298.3,0.52,0.41,2024-09-24,0248,N20,VIIRS,n,2,284.15,0.61,N,2
40.19222,-7.48233,351.89,0.41,0.37,2024-09-27,1314,N20,VIIRS,n,2,298.47,10.4,D,0
40.18041,-7.44877,342.04,0.41,0.37,2024-09-27,1314,N20,VIIRS,n,2,298.33,4.23,D,0
40.18713,-7.45079,348.68,0.41,0.37,2024-09-27,1314,N20,VIIRS,n,2,297.15,4.68,D,0
40.19643,-7.47848,337.55,0.41,0.37,2024-09-27,1314,N20,VIIRS,n,2,298.51,7.36,D,0
40.19306,-7.47754,337.14,0.41,0.37,2024-09-27,1314,N20,VIIRS,n,2,297.6,10.4,D,0
40.25736,-7.47457,340.66,0.41,0.37,2024-09-27,1314,N20,VIIRS,n,2,296.44,4.07,D,0
40.18629,-7.45555,342.08,0.41,0.37,2024-09-27,1314,N20,VIIRS,n,2,297.59,2.87,D,0
40.2874,-8.42172,302.17,0.35,0.57,2024-09-28,0313,N20,VIIRS,n,2,280.68,0.51,N,0
38.63118,-9.07702,297.89,0.36,0.57,2024-09-28,0313,N20,VIIRS,n,2,285.63,0.67,N,2
40.29008,-8.42175,297.54,0.4,0.45,2024-09-29,0254,N20,VIIRS,n,2,282.15,0.6,N,2
38.6285,-9.07694,298.37,0.41,0.45,2024-09-29,0255,N20,VIIRS,n,2,287.02,0.72,N,2
41.25372,-8.5557,306.2,0.4,0.37,2024-09-30,0235,N20,VIIRS,n,2,287.63,1.1,N,0
40.2882,-8.42121,301.58,0.41,0.37,2024-09-30,0235,N20,VIIRS,n,2,285.82,1.11,N,2
38.62521,-9.07693,300.09,0.41,0.37,2024-09-30,0236,N20,VIIRS,n,2,286.82,1.27,N,0
38.62463,-9.07863,302.55,0.41,0.37,2024-09-30,0236,N20,VIIRS,n,2,286.04,1.06,N,0
41.04316,-7.92034,340.49,0.48,0.48,2024-09-30,1358,N20,VIIRS,n,2,294.81,3.66,D,0
41.0387,-7.91977,338.87,0.48,0.48,2024-09-30,1358,N20,VIIRS,n,2,297.97,4.18,D,0
32.70902,-17.0548,327.1,0.54,0.68,2024-10-02,0200,N20,VIIRS,n,2,289.55,4.04,N,0
32.70879,-17.05015,299.82,0.54,0.68,2024-10-02,0200,N20,VIIRS,n,2,288.52,2.95,N,0
32.70256,-17.05181,328.32,0.54,0.68,2024-10-02,0200,N20,VIIRS,n,2,290.71,18.47,N,0
32.70277,-17.05621,345.65,0.54,0.68,2024-10-02,0200,N20,VIIRS,n,2,299.87,34.25,N,0
32.70312,-17.0632,367,0.54,0.68,2024-10-02,0200,N20,VIIRS,h,2,288.55,34.25,N,0
32.70595,-17.05541,297.58,0.41,0.61,2024-10-02,0340,N20,VIIRS,n,2,287.41,0.69,N,0
32.70428,-17.04994,304.14,0.41,0.61,2024-10-02,0340,N20,VIIRS,n,2,288.52,1.12,N,0
32.70419,-17.04845,302.51,0.41,0.61,2024-10-02,0340,N20,VIIRS,n,2,288.8,1.05,N,0
32.70741,-17.05036,309.67,0.45,0.47,2024-10-03,0322,N20,VIIRS,n,2,290.77,1.54,N,0
40.36133,-7.90636,330.68,0.52,0.67,2024-10-04,1423,N20,VIIRS,n,2,288.21,4.07,D,0
40.35512,-7.90655,333.34,0.52,0.67,2024-10-04,1423,N20,VIIRS,n,2,287.4,3.24,D,0
39.1513,-7.73356,343.11,0.47,0.64,2024-10-10,1230,N20,VIIRS,n,2,290.66,6.07,D,0
38.90987,-7.21489,328.56,0.45,0.63,2024-10-10,1230,N20,VIIRS,n,2,288.46,4.12,D,0
39.1528,-7.73173,367,0.47,0.64,2024-10-10,1230,N20,VIIRS,h,2,290.45,7.88,D,0
39.15115,-7.73272,326.43,0.35,0.57,2024-10-10,1410,N20,VIIRS,n,2,291.68,1.06,D,0
39.15052,-7.73257,329.52,0.35,0.57,2024-10-10,1410,N20,VIIRS,n,2,292.02,2,D,0
41.44731,-7.66939,345.55,0.4,0.37,2024-10-13,1315,N20,VIIRS,n,2,292.58,3.03,D,0
38.62986,-9.07871,303.86,0.43,0.46,2024-10-18,0158,N20,VIIRS,n,2,286.29,0.6,N,2
37.95704,-8.79962,297.58,0.41,0.45,2024-10-18,0159,N20,VIIRS,n,2,285.3,0.96,N,2
37.95809,-8.80211,296.49,0.53,0.5,2024-10-20,0301,N20,VIIRS,n,2,286.33,1.14,N,2
38.7308,-9.1139,300.15,0.49,0.49,2024-10-20,0301,N20,VIIRS,n,2,284.84,0.8,N,0
38.62922,-9.07691,298.05,0.5,0.49,2024-10-20,0301,N20,VIIRS,n,2,285.76,0.8,N,2
39.87465,-8.94195,298.54,0.44,0.38,2024-10-21,0242,N20,VIIRS,n,2,284.32,0.43,N,0
38.6316,-9.07867,306.46,0.45,0.39,2024-10-21,0242,N20,VIIRS,n,2,287.27,1.16,N,2
40.28971,-8.41831,304.54,0.45,0.39,2024-10-21,0242,N20,VIIRS,n,2,286.53,0.76,N,2
37.84122,-7.72993,342.76,0.56,0.52,2024-10-21,1404,N20,VIIRS,n,2,302.82,7.33,D,0
38.9965,-9.27821,326.37,0.48,0.48,2024-10-21,1404,N20,VIIRS,n,2,293.53,2.64,D,0
38.92921,-7.07079,327.1,0.63,0.54,2024-10-21,1404,N20,VIIRS,n,2,294.87,3.17,D,0
37.77124,-7.82487,340.19,0.56,0.51,2024-10-21,1404,N20,VIIRS,n,2,300.77,6.41,D,0
38.15236,-8.68722,300.98,0.38,0.36,2024-10-22,0224,N20,VIIRS,n,2,287.04,0.45,N,0
38.63006,-9.07738,317.09,0.39,0.36,2024-10-22,0224,N20,VIIRS,n,2,289.5,1.48,N,2
37.83212,-7.90341,332.6,0.48,0.4,2024-10-22,1345,N20,VIIRS,n,2,301.35,3.15,D,0
37.91932,-8.11007,334.4,0.47,0.4,2024-10-22,1345,N20,VIIRS,n,2,300.95,5.59,D,0
37.84216,-7.71982,330.6,0.49,0.4,2024-10-22,1345,N20,VIIRS,l,2,302.72,4.05,D,0
37.91877,-8.11246,331.89,0.47,0.4,2024-10-22,1345,N20,VIIRS,n,2,300.82,4.5,D,0
38.15305,-8.33445,338.59,0.47,0.39,2024-10-22,1345,N20,VIIRS,n,2,298.95,4.04,D,0
37.90582,-8.00299,331.43,0.48,0.4,2024-10-22,1345,N20,VIIRS,n,2,297.85,2.91,D,0
37.83086,-7.90594,331.25,0.48,0.4,2024-10-22,1345,N20,VIIRS,n,2,300.98,3.01,D,0
41.23232,-7.4366,330.12,0.55,0.43,2024-10-22,1346,N20,VIIRS,n,2,293.34,3.58,D,0
39.91558,-7.22235,330.96,0.54,0.42,2024-10-22,1346,N20,VIIRS,n,2,297.39,3.67,D,0
41.25203,-8.55327,299.13,0.55,0.43,2024-10-23,0204,N20,VIIRS,n,2,287.54,0.57,N,0
37.93359,-7.75227,299.97,0.47,0.4,2024-10-23,0205,N20,VIIRS,n,2,287.17,0.52,N,0
37.90443,-8.00694,301.04,0.48,0.4,2024-10-23,0205,N20,VIIRS,n,2,286.78,0.47,N,0
38.63167,-9.0777,301.2,0.54,0.42,2024-10-23,0205,N20,VIIRS,n,2,288.52,0.82,N,2
38.77115,-9.23146,300.11,0.56,0.43,2024-10-23,0205,N20,VIIRS,n,2,287.95,0.63,N,0
38.76008,-7.47292,336.88,0.38,0.36,2024-10-23,1326,N20,VIIRS,n,2,299.05,4.15,D,0
37.92994,-7.80587,332.58,0.38,0.36,2024-10-23,1326,N20,VIIRS,n,2,301.9,3.15,D,0
37.83924,-8.18971,329.47,0.39,0.36,2024-10-23,1326,N20,VIIRS,l,2,300.44,24.02,D,0
37.83992,-8.18538,351.63,0.39,0.36,2024-10-23,1326,N20,VIIRS,n,2,302.9,24.02,D,0
38.91109,-9.06622,328.12,0.39,0.36,2024-10-23,1326,N20,VIIRS,l,2,300.02,1.76,D,0
38.99823,-7.56464,328.25,0.38,0.36,2024-10-23,1326,N20,VIIRS,n,2,297.92,0.84,D,0
38.63369,-9.07903,296.49,0.53,0.67,2024-10-24,0326,N20,VIIRS,n,2,286.4,0.59,N,0
38.84458,-7.71381,341.61,0.48,0.4,2024-10-24,1308,N20,VIIRS,n,2,291.85,5.28,D,0
40.28804,-8.4201,300.01,0.39,0.36,2024-10-27,0230,N20,VIIRS,n,2,281.89,0.9,N,2
37.95959,-8.80395,298.34,0.39,0.36,2024-10-27,0230,N20,VIIRS,n,2,288.25,1.06,N,2
38.63042,-9.07609,297.15,0.39,0.36,2024-10-27,0230,N20,VIIRS,n,2,285,0.36,N,2
38.63114,-9.08046,297.34,0.39,0.36,2024-10-27,0230,N20,VIIRS,n,2,284.54,0.36,N,2
38.62239,-9.07638,296.09,0.47,0.39,2024-10-28,0211,N20,VIIRS,n,2,282.4,0.58,N,2
38.63026,-9.08032,296.11,0.47,0.39,2024-10-28,0211,N20,VIIRS,n,2,279.67,0.28,N,2
38.51228,-7.61302,327.54,0.4,0.37,2024-10-28,1333,N20,VIIRS,n,2,294.01,2.24,D,0
38.13169,-8.78277,341.92,0.39,0.36,2024-10-28,1333,N20,VIIRS,n,2,292.73,7.73,D,0
38.85076,-8.13028,334.16,0.39,0.36,2024-10-28,1333,N20,VIIRS,n,2,292.31,2.74,D,0
38.63288,-9.08106,297.95,0.53,0.5,2024-10-29,0152,N20,VIIRS,n,2,283.95,0.64,N,2
38.62927,-9.08258,299.1,0.53,0.5,2024-10-29,0152,N20,VIIRS,n,2,284.06,0.68,N,2
42.00679,-8.4217,339.01,0.41,0.45,2024-10-30,1256,N20,VIIRS,n,2,283.21,7.8,D,0
40.28854,-8.41949,301.07,0.41,0.37,2024-11-01,0236,N20,VIIRS,n,2,281.75,0.6,N,2
38.6286,-9.07979,295.16,0.41,0.37,2024-11-01,0236,N20,VIIRS,n,2,284.86,0.53,N,2
40.29067,-8.42132,295.88,0.41,0.37,2024-11-02,0217,N20,VIIRS,n,2,284.76,0.37,N,2
39.68526,-8.90984,303.94,0.44,0.46,2024-11-03,0158,N20,VIIRS,n,2,286.46,0.77,N,2
40.2905,-8.42142,296.07,0.42,0.45,2024-11-03,0158,N20,VIIRS,n,2,285.69,0.56,N,2
41.79089,-8.71108,297.4,0.45,0.47,2024-11-03,0158,N20,VIIRS,n,2,285.77,1.44,N,0
41.78897,-8.7172,306.04,0.45,0.47,2024-11-03,0158,N20,VIIRS,n,2,286.07,1.7,N,0
41.79315,-8.71493,318.53,0.45,0.47,2024-11-03,0158,N20,VIIRS,n,2,285.54,1.7,N,0
38.6286,-9.08147,305.86,0.43,0.46,2024-11-03,0158,N20,VIIRS,n,2,286.31,0.66,N,2
38.62867,-9.07786,305.6,0.43,0.46,2024-11-03,0158,N20,VIIRS,n,2,286.81,1.51,N,2
41.79141,-8.71693,317.14,0.45,0.47,2024-11-03,0158,N20,VIIRS,n,2,286.19,1.9,N,0
41.79557,-8.71477,295.64,0.45,0.47,2024-11-03,0158,N20,VIIRS,n,2,284.54,0.32,N,0
41.79553,-8.71273,298.68,0.64,0.72,2024-11-03,0338,N20,VIIRS,n,2,283.01,1.61,N,0
40.29168,-8.42141,295.15,0.73,0.76,2024-11-03,0338,N20,VIIRS,n,2,283.62,0.88,N,0
39.68724,-8.90814,300.1,0.72,0.76,2024-11-03,0338,N20,VIIRS,n,2,283.4,1.18,N,2
40.8868,-7.9201,328.99,0.39,0.36,2024-11-03,1321,N20,VIIRS,n,2,290.86,2.26,D,0
40.36145,-7.91111,329.31,0.54,0.42,2024-11-04,1302,N20,VIIRS,n,2,287.85,5.24,D,0
40.28817,-8.42023,295.15,0.39,0.36,2024-11-07,0223,N20,VIIRS,n,2,274.46,0.44,N,2
39.68618,-8.90571,296.86,0.39,0.36,2024-11-07,0223,N20,VIIRS,n,2,280.56,0.51,N,2
38.62921,-9.07791,295.02,0.39,0.36,2024-11-07,0224,N20,VIIRS,n,2,275.92,0.32,N,2
39.04233,-8.47469,318.47,0.39,0.36,2024-11-07,0224,N20,VIIRS,n,2,282.32,1.74,N,0
38.72619,-8.95309,302.92,0.39,0.36,2024-11-07,0224,N20,VIIRS,n,2,284.32,0.75,N,0
37.7681,-8.56969,300.4,0.38,0.36,2024-11-07,0224,N20,VIIRS,n,2,282.67,0.4,N,0
38.62996,-8.81042,296.2,0.39,0.36,2024-11-07,0224,N20,VIIRS,n,2,285.3,0.39,N,0
38.05027,-7.41072,331.15,0.51,0.41,2024-11-07,1345,N20,VIIRS,n,2,290.5,6.27,D,0
37.94017,-8.33765,330.78,0.39,0.36,2024-11-08,1326,N20,VIIRS,n,2,283.17,7.66,D,0
38.63108,-9.07863,296.03,0.53,0.67,2024-11-09,0326,N20,VIIRS,n,2,285.99,0.67,N,2
38.62925,-9.07648,298.81,0.52,0.42,2024-11-11,0249,N20,VIIRS,n,2,287.38,0.94,N,2
41.54151,-7.41074,354.36,0.39,0.59,2024-11-11,1231,N20,VIIRS,n,2,290.16,8.52,D,0
38.13354,-7.83704,367,0.34,0.56,2024-11-11,1410,N20,VIIRS,h,2,297.54,8.38,D,0
37.11414,-7.67696,335.29,0.34,0.56,2024-11-11,1410,N20,VIIRS,n,2,292.43,2.27,D,0
37.90116,-8.65134,330.43,0.62,0.54,2024-11-11,1410,N20,VIIRS,n,2,293.13,6.15,D,0
38.12834,-7.83652,340.34,0.34,0.56,2024-11-11,1410,N20,VIIRS,n,2,295.36,8.38,D,0
38.12811,-7.84047,328.34,0.34,0.56,2024-11-11,1410,N20,VIIRS,n,2,294.88,8.38,D,0
38.42897,-7.5707,344.32,0.36,0.57,2024-11-11,1410,N20,VIIRS,n,2,294.5,3.36,D,0
41.54471,-7.41014,332.02,0.39,0.59,2024-11-11,1411,N20,VIIRS,n,2,288.61,2.41,D,0
40.28786,-8.42143,298.82,0.39,0.36,2024-11-12,0229,N20,VIIRS,n,2,285.24,0.56,N,2
39.68569,-8.90595,299.55,0.39,0.36,2024-11-12,0230,N20,VIIRS,n,2,285.08,0.87,N,2
37.95918,-8.80517,299.06,0.39,0.36,2024-11-12,0230,N20,VIIRS,n,2,288.51,0.86,N,2
38.63004,-9.07702,305.58,0.39,0.36,2024-11-12,0230,N20,VIIRS,n,2,287.47,0.88,N,2
41.30376,-7.92909,337.25,0.71,0.75,2024-11-12,1212,N20,VIIRS,n,2,283.45,6.44,D,0
37.99072,-7.71134,335.33,0.39,0.44,2024-11-12,1351,N20,VIIRS,n,2,294.07,2.91,D,0
37.99027,-7.71569,328.32,0.39,0.44,2024-11-12,1351,N20,VIIRS,n,2,296.21,2.91,D,0
37.99163,-7.71429,331.31,0.39,0.44,2024-11-12,1351,N20,VIIRS,n,2,294.8,2.17,D,0
38.0781,-7.15286,339.13,0.41,0.45,2024-11-12,1351,N20,VIIRS,n,2,295.44,4.23,D,0
38.15728,-7.73928,338.92,0.39,0.44,2024-11-12,1351,N20,VIIRS,n,2,293.84,2.93,D,0
38.16085,-7.74438,330.53,0.39,0.44,2024-11-12,1351,N20,VIIRS,n,2,294.33,1.89,D,0
41.29047,-7.92414,343.71,0.41,0.45,2024-11-12,1352,N20,VIIRS,n,2,282.19,13.83,D,0
41.29007,-7.92866,339.3,0.41,0.45,2024-11-12,1352,N20,VIIRS,n,2,289.7,19.14,D,0
41.4297,-7.89051,327.72,0.42,0.45,2024-11-12,1352,N20,VIIRS,n,2,287.53,3.22,D,0
38.94791,-9.26455,328.05,0.5,0.41,2024-11-12,1352,N20,VIIRS,n,2,290.13,4.99,D,0
39.87026,-6.98913,336.3,0.44,0.46,2024-11-12,1352,N20,VIIRS,n,2,292.43,3.73,D,0
41.28825,-7.92568,349.33,0.41,0.45,2024-11-12,1352,N20,VIIRS,n,2,284.08,12.33,D,0
41.29241,-7.92607,356.65,0.41,0.45,2024-11-12,1352,N20,VIIRS,l,2,284.27,12.33,D,0
41.19695,-8.38543,326.99,0.47,0.39,2024-11-13,0210,N20,VIIRS,n,2,281.14,4.99,N,0
38.6307,-9.07621,296.15,0.47,0.39,2024-11-13,0211,N20,VIIRS,n,2,284.2,0.66,N,2
38.63134,-9.08155,300.15,0.47,0.4,2024-11-13,0211,N20,VIIRS,n,2,283.53,0.66,N,2
37.9755,-8.10545,341.96,0.39,0.36,2024-11-13,1332,N20,VIIRS,n,2,300.66,16.3,D,0
38.06073,-8.01099,330.18,0.39,0.36,2024-11-13,1332,N20,VIIRS,n,2,292.41,2.08,D,0
38.06989,-7.99477,344.65,0.39,0.36,2024-11-13,1332,N20,VIIRS,n,2,295.02,7.98,D,0
38.95087,-9.26902,342.25,0.38,0.36,2024-11-13,1333,N20,VIIRS,n,2,288.13,4.66,D,0
37.73537,-8.17699,296.04,0.46,0.47,2024-11-14,0152,N20,VIIRS,n,2,280.79,0.76,N,0
39.68607,-8.90688,299.51,0.35,0.57,2024-11-15,0313,N20,VIIRS,n,2,284.76,0.65,N,2
38.62869,-9.07991,297.41,0.36,0.58,2024-11-15,0314,N20,VIIRS,n,2,281.37,0.48,N,2
38.63144,-9.07674,296,0.41,0.37,2024-11-17,0236,N20,VIIRS,n,2,285.17,0.33,N,2
40.28915,-8.42222,304.19,0.41,0.37,2024-11-17,0236,N20,VIIRS,n,2,286.1,0.62,N,2
37.95904,-8.80424,300.04,0.42,0.38,2024-11-17,0236,N20,VIIRS,n,2,288.84,0.52,N,2
39.68614,-8.90773,298.5,0.4,0.37,2024-11-17,0236,N20,VIIRS,n,2,285.59,0.62,N,2
38.96107,-9.24644,334.61,0.4,0.44,2024-11-17,1358,N20,VIIRS,n,2,288.98,3.33,D,0
41.79494,-8.72537,302.44,0.43,0.38,2024-11-18,0216,N20,VIIRS,n,2,283.95,0.86,N,0
37.9946,-8.55409,331.25,0.41,0.37,2024-11-18,1339,N20,VIIRS,n,2,292.73,2.29,D,0
41.80388,-8.69694,332.81,0.43,0.38,2024-11-18,1340,N20,VIIRS,n,2,287.6,6.67,D,0
38.98428,-8.81768,328.84,0.41,0.37,2024-11-19,1320,N20,VIIRS,n,2,290.8,2.64,D,0
38.25275,-8.60701,329.5,0.42,0.37,2024-11-19,1320,N20,VIIRS,n,2,292.78,4.22,D,0
37.95779,-8.80588,298.76,0.38,0.58,2024-11-20,0139,N20,VIIRS,n,2,286.8,1.09,N,2
37.95554,-8.80464,300.83,0.38,0.58,2024-11-20,0139,N20,VIIRS,n,2,285.85,1.45,N,0
38.63078,-9.08032,300,0.44,0.62,2024-11-20,0320,N20,VIIRS,n,2,283.25,0.61,N,2
38.55712,-7.83654,340.95,0.39,0.44,2024-11-20,1301,N20,VIIRS,n,2,285.36,8.85,D,0
38.5523,-7.83952,332.88,0.39,0.44,2024-11-20,1301,N20,VIIRS,n,2,287.73,2.48,D,0
38.55621,-7.84087,340.81,0.39,0.44,2024-11-20,1301,N20,VIIRS,n,2,289.91,8.85,D,0
37.95753,-8.80943,295.87,0.69,0.74,2024-11-21,0120,N20,VIIRS,n,2,285.67,1.98,N,0
39.17796,-9.28606,302.18,0.44,0.38,2024-11-22,0242,N20,VIIRS,n,2,285.17,0.72,N,0
39.17932,-9.28902,305.18,0.44,0.38,2024-11-22,0242,N20,VIIRS,n,2,285.21,0.52,N,0
39.68824,-8.90853,297.58,0.44,0.39,2024-11-22,0242,N20,VIIRS,n,2,284.19,0.52,N,2
37.6736,-8.78306,339.14,0.49,0.49,2024-11-22,1404,N20,VIIRS,n,2,292.2,4.97,D,0
37.67142,-8.77969,329.49,0.49,0.49,2024-11-22,1404,N20,VIIRS,n,2,291.5,3.59,D,0
38.09808,-8.25705,295.04,0.38,0.36,2024-11-23,0223,N20,VIIRS,n,2,280.33,0.25,N,0
40.28824,-8.42216,302.16,0.39,0.36,2024-11-23,0223,N20,VIIRS,n,2,282.97,0.59,N,2
37.95726,-8.80056,305.17,0.39,0.36,2024-11-23,0224,N20,VIIRS,n,2,284.44,0.93,N,2
42.06137,-8.22308,296.15,0.55,0.43,2024-11-24,0203,N20,VIIRS,n,2,281.18,0.42,N,0
42.06212,-8.23047,308.24,0.55,0.43,2024-11-24,0203,N20,VIIRS,n,2,282.05,1.19,N,0
38.08366,-7.81533,325.96,0.34,0.56,2024-11-27,1410,N20,VIIRS,n,2,289.1,1.65,D,0
37.69177,-8.02344,367,0.33,0.55,2024-11-27,1410,N20,VIIRS,h,2,291.84,6.24,D,0
37.68898,-8.02248,367,0.33,0.55,2024-11-27,1410,N20,VIIRS,h,2,292.18,7.63,D,0
40.28777,-8.42063,303.28,0.39,0.36,2024-11-28,0229,N20,VIIRS,n,2,281.28,0.63,N,2
39.68604,-8.9067,297.53,0.38,0.36,2024-11-28,0229,N20,VIIRS,n,2,283.05,0.69,N,2
37.95933,-8.80341,299.28,0.39,0.36,2024-11-28,0230,N20,VIIRS,n,2,288.36,0.85,N,2
38.59189,-7.40584,326.42,0.4,0.45,2024-11-28,1351,N20,VIIRS,n,2,289.85,2.11,D,0
40.13695,-7.89993,349.38,0.4,0.44,2024-11-28,1351,N20,VIIRS,n,2,288.59,7.38,D,0
37.29479,-7.4776,325.11,0.39,0.44,2024-11-28,1351,N20,VIIRS,n,2,290.32,1.13,D,0
41.93726,-8.66703,337.52,0.38,0.43,2024-11-28,1352,N20,VIIRS,n,2,289.06,5.25,D,0
41.93324,-8.66665,337.68,0.38,0.43,2024-11-28,1352,N20,VIIRS,n,2,290.93,5.25,D,0
41.65886,-8.68601,342.26,0.57,0.43,2024-11-28,1352,N20,VIIRS,n,2,292.98,8.48,D,0
38.07961,-8.0736,326.79,0.39,0.36,2024-11-29,1332,N20,VIIRS,n,2,291.57,2.01,D,0
37.95725,-8.80335,300.17,0.51,0.49,2024-11-30,0152,N20,VIIRS,n,2,286.66,1.66,N,2
37.95808,-8.8041,297.28,0.51,0.49,2024-11-30,0152,N20,VIIRS,n,2,287,1.22,N,2
40.2881,-8.42049,300.33,0.41,0.45,2024-12-02,0254,N20,VIIRS,n,2,282.87,0.96,N,2
37.9043,-7.92563,348,0.44,0.62,2024-12-02,1236,N20,VIIRS,n,2,289.11,7.02,D,0
37.90178,-7.92287,350.74,0.44,0.62,2024-12-02,1236,N20,VIIRS,n,2,293.78,20.81,D,0
37.90015,-7.91866,326.51,0.44,0.62,2024-12-02,1236,N20,VIIRS,n,2,286.93,7.02,D,0
37.89883,-7.92338,327.33,0.44,0.62,2024-12-02,1236,N20,VIIRS,n,2,288.41,7.02,D,0
37.9056,-7.92092,356.08,0.44,0.62,2024-12-02,1236,N20,VIIRS,l,2,287.16,7.02,D,0
37.90306,-7.91814,344.4,0.44,0.62,2024-12-02,1236,N20,VIIRS,n,2,286.74,15.28,D,0
40.28741,-8.42006,295.77,0.41,0.37,2024-12-03,0235,N20,VIIRS,n,2,281.69,1,N,0
37.83168,-8.19104,327.78,0.43,0.46,2024-12-03,1357,N20,VIIRS,n,2,284.2,1.98,D,0
37.58011,-8.7512,344.95,0.4,0.37,2024-12-04,1338,N20,VIIRS,n,2,294.91,10.42,D,0
38.49213,-7.85569,329.22,0.4,0.37,2024-12-05,1319,N20,VIIRS,n,2,287.14,2.25,D,0
37.12798,-8.75453,327.22,0.43,0.38,2024-12-05,1319,N20,VIIRS,n,2,292.75,2.5,D,0
38.48881,-7.85479,326.68,0.4,0.37,2024-12-05,1319,N20,VIIRS,n,2,285.44,2.25,D,0
40.28943,-8.42097,297.05,0.45,0.39,2024-12-08,0241,N20,VIIRS,n,2,279.55,0.9,N,2
39.07214,-7.61672,304.96,0.5,0.41,2024-12-08,0242,N20,VIIRS,n,2,277.94,1.12,N,0
38.63061,-9.0778,295.77,0.45,0.39,2024-12-08,0242,N20,VIIRS,n,2,283.15,0.6,N,2
38.63105,-9.07846,302.06,0.39,0.36,2024-12-09,0223,N20,VIIRS,n,2,282.64,0.67,N,2
37.59593,-8.79091,329.37,0.44,0.38,2024-12-09,1344,N20,VIIRS,n,2,288.26,2.7,D,0
37.59956,-8.25559,305.95,0.5,0.41,2024-12-10,0204,N20,VIIRS,n,2,274.08,1.37,N,0
38.62986,-9.07783,300.72,0.56,0.43,2024-12-10,0204,N20,VIIRS,n,2,279.83,1.46,N,2
40.07234,-8.17061,341,0.38,0.36,2024-12-10,1326,N20,VIIRS,n,2,282,3.2,D,0
39.05233,-9.29625,331.78,0.39,0.37,2024-12-10,1326,N20,VIIRS,n,2,287.3,2.5,D,0
39.72849,-8.54124,329.73,0.39,0.36,2024-12-10,1326,N20,VIIRS,n,2,289.09,3.52,D,0
41.23514,-7.91898,343.71,0.39,0.36,2024-12-10,1326,N20,VIIRS,n,2,282.86,10.1,D,0
41.28621,-7.94145,330.33,0.39,0.36,2024-12-10,1326,N20,VIIRS,n,2,279.44,4.39,D,0
39.10514,-9.38312,339.76,0.38,0.44,2024-12-11,1307,N20,VIIRS,n,2,291.71,8.93,D,0
40.23643,-7.55728,340.36,0.46,0.39,2024-12-11,1307,N20,VIIRS,n,2,281.48,5.18,D,0
39.10125,-9.3818,338.45,0.38,0.44,2024-12-11,1307,N20,VIIRS,n,2,287.88,8.93,D,0
39.10292,-9.38577,326.75,0.38,0.44,2024-12-11,1307,N20,VIIRS,n,2,290.27,9.36,D,0
39.10385,-9.3814,338.14,0.38,0.44,2024-12-11,1307,N20,VIIRS,n,2,288.91,9.36,D,0
38.08493,-8.78194,329.51,0.57,0.43,2024-12-11,1307,N20,VIIRS,n,2,290.68,16.22,D,0
38.08361,-8.78828,341.26,0.57,0.43,2024-12-11,1307,N20,VIIRS,n,2,289.45,16.22,D,0
37.9565,-8.80722,310.87,0.57,0.69,2024-12-12,0126,N20,VIIRS,n,2,280.01,1.95,N,0
37.95549,-8.80837,303.71,0.57,0.69,2024-12-12,0126,N20,VIIRS,n,2,278.69,2,N,0
37.95412,-8.79571,304.99,0.63,0.54,2024-12-12,0307,N20,VIIRS,n,2,278.27,2.98,N,2
41.72666,-7.01076,335.01,0.44,0.46,2024-12-12,1249,N20,VIIRS,n,2,284.15,7.87,D,0
40.62005,-8.12987,336.83,0.53,0.5,2024-12-12,1249,N20,VIIRS,n,2,281.46,34.9,D,0
37.95427,-8.79624,300.36,0.55,0.42,2024-12-13,0248,N20,VIIRS,n,2,278.09,2.6,N,2
38.9576,-7.781,330.31,0.35,0.56,2024-12-13,1410,N20,VIIRS,n,2,284.03,2.76,D,0
41.6617,-7.78299,332.5,0.42,0.45,2024-12-14,1352,N20,VIIRS,n,2,283.7,3.84,D,0
41.52623,-8.19042,336.82,0.4,0.44,2024-12-14,1352,N20,VIIRS,n,2,283.75,5.86,D,0
40.28919,-8.42091,295.64,0.46,0.39,2024-12-15,0210,N20,VIIRS,n,2,279.56,0.46,N,2
41.95089,-8.41575,303.13,0.54,0.51,2024-12-16,0150,N20,VIIRS,n,2,276.69,1.36,N,0
41.95591,-8.41993,315.21,0.54,0.51,2024-12-16,0150,N20,VIIRS,n,2,277.48,2.74,N,0
38.43533,-7.40994,328.86,0.43,0.38,2024-12-16,1313,N20,VIIRS,n,2,283.9,2.04,D,0
38.16912,-8.17639,327.94,0.45,0.39,2024-12-16,1313,N20,VIIRS,n,2,285.83,2.3,D,0
41.74512,-8.32792,342.15,0.42,0.45,2024-12-17,1255,N20,VIIRS,n,2,290.05,12.38,D,0
42.08394,-8.23178,340.76,0.41,0.45,2024-12-17,1255,N20,VIIRS,n,2,289.52,11.53,D,0
38.63181,-9.07803,297,0.42,0.38,2024-12-20,0217,N20,VIIRS,n,2,282.5,0.89,N,2
38.13313,-7.25626,296.84,0.39,0.36,2024-12-20,0217,N20,VIIRS,n,2,278.77,0.63,N,0
38.1016,-7.49428,345.11,0.43,0.38,2024-12-20,1338,N20,VIIRS,n,2,289.26,4.96,D,0
39.11218,-8.8301,337.05,0.41,0.37,2024-12-20,1338,N20,VIIRS,n,2,289.75,12.48,D,0
38.10509,-7.49496,330.17,0.43,0.38,2024-12-20,1338,N20,VIIRS,n,2,286.36,4.96,D,0
37.95855,-8.80327,295.22,0.42,0.45,2024-12-21,0158,N20,VIIRS,n,2,283.61,1.16,N,2
38.63042,-9.07836,301.8,0.44,0.46,2024-12-21,0158,N20,VIIRS,n,2,280.67,0.96,N,2
39.2756,-8.63737,331.15,0.41,0.37,2024-12-21,1320,N20,VIIRS,n,2,287.08,2.8,D,0
38.16261,-8.67221,295.08,0.37,0.58,2024-12-22,0139,N20,VIIRS,n,2,278.56,0.39,N,0
38.16719,-8.66934,301.14,0.47,0.64,2024-12-22,0319,N20,VIIRS,n,2,279.4,0.52,N,0
38.49432,-8.70737,337.72,0.46,0.63,2024-12-23,1422,N20,VIIRS,n,2,288.02,4.32,D,0
40.16971,-7.1706,304.39,0.5,0.41,2024-12-24,0241,N20,VIIRS,n,2,276.77,1.08,N,0
41.95954,-8.33502,335.86,0.57,0.52,2024-12-24,1405,N20,VIIRS,n,2,286.8,9.6,D,0
41.96476,-8.33483,343.11,0.57,0.52,2024-12-24,1405,N20,VIIRS,n,2,285.61,11.94,D,0
41.95992,-8.33489,335.41,0.57,0.52,2024-12-24,1405,N20,VIIRS,n,2,287.36,11.94,D,0
41.96437,-8.335,344.33,0.57,0.52,2024-12-24,1405,N20,VIIRS,n,2,286.24,9.6,D,0
41.58465,-7.45659,295.41,0.38,0.36,2024-12-25,0222,N20,VIIRS,n,2,275.17,0.31,N,0
40.74913,-7.72448,310.86,0.38,0.36,2024-12-25,0222,N20,VIIRS,n,2,278.62,0.88,N,0
40.76204,-7.6976,296.09,0.38,0.36,2024-12-25,0222,N20,VIIRS,n,2,277.85,0.39,N,0
40.73491,-7.4567,306.84,0.38,0.36,2024-12-25,0222,N20,VIIRS,n,2,277.63,0.9,N,0
40.98427,-8.0828,303.89,0.39,0.36,2024-12-25,0222,N20,VIIRS,n,2,278.7,0.7,N,0
40.98755,-8.08189,297.89,0.39,0.36,2024-12-25,0222,N20,VIIRS,n,2,277.33,0.42,N,0
41.28661,-7.36062,297.32,0.38,0.36,2024-12-25,0222,N20,VIIRS,n,2,275.78,0.4,N,0
41.33879,-6.71971,322.11,0.38,0.36,2024-12-25,0222,N20,VIIRS,n,2,277.13,1.41,N,0
41.41403,-6.97528,297.4,0.38,0.36,2024-12-25,0222,N20,VIIRS,n,2,276.81,0.54,N,0
41.49924,-6.97509,299.48,0.38,0.36,2024-12-25,0222,N20,VIIRS,n,2,276.37,0.53,N,0
40.22544,-7.64696,303.57,0.38,0.36,2024-12-25,0223,N20,VIIRS,n,2,275.69,0.45,N,0
40.15775,-7.43293,302.12,0.38,0.36,2024-12-25,0223,N20,VIIRS,n,2,275.68,0.72,N,0
39.99803,-7.56811,306.44,0.38,0.36,2024-12-25,0223,N20,VIIRS,n,2,280.24,0.56,N,0
40.34151,-7.40899,310.12,0.38,0.36,2024-12-25,0223,N20,VIIRS,n,2,276.84,0.78,N,0
40.31502,-7.32771,297.16,0.38,0.36,2024-12-25,0223,N20,VIIRS,n,2,275.14,0.5,N,0
40.31514,-7.45794,312.33,0.38,0.36,2024-12-25,0223,N20,VIIRS,n,2,277.07,1.57,N,0
40.26869,-7.51,295.76,0.38,0.36,2024-12-25,0223,N20,VIIRS,n,2,276.7,0.59,N,0
40.44597,-7.37799,296.93,0.38,0.36,2024-12-25,0223,N20,VIIRS,n,2,277.79,0.61,N,0
40.51674,-7.3938,296.41,0.38,0.36,2024-12-25,0223,N20,VIIRS,n,2,273.6,0.42,N,0
40.66016,-7.56803,306.31,0.38,0.36,2024-12-25,0223,N20,VIIRS,n,2,278.14,0.94,N,0
39.61155,-8.60537,300.23,0.39,0.36,2024-12-25,0223,N20,VIIRS,n,2,278.4,0.47,N,0
39.95223,-8.60633,297.18,0.39,0.36,2024-12-25,0223,N20,VIIRS,n,2,278.94,0.7,N,0
39.97753,-8.75453,314.04,0.39,0.36,2024-12-25,0223,N20,VIIRS,n,2,279.09,1.31,N,0
39.91293,-7.57043,302.61,0.38,0.36,2024-12-25,0223,N20,VIIRS,n,2,277.97,0.71,N,0
39.91571,-7.45872,300.22,0.38,0.36,2024-12-25,0223,N20,VIIRS,n,2,277.47,0.39,N,0
40.15723,-7.38665,304.66,0.38,0.36,2024-12-25,0223,N20,VIIRS,n,2,274.77,0.57,N,0
40.11315,-7.43308,299.57,0.38,0.36,2024-12-25,0223,N20,VIIRS,n,2,279.8,0.69,N,0
40.41846,-7.44131,303.67,0.38,0.36,2024-12-25,0223,N20,VIIRS,n,2,275.14,0.37,N,0
40.36694,-7.39748,301.13,0.38,0.36,2024-12-25,0223,N20,VIIRS,n,2,276.09,0.35,N,0
40.32781,-7.30096,303.06,0.38,0.36,2024-12-25,0223,N20,VIIRS,n,2,275.68,0.44,N,0
41.73389,-8.31968,329.45,0.51,0.41,2024-12-25,1346,N20,VIIRS,n,2,292.95,3.38,D,0
38.25404,-8.60197,327.08,0.39,0.36,2024-12-26,1326,N20,VIIRS,n,2,292.12,1.3,D,0
39.0686,-7.41444,326.15,0.39,0.36,2024-12-26,1326,N20,VIIRS,n,2,289.42,1.87,D,0
41.97679,-8.29853,297.42,0.63,0.54,2024-12-27,0144,N20,VIIRS,n,2,276.86,1.64,N,0
38.45131,-7.79007,325.81,0.5,0.41,2024-12-27,1307,N20,VIIRS,n,2,289.21,2.5,D,0
41.76437,-8.37726,330.86,0.47,0.39,2024-12-27,1308,N20,VIIRS,n,2,290.21,4.21,D,0
40.99976,-7.98868,332.37,0.46,0.39,2024-12-27,1308,N20,VIIRS,n,2,284.77,4.23,D,0
41.00078,-7.98336,327.74,0.46,0.39,2024-12-27,1308,N20,VIIRS,n,2,283.67,4.23,D,0
38.28211,-7.93598,295.69,0.35,0.57,2024-12-28,0307,N20,VIIRS,n,2,277.07,0.52,N,0
39.10413,-7.35872,326.71,0.52,0.5,2024-12-28,1249,N20,VIIRS,n,2,286.39,3.12,D,0
38.12,-7.67712,335.32,0.35,0.57,2024-12-29,1410,N20,VIIRS,n,2,289.14,3.01,D,0
41.67453,-8.56459,330.76,0.4,0.37,2024-12-31,1333,N20,VIIRS,n,2,286.53,3.92,D,0
40.02723,-7.51337,328.22,0.41,0.37,2024-12-31,1333,N20,VIIRS,n,2,285.49,11.44,D,0
