latitude,longitude,bright_ti4,scan,track,acq_date,acq_time,satellite,instrument,confidence,version,bright_ti5,frp,daynight,type
41.40587,-7.50238,295.18,0.39,0.36,2024-01-01,0231,N,VIIRS,n,2,273.03,0.29,N,0
37.78048,-7.80049,337.01,0.46,0.47,2024-01-06,1359,N,VIIRS,n,2,284.73,4.27,D,0
38.62875,-9.0778,295.56,0.39,0.36,2024-01-12,0226,N,VIIRS,n,2,275.43,0.58,N,2
38.03461,-7.36117,325.23,0.51,0.41,2024-01-12,1347,N,VIIRS,n,2,286.81,3.81,D,0
37.70148,-8.7822,329.74,0.45,0.39,2024-01-12,1347,N,VIIRS,n,2,288.88,2.85,D,0
38.63095,-9.07773,299.06,0.41,0.45,2024-01-21,0257,N,VIIRS,n,2,280.62,0.76,N,2
38.63125,-9.07961,299.81,0.41,0.37,2024-01-22,0238,N,VIIRS,n,2,280.79,0.65,N,2
37.14747,-8.45643,329.06,0.42,0.45,2024-01-22,1359,N,VIIRS,n,2,290.58,2.99,D,0
38.03922,-7.35882,335.85,0.44,0.39,2024-01-23,1341,N,VIIRS,n,2,291.43,3.25,D,0
37.56229,-8.11695,334.48,0.42,0.37,2024-01-23,1341,N,VIIRS,n,2,293.36,5.49,D,0
37.55604,-8.11085,338.85,0.42,0.37,2024-01-23,1341,N,VIIRS,n,2,293.85,5.44,D,0
38.84263,-9.39676,330.2,0.4,0.37,2024-01-23,1341,N,VIIRS,n,2,291.29,3.32,D,0
38.34451,-7.35247,326.75,0.45,0.39,2024-01-23,1341,N,VIIRS,n,2,289.97,1.24,D,0
38.62907,-9.07803,295.6,0.43,0.46,2024-01-24,0200,N,VIIRS,n,2,285.09,0.52,N,2
37.563,-8.11893,296.86,0.56,0.43,2024-01-24,0201,N,VIIRS,n,2,280.77,0.73,N,0
38.58814,-7.77313,327.93,0.39,0.37,2024-01-24,1322,N,VIIRS,n,2,293.45,1.81,D,0
38.51017,-7.90722,325.82,0.4,0.37,2024-01-24,1322,N,VIIRS,n,2,296.39,18.02,D,0
38.51093,-7.90271,344.33,0.4,0.37,2024-01-24,1322,N,VIIRS,n,2,295.31,18.02,D,0
41.20275,-8.55353,335.98,0.39,0.36,2024-01-24,1323,N,VIIRS,n,2,293.87,1.44,D,0
40.04164,-8.27643,335.97,0.57,0.43,2024-01-25,1304,N,VIIRS,n,2,291.81,31.69,D,0
41.08388,-8.36344,339.72,0.54,0.42,2024-01-25,1304,N,VIIRS,n,2,268.99,6.56,D,0
40.83646,-8.27139,327.83,0.55,0.42,2024-01-25,1304,N,VIIRS,n,2,274.61,3.57,D,0
40.03768,-8.27549,334.56,0.57,0.43,2024-01-25,1304,N,VIIRS,n,2,291.13,31.69,D,0
41.9769,-8.29883,313.76,0.45,0.47,2024-01-26,0302,N,VIIRS,n,2,273.24,1.72,N,0
41.9777,-8.29553,311.72,0.45,0.47,2024-01-26,0302,N,VIIRS,n,2,273.03,1.94,N,0
40.93744,-8.02512,333.51,0.59,0.53,2024-01-26,1245,N,VIIRS,n,2,284.61,4.28,D,0
41.01185,-8.11385,331.53,0.6,0.53,2024-01-26,1245,N,VIIRS,n,2,288.93,8.14,D,0
40.8826,-8.24188,339.57,0.61,0.53,2024-01-26,1245,N,VIIRS,n,2,284.08,5.81,D,0
40.93942,-8.03389,341.77,0.59,0.53,2024-01-27,1407,N,VIIRS,n,2,268.64,11.46,D,0
41.02263,-8.11077,301.66,0.52,0.42,2024-01-29,0206,N,VIIRS,n,2,267.33,0.73,N,0
41.02899,-8.09699,318.35,0.52,0.42,2024-01-29,0206,N,VIIRS,n,2,268.23,1.37,N,0
41.03099,-8.1159,296.68,0.52,0.42,2024-01-29,0206,N,VIIRS,n,2,267.31,2.42,N,0
41.03033,-8.10963,322.86,0.52,0.42,2024-01-29,0206,N,VIIRS,n,2,268.64,2.42,N,0
41.03352,-8.10283,300.41,0.52,0.42,2024-01-29,0206,N,VIIRS,n,2,267.62,1.37,N,0
41.03484,-8.11529,301.49,0.52,0.42,2024-01-29,0206,N,VIIRS,n,2,267.69,2.42,N,0
41.03418,-8.10907,334.14,0.52,0.42,2024-01-29,0206,N,VIIRS,n,2,269.9,2.42,N,0
41.03737,-8.10232,307.53,0.52,0.42,2024-01-29,0206,N,VIIRS,n,2,268.36,1.51,N,0
41.03803,-8.10855,309.18,0.52,0.42,2024-01-29,0206,N,VIIRS,n,2,269.05,3.23,N,0
41.03869,-8.1148,331.33,0.52,0.42,2024-01-29,0206,N,VIIRS,n,2,270.09,3.23,N,0
41.02648,-8.11019,298.12,0.52,0.42,2024-01-29,0206,N,VIIRS,n,2,267.76,0.73,N,0
41.02513,-8.09742,317.39,0.52,0.42,2024-01-29,0206,N,VIIRS,n,2,267.33,1.21,N,0
41.02196,-8.10432,297.77,0.52,0.42,2024-01-29,0206,N,VIIRS,n,2,266.86,1.21,N,0
41.02127,-8.09785,303,0.52,0.42,2024-01-29,0206,N,VIIRS,n,2,266.64,1.21,N,0
41.03714,-8.11538,335.51,0.52,0.42,2024-01-29,0206,N,VIIRS,n,2,269.31,6.61,N,0
41.03645,-8.10918,322.03,0.52,0.42,2024-01-29,0206,N,VIIRS,n,2,269.39,2.91,N,0
41.03576,-8.10297,312.73,0.52,0.42,2024-01-29,0206,N,VIIRS,n,2,268.29,2.91,N,0
41.0326,-8.10972,331.54,0.52,0.42,2024-01-29,0206,N,VIIRS,n,2,269.57,2.91,N,0
41.02874,-8.11027,305.34,0.52,0.42,2024-01-29,0206,N,VIIRS,n,2,268.12,0.94,N,0
41.02734,-8.0976,316.97,0.52,0.42,2024-01-29,0206,N,VIIRS,n,2,267.37,1.83,N,0
41.02664,-8.09129,301.38,0.52,0.42,2024-01-29,0206,N,VIIRS,n,2,267.33,1.83,N,0
41.0249,-8.11084,302.95,0.52,0.42,2024-01-29,0206,N,VIIRS,n,2,267.52,0.94,N,0
41.02419,-8.10447,297.7,0.52,0.42,2024-01-29,0206,N,VIIRS,n,2,266.72,0.94,N,0
41.02348,-8.09802,311.11,0.52,0.42,2024-01-29,0206,N,VIIRS,n,2,266.81,1.83,N,0
41.02715,-8.11654,297.8,0.52,0.42,2024-01-29,0206,N,VIIRS,n,2,267.26,0.73,N,0
41.69813,-8.26783,330.15,0.39,0.36,2024-01-29,1329,N,VIIRS,n,2,284.95,2.37,D,0
40.8588,-8.25647,339.84,0.38,0.36,2024-01-29,1329,N,VIIRS,n,2,284.58,3.85,D,0
40.85812,-8.26099,335.92,0.38,0.36,2024-01-29,1329,N,VIIRS,n,2,285.23,4.28,D,0
41.35782,-8.41106,329.02,0.38,0.36,2024-01-29,1329,N,VIIRS,n,2,288.21,2.26,D,0
41.70016,-8.254,326.18,0.39,0.36,2024-01-29,1329,N,VIIRS,n,2,288.15,2.21,D,0
41.02649,-8.08724,300.35,0.59,0.53,2024-01-30,0147,N,VIIRS,n,2,278.33,1.18,N,0
41.03144,-8.08723,298.66,0.59,0.53,2024-01-30,0147,N,VIIRS,n,2,278.55,0.89,N,0
42.02968,-8.2465,296.63,0.62,0.54,2024-01-30,0147,N,VIIRS,n,2,278.2,10.07,N,0
42.03481,-8.24781,354.92,0.62,0.54,2024-01-30,0147,N,VIIRS,n,2,281.49,10.07,N,0
42.03446,-8.24912,344.28,0.62,0.54,2024-01-30,0147,N,VIIRS,n,2,281.23,16.64,N,0
41.59151,-8.17575,326.78,0.46,0.39,2024-01-30,1310,N,VIIRS,n,2,283.94,2.8,D,0
41.7009,-7.88419,329.2,0.44,0.39,2024-01-30,1310,N,VIIRS,n,2,288.66,3.8,D,0
40.04078,-8.27204,344.29,0.48,0.4,2024-01-30,1310,N,VIIRS,n,2,289.86,18.97,D,0
40.04552,-8.26746,355.03,0.48,0.4,2024-01-30,1310,N,VIIRS,n,2,287.83,18.88,D,0
40.97761,-8.03241,339.33,0.46,0.39,2024-01-30,1310,N,VIIRS,n,2,287.2,11.01,D,0
41.00283,-8.08381,337.22,0.46,0.39,2024-01-30,1310,N,VIIRS,n,2,291.78,4.36,D,0
41.58793,-8.17487,334.98,0.46,0.39,2024-01-30,1310,N,VIIRS,n,2,286.26,4.04,D,0
41.80085,-8.71445,300.04,0.48,0.4,2024-02-01,0250,N,VIIRS,n,2,280.51,2.41,N,0
42.06591,-8.20432,310.15,0.5,0.41,2024-02-01,0250,N,VIIRS,n,2,273.88,1.55,N,0
40.28978,-8.41682,295.19,0.52,0.42,2024-02-01,0250,N,VIIRS,n,2,282.97,0.64,N,0
41.80449,-8.7134,323.78,0.48,0.4,2024-02-01,0250,N,VIIRS,n,2,281.19,2.41,N,0
42.06707,-8.20995,337.21,0.5,0.41,2024-02-01,0250,N,VIIRS,n,2,277.85,6.68,N,0
42.06344,-8.21133,334.89,0.5,0.41,2024-02-01,0250,N,VIIRS,n,2,275.19,6.68,N,0
42.06224,-8.20552,316.53,0.5,0.41,2024-02-01,0250,N,VIIRS,n,2,274.25,1.55,N,0
41.80555,-8.71873,301.58,0.48,0.4,2024-02-01,0250,N,VIIRS,n,2,280.84,2.41,N,0
41.8019,-8.71975,338.95,0.48,0.4,2024-02-01,0250,N,VIIRS,n,2,283.57,2.41,N,0
41.6913,-8.26628,340.02,0.41,0.61,2024-02-01,1233,N,VIIRS,n,2,282.63,5.84,D,0
41.40898,-7.76627,342.91,0.4,0.6,2024-02-01,1233,N,VIIRS,n,2,283.31,3.35,D,0
41.69004,-8.26409,343.92,0.41,0.61,2024-02-01,1233,N,VIIRS,n,2,283.16,6.02,D,0
41.30816,-7.925,333.58,0.36,0.58,2024-02-01,1413,N,VIIRS,n,2,288.87,3.14,D,0
41.79173,-7.81397,326.22,0.37,0.58,2024-02-01,1413,N,VIIRS,n,2,287.91,1.94,D,0
40.84602,-8.27846,338.7,0.34,0.56,2024-02-01,1413,N,VIIRS,n,2,289.26,2.52,D,0
41.29582,-7.91344,367,0.36,0.58,2024-02-01,1413,N,VIIRS,h,2,292.39,9.99,D,0
41.30119,-7.91398,334.98,0.36,0.58,2024-02-01,1413,N,VIIRS,n,2,286.82,3.09,D,0
41.31143,-7.92427,329.54,0.36,0.58,2024-02-01,1413,N,VIIRS,n,2,288.03,2.43,D,0
40.28785,-8.41901,297.07,0.39,0.36,2024-02-02,0231,N,VIIRS,n,2,279.54,0.44,N,2
41.01321,-8.08396,310.32,0.39,0.36,2024-02-02,0231,N,VIIRS,n,2,276.54,1.56,N,0
41.01649,-8.083,330.93,0.39,0.36,2024-02-02,0231,N,VIIRS,n,2,277.31,1.56,N,0
41.25396,-8.55493,300.48,0.38,0.36,2024-02-02,0231,N,VIIRS,n,2,280.16,0.85,N,0
41.66158,-8.19394,317.57,0.39,0.36,2024-02-02,0231,N,VIIRS,n,2,280.84,1.92,N,0
41.66487,-8.19301,324.22,0.39,0.36,2024-02-02,0231,N,VIIRS,n,2,281.82,2.11,N,0
41.69906,-8.29826,301.41,0.38,0.36,2024-02-02,0231,N,VIIRS,n,2,281.11,0.65,N,0
41.70234,-8.29731,296.7,0.38,0.36,2024-02-02,0231,N,VIIRS,n,2,281.97,0.31,N,0
41.74982,-8.33647,298.86,0.38,0.36,2024-02-02,0231,N,VIIRS,n,2,282.21,1.13,N,0
41.67998,-8.01132,305.43,0.39,0.36,2024-02-02,0231,N,VIIRS,n,2,279.39,0.78,N,0
41.87364,-7.75708,311.75,0.39,0.36,2024-02-02,0231,N,VIIRS,n,2,275.14,1.32,N,0
41.77461,-8.30244,301.05,0.38,0.36,2024-02-02,0231,N,VIIRS,n,2,280.91,0.4,N,0
41.77134,-8.30339,298.04,0.38,0.36,2024-02-02,0231,N,VIIRS,n,2,278.97,0.4,N,0
41.75639,-8.33463,320.88,0.38,0.36,2024-02-02,0231,N,VIIRS,n,2,281.05,1.51,N,0
41.7531,-8.33555,319.85,0.38,0.36,2024-02-02,0231,N,VIIRS,n,2,282.32,1.13,N,0
40.97098,-7.96896,347.89,0.7,0.75,2024-02-02,1214,N,VIIRS,n,2,284.38,21.49,D,0
40.96957,-7.97637,357.55,0.7,0.75,2024-02-02,1214,N,VIIRS,n,2,289.7,41.49,D,0
40.96078,-7.97636,330.09,0.7,0.75,2024-02-02,1214,N,VIIRS,n,2,285.2,21.49,D,0
40.96214,-7.97562,341.84,0.7,0.75,2024-02-02,1214,N,VIIRS,n,2,285.71,7.65,D,0
40.97212,-7.96866,346.59,0.7,0.75,2024-02-02,1214,N,VIIRS,n,2,284.14,34.55,D,0
40.96834,-7.97678,355.35,0.7,0.75,2024-02-02,1214,N,VIIRS,n,2,290.41,21.49,D,0
42.01632,-8.32857,333.26,0.68,0.74,2024-02-02,1214,N,VIIRS,n,2,283.7,6.27,D,0
41.85904,-7.94063,354.43,0.42,0.45,2024-02-02,1354,N,VIIRS,n,2,290.74,11.05,D,0
41.9091,-7.05452,328.75,0.46,0.47,2024-02-02,1354,N,VIIRS,n,2,289.15,2.99,D,0
41.82981,-7.93537,338.1,0.42,0.45,2024-02-02,1354,N,VIIRS,n,2,286.91,2.91,D,0
40.967,-7.97187,339.74,0.41,0.45,2024-02-02,1354,N,VIIRS,n,2,292.25,3.58,D,0
40.96653,-7.97699,330.85,0.41,0.45,2024-02-02,1354,N,VIIRS,n,2,289.3,3.58,D,0
41.31512,-7.93024,351.58,0.41,0.45,2024-02-02,1354,N,VIIRS,n,2,292.86,23.63,D,0
42.01161,-8.32598,326.65,0.4,0.44,2024-02-02,1354,N,VIIRS,n,2,291.67,1.56,D,0
41.5456,-7.63619,326.95,0.43,0.46,2024-02-02,1354,N,VIIRS,n,2,285.7,1.85,D,0
41.68605,-8.29926,329.24,0.4,0.44,2024-02-02,1354,N,VIIRS,n,2,290.63,3.82,D,0
41.25392,-8.55678,297.55,0.47,0.4,2024-02-03,0212,N,VIIRS,n,2,283.09,0.51,N,0
40.9971,-7.99327,296.03,0.45,0.39,2024-02-03,0212,N,VIIRS,n,2,275.84,0.67,N,0
40.9632,-8.04471,311.95,0.45,0.39,2024-02-03,0212,N,VIIRS,n,2,277.83,1.04,N,0
38.33687,-7.74885,298.99,0.42,0.38,2024-02-03,0213,N,VIIRS,n,2,278.32,0.95,N,0
38.63133,-9.08038,297.83,0.47,0.39,2024-02-03,0213,N,VIIRS,n,2,280.87,0.49,N,2
41.47371,-8.23119,325.13,0.4,0.37,2024-02-03,1335,N,VIIRS,n,2,290.96,3.06,D,0
40.99421,-7.98516,347.14,0.41,0.37,2024-02-03,1335,N,VIIRS,n,2,290.82,6.13,D,0
41.80233,-7.79614,343.45,0.42,0.37,2024-02-03,1335,N,VIIRS,n,2,293.62,6.8,D,0
41.80298,-7.79106,328.46,0.42,0.37,2024-02-03,1335,N,VIIRS,n,2,289.79,5.17,D,0
41.66125,-7.88849,330.24,0.41,0.37,2024-02-03,1335,N,VIIRS,n,2,290.71,4.78,D,0
40.99697,-7.99067,332.81,0.41,0.37,2024-02-03,1335,N,VIIRS,n,2,289.48,5.87,D,0
41.70378,-8.2568,339.72,0.41,0.37,2024-02-03,1335,N,VIIRS,n,2,292.79,6,D,0
40.9976,-7.98589,333.23,0.41,0.37,2024-02-03,1335,N,VIIRS,n,2,286.66,6.13,D,0
42.05211,-8.26361,312.27,0.51,0.5,2024-02-04,0153,N,VIIRS,n,2,280.44,1.94,N,0
41.75812,-8.26151,302.25,0.51,0.49,2024-02-04,0153,N,VIIRS,n,2,280.54,0.8,N,0
42.05395,-8.26153,313.88,0.54,0.68,2024-02-04,0333,N,VIIRS,n,2,279.11,2.52,N,0
42.05573,-8.26714,310.61,0.54,0.68,2024-02-04,0333,N,VIIRS,n,2,278.88,3.24,N,0
38.52431,-28.46639,296.25,0.42,0.38,2024-02-04,0335,N,VIIRS,n,2,281.6,0.63,N,0
41.00394,-7.94432,340.05,0.41,0.37,2024-02-04,1316,N,VIIRS,n,2,285.57,3.78,D,0
40.98753,-8.09765,332.9,0.41,0.37,2024-02-04,1316,N,VIIRS,n,2,290.96,4.02,D,0
42.05109,-8.25788,335.93,0.41,0.37,2024-02-04,1317,N,VIIRS,n,2,288.36,5.01,D,0
42.05533,-8.25391,345.58,0.41,0.37,2024-02-04,1317,N,VIIRS,n,2,287.36,11.43,D,0
42.05444,-8.25897,346.21,0.41,0.37,2024-02-04,1317,N,VIIRS,n,2,290.9,5.01,D,0
41.91134,-8.34961,332.06,0.41,0.37,2024-02-04,1317,N,VIIRS,n,2,289.67,2.48,D,0
41.76472,-8.27093,328.13,0.41,0.45,2024-02-05,1258,N,VIIRS,n,2,283.76,2.32,D,0
40.9521,-7.92877,367,0.35,0.57,2024-02-06,1239,N,VIIRS,h,2,290.44,6.01,D,0
40.44968,-7.51243,356.04,0.34,0.56,2024-02-06,1239,N,VIIRS,n,2,306.88,47.01,D,0
40.4487,-7.51618,326.76,0.34,0.56,2024-02-06,1239,N,VIIRS,n,2,289.36,12.94,D,0
40.45484,-7.51392,367,0.34,0.56,2024-02-06,1239,N,VIIRS,h,2,297.4,24.27,D,0
40.45393,-7.51742,335.02,0.34,0.56,2024-02-06,1239,N,VIIRS,n,2,292.61,9.5,D,0
40.45076,-7.51094,367,0.34,0.56,2024-02-06,1239,N,VIIRS,h,2,292.55,35.66,D,0
40.45498,-7.51602,356.48,0.34,0.56,2024-02-06,1239,N,VIIRS,n,2,293.59,14.57,D,0
41.86852,-7.93298,367,0.33,0.55,2024-02-06,1239,N,VIIRS,h,2,291.6,5.62,D,0
40.98105,-7.9676,347.07,0.35,0.57,2024-02-06,1239,N,VIIRS,n,2,285.73,10.08,D,0
40.98199,-7.96409,367,0.35,0.57,2024-02-06,1239,N,VIIRS,h,2,291.51,10.08,D,0
40.4559,-7.51256,357.09,0.34,0.56,2024-02-06,1239,N,VIIRS,l,2,287.41,14.59,D,0
40.97701,-7.96169,357.32,0.35,0.57,2024-02-06,1239,N,VIIRS,l,2,289.11,10.08,D,0
40.97606,-7.96525,343.49,0.35,0.57,2024-02-06,1239,N,VIIRS,n,2,286.06,10.08,D,0
37.6834,-8.69929,337.5,0.37,0.58,2024-02-06,1418,N,VIIRS,n,2,287.56,4.01,D,0
40.97809,-7.96645,335.51,0.43,0.62,2024-02-06,1419,N,VIIRS,n,2,284.76,3.6,D,0
41.29159,-7.94129,355.7,0.44,0.62,2024-02-06,1419,N,VIIRS,n,2,288.14,4.76,D,0
41.28574,-7.94174,337.45,0.44,0.62,2024-02-06,1419,N,VIIRS,n,2,286.23,4.76,D,0
40.95043,-7.93101,346.95,0.44,0.62,2024-02-06,1419,N,VIIRS,n,2,287.19,3.86,D,0
41.00786,-8.08956,328.05,0.43,0.62,2024-02-06,1419,N,VIIRS,n,2,286.58,3.02,D,0
41.00768,-8.09084,333.97,0.43,0.62,2024-02-06,1419,N,VIIRS,n,2,287.4,3.03,D,0
41.40674,-7.75914,333.14,0.45,0.63,2024-02-06,1419,N,VIIRS,n,2,284.44,5.64,D,0
41.40894,-7.75537,341.24,0.45,0.63,2024-02-06,1419,N,VIIRS,n,2,284.92,4.8,D,0
41.97982,-8.27815,344.8,0.42,0.61,2024-02-06,1420,N,VIIRS,n,2,286.66,4.98,D,0
41.8703,-7.93299,354.2,0.44,0.62,2024-02-06,1420,N,VIIRS,n,2,288.86,6.79,D,0
41.68008,-8.22956,345.87,0.42,0.61,2024-02-06,1420,N,VIIRS,n,2,285.43,6.67,D,0
39.21465,-8.79933,340.45,0.41,0.37,2024-02-09,1322,N,VIIRS,n,2,289.44,3.09,D,0
39.20362,-8.78139,344.71,0.41,0.37,2024-02-09,1322,N,VIIRS,n,2,289.39,4.58,D,0
37.95299,-8.8009,302.58,0.61,0.53,2024-02-15,0148,N,VIIRS,n,2,286.38,1.96,N,2
37.95318,-8.8004,297.93,0.61,0.53,2024-02-15,0148,N,VIIRS,n,2,286.07,0.28,N,2
32.71939,-17.09513,312.72,0.39,0.36,2024-02-17,0253,N,VIIRS,n,2,281.97,1.14,N,0
40.28992,-8.42017,297.55,0.39,0.36,2024-02-18,0231,N,VIIRS,n,2,277.72,0.74,N,2
38.62884,-9.07968,298.83,0.47,0.39,2024-02-19,0213,N,VIIRS,n,2,284.57,0.65,N,2
38.26525,-8.66928,332.41,0.39,0.36,2024-02-19,1334,N,VIIRS,n,2,299.86,2.72,D,0
41.82056,-8.53874,325.49,0.4,0.37,2024-02-19,1335,N,VIIRS,n,2,295.75,2.11,D,0
39.29791,-9.13362,326.55,0.39,0.36,2024-02-19,1335,N,VIIRS,n,2,292.52,1.65,D,0
38.8727,-8.75129,326.16,0.39,0.36,2024-02-19,1335,N,VIIRS,n,2,292.86,3.07,D,0
38.5276,-28.46957,295.85,0.42,0.38,2024-02-20,0335,N,VIIRS,n,2,281.92,0.9,N,0
37.32251,-8.59675,331.51,0.48,0.4,2024-02-20,1315,N,VIIRS,n,2,296.92,4.64,D,0
40.87378,-8.2496,328.01,0.42,0.38,2024-02-20,1316,N,VIIRS,n,2,285.14,2.76,D,0
40.87038,-8.24856,340.5,0.42,0.38,2024-02-20,1316,N,VIIRS,n,2,285.7,6.96,D,0
38.62972,-9.078,297.91,0.41,0.37,2024-02-23,0238,N,VIIRS,n,2,276.55,0.54,N,2
38.1366,-7.79918,327.34,0.46,0.47,2024-02-23,1359,N,VIIRS,n,2,286.26,2.81,D,0
37.95161,-8.79738,333.57,0.4,0.37,2024-02-24,1341,N,VIIRS,n,2,285.56,2.82,D,2
38.58745,-8.8206,331.49,0.43,0.46,2024-02-26,1303,N,VIIRS,n,2,285.38,1.7,D,0
37.95542,-8.80394,311.82,0.67,0.74,2024-02-27,0122,N,VIIRS,n,2,281.87,2.35,N,2
37.94967,-8.79676,299.79,0.53,0.5,2024-02-27,0303,N,VIIRS,n,2,279.76,1.32,N,2
37.95415,-8.79506,306.92,0.53,0.5,2024-02-27,0303,N,VIIRS,n,2,280.64,1.32,N,2
38.04263,-8.33637,327.15,0.48,0.64,2024-02-27,1425,N,VIIRS,n,2,289.01,2.91,D,0
37.95265,-8.79968,314.36,0.47,0.4,2024-02-28,0244,N,VIIRS,n,2,281.68,2.43,N,2
37.95153,-8.79788,315.33,0.47,0.4,2024-02-28,0244,N,VIIRS,n,2,281.29,2.25,N,2
40.28939,-8.4196,296.65,0.45,0.39,2024-02-28,0244,N,VIIRS,n,2,278.45,0.76,N,2
37.95725,-8.80384,301.12,0.47,0.4,2024-02-28,0244,N,VIIRS,n,2,282.83,0.98,N,2
37.95083,-8.79648,325.35,0.49,0.49,2024-02-28,1406,N,VIIRS,n,2,291.52,3.72,D,2
37.95312,-8.79991,328.67,0.39,0.36,2024-02-29,0226,N,VIIRS,n,2,282.82,2.17,N,2
37.95922,-8.80577,299.97,0.52,0.42,2024-03-01,0207,N,VIIRS,n,2,283.32,2.46,N,0
37.14459,-8.21123,340.65,0.39,0.36,2024-03-01,1328,N,VIIRS,n,2,294.59,3.04,D,0
37.14389,-8.21556,351.27,0.39,0.36,2024-03-01,1328,N,VIIRS,n,2,295.34,3.04,D,0
37.1505,-8.21721,335.04,0.39,0.36,2024-03-01,1328,N,VIIRS,n,2,294.49,4.71,D,0
39.1941,-7.7783,341.3,0.35,0.57,2024-03-04,1412,N,VIIRS,n,2,289.85,4.4,D,0
39.19518,-7.77883,348.96,0.35,0.57,2024-03-04,1412,N,VIIRS,n,2,290.13,5.09,D,0
38.62759,-9.07957,303.3,0.39,0.36,2024-03-05,0232,N,VIIRS,n,2,281.23,0.67,N,2
38.26624,-8.68921,309.05,0.39,0.36,2024-03-05,0232,N,VIIRS,n,2,278.71,0.95,N,0
38.63087,-9.0787,296.71,0.39,0.36,2024-03-05,0232,N,VIIRS,n,2,283.23,0.67,N,2
37.15606,-8.44623,331.79,0.52,0.42,2024-03-05,1353,N,VIIRS,n,2,295.89,3.8,D,0
38.72976,-7.40788,335.9,0.41,0.45,2024-03-05,1353,N,VIIRS,n,2,287.99,1.93,D,0
37.15395,-8.45011,330.83,0.52,0.42,2024-03-05,1353,N,VIIRS,n,2,294.47,5.27,D,0
39.68633,-8.90856,295.16,0.47,0.4,2024-03-06,0212,N,VIIRS,n,2,279.82,0.64,N,2
41.83754,-6.543,338.35,0.45,0.39,2024-03-06,1335,N,VIIRS,n,2,287.2,8.33,D,0
38.62164,-9.07519,297.81,0.41,0.37,2024-03-10,0238,N,VIIRS,n,2,281.24,0.34,N,0
38.62917,-9.07787,303.07,0.41,0.37,2024-03-10,0238,N,VIIRS,n,2,282.95,0.74,N,2
37.95844,-8.80355,296.68,0.41,0.45,2024-03-12,0200,N,VIIRS,n,2,285.31,0.79,N,2
40.72917,-8.50543,337.86,0.4,0.37,2024-03-12,1322,N,VIIRS,n,2,295.62,2.74,D,0
41.33907,-7.76669,326.85,0.51,0.41,2024-03-13,1304,N,VIIRS,n,2,291.79,3.39,D,0
37.9595,-8.80328,299.06,0.38,0.36,2024-03-16,0226,N,VIIRS,n,2,286.58,0.84,N,2
40.35353,-7.25873,330.18,0.39,0.36,2024-03-17,1329,N,VIIRS,n,2,283.08,2.02,D,0
39.10999,-9.2665,334.97,0.55,0.43,2024-03-18,1310,N,VIIRS,n,2,296.68,4.54,D,0
41.9016,-8.44386,331.94,0.42,0.61,2024-03-20,1233,N,VIIRS,n,2,289.17,3.85,D,0
41.35144,-8.27968,340.44,0.42,0.61,2024-03-20,1233,N,VIIRS,n,2,287.74,3.32,D,0
41.90278,-8.44536,367,0.34,0.56,2024-03-20,1413,N,VIIRS,h,2,291.6,4.64,D,0
41.91572,-8.39818,333.32,0.35,0.56,2024-03-20,1413,N,VIIRS,n,2,290.11,2.09,D,0
41.95787,-8.44812,306.17,0.38,0.36,2024-03-21,0231,N,VIIRS,n,2,279.54,0.76,N,0
40.28735,-8.41823,298.25,0.39,0.36,2024-03-21,0231,N,VIIRS,n,2,282.46,0.86,N,2
41.7041,-8.49857,345.53,0.47,0.4,2024-03-22,0212,N,VIIRS,n,2,285.3,3.36,N,0
41.70049,-8.4997,295.46,0.47,0.4,2024-03-22,0212,N,VIIRS,n,2,282.76,3.36,N,0
41.74331,-7.9533,328.82,0.45,0.39,2024-03-22,0212,N,VIIRS,n,2,285.97,4.23,N,0
41.74401,-7.95906,321.37,0.45,0.39,2024-03-22,0212,N,VIIRS,n,2,285.13,4.43,N,0
41.52623,-8.09079,349.26,0.41,0.37,2024-03-22,1335,N,VIIRS,n,2,299.67,6.19,D,0
41.36262,-7.82681,339.86,0.41,0.37,2024-03-22,1335,N,VIIRS,n,2,296.85,8.17,D,0
41.36604,-7.82757,343.19,0.41,0.37,2024-03-22,1335,N,VIIRS,n,2,295.94,8.17,D,0
41.43734,-7.80995,355.12,0.41,0.37,2024-03-22,1335,N,VIIRS,n,2,303.55,17.83,D,0
41.54022,-7.5184,329.64,0.42,0.38,2024-03-22,1335,N,VIIRS,n,2,295.45,3.46,D,0
41.87121,-8.27221,330.84,0.41,0.37,2024-03-22,1335,N,VIIRS,n,2,300,2.29,D,0
41.75011,-8.11042,336.7,0.41,0.37,2024-03-22,1335,N,VIIRS,n,2,307.66,19.36,D,0
41.54366,-7.51925,341.58,0.42,0.38,2024-03-22,1335,N,VIIRS,n,2,293.98,3.46,D,0
41.52283,-8.09,333.4,0.41,0.37,2024-03-22,1335,N,VIIRS,n,2,297.94,6.19,D,0
41.73891,-7.95502,346.18,0.41,0.37,2024-03-22,1335,N,VIIRS,n,2,301.42,9.08,D,0
41.73954,-7.9502,354.46,0.41,0.37,2024-03-22,1335,N,VIIRS,n,2,306.06,9.08,D,0
40.97812,-8.11194,314.08,0.49,0.49,2024-03-23,0153,N,VIIRS,n,2,282.08,7.51,N,0
41.58354,-7.96065,320.61,0.49,0.49,2024-03-23,0153,N,VIIRS,n,2,281.01,3.37,N,0
41.58395,-7.9658,301.13,0.49,0.49,2024-03-23,0153,N,VIIRS,n,2,279.78,1.33,N,0
40.98319,-8.11827,340.45,0.49,0.49,2024-03-23,0153,N,VIIRS,n,2,285.09,5.95,N,0
40.98264,-8.11144,336.07,0.49,0.49,2024-03-23,0153,N,VIIRS,n,2,285.77,7.51,N,0
40.98373,-8.12489,298.08,0.49,0.49,2024-03-23,0153,N,VIIRS,n,2,281.5,5.95,N,0
40.9787,-8.1191,340.14,0.49,0.49,2024-03-23,0153,N,VIIRS,n,2,283.13,5.95,N,0
40.97925,-8.12584,297.27,0.49,0.49,2024-03-23,0153,N,VIIRS,n,2,282.36,5.95,N,0
40.98248,-8.11341,331.35,0.59,0.7,2024-03-23,0334,N,VIIRS,n,2,280.22,2.81,N,0
40.97628,-8.11633,297.87,0.59,0.7,2024-03-23,0334,N,VIIRS,n,2,278.71,2.81,N,0
40.98093,-8.10855,305.92,0.59,0.7,2024-03-23,0334,N,VIIRS,n,2,278.23,2.81,N,0
40.9842,-8.1188,309.79,0.59,0.7,2024-03-23,0334,N,VIIRS,n,2,278.29,5.9,N,0
40.96463,-8.48662,327.33,0.42,0.38,2024-03-23,1316,N,VIIRS,n,2,282.09,1.7,D,0
41.57411,-8.22188,308.05,0.44,0.63,2024-03-24,0134,N,VIIRS,n,2,287.85,1.03,N,0
41.89591,-8.48413,299.29,0.46,0.64,2024-03-24,0134,N,VIIRS,n,2,281.92,0.36,N,0
41.70401,-8.27461,309.74,0.45,0.63,2024-03-24,0134,N,VIIRS,n,2,285.1,1.19,N,0
41.54038,-8.09959,299.22,0.44,0.62,2024-03-24,0134,N,VIIRS,n,2,283.98,0.35,N,0
41.53712,-8.09647,306.78,0.34,0.56,2024-03-24,0315,N,VIIRS,n,2,283.39,1.08,N,0
40.28911,-8.41904,301.52,0.35,0.57,2024-03-24,0315,N,VIIRS,n,2,287.46,0.52,N,2
42.05928,-8.199,326.63,0.32,0.55,2024-03-24,0315,N,VIIRS,n,2,281.06,1.85,N,0
42.05528,-8.20443,328.48,0.32,0.55,2024-03-24,0315,N,VIIRS,n,2,280.7,4.44,N,0
42.05416,-8.20018,317.52,0.32,0.55,2024-03-24,0315,N,VIIRS,n,2,279.92,1.85,N,0
41.5298,-8.04937,335.78,0.4,0.45,2024-03-24,1258,N,VIIRS,n,2,291.72,3.39,D,0
41.01827,-8.15802,343.94,0.42,0.45,2024-03-24,1258,N,VIIRS,n,2,294.63,5.25,D,0
41.40467,-8.07595,355.11,0.41,0.45,2024-03-24,1258,N,VIIRS,n,2,297,15.68,D,0
41.70571,-7.9992,330.66,0.76,0.77,2024-03-24,1439,N,VIIRS,n,2,287.96,7.01,D,0
42.04673,-8.2309,338,0.39,0.44,2024-03-25,0256,N,VIIRS,n,2,276.1,3.66,N,0
42.04185,-8.22798,318.2,0.39,0.44,2024-03-25,0256,N,VIIRS,n,2,274.76,1.51,N,0
42.0458,-8.22665,319.93,0.39,0.44,2024-03-25,0256,N,VIIRS,n,2,275.33,3.66,N,0
41.28321,-8.13956,297.43,0.4,0.45,2024-03-25,0256,N,VIIRS,n,2,269.88,0.61,N,0
42.0428,-8.2323,296.56,0.39,0.44,2024-03-25,0256,N,VIIRS,n,2,273.37,1.51,N,0
40.35074,-7.39152,331.69,0.34,0.56,2024-03-25,1239,N,VIIRS,n,2,291.46,1.93,D,0
38.62976,-9.07664,298.6,0.41,0.37,2024-03-27,0219,N,VIIRS,n,2,282.88,0.5,N,2
37.98376,-8.81977,317.99,0.55,0.68,2024-04-04,0129,N,VIIRS,n,2,269.88,2.15,N,0
39.77311,-8.65178,326.64,0.48,0.65,2024-04-05,1233,N,VIIRS,n,2,280.83,2.03,D,0
40.97676,-8.1449,305.24,0.45,0.39,2024-04-07,0212,N,VIIRS,n,2,273.36,0.98,N,0
37.38585,-7.69241,336.19,0.39,0.36,2024-04-07,1334,N,VIIRS,n,2,301.66,3.18,D,0
38.62855,-9.08094,302.21,0.36,0.58,2024-04-09,0316,N,VIIRS,n,2,282.64,0.53,N,2
38.62918,-9.07853,304.95,0.36,0.58,2024-04-09,0316,N,VIIRS,n,2,284.14,0.73,N,2
38.06646,-7.80254,329,0.46,0.47,2024-04-09,1257,N,VIIRS,n,2,291.8,3.48,D,0
39.68784,-8.90598,295.22,0.4,0.45,2024-04-10,0257,N,VIIRS,n,2,281.8,1.11,N,0
38.12964,-7.64417,330.34,0.4,0.6,2024-04-10,1238,N,VIIRS,n,2,295.41,1.9,D,0
38.85963,-7.21141,329.19,0.36,0.58,2024-04-10,1238,N,VIIRS,n,2,291.32,2.84,D,0
40.01255,-8.2781,354.3,0.38,0.59,2024-04-10,1239,N,VIIRS,n,2,279.87,4.82,D,0
40.00874,-8.2781,340.95,0.38,0.59,2024-04-10,1239,N,VIIRS,n,2,278.46,5.48,D,0
41.25367,-8.5532,296.44,0.4,0.37,2024-04-11,0238,N,VIIRS,n,2,280.64,0.38,N,0
40.08778,-8.17398,334.44,0.64,0.72,2024-04-11,1220,N,VIIRS,n,2,297.11,5.16,D,0
38.92915,-8.25763,329.92,0.45,0.47,2024-04-11,1400,N,VIIRS,n,2,298.94,2.67,D,0
39.68487,-8.90898,308.57,0.42,0.37,2024-04-12,0219,N,VIIRS,n,2,289.91,0.85,N,2
38.62811,-9.07808,310.29,0.41,0.37,2024-04-12,0219,N,VIIRS,n,2,290.11,1.41,N,2
38.4085,-7.8958,331.55,0.43,0.38,2024-04-12,1341,N,VIIRS,n,2,299.52,2.33,D,0
41.45768,-7.72625,333.65,0.47,0.4,2024-04-12,1342,N,VIIRS,n,2,301.68,8.1,D,0
40.96527,-8.48802,337.95,0.44,0.38,2024-04-12,1342,N,VIIRS,n,2,298.18,6.57,D,0
40.96481,-8.48549,331.2,0.44,0.38,2024-04-12,1342,N,VIIRS,n,2,297.61,3.43,D,0
41.46065,-7.73272,333.74,0.47,0.4,2024-04-12,1342,N,VIIRS,n,2,302.76,2.78,D,0
40.96419,-8.49057,333.49,0.44,0.38,2024-04-12,1342,N,VIIRS,n,2,298.29,3.43,D,0
41.45701,-7.73209,332.21,0.47,0.4,2024-04-12,1342,N,VIIRS,n,2,301.66,2.78,D,0
39.54531,-8.96122,331.63,0.41,0.37,2024-04-13,1322,N,VIIRS,n,2,300.82,2.03,D,0
39.00945,-7.61904,333.84,0.39,0.36,2024-04-13,1322,N,VIIRS,n,2,301.34,2.5,D,0
39.03693,-9.20453,344.58,0.42,0.38,2024-04-13,1322,N,VIIRS,n,2,306.93,11.68,D,0
38.06643,-7.79898,334.51,0.4,0.37,2024-04-13,1322,N,VIIRS,n,2,301.14,2.88,D,0
38.37164,-7.932,334.91,0.4,0.37,2024-04-13,1322,N,VIIRS,n,2,301.26,2.84,D,0
39.68366,-8.90764,304.11,0.38,0.59,2024-04-14,0141,N,VIIRS,n,2,288.78,0.85,N,2
40.28696,-8.42146,299.38,0.36,0.58,2024-04-14,0141,N,VIIRS,n,2,287.06,0.37,N,0
38.62748,-9.08099,302.95,0.44,0.62,2024-04-14,0322,N,VIIRS,n,2,285.55,1.04,N,2
39.68579,-8.90597,296.03,0.42,0.61,2024-04-14,0322,N,VIIRS,n,2,276.83,0.53,N,2
39.2893,-8.56028,338.29,0.4,0.44,2024-04-14,1304,N,VIIRS,n,2,302.21,3.53,D,0
41.25532,-8.55619,299.77,0.46,0.47,2024-04-15,0303,N,VIIRS,n,2,286.79,1.12,N,0
38.96574,-7.76613,367,0.32,0.54,2024-04-15,1245,N,VIIRS,h,2,302.32,4.65,D,0
41.57613,-7.67233,330.98,0.54,0.51,2024-04-15,1245,N,VIIRS,n,2,295.8,3.27,D,0
41.57838,-7.67236,332.81,0.54,0.51,2024-04-15,1245,N,VIIRS,n,2,295.34,4.09,D,0
39.14228,-9.33016,335.46,0.38,0.59,2024-04-15,1245,N,VIIRS,n,2,292.37,2.37,D,0
41.80305,-7.66803,342.17,0.54,0.5,2024-04-15,1245,N,VIIRS,n,2,304.82,25.81,D,0
41.55936,-7.85992,338.74,0.55,0.51,2024-04-15,1245,N,VIIRS,n,2,298.47,4.88,D,0
41.80124,-7.66901,348.81,0.54,0.5,2024-04-15,1246,N,VIIRS,n,2,302.79,29.73,D,0
41.76159,-8.5337,355,0.59,0.53,2024-04-15,1246,N,VIIRS,n,2,297.13,13.96,D,0
38.62839,-9.07897,300.69,0.46,0.39,2024-04-16,0245,N,VIIRS,n,2,288.06,0.92,N,2
40.49239,-7.22736,343.06,0.47,0.64,2024-04-16,1226,N,VIIRS,n,2,296.04,4.55,D,0
40.48923,-7.22269,329.69,0.47,0.64,2024-04-16,1226,N,VIIRS,n,2,296.09,5.26,D,0
41.57878,-7.66788,335.93,0.46,0.63,2024-04-16,1227,N,VIIRS,n,2,292.1,4.4,D,0
41.57955,-7.67122,337.2,0.46,0.64,2024-04-16,1227,N,VIIRS,n,2,293.21,2.74,D,0
41.63491,-6.47831,367,0.36,0.58,2024-04-16,1407,N,VIIRS,h,2,295.31,4.51,D,0
41.62955,-6.4777,338.29,0.36,0.58,2024-04-16,1407,N,VIIRS,n,2,295.03,4.51,D,0
41.39311,-8.37867,304.74,0.39,0.36,2024-04-17,0225,N,VIIRS,n,2,282.19,0.74,N,0
41.46624,-7.76243,317.13,0.38,0.36,2024-04-17,0225,N,VIIRS,n,2,280.95,1.99,N,0
41.94518,-8.42174,321.04,0.39,0.36,2024-04-17,0225,N,VIIRS,n,2,282.77,0.9,N,0
40.28996,-8.42191,297.58,0.39,0.36,2024-04-17,0225,N,VIIRS,n,2,285.88,0.9,N,2
41.94849,-8.42077,301.67,0.39,0.36,2024-04-17,0225,N,VIIRS,n,2,281.7,0.9,N,0
41.95179,-8.41979,307.97,0.39,0.36,2024-04-17,0225,N,VIIRS,n,2,281.98,0.93,N,0
41.72218,-8.24143,335.19,0.39,0.36,2024-04-17,0225,N,VIIRS,n,2,282.82,2.62,N,0
41.7255,-8.24066,332.2,0.39,0.36,2024-04-17,0225,N,VIIRS,n,2,284.17,2.62,N,0
39.68727,-8.90684,301.79,0.39,0.36,2024-04-17,0225,N,VIIRS,n,2,284.41,1.39,N,0
41.94781,-8.41616,296.41,0.39,0.36,2024-04-17,0225,N,VIIRS,n,2,282.94,0.9,N,0
37.95915,-8.80473,298.89,0.38,0.36,2024-04-17,0226,N,VIIRS,n,2,288.46,1.07,N,2
39.68492,-8.90521,299.14,0.54,0.42,2024-04-18,0207,N,VIIRS,n,2,287.76,0.88,N,2
38.38546,-8.27501,330.97,0.38,0.36,2024-04-18,1328,N,VIIRS,n,2,298.62,1.92,D,0
37.92081,-7.52056,334.02,0.38,0.36,2024-04-18,1328,N,VIIRS,n,2,301.87,3.28,D,0
38.95169,-7.23778,346.27,0.39,0.36,2024-04-18,1329,N,VIIRS,n,2,287.21,4.54,D,0
41.9926,-8.23246,347,0.39,0.36,2024-04-18,1329,N,VIIRS,n,2,305.49,9.47,D,0
41.4303,-6.83249,331.57,0.4,0.37,2024-04-18,1329,N,VIIRS,n,2,300.54,2.69,D,0
39.22086,-8.47229,331.85,0.38,0.36,2024-04-18,1329,N,VIIRS,n,2,300.54,1.2,D,0
39.04806,-9.15833,330.07,0.39,0.36,2024-04-18,1329,N,VIIRS,n,2,300.87,2.25,D,0
41.99193,-8.2371,334.7,0.39,0.36,2024-04-18,1329,N,VIIRS,n,2,304.5,9.47,D,0
41.92449,-8.71771,346.22,0.38,0.36,2024-04-18,1329,N,VIIRS,n,2,299.87,11.06,D,0
41.92778,-8.71855,337.77,0.38,0.36,2024-04-18,1329,N,VIIRS,n,2,299.39,11.95,D,0
41.9959,-8.23333,335.11,0.39,0.36,2024-04-18,1329,N,VIIRS,n,2,301.47,9.47,D,0
41.68612,-7.86419,340.73,0.58,0.52,2024-04-19,0147,N,VIIRS,n,2,279.36,6.68,N,0
41.69637,-7.87121,309.22,0.58,0.52,2024-04-19,0147,N,VIIRS,n,2,279.07,1.93,N,0
41.69585,-7.86334,306.32,0.58,0.52,2024-04-19,0147,N,VIIRS,n,2,278.14,1.93,N,0
41.69098,-7.8637,318.6,0.58,0.52,2024-04-19,0147,N,VIIRS,n,2,278.6,6.68,N,0
41.69049,-7.85621,295.59,0.58,0.52,2024-04-19,0147,N,VIIRS,n,2,276.82,0.57,N,0
41.33922,-6.69712,334.52,0.41,0.37,2024-04-19,1310,N,VIIRS,n,2,300.36,3.29,D,0
41.5933,-7.90868,298.98,0.51,0.66,2024-04-20,0128,N,VIIRS,n,2,272.87,1.12,N,0
41.67401,-8.29375,367,0.48,0.48,2024-04-20,1252,N,VIIRS,h,2,300.43,21.48,D,0
41.6716,-8.29719,335.49,0.62,0.71,2024-04-20,1432,N,VIIRS,n,2,293.56,11.28,D,0
41.67169,-8.28946,367,0.62,0.71,2024-04-20,1432,N,VIIRS,h,2,298.11,24.01,D,0
41.91016,-8.39113,331.34,0.62,0.71,2024-04-20,1432,N,VIIRS,n,2,292.12,9.07,D,0
41.90652,-8.39366,348.63,0.62,0.71,2024-04-20,1433,N,VIIRS,n,2,294.52,10.83,D,0
41.7387,-8.33562,318.79,0.5,0.41,2024-04-21,0250,N,VIIRS,n,2,286.55,5.73,N,0
41.74005,-8.34216,343.05,0.5,0.41,2024-04-21,0250,N,VIIRS,n,2,286.92,5.73,N,0
40.28883,-8.4212,296.17,0.53,0.42,2024-04-21,0250,N,VIIRS,n,2,284.64,0.95,N,2
39.68604,-8.90751,300.62,0.52,0.41,2024-04-21,0251,N,VIIRS,n,2,285.86,1.55,N,2
41.8925,-8.45123,331.39,0.41,0.61,2024-04-21,1233,N,VIIRS,n,2,296.04,5.36,D,0
41.89122,-8.45574,339.92,0.41,0.61,2024-04-21,1233,N,VIIRS,n,2,295.87,3.89,D,0
41.8901,-8.45356,367,0.41,0.61,2024-04-21,1233,N,VIIRS,h,2,298.1,5.51,D,0
41.50071,-8.18369,337.93,0.36,0.57,2024-04-21,1413,N,VIIRS,n,2,297.98,4.1,D,0
38.63143,-9.08008,298.98,0.39,0.36,2024-04-22,0232,N,VIIRS,n,2,282.72,0.87,N,2
37.95512,-8.80152,307.66,0.39,0.36,2024-04-22,0232,N,VIIRS,n,2,288.15,2.02,N,2
40.28789,-8.41978,301.69,0.39,0.36,2024-04-22,0232,N,VIIRS,n,2,284.75,0.75,N,2
39.68584,-8.90595,301.49,0.39,0.36,2024-04-22,0232,N,VIIRS,n,2,287.61,1.07,N,2
38.6307,-9.07568,299.96,0.39,0.36,2024-04-22,0232,N,VIIRS,n,2,283.84,0.45,N,2
37.95438,-8.79711,306.71,0.39,0.36,2024-04-22,0232,N,VIIRS,n,2,285.7,2.02,N,2
38.62741,-9.07656,297.42,0.39,0.36,2024-04-22,0232,N,VIIRS,n,2,282.98,0.45,N,2
37.95843,-8.80063,329.7,0.39,0.36,2024-04-22,0232,N,VIIRS,n,2,289.12,2.02,N,2
37.95769,-8.79622,327.13,0.39,0.36,2024-04-22,0232,N,VIIRS,n,2,286.66,2.02,N,0
40.6684,-7.86079,343.46,0.41,0.45,2024-04-22,1354,N,VIIRS,n,2,306.23,16.86,D,0
39.13844,-9.26645,342.73,0.51,0.41,2024-04-22,1354,N,VIIRS,n,2,301.69,10.34,D,0
42.00429,-8.56488,295.17,0.48,0.4,2024-04-23,0212,N,VIIRS,n,2,280.45,2.53,N,0
42.00494,-8.57046,336.9,0.48,0.4,2024-04-23,0212,N,VIIRS,n,2,279.98,2.53,N,0
41.66345,-7.911,300.09,0.45,0.39,2024-04-23,0212,N,VIIRS,n,2,276.31,1.05,N,0
41.99685,-8.56553,299.02,0.48,0.4,2024-04-23,0212,N,VIIRS,n,2,277.18,0.42,N,0
42.00123,-8.57084,312.25,0.48,0.4,2024-04-23,0212,N,VIIRS,n,2,279.03,2.53,N,0
38.63081,-9.07579,298.78,0.46,0.39,2024-04-23,0213,N,VIIRS,n,2,288.51,0.65,N,2
39.68547,-8.9092,297.33,0.46,0.39,2024-04-23,0213,N,VIIRS,n,2,286.37,0.76,N,2
39.1815,-7.28987,333.75,0.41,0.37,2024-04-23,0213,N,VIIRS,n,2,284.12,3.69,N,0
38.17513,-7.79013,336.54,0.4,0.37,2024-04-23,1335,N,VIIRS,n,2,303.35,2.36,D,0
41.11389,-7.93973,333.36,0.41,0.37,2024-04-23,1335,N,VIIRS,n,2,298.77,1.93,D,0
41.03929,-8.15846,346.31,0.41,0.37,2024-04-23,1335,N,VIIRS,n,2,293.79,6.42,D,0
39.00558,-9.26258,338.89,0.38,0.36,2024-04-23,1335,N,VIIRS,n,2,304.38,2.92,D,0
38.92183,-7.6572,332.55,0.4,0.37,2024-04-23,1335,N,VIIRS,n,2,297.39,2.2,D,0
38.053,-7.51252,332.08,0.4,0.37,2024-04-23,1335,N,VIIRS,n,2,300.08,2,D,0
41.60918,-6.80468,349.46,0.45,0.39,2024-04-23,1336,N,VIIRS,n,2,309.99,36.32,D,0
42.00414,-8.58062,330.96,0.4,0.37,2024-04-23,1336,N,VIIRS,n,2,299.26,24.77,D,0
42.00821,-8.57638,367,0.4,0.37,2024-04-23,1336,N,VIIRS,h,2,294.64,24.77,D,0
42.00763,-8.57941,343.3,0.4,0.37,2024-04-23,1336,N,VIIRS,n,2,293.33,8.05,D,0
42.0083,-8.5744,343.27,0.4,0.37,2024-04-23,1336,N,VIIRS,n,2,293.16,8.05,D,0
42.00482,-8.57567,353.08,0.4,0.37,2024-04-23,1336,N,VIIRS,n,2,321.82,24.77,D,0
41.99804,-8.57425,335.64,0.4,0.37,2024-04-23,1336,N,VIIRS,n,2,307.11,20.32,D,0
42.0021,-8.56999,335.17,0.4,0.37,2024-04-23,1336,N,VIIRS,n,2,302.2,8.67,D,0
42.00143,-8.57495,356.15,0.4,0.37,2024-04-23,1336,N,VIIRS,n,2,302.48,20.32,D,0
42.00077,-8.57983,351.63,0.4,0.37,2024-04-23,1336,N,VIIRS,n,2,301.31,20.32,D,0
41.61272,-6.8055,338.68,0.45,0.39,2024-04-23,1336,N,VIIRS,n,2,299.36,49.11,D,0
41.69196,-7.89454,314.06,0.48,0.48,2024-04-24,0153,N,VIIRS,n,2,273.02,2.19,N,0
41.54552,-8.14122,295.97,0.49,0.49,2024-04-24,0153,N,VIIRS,n,2,279.63,0.42,N,0
41.67408,-7.89698,317.41,0.48,0.48,2024-04-24,0153,N,VIIRS,n,2,276.19,4.71,N,0
41.67802,-7.88972,306.13,0.48,0.48,2024-04-24,0153,N,VIIRS,n,2,275.11,4.71,N,0
41.67854,-7.89613,337.96,0.48,0.48,2024-04-24,0153,N,VIIRS,n,2,278.88,4.71,N,0
41.35267,-8.67145,319.78,0.52,0.5,2024-04-24,0154,N,VIIRS,n,2,278.26,2.87,N,0
41.67636,-7.89181,328.6,0.58,0.7,2024-04-24,0334,N,VIIRS,n,2,275.23,4.2,N,0
41.69209,-7.89652,303.04,0.58,0.7,2024-04-24,0334,N,VIIRS,n,2,273.7,1.76,N,0
41.35054,-8.67165,298.05,0.55,0.68,2024-04-24,0334,N,VIIRS,n,2,277.47,0.68,N,0
41.67823,-7.89765,313.19,0.58,0.7,2024-04-24,0334,N,VIIRS,n,2,274.41,4.2,N,0
41.69281,-7.8974,295.05,0.58,0.7,2024-04-24,0334,N,VIIRS,n,2,273.96,1.19,N,0
41.69109,-7.8921,300.77,0.58,0.7,2024-04-24,0334,N,VIIRS,n,2,273.18,1.19,N,0
41.72356,-7.87605,326.12,0.4,0.37,2024-04-24,1317,N,VIIRS,n,2,293.72,1.5,D,0
41.69287,-7.89124,332.35,0.4,0.37,2024-04-24,1317,N,VIIRS,n,2,297.52,3.73,D,0
41.67873,-7.8918,329.13,0.4,0.37,2024-04-24,1317,N,VIIRS,n,2,301.3,2.66,D,0
37.15595,-8.37896,341.93,0.43,0.46,2024-04-27,1400,N,VIIRS,n,2,295,24.39,D,0
38.60061,-8.91095,332.64,0.42,0.45,2024-04-27,1400,N,VIIRS,n,2,296.44,3.12,D,0
39.68673,-8.90788,300.81,0.41,0.37,2024-04-28,0219,N,VIIRS,n,2,282.23,0.92,N,2
39.68553,-8.90572,296.41,0.43,0.46,2024-04-29,0200,N,VIIRS,n,2,281.86,0.87,N,2
37.95117,-8.79918,295.24,0.41,0.45,2024-04-29,0201,N,VIIRS,n,2,280.64,0.59,N,2
38.62909,-9.07945,303.99,0.43,0.46,2024-04-29,0201,N,VIIRS,n,2,284.33,0.77,N,2
41.49477,-8.31756,327.31,0.39,0.36,2024-04-29,1323,N,VIIRS,n,2,285.24,1.83,D,0
38.62928,-9.07909,295.5,0.5,0.49,2024-05-01,0303,N,VIIRS,n,2,283.43,0.58,N,2
38.62516,-9.08043,301.11,0.46,0.39,2024-05-02,0245,N,VIIRS,n,2,280.25,1.14,N,0
38.63022,-9.07802,305.98,0.39,0.36,2024-05-03,0226,N,VIIRS,n,2,285.09,1.04,N,2
38.0492,-7.43613,338.3,0.51,0.41,2024-05-03,1347,N,VIIRS,n,2,302.45,5.09,D,0
38.04714,-7.43452,334.93,0.51,0.41,2024-05-03,1347,N,VIIRS,n,2,301.5,5.87,D,0
37.95792,-8.80211,296.49,0.51,0.41,2024-05-04,0207,N,VIIRS,n,2,285,1.71,N,2
38.6306,-9.08014,301.68,0.53,0.42,2024-05-07,0251,N,VIIRS,n,2,276.97,0.83,N,2
38.65539,-7.687,338.94,0.36,0.57,2024-05-07,1412,N,VIIRS,n,2,301.11,2.64,D,0
40.28779,-8.41884,295.58,0.39,0.36,2024-05-08,0231,N,VIIRS,n,2,276.04,0.31,N,2
41.17557,-8.64711,339.1,0.4,0.37,2024-05-09,1335,N,VIIRS,l,2,311.34,3.94,D,0
41.65697,-6.78103,336.42,0.39,0.36,2024-05-10,1317,N,VIIRS,n,2,301.78,5.46,D,0
32.69805,-17.03047,303.89,0.39,0.36,2024-05-12,0259,N,VIIRS,n,2,284.48,0.48,N,0
41.9436,-8.58432,344.08,0.41,0.61,2024-05-12,1420,N,VIIRS,n,2,287.97,4.36,D,0
41.94342,-8.58882,336.48,0.41,0.61,2024-05-12,1420,N,VIIRS,n,2,289.74,4.36,D,0
38.62857,-9.07708,300.17,0.43,0.46,2024-05-15,0200,N,VIIRS,n,2,285.57,0.62,N,2
40.2888,-8.41859,297.85,0.46,0.39,2024-05-18,0244,N,VIIRS,n,2,283.28,0.62,N,2
38.62941,-9.0779,302.79,0.46,0.39,2024-05-18,0244,N,VIIRS,n,2,286.7,0.93,N,2
41.42571,-6.64367,326.18,0.35,0.57,2024-05-18,1407,N,VIIRS,n,2,284.58,1.39,D,0
41.44688,-7.66765,332.19,0.54,0.42,2024-05-19,1348,N,VIIRS,n,2,292,2.59,D,0
39.37677,-8.27526,337.14,0.6,0.71,2024-05-22,1431,N,VIIRS,n,2,292.41,13.94,D,0
39.38087,-8.27605,356.61,0.6,0.71,2024-05-22,1431,N,VIIRS,n,2,290.6,12.03,D,0
40.28718,-8.42005,295.7,0.52,0.42,2024-05-23,0250,N,VIIRS,n,2,281.18,1.06,N,2
41.61618,-8.68915,328.81,0.33,0.56,2024-05-23,1413,N,VIIRS,n,2,295.19,2.5,D,0
38.62915,-9.07697,308.87,0.39,0.36,2024-05-24,0232,N,VIIRS,n,2,289.19,0.89,N,2
39.82882,-7.18976,343.77,0.43,0.46,2024-05-24,1354,N,VIIRS,n,2,312.49,6.94,D,0
39.82593,-7.18795,344.28,0.43,0.46,2024-05-24,1354,N,VIIRS,n,2,312.05,4.28,D,0
39.11808,-9.10482,331.29,0.39,0.36,2024-05-25,1334,N,VIIRS,l,2,302.35,1.39,D,0
39.8054,-7.51339,337.81,0.41,0.37,2024-05-25,1335,N,VIIRS,n,2,307.26,2.82,D,0
39.51235,-9.09403,330.09,0.39,0.36,2024-05-25,1335,N,VIIRS,n,2,297.81,0.88,D,0
40.2896,-8.41592,295.43,0.35,0.57,2024-05-27,0315,N,VIIRS,n,2,284.07,0.39,N,0
38.92077,-9.00665,319.5,0.36,0.57,2024-05-27,0315,N,VIIRS,n,2,289.12,1.48,N,3
39.83002,-7.18423,343.67,0.4,0.44,2024-05-27,1257,N,VIIRS,n,2,300.33,5.05,D,0
41.96507,-8.68809,326.97,0.71,0.75,2024-05-27,1438,N,VIIRS,n,2,286.3,2.99,D,0
38.92091,-9.00432,307.68,0.41,0.45,2024-05-28,0256,N,VIIRS,n,2,289.36,1.19,N,3
40.2883,-8.41428,298.77,0.41,0.45,2024-05-28,0256,N,VIIRS,n,2,284.2,1.06,N,0
38.63055,-9.07466,308.11,0.41,0.45,2024-05-28,0257,N,VIIRS,n,2,289.24,1.32,N,0
41.28808,-8.08882,334.09,0.35,0.57,2024-05-28,1239,N,VIIRS,n,2,298.3,1.35,D,0
40.29369,-8.41566,297.53,0.41,0.37,2024-05-29,0237,N,VIIRS,n,2,286.16,0.9,N,0
38.92575,-9.00324,319.11,0.41,0.37,2024-05-29,0238,N,VIIRS,n,2,293.2,1.44,N,3
41.11045,-7.80568,327.19,0.58,0.69,2024-05-29,1220,N,VIIRS,l,2,298.72,5.65,D,0
41.11099,-7.80903,339.27,0.58,0.69,2024-05-29,1220,N,VIIRS,n,2,298.9,5.02,D,0
40.96789,-7.10434,336.85,0.54,0.68,2024-05-29,1220,N,VIIRS,n,2,300.04,3.88,D,0
40.97072,-7.10536,341.82,0.54,0.68,2024-05-29,1220,N,VIIRS,n,2,300.35,6.1,D,0
39.02396,-7.25615,342.8,0.51,0.49,2024-05-29,1359,N,VIIRS,n,2,308.81,11.11,D,0
39.02347,-7.26216,341.25,0.51,0.49,2024-05-29,1359,N,VIIRS,n,2,309.01,9.36,D,0
39.02308,-7.25943,353.99,0.51,0.49,2024-05-29,1400,N,VIIRS,n,2,311.48,19.54,D,0
41.1035,-7.7976,341.85,0.5,0.49,2024-05-29,1400,N,VIIRS,n,2,303.99,9.71,D,0
41.10297,-7.80421,337.82,0.5,0.49,2024-05-29,1400,N,VIIRS,n,2,306.86,9.71,D,0
41.10751,-7.80476,335.08,0.5,0.49,2024-05-29,1400,N,VIIRS,l,2,305.35,9.71,D,0
41.10323,-7.80133,342.61,0.5,0.49,2024-05-29,1400,N,VIIRS,n,2,308.05,17.82,D,0
41.10778,-7.80188,330.07,0.5,0.49,2024-05-29,1400,N,VIIRS,l,2,302.89,3.23,D,0
40.28888,-8.42064,302.53,0.39,0.36,2024-06-04,0225,N,VIIRS,n,2,289.46,0.88,N,2
38.63087,-9.07944,310.24,0.39,0.36,2024-06-04,0225,N,VIIRS,n,2,291,1.09,N,2
38.99788,-8.30998,350.68,0.48,0.4,2024-06-04,1347,N,VIIRS,n,2,292.53,19.83,D,0
38.99421,-8.3093,330.91,0.48,0.4,2024-06-04,1347,N,VIIRS,n,2,291.2,1.84,D,0
39.13519,-9.31038,302.03,0.56,0.51,2024-06-07,0309,N,VIIRS,n,2,267.01,1.24,N,0
38.63046,-9.07652,303.65,0.39,0.36,2024-06-09,0231,N,VIIRS,n,2,287.75,0.84,N,2
38.63129,-9.08021,302.98,0.53,0.5,2024-06-11,0153,N,VIIRS,n,2,287.16,1.05,N,2
38.62909,-9.08019,305.26,0.53,0.5,2024-06-11,0153,N,VIIRS,n,2,287.42,1.11,N,2
39.44967,-8.52759,345.08,0.45,0.39,2024-06-11,1315,N,VIIRS,n,2,304.99,14.45,D,0
39.44825,-8.52969,347.46,0.45,0.39,2024-06-11,1315,N,VIIRS,n,2,306.23,15.55,D,0
37.65622,-7.8986,353.02,0.74,0.76,2024-06-12,1437,N,VIIRS,n,2,306.29,13.52,D,0
37.65633,-7.8898,338.26,0.74,0.76,2024-06-12,1437,N,VIIRS,n,2,304.89,13.08,D,0
37.64916,-7.89014,351.23,0.74,0.76,2024-06-12,1437,N,VIIRS,n,2,303.97,13.08,D,0
37.65829,-7.90016,350.93,0.74,0.76,2024-06-12,1437,N,VIIRS,n,2,306.49,10.12,D,0
37.65836,-7.89128,339.06,0.74,0.76,2024-06-12,1437,N,VIIRS,n,2,305.58,10.12,D,0
37.65119,-7.89146,352.93,0.74,0.76,2024-06-12,1437,N,VIIRS,n,2,305.03,10.12,D,0
37.65126,-7.88285,335.01,0.74,0.76,2024-06-12,1437,N,VIIRS,n,2,300.26,14.19,D,0
40.83263,-8.37527,330.58,0.72,0.75,2024-06-12,1438,N,VIIRS,n,2,290.62,3.35,D,0
39.06688,-9.00599,317.18,0.4,0.44,2024-06-13,0256,N,VIIRS,n,2,286.08,0.9,N,0
39.06288,-9.00738,298.33,0.4,0.44,2024-06-13,0256,N,VIIRS,n,2,285.6,0.46,N,0
39.11804,-9.10606,331.06,0.36,0.57,2024-06-13,1418,N,VIIRS,n,2,299.59,2.09,D,0
38.62915,-9.07501,299.84,0.41,0.37,2024-06-14,0237,N,VIIRS,n,2,287.85,0.52,N,0
40.28866,-8.41855,301.35,0.41,0.37,2024-06-14,0237,N,VIIRS,n,2,286.98,0.94,N,2
38.62996,-9.07961,301.84,0.41,0.37,2024-06-14,0237,N,VIIRS,n,2,289.48,0.73,N,2
38.89042,-8.74786,342.02,0.42,0.45,2024-06-14,1359,N,VIIRS,n,2,296.93,2.98,D,0
39.61509,-7.65676,347.23,0.48,0.48,2024-06-14,1359,N,VIIRS,n,2,298.55,74.63,D,0
38.8946,-8.74846,335.29,0.42,0.45,2024-06-14,1359,N,VIIRS,n,2,296.68,2.98,D,0
40.28787,-8.42186,297.75,0.41,0.37,2024-06-15,0218,N,VIIRS,n,2,284.92,0.6,N,2
38.63098,-9.07821,300.54,0.42,0.37,2024-06-15,0218,N,VIIRS,n,2,287.52,0.55,N,2
41.1813,-7.12533,337.51,0.48,0.4,2024-06-15,1341,N,VIIRS,n,2,304.63,6.89,D,0
40.28804,-8.41924,295.97,0.42,0.45,2024-06-16,0159,N,VIIRS,n,2,284.84,0.66,N,2
38.63055,-9.08071,298.71,0.44,0.46,2024-06-16,0200,N,VIIRS,n,2,287.61,0.49,N,2
37.54887,-8.26421,297.5,0.39,0.44,2024-06-16,0200,N,VIIRS,n,2,285.1,0.47,N,0
38.63063,-9.07851,301.63,0.39,0.6,2024-06-17,0141,N,VIIRS,n,2,287.77,0.84,N,2
37.9769,-8.82746,300.17,0.39,0.36,2024-06-20,0225,N,VIIRS,n,2,286.16,0.36,N,0
38.62891,-9.07643,300.36,0.55,0.43,2024-06-21,0206,N,VIIRS,n,2,287.14,0.88,N,2
39.86771,-7.07269,338.17,0.39,0.36,2024-06-21,1328,N,VIIRS,n,2,307.3,3.71,D,0
39.82401,-7.19709,346.53,0.45,0.39,2024-06-22,1309,N,VIIRS,n,2,293.95,11.97,D,0
37.69518,-8.07455,355.25,0.59,0.7,2024-06-23,1430,N,VIIRS,n,2,303.51,10.65,D,0
37.69323,-8.07061,345.52,0.59,0.7,2024-06-23,1430,N,VIIRS,n,2,303.34,10.33,D,0
40.28971,-8.42025,303.6,0.52,0.41,2024-06-24,0249,N,VIIRS,n,2,290.62,1.07,N,2
38.62883,-9.07809,306.1,0.52,0.41,2024-06-24,0250,N,VIIRS,n,2,294,1.21,N,2
38.9322,-7.44279,331.46,0.46,0.63,2024-06-24,1231,N,VIIRS,l,2,302.63,4.04,D,0
40.89662,-6.89072,337.37,0.4,0.6,2024-06-24,1412,N,VIIRS,n,2,301.26,3.09,D,0
38.43983,-7.46234,329.19,0.41,0.37,2024-06-25,0231,N,VIIRS,n,2,291.95,4.3,N,0
38.62946,-9.07938,302.61,0.39,0.36,2024-06-25,0231,N,VIIRS,n,2,291.5,1.34,N,2
38.43901,-7.45774,310.45,0.41,0.37,2024-06-25,0231,N,VIIRS,n,2,291.32,1.91,N,0
38.43801,-7.4571,334.99,0.4,0.44,2024-06-25,1352,N,VIIRS,l,2,309.51,3.02,D,0
41.44865,-7.66713,336.75,0.42,0.45,2024-06-25,1353,N,VIIRS,n,2,302.26,3.92,D,0
38.63028,-9.08056,311.21,0.47,0.4,2024-06-26,0212,N,VIIRS,n,2,289.3,1.05,N,2
38.49268,-28.5147,298.39,0.4,0.37,2024-06-26,0353,N,VIIRS,n,2,285.54,0.35,N,0
39.68755,-8.90678,297.4,0.53,0.5,2024-06-27,0153,N,VIIRS,n,2,285.79,1.42,N,0
42.00602,-8.60839,338.39,0.47,0.64,2024-06-28,0133,N,VIIRS,n,2,286.92,3.82,N,0
42.00578,-8.60037,310.83,0.47,0.64,2024-06-28,0133,N,VIIRS,n,2,285.67,3.82,N,0
41.99967,-8.61321,332.91,0.61,0.54,2024-06-28,0314,N,VIIRS,n,2,287.6,54,N,0
42.00455,-8.56774,297.09,0.61,0.54,2024-06-28,0314,N,VIIRS,n,2,280.08,0.76,N,0
42.00889,-8.60422,311.5,0.61,0.54,2024-06-28,0314,N,VIIRS,n,2,287.74,59.5,N,0
42.00728,-8.59816,310.05,0.61,0.54,2024-06-28,0314,N,VIIRS,n,2,287.18,4.49,N,0
42.00022,-8.57142,297.49,0.61,0.54,2024-06-28,0314,N,VIIRS,n,2,278.3,0.52,N,0
42.00566,-8.6121,339.55,0.61,0.53,2024-06-28,0314,N,VIIRS,n,2,296.38,59.5,N,0
42.00401,-8.60587,347.45,0.61,0.54,2024-06-28,0314,N,VIIRS,n,2,298.05,59.5,N,0
42.00241,-8.59979,314.83,0.61,0.54,2024-06-28,0314,N,VIIRS,n,2,287.55,4.49,N,0
41.99571,-8.57446,295.38,0.61,0.54,2024-06-28,0314,N,VIIRS,n,2,279.27,0.52,N,0
42.00772,-8.60341,317.24,0.61,0.54,2024-06-28,0314,N,VIIRS,n,2,288.03,2.72,N,0
42.00615,-8.59734,307.88,0.61,0.54,2024-06-28,0314,N,VIIRS,n,2,287.1,2.72,N,0
42.00447,-8.6113,333.84,0.61,0.54,2024-06-28,0314,N,VIIRS,n,2,298.44,54,N,0
42.00286,-8.60506,347.23,0.61,0.54,2024-06-28,0314,N,VIIRS,n,2,297.14,30.56,N,0
42.00614,-8.61778,301.86,0.61,0.53,2024-06-28,0314,N,VIIRS,n,2,287.38,54,N,0
42.00129,-8.599,305.91,0.61,0.54,2024-06-28,0314,N,VIIRS,n,2,287.28,30.56,N,0
41.99802,-8.60683,307.7,0.61,0.54,2024-06-28,0314,N,VIIRS,n,2,287.24,30.56,N,0
40.94384,-8.40407,303.96,0.33,0.56,2024-06-28,0314,N,VIIRS,n,2,286.07,0.47,N,0
39.6862,-8.90854,305.28,0.42,0.38,2024-07-01,0218,N,VIIRS,n,2,287.68,1.47,N,2
38.62183,-9.07447,298.66,0.42,0.37,2024-07-01,0219,N,VIIRS,n,2,288.31,0.6,N,0
38.62934,-9.07775,307.17,0.42,0.37,2024-07-01,0219,N,VIIRS,n,2,289.72,1.19,N,2
32.70768,-17.02085,297.97,0.74,0.76,2024-07-01,0401,N,VIIRS,n,2,284.43,1.41,N,0
32.71066,-17.019,297.17,0.75,0.77,2024-07-01,0401,N,VIIRS,n,2,283.38,1.39,N,0
38.54051,-28.69435,330.02,0.71,0.75,2024-07-01,1341,N,VIIRS,n,2,293.57,5.92,D,0
38.54037,-28.70001,337.79,0.45,0.47,2024-07-01,1521,N,VIIRS,n,2,298.71,2.78,D,0
38.0669,-7.79901,329.17,0.56,0.43,2024-07-02,0200,N,VIIRS,n,2,290.71,2.02,N,0
40.28761,-8.42288,301.2,0.37,0.58,2024-07-03,0140,N,VIIRS,n,2,290.26,0.6,N,0
38.62931,-9.08087,303.46,0.39,0.59,2024-07-03,0141,N,VIIRS,n,2,293.31,1.14,N,2
38.37573,-8.31961,349.97,0.41,0.45,2024-07-03,1302,N,VIIRS,n,2,312.36,8.49,D,0
38.34552,-8.5004,341.84,0.42,0.45,2024-07-03,1302,N,VIIRS,n,2,311.49,9.5,D,0
38.37976,-8.32107,348.51,0.41,0.45,2024-07-03,1302,N,VIIRS,n,2,315.62,8.49,D,0
38.34243,-8.49438,343.55,0.42,0.45,2024-07-03,1302,N,VIIRS,l,2,313.72,74.29,D,0
39.12735,-8.80789,357.76,0.36,0.58,2024-07-04,1244,N,VIIRS,l,2,309.47,4.38,D,0
39.12842,-8.80388,336.39,0.36,0.57,2024-07-04,1244,N,VIIRS,l,2,307.73,4.38,D,0
39.12358,-8.80859,350.13,0.36,0.58,2024-07-04,1244,N,VIIRS,n,2,310.09,4.03,D,0
39.12463,-8.80454,356.61,0.36,0.58,2024-07-04,1244,N,VIIRS,n,2,308.57,4.03,D,0
41.74098,-8.85957,341.4,0.62,0.54,2024-07-04,1245,N,VIIRS,n,2,298.8,16.62,D,0
38.93604,-7.16887,347.91,0.56,0.68,2024-07-04,1424,N,VIIRS,n,2,310.41,39.73,D,0
38.94268,-7.1619,367,0.56,0.69,2024-07-04,1424,N,VIIRS,h,2,305.79,19.73,D,0
38.94248,-7.16892,339.4,0.56,0.68,2024-07-04,1424,N,VIIRS,n,2,307.99,12.11,D,0
38.93643,-7.15515,349.63,0.56,0.69,2024-07-04,1424,N,VIIRS,n,2,306.84,69.68,D,0
38.94286,-7.16476,346.95,0.56,0.69,2024-07-04,1424,N,VIIRS,n,2,305.44,8.51,D,0
38.93623,-7.16203,353.77,0.56,0.69,2024-07-04,1424,N,VIIRS,n,2,322.16,69.68,D,0
38.93658,-7.15795,367,0.56,0.69,2024-07-04,1424,N,VIIRS,h,2,311.88,88.34,D,0
39.68593,-8.90958,304.2,0.44,0.39,2024-07-05,0243,N,VIIRS,n,2,291.08,1.5,N,2
40.28899,-8.42027,306.91,0.45,0.39,2024-07-05,0243,N,VIIRS,n,2,293.06,0.96,N,2
38.63107,-9.07904,305.82,0.45,0.39,2024-07-05,0244,N,VIIRS,n,2,294.14,0.59,N,2
41.25274,-8.55532,307.28,0.39,0.36,2024-07-06,0224,N,VIIRS,n,2,287.7,1.44,N,0
38.1422,-7.2279,354.32,0.52,0.41,2024-07-06,1346,N,VIIRS,n,2,314.48,17.34,D,0
38.14539,-7.23454,344.76,0.52,0.41,2024-07-06,1346,N,VIIRS,n,2,313.21,5.96,D,0
38.14156,-7.23393,346.56,0.52,0.41,2024-07-06,1346,N,VIIRS,n,2,314.71,5.96,D,0
38.13837,-7.22727,354.39,0.52,0.41,2024-07-06,1346,N,VIIRS,n,2,314.65,7.38,D,0
39.68618,-8.90477,298.25,0.55,0.43,2024-07-07,0206,N,VIIRS,n,2,286.31,1.11,N,2
38.62729,-9.07717,298.17,0.54,0.42,2024-07-07,0206,N,VIIRS,n,2,287.42,0.95,N,2
39.3569,-8.21669,345.48,0.38,0.36,2024-07-07,1328,N,VIIRS,n,2,306.92,7.51,D,0
38.62753,-9.0804,298.88,0.32,0.54,2024-07-08,0147,N,VIIRS,n,2,287.45,0.53,N,2
39.68422,-8.90647,296.17,0.32,0.55,2024-07-08,0147,N,VIIRS,n,2,285.13,0.88,N,2
37.76368,-8.20374,348.83,0.53,0.42,2024-07-08,1309,N,VIIRS,n,2,315.5,24.09,D,0
37.7599,-8.20255,338.06,0.53,0.42,2024-07-08,1309,N,VIIRS,l,2,312.43,24.09,D,0
41.26986,-8.62683,332.12,0.48,0.4,2024-07-08,1310,N,VIIRS,n,2,299.01,7.02,D,0
41.16833,-7.91031,337.66,0.45,0.39,2024-07-08,1310,N,VIIRS,n,2,297.27,91.17,D,0
41.16381,-7.91441,339.34,0.45,0.39,2024-07-08,1310,N,VIIRS,n,2,307.85,91.17,D,0
41.16121,-7.90841,353.14,0.45,0.39,2024-07-08,1310,N,VIIRS,n,2,304.29,73.49,D,0
41.27095,-8.62123,337.33,0.48,0.4,2024-07-08,1310,N,VIIRS,n,2,306.66,24.91,D,0
40.28923,-8.41866,297.43,0.41,0.37,2024-07-17,0218,N,VIIRS,n,2,282.92,0.42,N,2
37.9341,-8.75861,349.6,0.42,0.38,2024-07-18,1321,N,VIIRS,n,2,312.22,24.08,D,0
39.64155,-8.56192,335.63,0.4,0.37,2024-07-18,1322,N,VIIRS,n,2,308.13,2.28,D,0
39.64234,-8.55729,334.88,0.4,0.37,2024-07-18,1322,N,VIIRS,n,2,307.47,3.2,D,0
41.08538,-8.32689,331.66,0.39,0.36,2024-07-18,1322,N,VIIRS,n,2,301.22,2.19,D,0
39.04977,-28.03301,330.34,0.45,0.39,2024-07-18,1503,N,VIIRS,n,2,301.75,2.54,D,0
39.68525,-8.91,299.56,0.39,0.59,2024-07-19,0141,N,VIIRS,n,2,289.05,0.81,N,2
38.75125,-9.43268,349.95,0.68,0.74,2024-07-21,1226,N,VIIRS,n,2,293.3,20.59,D,0
38.74203,-9.43814,367,0.68,0.74,2024-07-21,1226,N,VIIRS,h,2,297.99,20.59,D,0
38.74871,-9.44068,353.39,0.68,0.74,2024-07-21,1226,N,VIIRS,n,2,295.29,20.59,D,0
38.74446,-9.43047,330.48,0.68,0.74,2024-07-21,1226,N,VIIRS,n,2,294.04,20.59,D,0
38.74202,-9.43979,354.87,0.68,0.74,2024-07-21,1226,N,VIIRS,n,2,296.7,28.1,D,0
38.75134,-9.43417,367,0.67,0.74,2024-07-21,1226,N,VIIRS,h,2,294.37,28.79,D,0
38.74871,-9.4423,354.38,0.68,0.74,2024-07-21,1226,N,VIIRS,n,2,293.81,23.56,D,0
38.74452,-9.43205,352.22,0.67,0.74,2024-07-21,1226,N,VIIRS,n,2,294.95,30.08,D,0
38.74704,-9.44256,355.86,0.47,0.48,2024-07-21,1406,N,VIIRS,n,2,301.39,35.96,D,0
38.73777,-9.44641,300.64,0.47,0.48,2024-07-21,1406,N,VIIRS,l,2,303.46,36.86,D,0
40.64977,-8.47336,353.49,0.55,0.51,2024-07-21,1406,N,VIIRS,n,2,297.5,14.13,D,0
38.73822,-9.44104,367,0.47,0.48,2024-07-21,1406,N,VIIRS,l,2,330.67,55.9,D,0
38.7338,-9.44038,353.04,0.47,0.48,2024-07-21,1406,N,VIIRS,n,2,303.24,55.9,D,0
38.74263,-9.44176,353.63,0.47,0.48,2024-07-21,1406,N,VIIRS,n,2,317.24,35.96,D,0
38.74218,-9.44713,332.53,0.47,0.48,2024-07-21,1406,N,VIIRS,n,2,298.12,17.12,D,0
41.25467,-8.55548,302.56,0.39,0.36,2024-07-22,0225,N,VIIRS,n,2,290.44,0.75,N,0
40.28846,-8.42089,303.6,0.39,0.36,2024-07-22,0225,N,VIIRS,n,2,289.42,1.07,N,2
41.44461,-7.66759,343.39,0.54,0.42,2024-07-22,1348,N,VIIRS,n,2,308.39,4.56,D,0
41.59365,-8.17123,317.99,0.53,0.42,2024-07-23,0206,N,VIIRS,n,2,294.63,14.34,N,0
41.59681,-8.1639,315.25,0.53,0.42,2024-07-23,0206,N,VIIRS,n,2,294.27,13.23,N,0
41.59299,-8.16496,326.45,0.53,0.42,2024-07-23,0206,N,VIIRS,n,2,300.36,13.23,N,0
39.69143,-8.8067,344.48,0.39,0.36,2024-07-23,1328,N,VIIRS,n,2,309.72,43.05,D,0
39.69731,-8.81292,347.16,0.39,0.36,2024-07-23,1328,N,VIIRS,n,2,307.04,7.49,D,0
39.61829,-8.7559,331.81,0.39,0.36,2024-07-23,1328,N,VIIRS,n,2,306.58,35.13,D,0
39.61899,-8.75145,367,0.39,0.36,2024-07-23,1328,N,VIIRS,h,2,335.43,35.13,D,0
39.56478,-7.82151,347.17,0.38,0.36,2024-07-23,1328,N,VIIRS,n,2,321.03,10.69,D,0
39.69473,-8.80757,344.72,0.39,0.36,2024-07-23,1328,N,VIIRS,n,2,313.56,43.05,D,0
39.62228,-8.75233,349.14,0.39,0.36,2024-07-23,1328,N,VIIRS,n,2,311.69,35.13,D,0
41.30161,-7.59464,342.55,0.39,0.36,2024-07-23,1329,N,VIIRS,l,2,316.78,28.29,D,0
41.32288,-8.61056,318.08,0.63,0.54,2024-07-24,0147,N,VIIRS,n,2,291.3,2.72,N,0
41.32166,-8.61192,322.77,0.63,0.54,2024-07-24,0147,N,VIIRS,n,2,291.35,2.19,N,0
40.29131,-8.42154,303.03,0.5,0.66,2024-07-24,0327,N,VIIRS,n,2,292.73,0.99,N,2
41.32361,-8.61458,367,0.46,0.64,2024-07-24,0327,N,VIIRS,h,2,300.71,26.43,N,0
41.32515,-8.61978,301.13,0.46,0.64,2024-07-24,0327,N,VIIRS,n,2,290.42,21.49,N,0
41.32208,-8.60941,331.43,0.46,0.64,2024-07-24,0327,N,VIIRS,n,2,293.46,26.43,N,0
41.87265,-8.79428,309.06,0.62,0.54,2024-07-30,0315,N,VIIRS,n,2,288.34,3.56,N,0
41.87356,-8.79521,330.36,0.62,0.54,2024-07-30,0315,N,VIIRS,n,2,288.51,3.2,N,0
41.87539,-8.80212,307.66,0.62,0.54,2024-07-30,0315,N,VIIRS,n,2,287.45,3.13,N,0
41.87442,-8.80112,330.3,0.62,0.54,2024-07-30,0315,N,VIIRS,n,2,287.57,3.56,N,0
39.68498,-8.90784,308.07,0.35,0.57,2024-07-30,0315,N,VIIRS,n,2,291.08,1.08,N,2
41.89254,-8.45598,300.58,0.57,0.43,2024-07-31,0256,N,VIIRS,n,2,288.89,1.29,N,0
41.77071,-7.45555,341.66,0.38,0.36,2024-08-03,1323,N,VIIRS,n,2,312.53,21.57,D,0
41.77,-7.46013,335.18,0.38,0.36,2024-08-03,1323,N,VIIRS,l,2,309.3,21.57,D,0
41.77399,-7.45644,340.63,0.38,0.36,2024-08-03,1323,N,VIIRS,n,2,314.68,21.57,D,0
41.87899,-8.76257,338.15,0.39,0.36,2024-08-03,1323,N,VIIRS,n,2,304.97,15.76,D,0
41.8757,-8.76152,343.94,0.39,0.36,2024-08-03,1323,N,VIIRS,n,2,312.95,15.76,D,0
41.16646,-7.94412,305.95,0.62,0.71,2024-08-05,0122,N,VIIRS,n,2,289.48,1.03,N,0
41.16661,-7.95294,302.54,0.62,0.71,2024-08-05,0122,N,VIIRS,n,2,289.47,1.97,N,0
41.16891,-7.94588,321.11,0.62,0.71,2024-08-05,0122,N,VIIRS,n,2,290.52,3.09,N,0
38.32095,-7.7893,348.56,0.33,0.55,2024-08-05,1244,N,VIIRS,n,2,310.58,2.94,D,0
40.67099,-8.73652,335.1,0.32,0.55,2024-08-05,1245,N,VIIRS,n,2,296.55,2.68,D,0
40.67182,-8.73654,334.35,0.32,0.55,2024-08-05,1245,N,VIIRS,n,2,296.16,3.45,D,0
41.58894,-8.17796,367,0.52,0.67,2024-08-05,1426,N,VIIRS,h,2,299.28,21.46,D,0
41.58879,-8.18447,350.66,0.52,0.67,2024-08-05,1426,N,VIIRS,n,2,304.7,21.46,D,0
37.04369,-7.85475,340.56,0.55,0.51,2024-08-06,1405,N,VIIRS,n,2,308.55,7.6,D,0
37.04419,-7.84847,342.9,0.55,0.51,2024-08-06,1405,N,VIIRS,n,2,308.37,12.07,D,0
37.04383,-7.85069,349.96,0.55,0.51,2024-08-06,1406,N,VIIRS,n,2,309.57,16.81,D,0
40.65436,-7.30742,367,0.32,0.55,2024-08-06,1406,N,VIIRS,h,2,316.94,97.32,D,0
40.65392,-7.31456,342.56,0.32,0.55,2024-08-06,1406,N,VIIRS,n,2,306.99,15.39,D,0
38.6291,-9.07761,313.82,0.39,0.36,2024-08-07,0225,N,VIIRS,n,2,295.21,1.29,N,2
40.86367,-8.63449,334.72,0.49,0.4,2024-08-07,1348,N,VIIRS,n,2,303.58,4.6,D,0
41.37183,-7.14517,341.29,0.38,0.43,2024-08-07,1348,N,VIIRS,n,2,309.78,3.18,D,0
38.78278,-27.19305,299.93,0.43,0.38,2024-08-09,0329,N,VIIRS,n,2,289.53,0.88,N,0
38.52835,-8.83436,345.17,0.54,0.42,2024-08-09,1309,N,VIIRS,n,2,308.78,5.66,D,0
40.58297,-8.63017,334.83,0.49,0.4,2024-08-09,1310,N,VIIRS,n,2,304,3.61,D,0
41.71302,-7.8329,335.64,0.44,0.38,2024-08-09,1310,N,VIIRS,n,2,307.13,4.25,D,0
41.55294,-8.03509,343.37,0.47,0.48,2024-08-10,1251,N,VIIRS,n,2,304.65,7.78,D,0
38.46335,-7.75503,342.15,0.64,0.72,2024-08-10,1431,N,VIIRS,n,2,304.18,11.95,D,0
41.63551,-6.40716,315.07,0.75,0.77,2024-08-11,0109,N,VIIRS,n,2,289.97,2.99,N,0
41.9446,-8.45173,305,0.49,0.41,2024-08-11,0250,N,VIIRS,n,2,291.96,0.74,N,0
41.94834,-8.45091,313.46,0.49,0.41,2024-08-11,0250,N,VIIRS,n,2,293.46,0.95,N,0
41.9521,-8.45017,303.07,0.49,0.41,2024-08-11,0250,N,VIIRS,n,2,292.7,0.95,N,0
41.63579,-6.40658,306.32,0.41,0.45,2024-08-11,0250,N,VIIRS,n,2,292.86,1.43,N,0
41.90167,-6.77602,326.19,0.39,0.44,2024-08-11,0250,N,VIIRS,n,2,294.68,3.36,N,0
41.90357,-6.78477,339.94,0.39,0.44,2024-08-11,0250,N,VIIRS,n,2,294.52,5.49,N,0
39.36018,-7.95155,331.33,0.46,0.63,2024-08-11,1232,N,VIIRS,n,2,300.1,3.62,D,0
40.58583,-7.63225,332.98,0.41,0.6,2024-08-11,1232,N,VIIRS,n,2,301.97,4.32,D,0
41.62355,-6.39162,367,0.33,0.56,2024-08-11,1233,N,VIIRS,h,2,311.35,34.77,D,0
41.62253,-6.39549,340.15,0.33,0.56,2024-08-11,1233,N,VIIRS,n,2,310.41,16.3,D,0
41.64324,-6.38245,352,0.44,0.63,2024-08-11,1413,N,VIIRS,n,2,300.71,11.23,D,0
41.8733,-6.91109,367,0.42,0.61,2024-08-11,1413,N,VIIRS,h,2,306.29,12.07,D,0
41.87218,-6.91207,367,0.42,0.61,2024-08-11,1413,N,VIIRS,h,2,306.71,7.88,D,0
41.78841,-7.29658,353.5,0.4,0.6,2024-08-11,1413,N,VIIRS,n,2,298.13,5.56,D,0
41.65066,-6.33831,330.86,0.45,0.63,2024-08-11,1413,N,VIIRS,n,2,285.43,3.51,D,0
41.64479,-6.33781,331.3,0.45,0.63,2024-08-11,1413,N,VIIRS,n,2,290.76,3.51,D,0
41.6372,-6.38729,316.09,0.44,0.63,2024-08-11,1413,N,VIIRS,l,2,319.34,85.48,D,0
41.637,-6.39289,351.14,0.44,0.63,2024-08-11,1413,N,VIIRS,n,2,304.2,85.48,D,0
41.63758,-6.37635,354.58,0.44,0.63,2024-08-11,1413,N,VIIRS,n,2,299.47,137.78,D,0
41.63911,-6.33215,331.18,0.45,0.63,2024-08-11,1413,N,VIIRS,n,2,285.66,3.46,D,0
41.63739,-6.38184,367,0.44,0.63,2024-08-11,1413,N,VIIRS,h,2,338.72,137.78,D,0
41.63135,-6.38672,208,0.44,0.63,2024-08-11,1413,N,VIIRS,l,2,319.38,85.48,D,0
41.63173,-6.37568,347.13,0.44,0.63,2024-08-11,1413,N,VIIRS,n,2,299.59,137.78,D,0
41.63193,-6.37003,330.21,0.45,0.63,2024-08-11,1413,N,VIIRS,l,2,300.49,13.11,D,0
41.63116,-6.39224,367,0.44,0.63,2024-08-11,1413,N,VIIRS,h,2,303.77,85.48,D,0
41.63154,-6.38123,367,0.44,0.63,2024-08-11,1413,N,VIIRS,h,2,331.13,137.78,D,0
41.62551,-6.38593,208,0.44,0.63,2024-08-11,1413,N,VIIRS,l,2,314.98,52.87,D,0
41.62589,-6.375,332.95,0.44,0.63,2024-08-11,1413,N,VIIRS,n,2,301.33,73.44,D,0
41.62533,-6.39144,367,0.44,0.63,2024-08-11,1413,N,VIIRS,h,2,303.69,52.87,D,0
41.6257,-6.38049,367,0.44,0.63,2024-08-11,1413,N,VIIRS,h,2,306.87,73.44,D,0
41.61949,-6.39068,341.66,0.44,0.63,2024-08-11,1413,N,VIIRS,n,2,303.11,52.87,D,0
41.29307,-8.27127,352.63,0.35,0.57,2024-08-11,1413,N,VIIRS,n,2,299.82,6.89,D,0
41.29438,-8.27213,367,0.35,0.57,2024-08-11,1413,N,VIIRS,h,2,299.65,7.3,D,0
41.87797,-6.75779,333.35,0.4,0.37,2024-08-12,0231,N,VIIRS,n,2,292.33,2.94,N,0
41.65815,-6.35794,304.9,0.41,0.37,2024-08-12,0231,N,VIIRS,n,2,289.24,1,N,0
41.65726,-6.35306,312.81,0.41,0.37,2024-08-12,0231,N,VIIRS,n,2,289.43,1,N,0
41.65464,-6.33853,308.84,0.41,0.37,2024-08-12,0231,N,VIIRS,n,2,289.48,2.07,N,0
41.888,-6.75487,307.03,0.4,0.37,2024-08-12,0231,N,VIIRS,n,2,293.22,11.72,N,0
41.88627,-6.74502,317.9,0.4,0.37,2024-08-12,0231,N,VIIRS,n,2,292.93,2.87,N,0
41.89882,-6.75651,303.47,0.4,0.37,2024-08-12,0231,N,VIIRS,n,2,293.15,1.94,N,0
41.88552,-6.76077,324.41,0.4,0.37,2024-08-12,0231,N,VIIRS,n,2,292.36,5.24,N,0
41.89967,-6.76141,329.64,0.4,0.37,2024-08-12,0231,N,VIIRS,n,2,296.89,1.94,N,0
41.88466,-6.75588,355.1,0.4,0.37,2024-08-12,0231,N,VIIRS,n,2,304.6,24.75,N,0
41.8838,-6.75095,336.39,0.4,0.37,2024-08-12,0231,N,VIIRS,n,2,299.8,24.75,N,0
41.88132,-6.75684,337.77,0.4,0.37,2024-08-12,0231,N,VIIRS,n,2,307,24.75,N,0
41.90051,-6.76622,344.19,0.4,0.37,2024-08-12,0231,N,VIIRS,n,2,293.77,4.94,N,0
41.90464,-6.7698,305.9,0.4,0.37,2024-08-12,0231,N,VIIRS,n,2,293.2,3.16,N,0
41.90298,-6.76027,335,0.4,0.37,2024-08-12,0231,N,VIIRS,n,2,296.04,4.13,N,0
41.90382,-6.76506,338.17,0.4,0.37,2024-08-12,0231,N,VIIRS,n,2,295.45,3.16,N,0
41.88046,-6.75196,335.35,0.4,0.37,2024-08-12,0231,N,VIIRS,n,2,298.1,24.75,N,0
41.8796,-6.74703,319.41,0.4,0.37,2024-08-12,0231,N,VIIRS,n,2,292.57,1.79,N,0
41.87712,-6.75292,323.27,0.4,0.37,2024-08-12,0231,N,VIIRS,n,2,291.98,2.94,N,0
41.89389,-6.76849,340.69,0.4,0.37,2024-08-12,0231,N,VIIRS,n,2,295.57,19.23,N,0
41.89046,-6.74889,332.61,0.4,0.37,2024-08-12,0231,N,VIIRS,n,2,298.12,11.72,N,0
41.89472,-6.77326,320.74,0.4,0.37,2024-08-12,0231,N,VIIRS,n,2,311.96,19.23,N,0
41.89554,-6.77794,348.17,0.4,0.37,2024-08-12,0231,N,VIIRS,n,2,296.68,27.84,N,0
41.89379,-6.74783,304.64,0.4,0.37,2024-08-12,0231,N,VIIRS,n,2,292.19,7.63,N,0
41.8955,-6.75764,306.18,0.4,0.37,2024-08-12,0231,N,VIIRS,n,2,294.28,1.94,N,0
41.62384,-6.38059,322.33,0.41,0.37,2024-08-12,0231,N,VIIRS,n,2,290.9,2.07,N,0
41.62461,-6.36499,305.05,0.41,0.37,2024-08-12,0231,N,VIIRS,n,2,289.92,0.85,N,0
41.77207,-7.16821,315.41,0.4,0.37,2024-08-12,0231,N,VIIRS,n,2,290.01,1.78,N,0
41.6539,-6.35413,314.33,0.41,0.37,2024-08-12,0231,N,VIIRS,n,2,289.68,1.97,N,0
41.88961,-6.74399,322.17,0.4,0.37,2024-08-12,0231,N,VIIRS,n,2,292.18,2.87,N,0
41.88713,-6.74994,336.67,0.4,0.37,2024-08-12,0231,N,VIIRS,n,2,301.58,11.72,N,0
41.89803,-6.77216,306.32,0.4,0.37,2024-08-12,0231,N,VIIRS,n,2,292.47,4.94,N,0
41.89465,-6.75274,346.05,0.4,0.37,2024-08-12,0231,N,VIIRS,n,2,300.56,7.63,N,0
41.89885,-6.77684,333.49,0.4,0.37,2024-08-12,0231,N,VIIRS,n,2,293.74,3.38,N,0
41.65478,-6.359,323.64,0.41,0.37,2024-08-12,0231,N,VIIRS,n,2,289.89,1.97,N,0
41.88886,-6.7598,329.88,0.4,0.37,2024-08-12,0231,N,VIIRS,n,2,294.3,4.56,N,0
41.89054,-6.76942,304.7,0.4,0.37,2024-08-12,0231,N,VIIRS,n,2,291.68,19.23,N,0
38.62771,-9.07652,302.91,0.39,0.36,2024-08-12,0232,N,VIIRS,n,2,292.86,1.16,N,2
39.71875,-8.76904,347.4,0.55,0.43,2024-08-12,1354,N,VIIRS,n,2,299.42,8.62,D,0
41.18206,-7.90176,330.89,0.41,0.37,2024-08-13,1335,N,VIIRS,n,2,300.41,2.03,D,0
39.36701,-9.03687,334.71,0.39,0.36,2024-08-13,1335,N,VIIRS,n,2,299.54,2.87,D,0
41.15525,-8.10539,299.74,0.49,0.48,2024-08-14,0153,N,VIIRS,n,2,286.51,0.98,N,0
41.64321,-6.57784,334.86,0.39,0.36,2024-08-14,1316,N,VIIRS,l,2,306.21,5.74,D,0
41.64248,-6.58242,350.62,0.39,0.36,2024-08-14,1316,N,VIIRS,l,2,321.14,36.02,D,0
41.01112,-8.17427,333.59,0.41,0.37,2024-08-14,1316,N,VIIRS,n,2,299.67,2.56,D,0
41.01453,-8.17515,335.78,0.41,0.37,2024-08-14,1316,N,VIIRS,n,2,298.7,4.39,D,0
32.72794,-17.02478,328.73,0.4,0.6,2024-08-14,1455,N,VIIRS,n,2,297.19,2.56,D,0
32.72717,-17.0368,328.2,0.4,0.6,2024-08-14,1455,N,VIIRS,n,2,294.55,2.56,D,0
41.22864,-7.62289,310.6,0.37,0.58,2024-08-15,0315,N,VIIRS,n,2,286.49,0.52,N,0
38.62943,-9.07751,307.27,0.36,0.58,2024-08-15,0315,N,VIIRS,n,2,292.94,0.68,N,2
41.23212,-7.62128,304.19,0.37,0.58,2024-08-15,0315,N,VIIRS,n,2,286.23,0.52,N,0
41.22699,-7.62354,296.22,0.37,0.58,2024-08-15,0315,N,VIIRS,n,2,286.17,0.27,N,0
38.78299,-27.19274,319.36,0.38,0.44,2024-08-15,0316,N,VIIRS,n,2,290.34,1.06,N,0
32.72403,-17.02477,301.77,0.57,0.43,2024-08-15,0318,N,VIIRS,n,2,291.34,1.3,N,0
32.72132,-17.03174,306.13,0.57,0.43,2024-08-15,0318,N,VIIRS,n,2,292.17,1.3,N,0
32.71778,-17.03462,325.54,0.57,0.43,2024-08-15,0318,N,VIIRS,n,2,293.44,4.59,N,0
32.7162,-17.01774,344.72,0.43,0.46,2024-08-15,1436,N,VIIRS,n,2,311.89,7.53,D,0
32.72008,-17.02162,341.7,0.43,0.46,2024-08-15,1436,N,VIIRS,n,2,301.21,5.19,D,0
32.72044,-17.0179,351.49,0.43,0.46,2024-08-15,1436,N,VIIRS,n,2,306.08,8.93,D,0
32.72082,-17.01415,343.99,0.43,0.46,2024-08-15,1436,N,VIIRS,n,2,304.11,8.93,D,0
32.71512,-17.02854,342.86,0.42,0.46,2024-08-15,1436,N,VIIRS,n,2,307.42,68.6,D,0
32.70705,-17.02387,342.32,0.42,0.46,2024-08-15,1436,N,VIIRS,n,2,303.47,4.71,D,0
32.71583,-17.02141,339.71,0.43,0.46,2024-08-15,1436,N,VIIRS,n,2,306.08,7.57,D,0
32.71658,-17.01385,344.37,0.43,0.46,2024-08-15,1436,N,VIIRS,n,2,305.18,7.53,D,0
41.70216,-8.65137,367,0.72,0.75,2024-08-15,1438,N,VIIRS,h,2,301.76,18.66,D,0
41.69806,-8.64936,367,0.72,0.75,2024-08-15,1438,N,VIIRS,h,2,303.52,32.38,D,0
41.70218,-8.64512,348.48,0.72,0.75,2024-08-15,1438,N,VIIRS,n,2,299.69,18.66,D,0
40.65594,-7.58981,300.32,0.71,0.75,2024-08-16,0115,N,VIIRS,n,2,287.09,1.76,N,0
40.85763,-7.24695,302.68,0.46,0.47,2024-08-16,0256,N,VIIRS,n,2,288.27,1.11,N,0
32.7051,-17.01047,334.74,0.39,0.36,2024-08-16,0259,N,VIIRS,n,2,293.93,2.73,N,0
32.70645,-17.0186,301.19,0.39,0.36,2024-08-16,0259,N,VIIRS,n,2,290.67,0.78,N,0
32.70442,-17.00634,307.25,0.39,0.36,2024-08-16,0259,N,VIIRS,n,2,290.53,2.73,N,0
32.7091,-17.01387,304.51,0.39,0.36,2024-08-16,0259,N,VIIRS,n,2,292.35,1.42,N,0
32.70707,-17.00156,335.23,0.39,0.36,2024-08-16,0259,N,VIIRS,n,2,293.98,1.61,N,0
32.70976,-17.01791,325.72,0.39,0.36,2024-08-16,0259,N,VIIRS,n,2,293.94,1.42,N,0
32.70971,-16.99679,313.47,0.39,0.36,2024-08-16,0259,N,VIIRS,n,2,292.7,1.61,N,0
32.71039,-17.00092,316.2,0.39,0.36,2024-08-16,0259,N,VIIRS,n,2,293.68,1.61,N,0
32.71107,-17.00503,303.67,0.39,0.36,2024-08-16,0259,N,VIIRS,n,2,291.4,1.23,N,0
32.7137,-17.00019,308.77,0.39,0.36,2024-08-16,0259,N,VIIRS,n,2,295.07,8.6,N,0
32.71438,-17.00431,318.08,0.39,0.36,2024-08-16,0259,N,VIIRS,n,2,297.65,8.28,N,0
32.71506,-17.00838,310.02,0.39,0.36,2024-08-16,0259,N,VIIRS,n,2,296.63,8.28,N,0
32.71302,-16.99609,344.79,0.39,0.36,2024-08-16,0259,N,VIIRS,n,2,297.84,8.6,N,0
32.71632,-16.99524,349.82,0.39,0.36,2024-08-16,0259,N,VIIRS,n,2,301.22,8.6,N,0
32.717,-16.99936,350.37,0.39,0.36,2024-08-16,0259,N,VIIRS,n,2,297.76,8.6,N,0
32.71768,-17.00349,367,0.39,0.36,2024-08-16,0259,N,VIIRS,h,2,311.89,8.28,N,0
32.71835,-17.0076,340.88,0.39,0.36,2024-08-16,0259,N,VIIRS,n,2,296.85,8.28,N,0
32.71903,-17.0117,326.05,0.39,0.36,2024-08-16,0259,N,VIIRS,n,2,293.03,3.99,N,0
32.72232,-17.01079,313.1,0.39,0.36,2024-08-16,0259,N,VIIRS,n,2,291.36,1.05,N,0
32.70775,-17.00569,310.69,0.39,0.36,2024-08-16,0259,N,VIIRS,n,2,292.01,1.23,N,0
32.70639,-16.99744,303.75,0.39,0.36,2024-08-16,0259,N,VIIRS,n,2,290.39,1.61,N,0
38.73394,-9.29368,367,0.46,0.64,2024-08-16,1238,N,VIIRS,h,2,314.81,14.64,D,0
38.73245,-9.29888,336.34,0.46,0.64,2024-08-16,1238,N,VIIRS,n,2,308.9,7.86,D,0
41.93671,-8.41144,330.01,0.34,0.56,2024-08-16,1239,N,VIIRS,l,2,302.44,2.49,D,0
40.66323,-7.48908,356.07,0.33,0.56,2024-08-16,1239,N,VIIRS,n,2,308.36,11.06,D,0
40.66432,-7.48496,367,0.33,0.56,2024-08-16,1239,N,VIIRS,h,2,318.05,11.06,D,0
40.61211,-7.55717,356.73,0.34,0.56,2024-08-16,1239,N,VIIRS,n,2,308.4,8.42,D,0
40.61314,-7.55331,347.66,0.34,0.56,2024-08-16,1239,N,VIIRS,n,2,306.95,9.76,D,0
40.61555,-7.55602,367,0.34,0.56,2024-08-16,1239,N,VIIRS,h,2,309.36,12.93,D,0
40.60985,-7.45131,356.44,0.33,0.56,2024-08-16,1239,N,VIIRS,n,2,315.93,4.65,D,0
40.61075,-7.44786,342.46,0.33,0.56,2024-08-16,1239,N,VIIRS,n,2,310.06,4.65,D,0
40.67044,-7.48258,367,0.33,0.56,2024-08-16,1239,N,VIIRS,h,2,310.24,13.41,D,0
40.67143,-7.47881,367,0.33,0.56,2024-08-16,1239,N,VIIRS,h,2,311.84,13.41,D,0
32.72295,-17.01187,354.46,0.4,0.37,2024-08-16,1417,N,VIIRS,n,2,309.18,17.78,D,0
32.72238,-17.01607,335.21,0.4,0.37,2024-08-16,1417,N,VIIRS,l,2,306.72,2.8,D,0
32.7207,-17.003,350.02,0.4,0.37,2024-08-16,1417,N,VIIRS,n,2,311.71,6.66,D,0
32.7179,-16.99807,341.11,0.4,0.37,2024-08-16,1417,N,VIIRS,l,2,312.24,6.66,D,0
32.70557,-16.98675,349.69,0.4,0.37,2024-08-16,1417,N,VIIRS,n,2,312.87,35.88,D,0
32.71849,-16.99373,346.44,0.4,0.37,2024-08-16,1417,N,VIIRS,n,2,308.85,4.22,D,0
32.71568,-16.98897,349.46,0.4,0.37,2024-08-16,1417,N,VIIRS,n,2,310.3,34.46,D,0
32.71229,-16.98839,367,0.4,0.37,2024-08-16,1417,N,VIIRS,l,2,331.65,34.46,D,0
32.70777,-16.99611,337.71,0.4,0.37,2024-08-16,1417,N,VIIRS,l,2,310.61,11,D,0
32.70893,-16.98759,367,0.4,0.37,2024-08-16,1417,N,VIIRS,h,2,322.37,35.88,D,0
32.70499,-16.991,367,0.4,0.37,2024-08-16,1417,N,VIIRS,l,2,328.27,35.88,D,0
32.72354,-17.00758,344.02,0.4,0.37,2024-08-16,1417,N,VIIRS,n,2,307.84,17.78,D,0
41.12561,-8.33069,367,0.42,0.61,2024-08-16,1419,N,VIIRS,h,2,306.44,77.28,D,0
41.29506,-8.27623,353.12,0.43,0.62,2024-08-16,1419,N,VIIRS,n,2,303.98,5.81,D,0
41.12543,-8.3354,342.72,0.42,0.61,2024-08-16,1419,N,VIIRS,n,2,303.94,45.49,D,0
41.11987,-8.33062,367,0.42,0.61,2024-08-16,1419,N,VIIRS,l,2,341.63,77.28,D,0
41.11969,-8.3353,345.44,0.42,0.61,2024-08-16,1419,N,VIIRS,n,2,306.33,45.49,D,0
41.12004,-8.32567,353.75,0.42,0.61,2024-08-16,1419,N,VIIRS,n,2,303.22,77.28,D,0
41.12428,-8.3327,343.14,0.42,0.61,2024-08-16,1419,N,VIIRS,n,2,311.64,59.25,D,0
41.12449,-8.32787,367,0.42,0.61,2024-08-16,1419,N,VIIRS,h,2,307.42,59.25,D,0
41.11854,-8.3327,208,0.42,0.61,2024-08-16,1419,N,VIIRS,l,2,315.12,59.25,D,0
41.11874,-8.32792,367,0.42,0.61,2024-08-16,1419,N,VIIRS,h,2,318.89,59.25,D,0
40.66941,-7.48404,335.24,0.46,0.64,2024-08-16,1419,N,VIIRS,l,2,308.98,10.11,D,0
41.11069,-8.3207,316.85,0.41,0.37,2024-08-17,0237,N,VIIRS,n,2,296.18,2.39,N,0
41.11239,-8.33024,311.89,0.41,0.37,2024-08-17,0237,N,VIIRS,n,2,294.88,3.74,N,0
41.11322,-8.33495,326.17,0.41,0.37,2024-08-17,0237,N,VIIRS,n,2,294.95,2.47,N,0
41.11403,-8.31961,309.14,0.41,0.37,2024-08-17,0237,N,VIIRS,n,2,296.32,2.86,N,0
41.11992,-8.33281,313.78,0.41,0.37,2024-08-17,0237,N,VIIRS,n,2,291.16,1.45,N,0
41.12578,-8.32598,308.34,0.41,0.37,2024-08-17,0237,N,VIIRS,n,2,291.26,2.23,N,0
41.12663,-8.33071,337.07,0.41,0.37,2024-08-17,0237,N,VIIRS,n,2,294.15,5.91,N,0
41.73953,-8.52084,310.16,0.4,0.37,2024-08-17,0237,N,VIIRS,n,2,265.15,6.54,N,0
41.74367,-8.52452,296.06,0.4,0.37,2024-08-17,0237,N,VIIRS,n,2,267.16,0.72,N,0
41.74205,-8.51518,320.14,0.4,0.37,2024-08-17,0237,N,VIIRS,n,2,262.49,6.54,N,0
41.74286,-8.51988,349.68,0.4,0.37,2024-08-17,0237,N,VIIRS,n,2,273.3,6.54,N,0
41.74538,-8.51423,296.08,0.4,0.37,2024-08-17,0237,N,VIIRS,n,2,260.13,0.8,N,0
41.7462,-8.51891,315.54,0.4,0.37,2024-08-17,0237,N,VIIRS,n,2,264.52,0.8,N,0
41.82547,-8.36665,324.73,0.4,0.37,2024-08-17,0237,N,VIIRS,n,2,274.5,2.39,N,0
41.67528,-7.37795,321.12,0.42,0.38,2024-08-17,0237,N,VIIRS,n,2,284.09,3.33,N,0
41.77192,-7.17208,312.36,0.43,0.38,2024-08-17,0237,N,VIIRS,n,2,285.17,1.07,N,0
41.7729,-7.1773,302.43,0.43,0.38,2024-08-17,0237,N,VIIRS,n,2,284.32,1.07,N,0
41.77536,-7.17103,319.61,0.43,0.38,2024-08-17,0237,N,VIIRS,n,2,287.65,4.35,N,0
41.77632,-7.17615,343.08,0.43,0.38,2024-08-17,0237,N,VIIRS,n,2,288.39,4.35,N,0
41.11155,-8.3255,310.17,0.41,0.37,2024-08-17,0237,N,VIIRS,n,2,294.4,3.74,N,0
41.10482,-8.32752,301.5,0.41,0.37,2024-08-17,0237,N,VIIRS,n,2,290.98,0.8,N,0
41.10987,-8.33599,317.43,0.41,0.37,2024-08-17,0237,N,VIIRS,n,2,293.46,2.47,N,0
41.10818,-8.32651,356.45,0.41,0.37,2024-08-17,0237,N,VIIRS,n,2,299.51,3.74,N,0
41.10904,-8.33127,329.53,0.41,0.37,2024-08-17,0237,N,VIIRS,n,2,296.29,3.74,N,0
38.62745,-9.07672,307.07,0.41,0.37,2024-08-17,0238,N,VIIRS,n,2,295.36,1.02,N,2
32.71912,-17.00647,332.97,0.46,0.39,2024-08-17,0240,N,VIIRS,n,2,297.63,6.14,N,0
32.71659,-16.98671,351.54,0.46,0.39,2024-08-17,0240,N,VIIRS,n,2,301.03,5.33,N,0
32.71599,-16.98204,353.16,0.46,0.39,2024-08-17,0240,N,VIIRS,n,2,310.52,33.62,N,0
32.71539,-16.97739,327.1,0.46,0.39,2024-08-17,0240,N,VIIRS,n,2,300.63,33.62,N,0
32.72049,-17.01711,319.39,0.46,0.39,2024-08-17,0240,N,VIIRS,n,2,292.3,2.08,N,0
32.71788,-16.99674,307.12,0.46,0.39,2024-08-17,0240,N,VIIRS,n,2,294.66,1.58,N,0
32.71723,-16.99172,305.6,0.46,0.39,2024-08-17,0240,N,VIIRS,n,2,294,5.33,N,0
32.71236,-16.98258,340.87,0.46,0.39,2024-08-17,0240,N,VIIRS,n,2,308.42,33.62,N,0
32.70876,-16.98329,335.26,0.46,0.39,2024-08-17,0240,N,VIIRS,n,2,298.52,5.16,N,0
32.70518,-16.98414,335.24,0.46,0.39,2024-08-17,0240,N,VIIRS,n,2,299.72,5.16,N,0
32.70581,-16.98906,306.7,0.46,0.39,2024-08-17,0240,N,VIIRS,n,2,294.36,1.52,N,0
32.70455,-16.97924,314.12,0.46,0.39,2024-08-17,0240,N,VIIRS,n,2,297.63,5.16,N,0
32.70224,-16.99007,330.74,0.46,0.39,2024-08-17,0240,N,VIIRS,n,2,295.58,2.56,N,0
32.7016,-16.98504,344.78,0.46,0.39,2024-08-17,0240,N,VIIRS,n,2,313.83,32.02,N,0
32.70097,-16.98005,367,0.46,0.39,2024-08-17,0240,N,VIIRS,h,2,311.63,32.02,N,0
32.70287,-16.99501,308.33,0.46,0.39,2024-08-17,0240,N,VIIRS,n,2,294.56,2.56,N,0
32.69802,-16.98594,356.1,0.46,0.39,2024-08-17,0240,N,VIIRS,n,2,298.97,32.02,N,0
32.69738,-16.98088,330.7,0.46,0.39,2024-08-17,0240,N,VIIRS,n,2,295.74,32.02,N,0
32.69867,-16.99104,316.1,0.46,0.39,2024-08-17,0240,N,VIIRS,n,2,292.61,2.56,N,0
32.72918,-16.99395,310.72,0.46,0.39,2024-08-17,0240,N,VIIRS,n,2,296.26,68.68,N,0
32.72849,-16.98836,312.33,0.46,0.39,2024-08-17,0240,N,VIIRS,n,2,294.18,68.68,N,0
32.72684,-17.00504,337,0.46,0.39,2024-08-17,0240,N,VIIRS,n,2,301.3,46.02,N,0
32.72619,-16.9997,340.76,0.46,0.39,2024-08-17,0240,N,VIIRS,n,2,319.58,46.02,N,0
32.72554,-16.99441,336.12,0.46,0.39,2024-08-17,0240,N,VIIRS,n,2,331.64,68.68,N,0
32.72488,-16.98898,367,0.46,0.39,2024-08-17,0240,N,VIIRS,h,2,349.88,68.68,N,0
32.72425,-16.98396,326.34,0.46,0.39,2024-08-17,0240,N,VIIRS,n,2,294.69,15.9,N,0
32.72889,-16.99607,311.49,0.46,0.39,2024-08-17,0240,N,VIIRS,n,2,298.21,3.49,N,0
32.72816,-16.99049,312.89,0.46,0.39,2024-08-17,0240,N,VIIRS,n,2,296.56,2.48,N,0
32.7275,-16.98533,307.77,0.46,0.39,2024-08-17,0240,N,VIIRS,n,2,294.93,2.48,N,0
32.7259,-17.00158,367,0.46,0.39,2024-08-17,0240,N,VIIRS,h,2,316.51,55.61,N,0
32.72523,-16.9964,367,0.46,0.39,2024-08-17,0240,N,VIIRS,h,2,333.03,55.61,N,0
32.72454,-16.99103,367,0.46,0.39,2024-08-17,0240,N,VIIRS,h,2,347.09,68.34,N,0
32.72386,-16.98583,367,0.46,0.39,2024-08-17,0240,N,VIIRS,h,2,323.42,68.34,N,0
32.7266,-17.00695,317.99,0.46,0.39,2024-08-17,0240,N,VIIRS,n,2,300.18,8.5,N,0
32.72425,-17.01752,339.34,0.46,0.39,2024-08-17,0240,N,VIIRS,n,2,299.42,9.06,N,0
32.72351,-17.01183,344.47,0.46,0.39,2024-08-17,0240,N,VIIRS,n,2,300.35,8.5,N,0
32.72282,-17.00648,353.42,0.46,0.39,2024-08-17,0240,N,VIIRS,n,2,302.85,8.5,N,0
32.72217,-17.0014,352.7,0.46,0.39,2024-08-17,0240,N,VIIRS,n,2,298.51,55.61,N,0
32.72155,-16.99655,355.78,0.46,0.39,2024-08-17,0240,N,VIIRS,n,2,306.1,55.61,N,0
32.72089,-16.99142,331.5,0.46,0.39,2024-08-17,0240,N,VIIRS,n,2,298.03,68.34,N,0
32.72024,-16.98635,339.28,0.46,0.39,2024-08-17,0240,N,VIIRS,n,2,300.28,68.34,N,0
32.7213,-17.02339,321.4,0.46,0.39,2024-08-17,0240,N,VIIRS,n,2,295.2,2.08,N,0
41.93847,-8.37724,337.59,0.57,0.69,2024-08-17,1220,N,VIIRS,n,2,283.42,4.54,D,0
41.93601,-8.38494,337.46,0.57,0.69,2024-08-17,1220,N,VIIRS,n,2,282.45,4.54,D,0
32.72565,-16.9699,337.43,0.43,0.38,2024-08-17,1358,N,VIIRS,n,2,312.33,48.67,D,0
32.72218,-16.96916,342.64,0.43,0.38,2024-08-17,1358,N,VIIRS,n,2,312.01,12.89,D,0
32.71452,-16.97174,343.54,0.43,0.38,2024-08-17,1358,N,VIIRS,n,2,307.88,4.31,D,0
32.72834,-16.97508,367,0.43,0.38,2024-08-17,1358,N,VIIRS,l,2,337.38,48.67,D,0
32.72489,-16.97422,355.42,0.43,0.38,2024-08-17,1358,N,VIIRS,n,2,329.44,48.67,D,0
32.73906,-16.99609,347.5,0.43,0.38,2024-08-17,1358,N,VIIRS,n,2,314.45,34.22,D,0
32.73993,-16.99109,353.34,0.43,0.38,2024-08-17,1358,N,VIIRS,n,2,320.86,34.22,D,0
32.74078,-16.9863,351.82,0.43,0.38,2024-08-17,1358,N,VIIRS,n,2,308.67,85.99,D,0
32.74232,-16.97749,334.82,0.43,0.38,2024-08-17,1358,N,VIIRS,l,2,304.86,18.35,D,0
32.73201,-17.01582,332.1,0.43,0.38,2024-08-17,1358,N,VIIRS,l,2,305.77,8.17,D,0
32.73288,-17.01083,351.29,0.43,0.38,2024-08-17,1358,N,VIIRS,n,2,309.31,8.17,D,0
32.73888,-16.97654,342.57,0.43,0.38,2024-08-17,1358,N,VIIRS,l,2,314.69,18.35,D,0
32.73651,-16.99008,367,0.43,0.38,2024-08-17,1358,N,VIIRS,h,2,331.99,34.22,D,0
32.72942,-17.01,347.32,0.43,0.38,2024-08-17,1358,N,VIIRS,n,2,308.29,22.59,D,0
32.73029,-17.00503,351.36,0.43,0.38,2024-08-17,1358,N,VIIRS,n,2,309.71,8.97,D,0
32.73116,-17.0001,342.47,0.43,0.38,2024-08-17,1358,N,VIIRS,n,2,306.84,8.97,D,0
32.73539,-16.97595,347.21,0.43,0.38,2024-08-17,1358,N,VIIRS,n,2,311.42,32.13,D,0
32.72689,-17.00383,342.49,0.43,0.38,2024-08-17,1358,N,VIIRS,n,2,303.99,8.97,D,0
32.73185,-16.9756,349.43,0.43,0.38,2024-08-17,1358,N,VIIRS,n,2,322.85,32.13,D,0
32.72756,-16.97953,349.55,0.43,0.38,2024-08-17,1358,N,VIIRS,n,2,315.21,37.8,D,0
32.70329,-16.97408,334.26,0.43,0.38,2024-08-17,1358,N,VIIRS,l,2,304.48,4.71,D,0
32.70402,-16.96995,347.83,0.43,0.38,2024-08-17,1358,N,VIIRS,n,2,307.56,11.09,D,0
32.69748,-16.98657,334.75,0.43,0.38,2024-08-17,1358,N,VIIRS,n,2,305.63,5.32,D,0
32.69986,-16.97311,337.7,0.43,0.38,2024-08-17,1358,N,VIIRS,n,2,304,20.46,D,0
32.69398,-16.98593,333.05,0.43,0.38,2024-08-17,1358,N,VIIRS,n,2,304.71,5.32,D,0
32.69482,-16.98122,348.49,0.43,0.38,2024-08-17,1358,N,VIIRS,n,2,305.5,5.32,D,0
32.69564,-16.9766,349.31,0.43,0.38,2024-08-17,1358,N,VIIRS,n,2,309.82,20.46,D,0
32.69645,-16.97206,338.14,0.43,0.38,2024-08-17,1358,N,VIIRS,n,2,311.72,20.46,D,0
32.69131,-16.98066,347.35,0.43,0.38,2024-08-17,1358,N,VIIRS,n,2,304.04,5.67,D,0
32.69213,-16.97603,352.94,0.43,0.38,2024-08-17,1358,N,VIIRS,n,2,303.98,8.13,D,0
32.74499,-17.00346,341.39,0.43,0.38,2024-08-17,1358,N,VIIRS,n,2,303.05,19.21,D,0
32.74069,-17.00743,352.64,0.43,0.38,2024-08-17,1358,N,VIIRS,n,2,312.65,19.21,D,0
32.74156,-17.00242,352.8,0.43,0.38,2024-08-17,1358,N,VIIRS,n,2,318.15,19.21,D,0
32.74244,-16.99743,356.99,0.43,0.38,2024-08-17,1358,N,VIIRS,n,2,303.91,13.48,D,0
32.7433,-16.99247,347.54,0.43,0.38,2024-08-17,1358,N,VIIRS,n,2,303.86,13.48,D,0
32.73548,-17.01659,331.52,0.43,0.38,2024-08-17,1358,N,VIIRS,l,2,305.34,8.17,D,0
32.73636,-17.01156,355.53,0.43,0.38,2024-08-17,1358,N,VIIRS,n,2,317.37,8.17,D,0
32.73725,-17.00649,336.63,0.43,0.38,2024-08-17,1358,N,VIIRS,l,2,310.96,10.26,D,0
37.95873,-8.83602,353.35,0.42,0.45,2024-08-17,1359,N,VIIRS,n,2,313.69,15.21,D,0
37.95503,-8.83054,345.71,0.42,0.45,2024-08-17,1359,N,VIIRS,n,2,310.53,7.9,D,0
37.9592,-8.83113,337.06,0.42,0.45,2024-08-17,1359,N,VIIRS,l,2,309.76,7.9,D,0
41.93447,-8.38709,345.92,0.48,0.48,2024-08-17,1401,N,VIIRS,n,2,297.42,4.92,D,0
41.93982,-8.37677,345.51,0.48,0.48,2024-08-17,1401,N,VIIRS,n,2,297.65,13.42,D,0
41.89168,-8.41378,342.68,0.48,0.48,2024-08-17,1401,N,VIIRS,n,2,295.18,4.33,D,0
41.89611,-8.41481,351.05,0.48,0.48,2024-08-17,1401,N,VIIRS,n,2,298.38,18.73,D,0
41.93895,-8.38757,331.69,0.48,0.48,2024-08-17,1401,N,VIIRS,n,2,296.38,4.92,D,0
41.94378,-8.38373,331.18,0.48,0.48,2024-08-17,1401,N,VIIRS,n,2,295.97,7.01,D,0
41.94168,-8.37929,346.96,0.48,0.48,2024-08-17,1401,N,VIIRS,n,2,299.82,9.45,D,0
41.94128,-8.38457,335.04,0.48,0.48,2024-08-17,1401,N,VIIRS,n,2,297.54,4.82,D,0
41.75938,-8.54851,302.31,0.42,0.38,2024-08-18,0218,N,VIIRS,n,2,287.95,0.98,N,0
41.75868,-8.5432,322.92,0.42,0.38,2024-08-18,0218,N,VIIRS,n,2,288.19,1.93,N,0
41.76213,-8.54242,300.35,0.42,0.38,2024-08-18,0218,N,VIIRS,n,2,287.55,0.43,N,0
38.62811,-9.07854,305.16,0.41,0.37,2024-08-18,0219,N,VIIRS,n,2,293.74,1.04,N,2
32.69632,-16.96852,344.87,0.54,0.51,2024-08-18,0221,N,VIIRS,n,2,302.08,8.48,N,0
32.75289,-16.99944,309.48,0.54,0.51,2024-08-18,0221,N,VIIRS,n,2,294.33,2.13,N,0
32.75348,-17.0065,308.12,0.55,0.51,2024-08-18,0221,N,VIIRS,n,2,292.92,5.06,N,0
32.75109,-16.97806,340.65,0.54,0.51,2024-08-18,0221,N,VIIRS,n,2,295.59,8.96,N,0
32.74704,-16.98657,321.5,0.54,0.51,2024-08-18,0221,N,VIIRS,n,2,294.69,8.96,N,0
32.74652,-16.98034,367,0.54,0.51,2024-08-18,0221,N,VIIRS,h,2,298.35,8.96,N,0
32.74606,-16.97495,335.8,0.54,0.51,2024-08-18,0221,N,VIIRS,n,2,296.9,8.2,N,0
32.74833,-17.00207,311.94,0.54,0.51,2024-08-18,0221,N,VIIRS,n,2,297.45,2.13,N,0
32.74771,-16.99459,307.6,0.54,0.51,2024-08-18,0221,N,VIIRS,n,2,295.85,2.13,N,0
32.75158,-16.98375,341.48,0.54,0.51,2024-08-18,0221,N,VIIRS,n,2,297.59,8.96,N,0
32.75687,-16.99012,318.34,0.54,0.51,2024-08-18,0221,N,VIIRS,n,2,291.38,3.9,N,0
32.75623,-16.98242,326.67,0.54,0.51,2024-08-18,0221,N,VIIRS,n,2,292.09,3.08,N,0
32.74533,-17.02322,343.43,0.55,0.51,2024-08-18,0221,N,VIIRS,n,2,299.85,30.55,N,0
32.74055,-16.96618,343.13,0.54,0.51,2024-08-18,0221,N,VIIRS,n,2,301.99,13.72,N,0
32.74575,-17.02814,313.26,0.55,0.51,2024-08-18,0221,N,VIIRS,n,2,296.03,30.55,N,0
32.74488,-17.01791,308.2,0.55,0.51,2024-08-18,0221,N,VIIRS,n,2,296.18,5.36,N,0
32.74434,-17.01146,315.57,0.55,0.51,2024-08-18,0221,N,VIIRS,n,2,297.91,5.36,N,0
32.74134,-16.97533,304.75,0.54,0.51,2024-08-18,0221,N,VIIRS,n,2,294.72,5.13,N,0
32.74094,-16.97069,314.64,0.54,0.51,2024-08-18,0221,N,VIIRS,n,2,297.86,5.13,N,0
32.7411,-17.02975,351.35,0.55,0.51,2024-08-18,0221,N,VIIRS,n,2,308.12,30.55,N,0
32.7407,-17.0249,355.38,0.55,0.51,2024-08-18,0221,N,VIIRS,n,2,305.01,30.55,N,0
32.69316,-16.98664,354.24,0.54,0.51,2024-08-18,0221,N,VIIRS,n,2,303.63,22.67,N,0
32.69212,-16.97474,357.05,0.54,0.51,2024-08-18,0221,N,VIIRS,n,2,301.12,9.95,N,0
32.69167,-16.96967,340.91,0.54,0.51,2024-08-18,0221,N,VIIRS,n,2,296.84,10.18,N,0
32.69263,-16.98049,317.35,0.54,0.51,2024-08-18,0221,N,VIIRS,n,2,295.64,9.95,N,0
32.69119,-17.01851,331.38,0.54,0.51,2024-08-18,0221,N,VIIRS,n,2,293.83,3.1,N,0
32.68858,-16.98868,352.2,0.54,0.51,2024-08-18,0221,N,VIIRS,n,2,296.3,22.67,N,0
32.68804,-16.9825,343.58,0.54,0.51,2024-08-18,0221,N,VIIRS,n,2,296.93,9.95,N,0
32.69066,-17.0124,310.19,0.54,0.51,2024-08-18,0221,N,VIIRS,n,2,292.68,3.1,N,0
32.69529,-17.01078,322.62,0.54,0.51,2024-08-18,0221,N,VIIRS,n,2,293.72,3.1,N,0
32.74025,-17.01966,322.26,0.55,0.51,2024-08-18,0221,N,VIIRS,n,2,298.31,5.36,N,0
32.75552,-16.9917,320.63,0.54,0.51,2024-08-18,0221,N,VIIRS,n,2,291.08,4.29,N,0
32.75475,-16.98341,336.58,0.54,0.51,2024-08-18,0221,N,VIIRS,n,2,294.37,4.29,N,0
32.75021,-16.98577,329.5,0.54,0.51,2024-08-18,0221,N,VIIRS,n,2,296.54,3.64,N,0
32.74963,-16.97946,367,0.54,0.51,2024-08-18,0221,N,VIIRS,h,2,301.42,11.07,N,0
32.75288,-17.01499,303.28,0.55,0.51,2024-08-18,0221,N,VIIRS,n,2,292.7,2.79,N,0
32.75226,-17.00822,309.76,0.54,0.51,2024-08-18,0221,N,VIIRS,n,2,293.87,2.23,N,0
32.75161,-17.00108,311.35,0.54,0.51,2024-08-18,0221,N,VIIRS,n,2,295.55,2.23,N,0
32.75093,-16.99367,306.57,0.54,0.51,2024-08-18,0221,N,VIIRS,n,2,294.97,3.64,N,0
32.74507,-16.98161,329.62,0.54,0.51,2024-08-18,0221,N,VIIRS,n,2,294.99,11.07,N,0
32.74455,-16.97594,344.15,0.54,0.51,2024-08-18,0221,N,VIIRS,n,2,298.75,11.07,N,0
32.74367,-16.96622,329.36,0.54,0.51,2024-08-18,0221,N,VIIRS,n,2,298.17,3.86,N,0
32.74709,-17.0038,310.67,0.54,0.51,2024-08-18,0221,N,VIIRS,n,2,296.67,2.23,N,0
32.74643,-16.99651,306.77,0.54,0.51,2024-08-18,0221,N,VIIRS,n,2,296.13,3.64,N,0
32.74564,-16.98792,312.09,0.54,0.51,2024-08-18,0221,N,VIIRS,n,2,293.65,3.64,N,0
32.7441,-16.97097,311.45,0.54,0.51,2024-08-18,0221,N,VIIRS,n,2,296.91,3.86,N,0
32.74463,-17.02921,346.73,0.55,0.51,2024-08-18,0221,N,VIIRS,n,2,300.91,27.47,N,0
32.74419,-17.02433,340.9,0.55,0.51,2024-08-18,0221,N,VIIRS,n,2,305.39,22.84,N,0
32.74372,-17.01913,336.41,0.55,0.51,2024-08-18,0221,N,VIIRS,n,2,297.89,22.84,N,0
32.73899,-16.96715,352.41,0.54,0.51,2024-08-18,0221,N,VIIRS,n,2,299.43,14.41,N,0
32.74314,-17.01277,314.14,0.54,0.51,2024-08-18,0221,N,VIIRS,n,2,297.89,4.49,N,0
32.74,-17.03079,343.65,0.55,0.51,2024-08-18,0221,N,VIIRS,n,2,302.32,27.47,N,0
32.73956,-17.02596,355.16,0.55,0.51,2024-08-18,0221,N,VIIRS,n,2,302.18,22.84,N,0
32.7391,-17.02081,316.11,0.55,0.51,2024-08-18,0221,N,VIIRS,n,2,297.6,22.84,N,0
32.7324,-16.99939,314.88,0.54,0.51,2024-08-18,0221,N,VIIRS,n,2,295.07,2.82,N,0
32.72926,-16.96469,316.54,0.54,0.51,2024-08-18,0221,N,VIIRS,n,2,297.74,2.42,N,0
32.72458,-16.96546,307.8,0.54,0.51,2024-08-18,0221,N,VIIRS,n,2,296.56,2.42,N,0
32.70107,-16.96842,319.91,0.54,0.51,2024-08-18,0221,N,VIIRS,n,2,297.56,8.48,N,0
32.75223,-16.99156,314.84,0.54,0.51,2024-08-18,0221,N,VIIRS,n,2,293.35,2.13,N,0
32.752,-16.98765,326.45,0.77,0.77,2024-08-18,0401,N,VIIRS,n,2,291.66,6.76,N,0
32.69601,-17.01957,308.71,0.76,0.77,2024-08-18,0401,N,VIIRS,n,2,291.68,3.02,N,0
32.68562,-16.98556,334.53,0.77,0.77,2024-08-18,0401,N,VIIRS,n,2,293.33,5.99,N,0
32.69601,-16.99434,303.68,0.77,0.77,2024-08-18,0401,N,VIIRS,n,2,292.43,6.33,N,0
32.74965,-16.98003,326.75,0.77,0.77,2024-08-18,0401,N,VIIRS,n,2,293.19,6.76,N,0
32.75359,-16.99279,302.62,0.77,0.77,2024-08-18,0401,N,VIIRS,n,2,291.02,3.49,N,0
32.69384,-16.98724,341.88,0.77,0.77,2024-08-18,0401,N,VIIRS,n,2,296.93,9.06,N,0
32.74882,-16.99062,308.11,0.77,0.77,2024-08-18,0401,N,VIIRS,n,2,292.39,4.08,N,0
32.75705,-16.97899,336.03,0.77,0.77,2024-08-18,0401,N,VIIRS,n,2,291.6,4.62,N,0
32.75931,-16.98632,302.29,0.77,0.77,2024-08-18,0401,N,VIIRS,n,2,288.76,4.62,N,0
32.7505,-16.99614,304.63,0.77,0.77,2024-08-18,0401,N,VIIRS,n,2,292.47,5.47,N,0
32.75328,-16.97997,331.72,0.77,0.77,2024-08-18,0401,N,VIIRS,n,2,293.52,10.69,N,0
32.75519,-16.98629,348.22,0.77,0.77,2024-08-18,0401,N,VIIRS,n,2,291.88,16.68,N,0
32.74566,-16.99206,303.45,0.77,0.77,2024-08-18,0401,N,VIIRS,n,2,291.9,3.49,N,0
32.73657,-17.03327,353.95,0.48,0.48,2024-08-18,1340,N,VIIRS,n,2,316.16,23.04,D,0
32.75341,-16.97658,339.79,0.48,0.48,2024-08-18,1340,N,VIIRS,n,2,301.58,12.47,D,0
32.75243,-16.98113,343.14,0.48,0.48,2024-08-18,1340,N,VIIRS,n,2,309.88,12.47,D,0
32.74108,-17.03377,347.96,0.48,0.48,2024-08-18,1340,N,VIIRS,n,2,309.67,23.04,D,0
32.74016,-17.03801,354.65,0.48,0.48,2024-08-18,1340,N,VIIRS,n,2,307.1,23.04,D,0
32.73937,-17.04166,345.69,0.48,0.48,2024-08-18,1340,N,VIIRS,n,2,315.76,28.58,D,0
32.73857,-17.04532,334.23,0.48,0.48,2024-08-18,1340,N,VIIRS,n,2,300.87,28.58,D,0
32.737,-17.05257,353.7,0.48,0.48,2024-08-18,1340,N,VIIRS,n,2,309.79,23.58,D,0
32.74762,-17.02488,353.17,0.48,0.48,2024-08-18,1340,N,VIIRS,n,2,305.39,67.55,D,0
32.73467,-17.06336,303.11,0.48,0.48,2024-08-18,1340,N,VIIRS,l,2,312.85,59.75,D,0
32.74333,-17.0447,367,0.48,0.48,2024-08-18,1340,N,VIIRS,h,2,317.11,10.67,D,0
32.74151,-17.05308,367,0.48,0.48,2024-08-18,1340,N,VIIRS,h,2,322.79,20.43,D,0
32.74046,-17.05797,367,0.48,0.48,2024-08-18,1340,N,VIIRS,h,2,343.59,132.25,D,0
32.75671,-16.98264,336.18,0.48,0.48,2024-08-18,1340,N,VIIRS,n,2,305.71,4.79,D,0
32.73597,-17.05733,352.22,0.48,0.48,2024-08-18,1340,N,VIIRS,n,2,325.65,59.75,D,0
32.74663,-17.02947,342.59,0.48,0.48,2024-08-18,1340,N,VIIRS,n,2,309.07,67.55,D,0
32.74403,-17.04147,353.61,0.48,0.48,2024-08-18,1340,N,VIIRS,n,2,316.19,10.67,D,0
32.74245,-17.04876,346.37,0.48,0.48,2024-08-18,1340,N,VIIRS,n,2,314.36,20.43,D,0
32.75111,-17.03012,367,0.48,0.48,2024-08-18,1340,N,VIIRS,h,2,340.53,67.55,D,0
32.75219,-17.02512,341.45,0.48,0.48,2024-08-18,1340,N,VIIRS,n,2,297.88,67.55,D,0
32.74853,-17.04203,338.87,0.48,0.48,2024-08-18,1340,N,VIIRS,n,2,303.13,10.67,D,0
32.74787,-17.04505,337.5,0.48,0.48,2024-08-18,1340,N,VIIRS,n,2,304.16,10.67,D,0
32.74704,-17.04887,351.99,0.48,0.48,2024-08-18,1340,N,VIIRS,n,2,307.51,20.43,D,0
32.74598,-17.05382,352.9,0.48,0.48,2024-08-18,1340,N,VIIRS,n,2,303.65,20.43,D,0
32.74482,-17.05919,344.08,0.48,0.48,2024-08-18,1340,N,VIIRS,n,2,301.96,132.25,D,0
32.68581,-16.96958,348.31,0.48,0.48,2024-08-18,1340,N,VIIRS,n,2,303,9.61,D,0
32.73292,-17.0288,342.19,0.48,0.48,2024-08-18,1340,N,VIIRS,n,2,305.67,5.35,D,0
32.73749,-17.02904,346.81,0.48,0.48,2024-08-18,1340,N,VIIRS,n,2,307.53,22.6,D,0
40.51429,-8.16642,336.21,0.44,0.39,2024-08-18,1341,N,VIIRS,n,2,304.07,3.61,D,0
41.82409,-8.36928,301.09,0.43,0.46,2024-08-19,0159,N,VIIRS,n,2,289.85,0.57,N,0
32.71692,-17.04068,367,0.52,0.67,2024-08-19,0202,N,VIIRS,h,2,304.57,15.35,N,0
32.76265,-17.00208,303.73,0.52,0.66,2024-08-19,0202,N,VIIRS,n,2,290.18,1.76,N,0
32.76176,-16.98446,319.3,0.51,0.66,2024-08-19,0202,N,VIIRS,n,2,292.2,1.76,N,0
32.75602,-16.99417,301.36,0.52,0.66,2024-08-19,0202,N,VIIRS,n,2,289.48,1.76,N,0
32.75542,-16.98214,316.62,0.51,0.66,2024-08-19,0202,N,VIIRS,n,2,290.65,1.76,N,0
32.7513,-17.02472,332.87,0.52,0.67,2024-08-19,0202,N,VIIRS,n,2,295.41,6.01,N,0
32.74757,-17.07569,367,0.52,0.67,2024-08-19,0202,N,VIIRS,h,2,297.32,12.52,N,0
32.74728,-17.06971,351.56,0.52,0.67,2024-08-19,0202,N,VIIRS,n,2,292.32,14.59,N,0
32.74788,-17.08193,319.44,0.52,0.67,2024-08-19,0202,N,VIIRS,n,2,291.66,12.52,N,0
32.74206,-17.0911,338.9,0.52,0.67,2024-08-19,0202,N,VIIRS,n,2,293.68,16.28,N,0
32.74184,-17.08667,367,0.52,0.67,2024-08-19,0202,N,VIIRS,h,2,301.82,12.62,N,0
32.74163,-17.08221,367,0.52,0.67,2024-08-19,0202,N,VIIRS,h,2,303.72,12.62,N,0
32.74134,-17.07644,367,0.52,0.67,2024-08-19,0202,N,VIIRS,h,2,300.97,5.11,N,0
32.74089,-17.06713,314.66,0.52,0.67,2024-08-19,0202,N,VIIRS,n,2,291.87,5.11,N,0
32.73989,-17.04657,309.18,0.52,0.67,2024-08-19,0202,N,VIIRS,n,2,293.31,2.58,N,0
32.73975,-17.04369,308.77,0.52,0.67,2024-08-19,0202,N,VIIRS,n,2,293.7,2.86,N,0
32.73573,-17.08989,333.2,0.52,0.67,2024-08-19,0202,N,VIIRS,n,2,294.3,12.62,N,0
32.73555,-17.08628,335.81,0.52,0.67,2024-08-19,0202,N,VIIRS,n,2,294.54,12.62,N,0
32.73536,-17.08237,320.23,0.52,0.67,2024-08-19,0202,N,VIIRS,n,2,294.59,5.11,N,0
32.7339,-17.0519,330.82,0.52,0.67,2024-08-19,0202,N,VIIRS,n,2,295.64,2.58,N,0
32.73507,-17.0763,305.13,0.52,0.67,2024-08-19,0202,N,VIIRS,n,2,292.3,5.11,N,0
32.73374,-17.04855,305.68,0.52,0.67,2024-08-19,0202,N,VIIRS,n,2,293.08,2.58,N,0
32.72803,-17.05991,339.11,0.52,0.67,2024-08-19,0202,N,VIIRS,n,2,295.25,6.69,N,0
32.72782,-17.05551,336.99,0.52,0.67,2024-08-19,0202,N,VIIRS,n,2,295.15,4.67,N,0
32.7276,-17.05089,306.89,0.52,0.67,2024-08-19,0202,N,VIIRS,n,2,293.96,4.67,N,0
32.72274,-17.08045,320.77,0.52,0.67,2024-08-19,0202,N,VIIRS,n,2,295.19,5.11,N,0
32.72232,-17.07152,320.39,0.52,0.67,2024-08-19,0202,N,VIIRS,n,2,294.71,6.69,N,0
32.72071,-17.03782,327.04,0.52,0.67,2024-08-19,0202,N,VIIRS,n,2,296.23,4.11,N,0
32.72092,-17.04219,308.7,0.52,0.67,2024-08-19,0202,N,VIIRS,n,2,295.1,4.01,N,0
32.71512,-17.05178,329.78,0.52,0.67,2024-08-19,0202,N,VIIRS,n,2,295.68,12.91,N,0
32.71485,-17.04599,343.65,0.52,0.67,2024-08-19,0202,N,VIIRS,n,2,297.34,12.91,N,0
32.71454,-17.03942,367,0.52,0.67,2024-08-19,0202,N,VIIRS,h,2,303.02,12.91,N,0
32.71431,-17.03458,306.6,0.52,0.67,2024-08-19,0202,N,VIIRS,n,2,293.93,12.91,N,0
32.68874,-17.02184,322.11,0.52,0.67,2024-08-19,0202,N,VIIRS,n,2,294.56,2.59,N,0
32.68612,-16.96562,305.15,0.51,0.66,2024-08-19,0202,N,VIIRS,n,2,294.46,0.98,N,0
32.72499,-17.07461,330.5,0.52,0.67,2024-08-19,0202,N,VIIRS,n,2,297.45,6.04,N,0
32.71725,-17.04693,338.6,0.52,0.67,2024-08-19,0202,N,VIIRS,n,2,296.71,15.35,N,0
32.71667,-17.03613,349.04,0.52,0.67,2024-08-19,0202,N,VIIRS,n,2,296.61,14.36,N,0
32.71756,-17.05276,311.47,0.52,0.67,2024-08-19,0202,N,VIIRS,n,2,294.45,5.28,N,0
32.7109,-17.04504,345.97,0.52,0.67,2024-08-19,0202,N,VIIRS,n,2,294.94,8.92,N,0
32.71053,-17.03816,308.41,0.52,0.67,2024-08-19,0202,N,VIIRS,n,2,293.73,3.81,N,0
32.6907,-17.01727,307.83,0.52,0.66,2024-08-19,0202,N,VIIRS,n,2,293.44,0.97,N,0
32.68493,-17.02625,303.96,0.52,0.66,2024-08-19,0202,N,VIIRS,n,2,293.47,1.33,N,0
32.68461,-17.02009,303.62,0.52,0.66,2024-08-19,0202,N,VIIRS,n,2,292.89,0.9,N,0
32.74878,-17.06868,352.02,0.42,0.61,2024-08-19,0343,N,VIIRS,n,2,292.52,17.15,N,0
32.73239,-17.07456,318.76,0.42,0.61,2024-08-19,0343,N,VIIRS,n,2,294.63,3.56,N,0
32.73315,-17.0775,304.99,0.42,0.61,2024-08-19,0343,N,VIIRS,n,2,294.03,3.56,N,0
32.73435,-17.08207,318.23,0.42,0.61,2024-08-19,0343,N,VIIRS,n,2,295.57,1.79,N,0
32.73659,-17.09061,303.47,0.42,0.61,2024-08-19,0343,N,VIIRS,n,2,292.88,1.79,N,0
32.73162,-17.07165,332.04,0.42,0.61,2024-08-19,0343,N,VIIRS,n,2,296.05,2.24,N,0
32.73173,-17.04922,309.39,0.42,0.61,2024-08-19,0343,N,VIIRS,n,2,293.66,1.43,N,0
32.73737,-17.07078,306.02,0.42,0.61,2024-08-19,0343,N,VIIRS,n,2,294.2,2.8,N,0
32.73825,-17.07412,317.45,0.42,0.61,2024-08-19,0343,N,VIIRS,n,2,295.49,3.84,N,0
32.73932,-17.07824,321.16,0.42,0.61,2024-08-19,0343,N,VIIRS,n,2,296.29,3.84,N,0
32.74101,-17.08468,367,0.42,0.61,2024-08-19,0343,N,VIIRS,h,2,300.28,11.53,N,0
32.74283,-17.09167,352.08,0.42,0.61,2024-08-19,0343,N,VIIRS,n,2,293.54,11.53,N,0
32.74277,-17.06858,315,0.42,0.61,2024-08-19,0343,N,VIIRS,n,2,291.6,2.8,N,0
32.74388,-17.07279,325.41,0.42,0.61,2024-08-19,0343,N,VIIRS,n,2,294.09,2.8,N,0
32.74518,-17.0778,321.01,0.42,0.61,2024-08-19,0343,N,VIIRS,n,2,296.25,3.84,N,0
32.75103,-17.0773,302.08,0.42,0.61,2024-08-19,0343,N,VIIRS,n,2,288.68,12.48,N,0
32.74576,-17.03415,306.6,0.42,0.61,2024-08-19,0343,N,VIIRS,n,2,291.67,1.75,N,0
32.7566,-16.98371,301.14,0.42,0.61,2024-08-19,0343,N,VIIRS,n,2,289.87,1.06,N,0
32.7575,-16.98719,307.01,0.42,0.61,2024-08-19,0343,N,VIIRS,n,2,289.69,1.13,N,0
32.73086,-17.06874,304.49,0.42,0.61,2024-08-19,0343,N,VIIRS,n,2,293.9,2.24,N,0
32.7258,-17.07227,327.24,0.42,0.61,2024-08-19,0343,N,VIIRS,n,2,295.15,2.24,N,0
32.72494,-17.06898,315.95,0.42,0.61,2024-08-19,0343,N,VIIRS,n,2,294.14,2.24,N,0
32.72269,-17.06038,313.05,0.42,0.61,2024-08-19,0343,N,VIIRS,n,2,292.64,3.71,N,0
32.72106,-17.0542,314.14,0.42,0.61,2024-08-19,0343,N,VIIRS,n,2,292.79,2.75,N,0
32.71251,-17.04447,356.12,0.42,0.61,2024-08-19,0343,N,VIIRS,n,2,297.8,7.05,N,0
32.71902,-17.06924,304.55,0.42,0.61,2024-08-19,0343,N,VIIRS,n,2,291.4,1.67,N,0
32.71793,-17.06506,303.37,0.42,0.61,2024-08-19,0343,N,VIIRS,n,2,292.12,2.24,N,0
32.71504,-17.05409,313.89,0.42,0.61,2024-08-19,0343,N,VIIRS,n,2,293.1,3.23,N,0
32.71373,-17.04909,307.24,0.42,0.61,2024-08-19,0343,N,VIIRS,n,2,293.27,3.23,N,0
32.68766,-17.01849,332.15,0.42,0.61,2024-08-19,0343,N,VIIRS,n,2,294.15,4.03,N,0
32.72842,-17.07339,335.67,0.42,0.61,2024-08-19,0343,N,VIIRS,n,2,293.76,4.02,N,0
32.72763,-17.07032,328.98,0.42,0.61,2024-08-19,0343,N,VIIRS,n,2,297.13,2.49,N,0
32.71811,-17.05642,342.68,0.42,0.61,2024-08-19,0343,N,VIIRS,n,2,294.91,5.94,N,0
32.71559,-17.04656,348.77,0.42,0.61,2024-08-19,0343,N,VIIRS,n,2,296.31,9.52,N,0
32.71446,-17.04214,321.77,0.42,0.61,2024-08-19,0343,N,VIIRS,n,2,294.75,4.46,N,0
32.72256,-17.0738,317.97,0.42,0.61,2024-08-19,0343,N,VIIRS,n,2,293.4,4.02,N,0
32.72171,-17.07053,305.02,0.42,0.61,2024-08-19,0343,N,VIIRS,n,2,292.8,2.49,N,0
32.72075,-17.06677,319.83,0.42,0.61,2024-08-19,0343,N,VIIRS,n,2,293.99,2.49,N,0
32.69083,-17.0201,310.95,0.42,0.61,2024-08-19,0343,N,VIIRS,n,2,292.33,1.44,N,0
32.68969,-17.01564,313.9,0.42,0.61,2024-08-19,0343,N,VIIRS,n,2,293.87,1.44,N,0
32.68492,-17.0204,312.6,0.42,0.61,2024-08-19,0343,N,VIIRS,n,2,292.68,1.44,N,0
32.74991,-17.07301,367,0.42,0.61,2024-08-19,0343,N,VIIRS,h,2,304.64,17.15,N,0
32.70721,-17.04047,325.45,0.44,0.62,2024-08-19,1321,N,VIIRS,l,2,297.48,2.77,D,0
32.71613,-17.07636,327.66,0.44,0.63,2024-08-19,1321,N,VIIRS,n,2,295.93,2.82,D,0
32.7493,-16.97308,342.23,0.44,0.62,2024-08-19,1321,N,VIIRS,n,2,301.38,6.9,D,0
32.7546,-16.97607,367,0.44,0.62,2024-08-19,1321,N,VIIRS,h,2,303.65,12.51,D,0
32.75523,-16.97366,344.67,0.44,0.62,2024-08-19,1321,N,VIIRS,n,2,295.97,14.98,D,0
32.75376,-16.97928,335.82,0.44,0.62,2024-08-19,1321,N,VIIRS,n,2,299.22,12.51,D,0
32.73326,-17.08108,335.86,0.44,0.63,2024-08-19,1321,N,VIIRS,n,2,298.72,4.39,D,0
32.73666,-17.0915,333.51,0.44,0.63,2024-08-19,1321,N,VIIRS,n,2,298.78,10.08,D,0
32.7357,-17.09518,350.9,0.45,0.63,2024-08-19,1321,N,VIIRS,n,2,300.9,8.08,D,0
32.74855,-17.0694,329.31,0.44,0.63,2024-08-19,1321,N,VIIRS,l,2,299.62,6.34,D,0
32.74294,-17.09093,343.68,0.44,0.63,2024-08-19,1321,N,VIIRS,n,2,303.45,10.08,D,0
32.74179,-17.09532,350.41,0.45,0.63,2024-08-19,1321,N,VIIRS,n,2,301.25,8.08,D,0
41.30679,-7.84323,344.11,0.39,0.36,2024-08-19,1323,N,VIIRS,n,2,302.56,8.8,D,0
40.84315,-8.41137,339.86,0.39,0.36,2024-08-19,1323,N,VIIRS,n,2,304.97,2.62,D,0
41.54308,-8.25972,336.33,0.39,0.36,2024-08-19,1323,N,VIIRS,n,2,304.88,1.89,D,0
32.70549,-17.04268,346.31,0.49,0.65,2024-08-19,1501,N,VIIRS,n,2,299.64,3.76,D,0
32.75153,-16.98112,340.27,0.5,0.66,2024-08-19,1501,N,VIIRS,n,2,297.99,7.91,D,0
32.73986,-17.0886,331.58,0.49,0.65,2024-08-19,1501,N,VIIRS,l,2,302.25,7.92,D,0
32.73408,-17.08232,345.27,0.49,0.65,2024-08-19,1501,N,VIIRS,n,2,301.54,6.64,D,0
32.72203,-17.07909,355.96,0.49,0.65,2024-08-19,1501,N,VIIRS,n,2,297.58,7.53,D,0
32.72223,-17.07509,330.86,0.49,0.65,2024-08-19,1501,N,VIIRS,n,2,298.07,15.01,D,0
32.71596,-17.07825,351.07,0.49,0.65,2024-08-19,1501,N,VIIRS,n,2,297.84,7.53,D,0
32.70557,-17.0415,350.46,0.49,0.65,2024-08-19,1501,N,VIIRS,n,2,300.65,6.06,D,0
32.71151,-17.04512,346.23,0.49,0.65,2024-08-19,1501,N,VIIRS,n,2,299.3,6.06,D,0
38.78259,-27.189,332.77,0.49,0.4,2024-08-19,1503,N,VIIRS,n,2,299.3,4.99,D,0
32.75669,-16.97239,297.37,0.46,0.47,2024-08-20,0324,N,VIIRS,n,2,286.82,0.87,N,0
32.74691,-16.96915,311.1,0.46,0.47,2024-08-20,0324,N,VIIRS,n,2,292.25,5.61,N,0
32.74389,-16.97621,344.64,0.46,0.47,2024-08-20,0324,N,VIIRS,n,2,293.79,7.59,N,0
32.74496,-16.98116,310.56,0.46,0.47,2024-08-20,0324,N,VIIRS,n,2,291.87,2.33,N,0
32.73245,-17.09054,332.57,0.46,0.47,2024-08-20,0324,N,VIIRS,n,2,292.66,4.34,N,0
32.72937,-17.09714,339.47,0.46,0.47,2024-08-20,0324,N,VIIRS,n,2,295.18,11.49,N,0
32.7281,-17.0913,317.28,0.46,0.47,2024-08-20,0324,N,VIIRS,n,2,292.24,4.34,N,0
32.72558,-17.07972,314.9,0.46,0.47,2024-08-20,0324,N,VIIRS,n,2,291.95,2.61,N,0
32.7249,-17.09737,306.12,0.46,0.47,2024-08-20,0324,N,VIIRS,n,2,289.85,1.13,N,0
32.72255,-17.08656,306.19,0.46,0.47,2024-08-20,0324,N,VIIRS,n,2,291.07,2.94,N,0
32.72129,-17.08078,305.27,0.46,0.47,2024-08-20,0324,N,VIIRS,n,2,291.54,2.73,N,0
32.71696,-17.08164,326.01,0.46,0.47,2024-08-20,0324,N,VIIRS,n,2,292.8,2.73,N,0
32.7151,-17.07314,367,0.46,0.47,2024-08-20,0324,N,VIIRS,h,2,297.25,13.44,N,0
32.716,-17.07724,304.72,0.46,0.47,2024-08-20,0324,N,VIIRS,n,2,290.93,2.73,N,0
32.75267,-16.97487,322.69,0.46,0.47,2024-08-20,0324,N,VIIRS,n,2,291.35,5.61,N,0
32.75121,-16.96803,340.65,0.46,0.47,2024-08-20,0324,N,VIIRS,n,2,296.84,5.61,N,0
32.75403,-16.98118,300.1,0.46,0.47,2024-08-20,0324,N,VIIRS,n,2,289.46,1.04,N,0
32.7482,-16.97516,320.21,0.46,0.47,2024-08-20,0324,N,VIIRS,n,2,293.98,5.61,N,0
32.74948,-16.98111,309.15,0.46,0.47,2024-08-20,0324,N,VIIRS,n,2,292.45,1.04,N,0
39.24776,-8.4841,339.61,0.39,0.44,2024-08-20,1303,N,VIIRS,l,2,312.25,4.98,D,0
32.75367,-16.9687,356.39,0.53,0.5,2024-08-20,1442,N,VIIRS,n,2,306.55,58.45,D,0
32.75418,-16.96264,367,0.53,0.5,2024-08-20,1442,N,VIIRS,l,2,325.79,58.45,D,0
32.75883,-16.96316,367,0.53,0.5,2024-08-20,1442,N,VIIRS,h,2,308.81,58.45,D,0
32.75928,-16.95786,345.54,0.53,0.5,2024-08-20,1442,N,VIIRS,n,2,303.07,30.96,D,0
32.75833,-16.96907,353.89,0.53,0.5,2024-08-20,1442,N,VIIRS,n,2,300.43,58.45,D,0
32.75473,-16.97428,337.44,0.53,0.5,2024-08-20,1442,N,VIIRS,n,2,297.81,59.51,D,0
32.72145,-17.08314,344.09,0.52,0.5,2024-08-20,1442,N,VIIRS,n,2,301.67,18.13,D,0
32.75138,-16.95976,350.88,0.53,0.5,2024-08-20,1442,N,VIIRS,n,2,302.52,50.64,D,0
32.75085,-16.96552,346.57,0.53,0.5,2024-08-20,1442,N,VIIRS,n,2,299.92,59.51,D,0
32.75646,-16.95553,338.47,0.53,0.5,2024-08-20,1442,N,VIIRS,n,2,302.86,50.64,D,0
32.75464,-16.95722,343.63,0.53,0.5,2024-08-20,1442,N,VIIRS,n,2,302.36,30.96,D,0
32.75598,-16.96073,348.15,0.53,0.5,2024-08-20,1442,N,VIIRS,l,2,322.89,50.64,D,0
41.99375,-8.58139,348.07,0.67,0.74,2024-08-21,0121,N,VIIRS,n,2,288.72,6.61,N,0
41.99306,-8.58684,349.26,0.67,0.74,2024-08-21,0121,N,VIIRS,n,2,289.11,10.8,N,0
41.98614,-8.57458,305.81,0.67,0.74,2024-08-21,0121,N,VIIRS,n,2,287.04,3.79,N,0
41.98676,-8.5687,297.79,0.67,0.74,2024-08-21,0121,N,VIIRS,n,2,286.87,8.08,N,0
41.97993,-8.58305,367,0.67,0.74,2024-08-21,0121,N,VIIRS,h,2,292.78,8.08,N,0
41.98001,-8.59648,318.61,0.67,0.74,2024-08-21,0121,N,VIIRS,n,2,290.5,14.23,N,0
41.97985,-8.56723,314.21,0.67,0.74,2024-08-21,0121,N,VIIRS,n,2,286.49,8.08,N,0
41.97308,-8.59539,350.52,0.67,0.74,2024-08-21,0121,N,VIIRS,n,2,293.22,16.32,N,0
41.973,-8.58038,351.34,0.67,0.74,2024-08-21,0121,N,VIIRS,n,2,289.04,10.92,N,0
41.96616,-8.5922,346.13,0.67,0.74,2024-08-21,0121,N,VIIRS,n,2,289.97,16.32,N,0
41.96608,-8.57779,323.06,0.67,0.74,2024-08-21,0121,N,VIIRS,n,2,287.3,10.92,N,0
41.97593,-8.58313,324.04,0.44,0.46,2024-08-21,0302,N,VIIRS,n,2,291.82,5.77,N,0
41.97284,-8.58931,319.06,0.44,0.46,2024-08-21,0302,N,VIIRS,n,2,290.97,11.93,N,0
41.97389,-8.59381,337.13,0.44,0.46,2024-08-21,0302,N,VIIRS,n,2,292.24,11.93,N,0
41.96873,-8.59114,317.29,0.44,0.46,2024-08-21,0302,N,VIIRS,n,2,290.44,2.86,N,0
41.96769,-8.58667,304.09,0.44,0.46,2024-08-21,0302,N,VIIRS,n,2,288.98,0.89,N,0
41.99681,-8.57541,322.82,0.44,0.46,2024-08-21,0302,N,VIIRS,n,2,290.8,1.58,N,0
41.99372,-8.58163,356.09,0.44,0.46,2024-08-21,0302,N,VIIRS,n,2,300.2,13.14,N,0
41.99263,-8.57694,329.15,0.44,0.46,2024-08-21,0302,N,VIIRS,n,2,289.78,4.74,N,0
41.98421,-8.57976,335.73,0.44,0.46,2024-08-21,0302,N,VIIRS,n,2,293.11,6.47,N,0
41.98318,-8.57529,342.22,0.44,0.46,2024-08-21,0302,N,VIIRS,n,2,293.01,6.47,N,0
41.98111,-8.58588,324.2,0.44,0.46,2024-08-21,0302,N,VIIRS,n,2,291.25,4.43,N,0
41.98005,-8.58136,342.91,0.44,0.46,2024-08-21,0302,N,VIIRS,n,2,293.59,6.47,N,0
41.97799,-8.57248,310.61,0.44,0.46,2024-08-21,0302,N,VIIRS,n,2,288.13,1.66,N,0
41.97802,-8.59207,341.09,0.44,0.46,2024-08-21,0302,N,VIIRS,n,2,296,11.93,N,0
41.97696,-8.58756,355.83,0.44,0.46,2024-08-21,0302,N,VIIRS,n,2,302.43,11.93,N,0
39.63134,-8.53775,301.8,0.51,0.49,2024-08-21,0303,N,VIIRS,n,2,289.88,0.95,N,0
32.71152,-17.08211,319.57,0.42,0.38,2024-08-21,0305,N,VIIRS,n,2,289.47,2.36,N,0
32.71421,-17.07721,312.17,0.42,0.38,2024-08-21,0305,N,VIIRS,n,2,292.05,1.54,N,0
32.71574,-17.0858,314.32,0.42,0.38,2024-08-21,0305,N,VIIRS,n,2,291.25,2.1,N,0
32.71497,-17.08144,330.42,0.42,0.38,2024-08-21,0305,N,VIIRS,n,2,291.81,2.1,N,0
32.73463,-17.09189,314.28,0.42,0.38,2024-08-21,0305,N,VIIRS,n,2,294.15,1.69,N,0
32.7468,-16.95893,306.66,0.42,0.38,2024-08-21,0305,N,VIIRS,n,2,292.89,1.46,N,0
32.7476,-16.96345,347.27,0.42,0.38,2024-08-21,0305,N,VIIRS,n,2,296.36,8.17,N,0
32.74948,-16.95388,311.69,0.42,0.38,2024-08-21,0305,N,VIIRS,n,2,294.47,10.04,N,0
32.75026,-16.95827,311.46,0.42,0.38,2024-08-21,0305,N,VIIRS,n,2,295.18,10.04,N,0
32.75441,-16.98189,309.6,0.42,0.38,2024-08-21,0305,N,VIIRS,n,2,289.88,1.93,N,0
32.74872,-16.94958,323.57,0.42,0.38,2024-08-21,0305,N,VIIRS,n,2,293.08,24.55,N,0
32.75105,-16.96272,339.7,0.42,0.38,2024-08-21,0305,N,VIIRS,n,2,299.6,3.46,N,0
32.75142,-16.94466,309.52,0.42,0.38,2024-08-21,0305,N,VIIRS,n,2,291.86,24.55,N,0
32.75371,-16.9576,308.93,0.42,0.38,2024-08-21,0305,N,VIIRS,n,2,294.07,10.04,N,0
32.75258,-16.94234,330.58,0.42,0.38,2024-08-21,0305,N,VIIRS,n,2,292.37,5.95,N,0
32.75567,-16.95955,305.94,0.42,0.38,2024-08-21,0305,N,VIIRS,n,2,292.81,2.49,N,0
32.75756,-16.95013,318.76,0.42,0.38,2024-08-21,0305,N,VIIRS,n,2,296.5,6.19,N,0
32.75217,-16.94894,336.63,0.42,0.38,2024-08-21,0305,N,VIIRS,n,2,318.68,24.55,N,0
32.75294,-16.95324,353.85,0.42,0.38,2024-08-21,0305,N,VIIRS,n,2,305.28,10.04,N,0
32.75411,-16.95089,354.21,0.42,0.38,2024-08-21,0305,N,VIIRS,n,2,305.35,28.92,N,0
32.75334,-16.9466,349.88,0.42,0.38,2024-08-21,0305,N,VIIRS,n,2,308.29,28.92,N,0
32.75569,-16.97937,322.97,0.42,0.38,2024-08-21,0305,N,VIIRS,n,2,291.79,2.49,N,0
32.75303,-16.96478,325.08,0.42,0.38,2024-08-21,0305,N,VIIRS,n,2,296.68,3.62,N,0
32.75143,-16.95588,334.57,0.42,0.38,2024-08-21,0305,N,VIIRS,n,2,297.2,2.49,N,0
32.75065,-16.95154,345.13,0.42,0.38,2024-08-21,0305,N,VIIRS,n,2,309.6,28.92,N,0
32.75645,-16.98364,315.11,0.42,0.38,2024-08-21,0305,N,VIIRS,n,2,289.31,2.26,N,0
32.75222,-16.96029,309.3,0.42,0.38,2024-08-21,0305,N,VIIRS,n,2,294.74,2.49,N,0
32.74988,-16.94726,303.15,0.42,0.38,2024-08-21,0305,N,VIIRS,n,2,292.42,28.92,N,0
32.75526,-16.93732,313.18,0.42,0.38,2024-08-21,0305,N,VIIRS,n,2,289.84,13.26,N,0
32.75778,-16.98078,327.23,0.42,0.38,2024-08-21,0305,N,VIIRS,n,2,291.81,1.93,N,0
32.75489,-16.95518,323.87,0.42,0.38,2024-08-21,0305,N,VIIRS,n,2,296.31,2.49,N,0
32.71078,-17.07796,319.35,0.42,0.38,2024-08-21,0305,N,VIIRS,n,2,289.67,1.78,N,0
32.76149,-16.97201,317.72,0.42,0.38,2024-08-21,0305,N,VIIRS,n,2,288,3.38,N,0
32.75988,-16.96307,304.21,0.42,0.38,2024-08-21,0305,N,VIIRS,n,2,291.41,7.85,N,0
32.7591,-16.95872,302.77,0.42,0.38,2024-08-21,0305,N,VIIRS,n,2,291.64,2.03,N,0
32.75832,-16.95441,304.81,0.42,0.38,2024-08-21,0305,N,VIIRS,n,2,291.69,2.03,N,0
32.75449,-16.96202,308.06,0.42,0.38,2024-08-21,0305,N,VIIRS,n,2,294.2,3.46,N,0
32.76592,-16.95689,320.4,0.42,0.38,2024-08-21,0305,N,VIIRS,n,2,292.43,1.88,N,0
32.76666,-16.96103,314.89,0.42,0.38,2024-08-21,0305,N,VIIRS,n,2,289.92,1.74,N,0
32.76406,-16.96646,329.15,0.42,0.38,2024-08-21,0305,N,VIIRS,n,2,292.13,7.85,N,0
32.76328,-16.9621,336.13,0.42,0.38,2024-08-21,0305,N,VIIRS,n,2,298.42,7.85,N,0
32.76176,-16.95362,338.77,0.42,0.38,2024-08-21,0305,N,VIIRS,n,2,292.35,2.03,N,0
32.76099,-16.94935,349.95,0.42,0.38,2024-08-21,0305,N,VIIRS,n,2,296.2,6.19,N,0
32.76023,-16.94507,348.98,0.42,0.38,2024-08-21,0305,N,VIIRS,n,2,299.39,6.19,N,0
32.75945,-16.94077,331.4,0.42,0.38,2024-08-21,0305,N,VIIRS,n,2,291.34,13.26,N,0
32.76252,-16.95787,317.73,0.42,0.38,2024-08-21,0305,N,VIIRS,n,2,293.24,2.03,N,0
32.76067,-16.9675,355,0.42,0.38,2024-08-21,0305,N,VIIRS,n,2,296.32,7.85,N,0
32.75679,-16.94586,331.68,0.42,0.38,2024-08-21,0305,N,VIIRS,n,2,296.91,6.19,N,0
32.75603,-16.9416,353.15,0.42,0.38,2024-08-21,0305,N,VIIRS,n,2,306.89,13.26,N,0
39.9495,-7.93257,341.44,0.61,0.54,2024-08-21,1245,N,VIIRS,n,2,303.85,5.91,D,0
39.95411,-7.93512,332.76,0.61,0.54,2024-08-21,1245,N,VIIRS,n,2,302.07,5.91,D,0
40.9499,-8.48606,341.19,0.61,0.54,2024-08-21,1245,N,VIIRS,n,2,300.96,7.79,D,0
40.95039,-8.48752,340.42,0.61,0.54,2024-08-21,1245,N,VIIRS,n,2,301.62,11.97,D,0
41.98257,-8.56983,337.52,0.58,0.52,2024-08-21,1245,N,VIIRS,n,2,305.93,6.78,D,0
32.75336,-16.93545,342.57,0.45,0.39,2024-08-21,1423,N,VIIRS,n,2,304.53,20.07,D,0
32.75695,-16.93604,336.69,0.45,0.39,2024-08-21,1423,N,VIIRS,n,2,303.17,10.55,D,0
32.71097,-17.08407,342.58,0.45,0.39,2024-08-21,1423,N,VIIRS,n,2,307.5,23.65,D,0
41.83295,-8.31876,367,0.52,0.66,2024-08-21,1426,N,VIIRS,h,2,299.24,13.56,D,0
41.83091,-8.31945,352.68,0.52,0.67,2024-08-21,1426,N,VIIRS,n,2,298.39,7.57,D,0
41.82868,-8.32964,308.47,0.44,0.38,2024-08-22,0243,N,VIIRS,n,2,288.76,1.58,N,0
41.14169,-8.33942,336.73,0.45,0.39,2024-08-22,0244,N,VIIRS,n,2,289.23,2.61,N,0
41.1442,-8.33311,299.88,0.45,0.39,2024-08-22,0244,N,VIIRS,n,2,288.9,2.61,N,0
41.1432,-8.32787,301.33,0.45,0.39,2024-08-22,0244,N,VIIRS,n,2,288.47,0.28,N,0
32.7473,-16.94034,316.09,0.41,0.37,2024-08-22,0246,N,VIIRS,n,2,291.36,1.06,N,0
32.72658,-17.09332,347.95,0.41,0.37,2024-08-22,0246,N,VIIRS,n,2,301.97,22.79,N,0
32.71125,-17.0841,301.15,0.41,0.37,2024-08-22,0246,N,VIIRS,n,2,289.85,0.74,N,0
32.70786,-17.08496,310.56,0.41,0.37,2024-08-22,0246,N,VIIRS,n,2,289.52,1.08,N,0
32.75683,-16.93357,345.32,0.41,0.37,2024-08-22,0246,N,VIIRS,n,2,296.65,4.89,N,0
32.75343,-16.93424,345.82,0.41,0.37,2024-08-22,0246,N,VIIRS,n,2,297.09,4.89,N,0
32.75281,-16.92983,303.58,0.41,0.37,2024-08-22,0246,N,VIIRS,n,2,289.68,4.89,N,0
32.75737,-16.98725,309.9,0.41,0.37,2024-08-22,0246,N,VIIRS,n,2,288.78,1,N,0
32.75068,-16.93952,301.53,0.41,0.37,2024-08-22,0246,N,VIIRS,n,2,290.3,1.06,N,0
32.75005,-16.93503,301.57,0.41,0.37,2024-08-22,0246,N,VIIRS,n,2,289.59,0.47,N,0
32.75746,-16.93802,323.5,0.41,0.37,2024-08-22,0246,N,VIIRS,n,2,292.19,6.11,N,0
39.20429,-8.85112,367,0.61,0.71,2024-08-22,1226,N,VIIRS,h,2,305.25,63.41,D,0
32.74569,-16.94192,354.41,0.39,0.36,2024-08-22,1405,N,VIIRS,n,2,317.84,14.88,D,0
40.19621,-7.54344,338.25,0.62,0.54,2024-08-22,1406,N,VIIRS,n,2,309.23,5.73,D,0
39.20333,-8.84919,342.87,0.52,0.5,2024-08-22,1406,N,VIIRS,n,2,305.86,6.02,D,0
32.74173,-16.94129,325.28,0.44,0.46,2024-08-23,0227,N,VIIRS,n,2,288.12,1.08,N,0
32.76405,-16.94788,298.48,0.44,0.46,2024-08-23,0227,N,VIIRS,n,2,284.88,0.75,N,0
32.74603,-16.9409,299.76,0.44,0.46,2024-08-23,0227,N,VIIRS,n,2,287.3,1.08,N,0
32.74356,-16.94399,323.89,0.44,0.46,2024-08-23,0227,N,VIIRS,n,2,290.09,2.35,N,0
41.11349,-8.39452,338.37,0.5,0.41,2024-08-23,1348,N,VIIRS,n,2,306.14,16.74,D,0
41.11411,-8.38877,340,0.51,0.41,2024-08-23,1348,N,VIIRS,n,2,306.49,16.74,D,0
41.48616,-7.35884,310.4,0.49,0.4,2024-08-24,0206,N,VIIRS,n,2,290.93,1.14,N,0
39.22117,-8.47197,338.07,0.38,0.36,2024-08-24,1328,N,VIIRS,n,2,306.99,3.49,D,0
40.66483,-7.95008,335.28,0.39,0.36,2024-08-24,1329,N,VIIRS,n,2,299.9,4.57,D,0
39.71694,-8.18691,323.12,0.58,0.52,2024-08-25,0147,N,VIIRS,n,2,290.84,8.95,N,0
39.72179,-8.18644,342.15,0.58,0.52,2024-08-25,0147,N,VIIRS,n,2,293.14,8.95,N,0
38.62941,-9.08022,303.96,0.63,0.54,2024-08-25,0148,N,VIIRS,n,2,290.8,1.28,N,2
40.28679,-8.42088,297.54,0.51,0.66,2024-08-25,0327,N,VIIRS,n,2,286.57,0.81,N,0
41.86187,-8.24848,334.24,0.47,0.64,2024-08-25,0327,N,VIIRS,n,2,288.73,1.87,N,0
41.8569,-8.25338,302.94,0.47,0.64,2024-08-25,0327,N,VIIRS,n,2,285.16,1.87,N,0
41.86399,-8.24715,302.14,0.47,0.64,2024-08-25,0327,N,VIIRS,n,2,287.39,2.33,N,0
41.85876,-8.25124,330.34,0.47,0.64,2024-08-25,0327,N,VIIRS,n,2,286.82,2.33,N,0
39.72161,-8.18648,314.84,0.54,0.68,2024-08-25,0328,N,VIIRS,n,2,288.69,1.49,N,0
38.61987,-27.99936,307.62,0.46,0.39,2024-08-25,0329,N,VIIRS,n,2,287.76,2.04,N,0
41.05932,-7.92275,316.83,0.6,0.53,2024-08-26,0308,N,VIIRS,n,2,286.89,1.96,N,0
40.28994,-8.42219,297.72,0.59,0.53,2024-08-26,0309,N,VIIRS,n,2,287.5,0.89,N,2
41.05673,-7.92379,314.25,0.6,0.53,2024-08-26,0309,N,VIIRS,n,2,286.2,3.35,N,0
41.33049,-7.24867,343.53,0.44,0.46,2024-08-26,1251,N,VIIRS,n,2,300.17,18.52,D,0
41.33447,-7.25097,339.58,0.44,0.46,2024-08-26,1251,N,VIIRS,n,2,302.23,18.52,D,0
41.33564,-7.24584,355.59,0.44,0.46,2024-08-26,1251,N,VIIRS,n,2,307.21,37.8,D,0
41.23048,-8.25207,333.66,0.62,0.72,2024-08-26,1432,N,VIIRS,n,2,296.92,3.46,D,0
41.23258,-8.25675,333.83,0.62,0.72,2024-08-26,1432,N,VIIRS,n,2,298.8,6.22,D,0
41.01791,-7.92848,367,0.41,0.61,2024-08-27,1232,N,VIIRS,h,2,307.32,18.86,D,0
41.55981,-7.92618,367,0.4,0.6,2024-08-27,1233,N,VIIRS,h,2,302.39,38.85,D,0
41.01692,-7.92661,367,0.41,0.61,2024-08-27,1233,N,VIIRS,h,2,302.48,10.85,D,0
41.01572,-7.93082,356.48,0.41,0.61,2024-08-27,1233,N,VIIRS,n,2,301.96,10.85,D,0
41.54832,-7.92464,335.06,0.4,0.6,2024-08-27,1233,N,VIIRS,n,2,301.6,3.19,D,0
41.55509,-7.92174,350.58,0.4,0.6,2024-08-27,1233,N,VIIRS,n,2,298.04,53.26,D,0
41.55306,-7.92902,356.99,0.4,0.6,2024-08-27,1233,N,VIIRS,n,2,305.17,38.85,D,0
41.55883,-7.92968,340.92,0.4,0.6,2024-08-27,1233,N,VIIRS,n,2,300.92,38.85,D,0
39.31443,-7.48763,344.74,0.37,0.58,2024-08-27,1412,N,VIIRS,n,2,308.3,18.38,D,0
37.70282,-8.76472,342.87,0.61,0.54,2024-08-27,1412,N,VIIRS,n,2,299.87,19.76,D,0
37.70302,-8.76544,342.52,0.61,0.54,2024-08-27,1412,N,VIIRS,n,2,300.35,16.77,D,0
39.31489,-7.4793,335.22,0.37,0.58,2024-08-27,1412,N,VIIRS,l,2,306.29,40.07,D,0
39.31466,-7.48347,355.1,0.37,0.58,2024-08-27,1412,N,VIIRS,n,2,322.82,40.07,D,0
40.12347,-7.17706,338.22,0.39,0.6,2024-08-27,1413,N,VIIRS,n,2,311.07,3.02,D,0
40.11791,-7.17664,354.1,0.39,0.6,2024-08-27,1413,N,VIIRS,n,2,313.15,4.78,D,0
41.55342,-7.9319,332.55,0.37,0.58,2024-08-27,1413,N,VIIRS,n,2,302.06,2.74,D,0
41.55373,-7.92549,338.96,0.37,0.58,2024-08-27,1413,N,VIIRS,n,2,306.17,2.74,D,0
41.41847,-7.70492,343.63,0.65,0.73,2024-08-28,1214,N,VIIRS,n,2,299.16,23.16,D,0
41.42072,-7.69819,367,0.65,0.73,2024-08-28,1214,N,VIIRS,h,2,305.69,28.44,D,0
41.41691,-7.7029,352.64,0.66,0.73,2024-08-28,1214,N,VIIRS,n,2,300.89,29.89,D,0
41.42142,-7.68913,332.81,0.65,0.73,2024-08-28,1214,N,VIIRS,n,2,300.4,22.49,D,0
41.41916,-7.69604,367,0.65,0.73,2024-08-28,1214,N,VIIRS,h,2,307.31,29.89,D,0
41.42304,-7.69124,341.94,0.65,0.73,2024-08-28,1214,N,VIIRS,n,2,301.45,28.44,D,0
41.42478,-7.69239,344.79,0.43,0.46,2024-08-28,1354,N,VIIRS,n,2,308.22,5.99,D,0
41.41674,-7.68587,331.49,0.43,0.46,2024-08-28,1354,N,VIIRS,n,2,302.38,12.46,D,0
41.41629,-7.69121,341.25,0.43,0.46,2024-08-28,1354,N,VIIRS,n,2,309.22,16.09,D,0
41.421,-7.68637,343.25,0.43,0.46,2024-08-28,1354,N,VIIRS,n,2,307.52,12.46,D,0
41.42054,-7.69171,350.13,0.43,0.46,2024-08-28,1354,N,VIIRS,n,2,317.14,16.09,D,0
41.42008,-7.6971,334.91,0.43,0.46,2024-08-28,1354,N,VIIRS,l,2,306.8,16.09,D,0
41.17817,-8.21737,367,0.4,0.45,2024-08-28,1354,N,VIIRS,h,2,301.34,9.58,D,0
41.41538,-7.7019,340.66,0.43,0.46,2024-08-28,1354,N,VIIRS,n,2,305.84,6.8,D,0
41.41962,-7.70246,343.25,0.43,0.46,2024-08-28,1354,N,VIIRS,n,2,303.53,6.8,D,0
41.09459,-7.88109,307.79,0.44,0.39,2024-08-29,0212,N,VIIRS,n,2,286.18,1.07,N,0
41.74974,-8.0209,330.43,0.45,0.39,2024-08-29,0212,N,VIIRS,n,2,290.21,3.17,N,0
41.74616,-8.02171,316.19,0.45,0.39,2024-08-29,0212,N,VIIRS,n,2,289.31,3.17,N,0
41.74551,-8.01627,307.51,0.45,0.39,2024-08-29,0212,N,VIIRS,n,2,288.52,1.7,N,0
37.38458,-7.69268,336.83,0.39,0.37,2024-08-29,1334,N,VIIRS,l,2,311.08,2.1,D,0
41.05811,-7.52708,367,0.42,0.38,2024-08-29,1335,N,VIIRS,l,2,332.08,63.56,D,0
41.30965,-7.12719,353.04,0.43,0.38,2024-08-29,1335,N,VIIRS,n,2,318.32,13.18,D,0
41.31315,-7.12792,367,0.43,0.38,2024-08-29,1335,N,VIIRS,h,2,348.26,87.26,D,0
41.05743,-7.53236,342.38,0.42,0.38,2024-08-29,1335,N,VIIRS,l,2,314.09,31.82,D,0
41.05467,-7.5263,367,0.42,0.38,2024-08-29,1335,N,VIIRS,l,2,327.32,63.56,D,0
41.44625,-7.67068,338.99,0.42,0.38,2024-08-29,1335,N,VIIRS,n,2,305.02,1.72,D,0
41.31666,-7.12862,348.61,0.43,0.38,2024-08-29,1335,N,VIIRS,n,2,304.54,87.26,D,0
41.31248,-7.13336,367,0.43,0.38,2024-08-29,1335,N,VIIRS,h,2,336.13,97.54,D,0
41.96441,-8.4618,353.62,0.52,0.5,2024-08-30,0153,N,VIIRS,n,2,290.88,8.78,N,0
41.96957,-8.46855,327.73,0.52,0.5,2024-08-30,0153,N,VIIRS,n,2,288.96,4.67,N,0
41.96899,-8.46067,334.72,0.52,0.5,2024-08-30,0153,N,VIIRS,n,2,288.81,4.67,N,0
41.96492,-8.46885,320.52,0.52,0.5,2024-08-30,0153,N,VIIRS,n,2,288.77,8.78,N,0
41.09487,-8.58179,304.06,0.52,0.5,2024-08-30,0153,N,VIIRS,n,2,287.26,0.58,N,0
41.09595,-8.58195,303.5,0.51,0.5,2024-08-30,0153,N,VIIRS,n,2,287.33,0.97,N,0
41.96598,-8.47042,296.65,0.54,0.67,2024-08-30,0333,N,VIIRS,n,2,286.06,1.4,N,0
41.96801,-8.46819,303.05,0.54,0.68,2024-08-30,0333,N,VIIRS,n,2,286.62,3.63,N,0
41.96488,-8.45814,337.75,0.54,0.68,2024-08-30,0333,N,VIIRS,n,2,287.56,6.49,N,0
41.96648,-8.46328,332.56,0.54,0.68,2024-08-30,0333,N,VIIRS,n,2,287.56,6.49,N,0
41.96257,-8.45965,306.55,0.54,0.68,2024-08-30,0333,N,VIIRS,n,2,286.16,1.62,N,0
41.96426,-8.46499,302.27,0.54,0.68,2024-08-30,0333,N,VIIRS,n,2,286.64,1.4,N,0
41.96886,-8.45781,336,0.54,0.68,2024-08-30,0333,N,VIIRS,n,2,287.17,5.85,N,0
41.97034,-8.46248,325.29,0.54,0.68,2024-08-30,0333,N,VIIRS,n,2,286.8,7.15,N,0
39.13479,-9.01197,297.99,0.61,0.71,2024-08-30,0334,N,VIIRS,n,2,285.9,0.65,N,0
39.13353,-9.01419,295.83,0.61,0.71,2024-08-30,0334,N,VIIRS,n,2,285.81,1.07,N,0
39.13142,-9.32756,341.25,0.45,0.63,2024-09-01,1238,N,VIIRS,n,2,291.67,4.57,D,0
41.76488,-7.16462,299.46,0.43,0.38,2024-09-02,0237,N,VIIRS,n,2,268.06,1.57,N,0
41.74169,-7.11841,307.07,0.43,0.38,2024-09-02,0237,N,VIIRS,n,2,272.89,0.59,N,0
41.75338,-7.14198,310.26,0.43,0.38,2024-09-02,0237,N,VIIRS,n,2,282.06,1.54,N,0
41.76147,-7.16583,302.36,0.43,0.38,2024-09-02,0237,N,VIIRS,n,2,268.75,1.26,N,0
41.74115,-7.13502,310.19,0.43,0.38,2024-09-02,0237,N,VIIRS,n,2,274.97,1.45,N,0
41.74212,-7.14017,308.87,0.43,0.38,2024-09-02,0237,N,VIIRS,n,2,279.24,1.45,N,0
38.62938,-9.07996,306.85,0.41,0.37,2024-09-02,0238,N,VIIRS,n,2,292.49,0.97,N,2
41.74443,-7.12571,335.49,0.56,0.51,2024-09-02,1400,N,VIIRS,l,2,306.91,7.06,D,0
41.75583,-8.40939,312.85,0.42,0.38,2024-09-03,0218,N,VIIRS,n,2,285.22,4.33,N,0
41.52001,-8.1562,316.24,0.41,0.37,2024-09-03,0218,N,VIIRS,n,2,284.85,1.64,N,0
41.52067,-8.16108,296.73,0.41,0.37,2024-09-03,0218,N,VIIRS,n,2,283.6,1.64,N,0
41.5234,-8.15529,322.24,0.41,0.37,2024-09-03,0218,N,VIIRS,n,2,287.14,1.64,N,0
41.54243,-8.1146,313.91,0.41,0.37,2024-09-03,0218,N,VIIRS,n,2,282.31,1.4,N,0
41.75171,-8.405,340.56,0.42,0.38,2024-09-03,0218,N,VIIRS,n,2,288.55,3.18,N,0
41.74041,-7.10613,297.78,0.39,0.36,2024-09-03,0218,N,VIIRS,n,2,285.44,0.94,N,0
41.75241,-8.41028,297.93,0.42,0.38,2024-09-03,0218,N,VIIRS,n,2,284.26,3.18,N,0
41.73709,-7.10703,312.46,0.39,0.36,2024-09-03,0218,N,VIIRS,n,2,286.74,0.94,N,0
41.75856,-8.40324,333.58,0.42,0.38,2024-09-03,0218,N,VIIRS,n,2,286.73,4.33,N,0
41.75513,-8.40408,337.12,0.42,0.38,2024-09-03,0218,N,VIIRS,n,2,291.42,4.33,N,0
39.68395,-8.90564,298.87,0.41,0.37,2024-09-03,0219,N,VIIRS,n,2,286.51,0.61,N,2
40.28676,-8.41859,299.23,0.41,0.37,2024-09-03,0219,N,VIIRS,n,2,285.91,0.56,N,2
39.78183,-8.58148,337.27,0.42,0.38,2024-09-03,1341,N,VIIRS,n,2,309.89,39.78,D,0
39.78119,-8.58644,303.26,0.42,0.38,2024-09-03,1341,N,VIIRS,l,2,305.28,39.78,D,0
41.75974,-8.40151,341.3,0.45,0.39,2024-09-03,1342,N,VIIRS,n,2,299.97,7.56,D,0
41.75681,-8.39549,341.22,0.45,0.39,2024-09-03,1342,N,VIIRS,n,2,302.88,23.37,D,0
41.84123,-8.31499,330.69,0.42,0.46,2024-09-04,0159,N,VIIRS,n,2,287.21,2.25,N,0
41.83556,-8.34707,335.39,0.43,0.46,2024-09-04,0159,N,VIIRS,n,2,289.13,21.52,N,0
41.83602,-8.35216,334.77,0.43,0.46,2024-09-04,0159,N,VIIRS,n,2,304.82,21.52,N,0
41.83973,-8.34575,337.39,0.43,0.46,2024-09-04,0159,N,VIIRS,n,2,288.06,21.52,N,0
41.84022,-8.35118,323.06,0.43,0.46,2024-09-04,0159,N,VIIRS,n,2,287.21,21.52,N,0
41.84166,-8.3197,302.46,0.43,0.46,2024-09-04,0159,N,VIIRS,n,2,287.1,2.25,N,0
41.84338,-8.33874,311.27,0.43,0.46,2024-09-04,0159,N,VIIRS,n,2,287.05,19.64,N,0
41.84442,-8.3502,305.74,0.43,0.46,2024-09-04,0159,N,VIIRS,n,2,285.26,22.74,N,0
41.84039,-8.30567,348.65,0.42,0.46,2024-09-04,0159,N,VIIRS,n,2,289.79,7.71,N,0
41.84388,-8.34426,367,0.43,0.46,2024-09-04,0159,N,VIIRS,h,2,290.15,22.74,N,0
41.84667,-8.32773,302.75,0.43,0.46,2024-09-04,0159,N,VIIRS,n,2,286.58,1.73,N,0
41.84455,-8.30441,341.44,0.42,0.46,2024-09-04,0159,N,VIIRS,n,2,292.31,7.71,N,0
41.84708,-8.33231,323.92,0.43,0.46,2024-09-04,0159,N,VIIRS,n,2,288.23,19.64,N,0
41.84753,-8.3372,355.17,0.43,0.46,2024-09-04,0159,N,VIIRS,n,2,296.56,19.64,N,0
41.84805,-8.34303,342.94,0.43,0.46,2024-09-04,0159,N,VIIRS,n,2,298.89,22.74,N,0
41.85043,-8.32205,300.08,0.43,0.46,2024-09-04,0159,N,VIIRS,n,2,286.4,2.49,N,0
41.85173,-8.33633,306.75,0.43,0.46,2024-09-04,0159,N,VIIRS,n,2,284.79,2.21,N,0
41.84831,-8.29877,335.58,0.42,0.46,2024-09-04,0159,N,VIIRS,n,2,287.67,28.31,N,0
41.84872,-8.30328,341.96,0.42,0.46,2024-09-04,0159,N,VIIRS,n,2,292.06,15.35,N,0
41.85084,-8.32648,345.05,0.43,0.46,2024-09-04,0159,N,VIIRS,n,2,288.04,2.49,N,0
41.85126,-8.33113,321.81,0.43,0.46,2024-09-04,0159,N,VIIRS,n,2,286.14,2.21,N,0
41.8529,-8.30217,310.98,0.42,0.46,2024-09-04,0159,N,VIIRS,n,2,288.55,15.35,N,0
41.85417,-8.31609,302.86,0.43,0.46,2024-09-04,0159,N,VIIRS,n,2,286.66,1.69,N,0
41.85459,-8.32078,310.09,0.43,0.46,2024-09-04,0159,N,VIIRS,n,2,286.26,2.49,N,0
41.85249,-8.29775,347.31,0.42,0.46,2024-09-04,0159,N,VIIRS,n,2,304.06,28.31,N,0
41.85629,-8.29248,314.5,0.42,0.45,2024-09-04,0159,N,VIIRS,n,2,287.87,1.65,N,0
41.85668,-8.29684,318.02,0.42,0.46,2024-09-04,0159,N,VIIRS,n,2,287.92,1.65,N,0
41.8575,-8.30577,300.07,0.42,0.46,2024-09-04,0159,N,VIIRS,n,2,286.01,20.53,N,0
41.85792,-8.31033,302.77,0.42,0.46,2024-09-04,0159,N,VIIRS,n,2,286.48,17.46,N,0
41.85834,-8.31488,321.45,0.43,0.46,2024-09-04,0159,N,VIIRS,n,2,286.79,17.46,N,0
41.86006,-8.28701,299.61,0.42,0.45,2024-09-04,0159,N,VIIRS,n,2,287.47,1.44,N,0
41.86048,-8.29161,303.64,0.42,0.45,2024-09-04,0159,N,VIIRS,n,2,287.09,1.65,N,0
41.86088,-8.29599,314.57,0.42,0.46,2024-09-04,0159,N,VIIRS,n,2,287.69,1.65,N,0
41.86129,-8.30045,352.86,0.42,0.46,2024-09-04,0159,N,VIIRS,n,2,295.15,20.53,N,0
41.8617,-8.30494,352,0.42,0.46,2024-09-04,0159,N,VIIRS,n,2,296.73,20.53,N,0
41.86211,-8.30944,355.32,0.42,0.46,2024-09-04,0159,N,VIIRS,n,2,300.75,17.46,N,0
41.86252,-8.31385,354.33,0.43,0.46,2024-09-04,0159,N,VIIRS,n,2,292.91,17.46,N,0
41.86591,-8.30421,305.21,0.42,0.46,2024-09-04,0159,N,VIIRS,n,2,285.59,1.32,N,0
41.86633,-8.30868,299.23,0.42,0.46,2024-09-04,0159,N,VIIRS,n,2,284.61,1.29,N,0
41.07118,-7.70932,295.71,0.39,0.44,2024-09-04,0159,N,VIIRS,n,2,284.39,0.32,N,0
41.5202,-8.15888,301.56,0.41,0.45,2024-09-04,0159,N,VIIRS,n,2,287.27,0.66,N,0
41.76226,-8.33627,337.31,0.43,0.46,2024-09-04,0159,N,VIIRS,n,2,284.96,2.72,N,0
41.76651,-8.33604,319.67,0.43,0.46,2024-09-04,0159,N,VIIRS,n,2,284.98,2.72,N,0
41.83651,-8.35766,297.18,0.43,0.46,2024-09-04,0159,N,VIIRS,n,2,284.52,10.68,N,0
38.62605,-9.07875,302,0.43,0.46,2024-09-04,0200,N,VIIRS,n,2,289.12,0.79,N,2
40.28804,-8.41945,297.3,0.41,0.45,2024-09-04,0200,N,VIIRS,n,2,287.2,0.7,N,2
41.85362,-8.32347,306.1,0.65,0.73,2024-09-04,0339,N,VIIRS,n,2,284.12,14.16,N,0
41.84975,-8.31167,297.04,0.65,0.73,2024-09-04,0339,N,VIIRS,n,2,284.74,14.16,N,0
41.85024,-8.33583,367,0.65,0.73,2024-09-04,0339,N,VIIRS,h,2,291.48,24.59,N,0
41.84652,-8.32451,342.17,0.65,0.73,2024-09-04,0339,N,VIIRS,n,2,285.88,14.16,N,0
41.85226,-8.34195,298.33,0.65,0.73,2024-09-04,0339,N,VIIRS,n,2,283.98,24.59,N,0
41.84555,-8.34419,367,0.65,0.73,2024-09-04,0339,N,VIIRS,h,2,289.17,10.06,N,0
41.84321,-8.33707,341.65,0.65,0.73,2024-09-04,0339,N,VIIRS,n,2,285.6,10.06,N,0
41.83838,-8.345,304.75,0.65,0.73,2024-09-04,0339,N,VIIRS,n,2,284.48,10.06,N,0
41.8341,-8.3546,299.41,0.65,0.73,2024-09-04,0339,N,VIIRS,n,2,284.46,1.94,N,0
41.85155,-8.30926,320.21,0.65,0.73,2024-09-04,0339,N,VIIRS,n,2,285.19,28.3,N,0
41.84727,-8.29648,353.97,0.65,0.73,2024-09-04,0339,N,VIIRS,n,2,299.83,28.3,N,0
41.84423,-8.28744,312.6,0.65,0.73,2024-09-04,0339,N,VIIRS,n,2,286.45,27.77,N,0
41.8522,-8.33349,367,0.65,0.73,2024-09-04,0339,N,VIIRS,h,2,292.3,18.37,N,0
41.8581,-8.30651,303.83,0.65,0.73,2024-09-04,0339,N,VIIRS,n,2,284.23,28.3,N,0
41.85437,-8.33996,295.77,0.65,0.73,2024-09-04,0339,N,VIIRS,n,2,283.82,16.5,N,0
41.84816,-8.32145,315.02,0.65,0.73,2024-09-04,0339,N,VIIRS,n,2,284.68,18.37,N,0
41.84056,-8.29879,302.61,0.65,0.73,2024-09-04,0339,N,VIIRS,n,2,285.95,4.2,N,0
41.84775,-8.34248,367,0.65,0.73,2024-09-04,0339,N,VIIRS,h,2,290.18,16.5,N,0
41.8535,-8.29275,327.7,0.65,0.73,2024-09-04,0339,N,VIIRS,n,2,286.64,28.3,N,0
41.86254,-8.31979,301.95,0.65,0.73,2024-09-04,0339,N,VIIRS,n,2,283.15,4.25,N,0
41.83125,-8.34596,304.22,0.65,0.73,2024-09-04,0339,N,VIIRS,n,2,284.8,1.8,N,0
41.84564,-8.33621,352.61,0.65,0.73,2024-09-04,0339,N,VIIRS,n,2,285.86,18.37,N,0
41.84954,-8.34782,300.23,0.64,0.72,2024-09-04,0339,N,VIIRS,n,2,284.61,16.5,N,0
41.84284,-8.35012,297.23,0.64,0.72,2024-09-04,0339,N,VIIRS,n,2,284.12,2.03,N,0
41.84056,-8.34333,315.75,0.65,0.73,2024-09-04,0339,N,VIIRS,n,2,284.1,2.03,N,0
41.8362,-8.35256,311.38,0.64,0.72,2024-09-04,0339,N,VIIRS,n,2,285.09,2.03,N,0
41.83321,-8.34368,305.01,0.65,0.73,2024-09-04,0339,N,VIIRS,n,2,285.01,2.03,N,0
41.86268,-8.30569,333.95,0.65,0.73,2024-09-04,0339,N,VIIRS,n,2,285.9,13.55,N,0
41.85826,-8.29218,304.65,0.65,0.73,2024-09-04,0339,N,VIIRS,n,2,285.6,21.71,N,0
41.85225,-8.2966,367,0.65,0.73,2024-09-04,0339,N,VIIRS,h,2,295.03,21.71,N,0
41.84875,-8.28595,329.07,0.65,0.73,2024-09-04,0339,N,VIIRS,n,2,286.99,21.71,N,0
41.85658,-8.30981,298.17,0.65,0.73,2024-09-04,0339,N,VIIRS,n,2,283.83,13.55,N,0
41.84581,-8.29968,367,0.65,0.73,2024-09-04,0339,N,VIIRS,h,2,289.04,22.23,N,0
41.86401,-8.30184,328.02,0.65,0.73,2024-09-04,0339,N,VIIRS,n,2,285.26,4.5,N,0
41.84254,-8.28975,326.11,0.65,0.73,2024-09-04,0339,N,VIIRS,n,2,285.98,22.23,N,0
42.0334,-8.09692,302.16,0.66,0.73,2024-09-04,0339,N,VIIRS,n,2,279.61,4.3,N,0
40.06276,-8.84908,337.83,0.4,0.37,2024-09-04,1322,N,VIIRS,n,2,301.47,2.61,D,0
38.52008,-7.82429,336.79,0.39,0.37,2024-09-04,1322,N,VIIRS,l,2,310.51,1.95,D,0
38.9382,-8.05872,336.71,0.4,0.37,2024-09-04,1322,N,VIIRS,n,2,309.55,0.71,D,0
39.99498,-8.39947,352.46,0.4,0.37,2024-09-04,1322,N,VIIRS,n,2,305.84,5.31,D,0
39.99906,-8.39585,356.58,0.4,0.37,2024-09-04,1322,N,VIIRS,n,2,303.89,6.53,D,0
39.9983,-8.40038,353.12,0.4,0.37,2024-09-04,1322,N,VIIRS,n,2,304.11,6.18,D,0
40.06116,-8.85844,335.04,0.4,0.37,2024-09-04,1322,N,VIIRS,n,2,302.61,3.87,D,0
40.06609,-8.85006,338.7,0.4,0.37,2024-09-04,1322,N,VIIRS,n,2,304.36,3.8,D,0
41.14167,-8.25205,334.22,0.39,0.36,2024-09-04,1322,N,VIIRS,n,2,302.48,2.21,D,0
41.63955,-8.58463,367,0.39,0.36,2024-09-04,1323,N,VIIRS,l,2,329.05,50.79,D,0
41.85952,-8.3193,346.26,0.39,0.36,2024-09-04,1323,N,VIIRS,n,2,308.88,10.15,D,0
41.85729,-8.3331,349.39,0.39,0.36,2024-09-04,1323,N,VIIRS,n,2,302.02,12.11,D,0
41.85578,-8.34245,353.13,0.39,0.36,2024-09-04,1323,N,VIIRS,n,2,301.77,7.03,D,0
41.86573,-8.30203,333.18,0.39,0.36,2024-09-04,1323,N,VIIRS,n,2,302.77,37.01,D,0
41.86281,-8.32019,333.34,0.39,0.36,2024-09-04,1323,N,VIIRS,n,2,300.69,10.15,D,0
41.86208,-8.32477,345.16,0.39,0.36,2024-09-04,1323,N,VIIRS,n,2,310,21.49,D,0
41.86133,-8.32938,350.9,0.39,0.36,2024-09-04,1323,N,VIIRS,n,2,312.04,21.49,D,0
42.01653,-8.10657,329.98,0.39,0.36,2024-09-04,1323,N,VIIRS,n,2,300.03,19.89,D,0
41.85325,-8.33681,334.11,0.39,0.36,2024-09-04,1323,N,VIIRS,n,2,298.37,3.9,D,0
42.02053,-8.1029,353.12,0.39,0.36,2024-09-04,1323,N,VIIRS,n,2,309.67,97.34,D,0
42.02454,-8.09924,355.96,0.39,0.36,2024-09-04,1323,N,VIIRS,n,2,313.54,20.47,D,0
41.84351,-8.29826,354.18,0.39,0.36,2024-09-04,1323,N,VIIRS,n,2,310.12,14.29,D,0
41.86389,-8.29202,335.06,0.39,0.36,2024-09-04,1323,N,VIIRS,l,2,308.65,43.3,D,0
41.63548,-8.58833,334.34,0.39,0.36,2024-09-04,1323,N,VIIRS,n,2,300.1,34.53,D,0
41.76489,-8.33783,347.32,0.39,0.36,2024-09-04,1323,N,VIIRS,n,2,300.62,16,D,0
41.76161,-8.33685,342,0.39,0.36,2024-09-04,1323,N,VIIRS,l,2,314.63,16,D,0
41.76587,-8.24646,340.36,0.39,0.36,2024-09-04,1323,N,VIIRS,n,2,298.62,7.55,D,0
41.76183,-8.25018,331.27,0.39,0.36,2024-09-04,1323,N,VIIRS,l,2,301.67,4.24,D,0
41.64615,-8.58649,347.71,0.39,0.36,2024-09-04,1323,N,VIIRS,n,2,310.48,9.63,D,0
41.64691,-8.58186,331.51,0.39,0.36,2024-09-04,1323,N,VIIRS,n,2,299.41,5.82,D,0
41.64285,-8.58556,367,0.39,0.36,2024-09-04,1323,N,VIIRS,l,2,333.52,50.79,D,0
41.63878,-8.58929,333.26,0.39,0.36,2024-09-04,1323,N,VIIRS,n,2,301.43,50.79,D,0
41.854,-8.33217,345.32,0.39,0.36,2024-09-04,1323,N,VIIRS,n,2,302.99,3.9,D,0
41.85621,-8.31844,344.32,0.39,0.36,2024-09-04,1323,N,VIIRS,n,2,309.18,8.2,D,0
41.85144,-8.32669,334.69,0.39,0.36,2024-09-04,1323,N,VIIRS,l,2,304.74,6.59,D,0
41.85217,-8.32214,355.55,0.39,0.36,2024-09-04,1323,N,VIIRS,n,2,307.25,6.59,D,0
41.85291,-8.31756,347.19,0.39,0.36,2024-09-04,1323,N,VIIRS,n,2,310.95,8.2,D,0
41.84515,-8.34429,338.9,0.39,0.36,2024-09-04,1323,N,VIIRS,n,2,305.43,4.83,D,0
41.85327,-8.29387,345.02,0.39,0.36,2024-09-04,1323,N,VIIRS,n,2,301.33,4.86,D,0
41.8411,-8.34805,332.51,0.39,0.36,2024-09-04,1323,N,VIIRS,l,2,303.98,4.11,D,0
41.84186,-8.34339,337.15,0.39,0.36,2024-09-04,1323,N,VIIRS,n,2,309.51,4.83,D,0
41.84997,-8.29297,341.58,0.39,0.36,2024-09-04,1323,N,VIIRS,n,2,308.7,4.86,D,0
41.84827,-8.29001,343.11,0.39,0.36,2024-09-04,1323,N,VIIRS,n,2,306.38,9.72,D,0
41.85421,-8.35126,295.23,0.37,0.58,2024-09-05,0140,N,VIIRS,n,2,267.36,0.6,N,0
41.06364,-8.18082,322.49,0.36,0.57,2024-09-05,0140,N,VIIRS,n,2,280.6,6.25,N,0
41.0639,-8.18601,315.98,0.36,0.57,2024-09-05,0140,N,VIIRS,n,2,282.91,9.64,N,0
41.05852,-8.18606,349.72,0.36,0.57,2024-09-05,0140,N,VIIRS,n,2,283.2,9.64,N,0
41.05596,-8.18174,317.84,0.36,0.57,2024-09-05,0140,N,VIIRS,n,2,280.51,2.13,N,0
41.06108,-8.17707,310.79,0.36,0.57,2024-09-05,0140,N,VIIRS,n,2,279.8,5.99,N,0
41.06163,-8.18696,317.8,0.36,0.57,2024-09-05,0140,N,VIIRS,n,2,283.15,12.12,N,0
41.06134,-8.18179,367,0.36,0.57,2024-09-05,0140,N,VIIRS,h,2,291.44,12.12,N,0
41.05802,-8.17602,299.59,0.36,0.57,2024-09-05,0140,N,VIIRS,n,2,279.47,6.25,N,0
41.05825,-8.18071,353.82,0.36,0.57,2024-09-05,0140,N,VIIRS,n,2,286.38,6.25,N,0
38.62833,-9.07696,299.51,0.38,0.59,2024-09-05,0141,N,VIIRS,n,2,289.38,0.71,N,2
41.78307,-8.47086,317.99,0.38,0.59,2024-09-05,0321,N,VIIRS,n,2,284.14,2.02,N,0
41.05875,-8.18424,302.33,0.41,0.61,2024-09-05,0321,N,VIIRS,n,2,257.41,1.99,N,0
41.54021,-8.11564,307.41,0.41,0.6,2024-09-05,0321,N,VIIRS,n,2,282.05,1.46,N,0
41.54508,-8.11742,302.65,0.4,0.6,2024-09-05,0321,N,VIIRS,n,2,284.29,2.92,N,0
41.54078,-8.10246,328.18,0.41,0.6,2024-09-05,0321,N,VIIRS,n,2,282.04,4.75,N,0
41.54229,-8.10773,346.16,0.41,0.6,2024-09-05,0321,N,VIIRS,n,2,283.7,5.72,N,0
41.54372,-8.11268,332.34,0.41,0.6,2024-09-05,0321,N,VIIRS,n,2,284.76,5.72,N,0
41.54571,-8.09857,316.12,0.41,0.6,2024-09-05,0321,N,VIIRS,n,2,281.57,3.61,N,0
41.54999,-8.11351,316.72,0.4,0.6,2024-09-05,0321,N,VIIRS,n,2,284.06,3.52,N,0
42.00933,-8.11222,302.98,0.39,0.6,2024-09-05,0321,N,VIIRS,n,2,278.23,1.69,N,0
42.01362,-8.54762,296.67,0.37,0.58,2024-09-05,0321,N,VIIRS,n,2,283.96,0.86,N,0
41.76353,-8.31748,337.75,0.39,0.59,2024-09-05,0321,N,VIIRS,n,2,284.09,2.86,N,0
41.75817,-8.31952,330.74,0.39,0.59,2024-09-05,0321,N,VIIRS,n,2,284.52,2.86,N,0
41.72963,-8.23952,367,0.39,0.6,2024-09-05,0321,N,VIIRS,h,2,287.91,7.69,N,0
41.72859,-8.23589,338.7,0.39,0.6,2024-09-05,0321,N,VIIRS,n,2,283.47,7.69,N,0
41.54723,-8.10389,343.83,0.41,0.6,2024-09-05,0321,N,VIIRS,n,2,284.11,4.84,N,0
41.78915,-8.47157,345.67,0.38,0.59,2024-09-05,0321,N,VIIRS,n,2,291.12,5.95,N,0
41.78798,-8.4674,305.6,0.38,0.59,2024-09-05,0321,N,VIIRS,n,2,285.08,2.19,N,0
41.7841,-8.47454,315.97,0.38,0.59,2024-09-05,0321,N,VIIRS,n,2,285.31,2.92,N,0
41.54861,-8.10871,324.71,0.41,0.6,2024-09-05,0321,N,VIIRS,n,2,284.15,4.84,N,0
38.62221,-9.07383,299.94,0.44,0.62,2024-09-05,0322,N,VIIRS,n,2,288.32,0.83,N,0
41.42952,-8.15143,310.35,0.63,0.72,2024-09-06,0121,N,VIIRS,n,2,280.95,4.27,N,0
41.42439,-8.15439,314.32,0.64,0.72,2024-09-06,0121,N,VIIRS,n,2,281.09,4.73,N,0
41.42429,-8.14386,332.32,0.63,0.72,2024-09-06,0121,N,VIIRS,n,2,280.97,4.73,N,0
41.42937,-8.14113,296.46,0.63,0.72,2024-09-06,0121,N,VIIRS,n,2,279.49,2.46,N,0
41.4226,-8.14143,305,0.63,0.72,2024-09-06,0121,N,VIIRS,n,2,279.83,2.46,N,0
41.42274,-8.15171,325.05,0.63,0.72,2024-09-06,0121,N,VIIRS,n,2,281.03,4.27,N,0
41.42318,-8.1464,345.35,0.48,0.48,2024-09-06,0302,N,VIIRS,n,2,283.56,7.04,N,0
41.42237,-8.1459,343.51,0.48,0.48,2024-09-06,0302,N,VIIRS,n,2,283.34,7.37,N,0
41.42669,-8.14431,326.21,0.48,0.48,2024-09-06,0302,N,VIIRS,n,2,282.39,4.49,N,0
41.46947,-7.42082,297.01,0.52,0.5,2024-09-06,0302,N,VIIRS,n,2,279.76,0.9,N,0
41.4279,-8.14938,336.82,0.48,0.48,2024-09-06,0302,N,VIIRS,n,2,282.89,4.49,N,0
41.72518,-8.22472,314.14,0.47,0.47,2024-09-06,0302,N,VIIRS,n,2,278.26,2.16,N,0
41.46954,-7.42052,302.17,0.52,0.5,2024-09-06,0302,N,VIIRS,n,2,279.9,1.4,N,0
40.28772,-8.41961,297.92,0.49,0.49,2024-09-06,0302,N,VIIRS,n,2,284.08,1.05,N,2
38.63002,-9.07721,307.75,0.46,0.39,2024-09-07,0244,N,VIIRS,n,2,287.15,1.46,N,2
38.62197,-9.07426,301.26,0.46,0.39,2024-09-07,0244,N,VIIRS,n,2,286.04,0.75,N,0
38.6307,-9.07569,301.7,0.46,0.39,2024-09-07,0244,N,VIIRS,n,2,285.8,0.74,N,2
39.68497,-8.90849,295.18,0.45,0.39,2024-09-07,0244,N,VIIRS,n,2,284.67,0.9,N,2
40.2881,-8.42081,299.01,0.39,0.36,2024-09-08,0225,N,VIIRS,n,2,283.79,0.68,N,2
38.62997,-9.07827,305.48,0.39,0.36,2024-09-08,0225,N,VIIRS,n,2,289.58,0.74,N,2
39.68547,-8.90583,298.34,0.39,0.36,2024-09-08,0225,N,VIIRS,n,2,286.79,0.8,N,2
40.06129,-7.10144,327.69,0.46,0.39,2024-09-09,0206,N,VIIRS,n,2,289.86,3.15,N,0
40.06193,-7.10669,321.82,0.46,0.39,2024-09-09,0206,N,VIIRS,n,2,289.18,3.72,N,0
40.70964,-8.49971,297.31,0.53,0.42,2024-09-09,0206,N,VIIRS,n,2,285.81,0.77,N,0
37.41863,-7.69671,337.19,0.38,0.36,2024-09-09,1328,N,VIIRS,l,2,309.68,1.93,D,0
37.41202,-7.71745,336.1,0.38,0.36,2024-09-09,1328,N,VIIRS,l,2,311.07,1.92,D,0
37.38195,-7.69337,337.29,0.38,0.36,2024-09-09,1328,N,VIIRS,l,2,309.89,3.42,D,0
37.37404,-7.70038,335.07,0.38,0.36,2024-09-09,1328,N,VIIRS,l,2,309.12,2.77,D,0
41.19622,-8.23169,335.36,0.46,0.39,2024-09-10,1310,N,VIIRS,n,2,304.09,7.4,D,0
41.73357,-7.98534,334.83,0.45,0.39,2024-09-10,1310,N,VIIRS,n,2,298.27,2.54,D,0
40.28914,-8.4216,298.46,0.59,0.53,2024-09-11,0308,N,VIIRS,n,2,287.3,0.81,N,2
37.95733,-8.80289,300.78,0.32,0.55,2024-09-11,0309,N,VIIRS,n,2,290.59,1.05,N,2
40.29045,-8.42058,297.79,0.59,0.53,2024-09-11,0309,N,VIIRS,n,2,287.6,1.21,N,2
38.59274,-9.13396,344.54,0.32,0.54,2024-09-11,1250,N,VIIRS,n,2,282.99,4.61,D,0
38.59938,-9.12888,349.48,0.32,0.54,2024-09-11,1250,N,VIIRS,n,2,286.32,48.32,D,0
38.59848,-9.13241,347.94,0.32,0.54,2024-09-11,1250,N,VIIRS,n,2,314.15,36.97,D,0
38.59758,-9.13596,336.67,0.32,0.54,2024-09-11,1250,N,VIIRS,n,2,281.27,36.97,D,0
38.60331,-9.13442,352.02,0.32,0.54,2024-09-11,1250,N,VIIRS,n,2,289.37,36.97,D,0
38.59668,-9.13952,338.25,0.32,0.54,2024-09-11,1250,N,VIIRS,n,2,280.59,6.54,D,0
38.59364,-9.13042,355.72,0.32,0.54,2024-09-11,1250,N,VIIRS,n,2,284.8,4.61,D,0
40.90525,-7.57792,341.01,0.47,0.48,2024-09-11,1251,N,VIIRS,n,2,297.92,6.83,D,0
40.90948,-7.57965,342.41,0.47,0.48,2024-09-11,1251,N,VIIRS,n,2,299.76,23.19,D,0
38.59985,-9.13667,344.01,0.54,0.68,2024-09-11,1431,N,VIIRS,n,2,299.56,20.86,D,0
38.60206,-9.13014,367,0.54,0.68,2024-09-11,1431,N,VIIRS,h,2,301.51,22.12,D,0
38.59556,-9.13637,356.56,0.54,0.68,2024-09-11,1431,N,VIIRS,n,2,300.59,28.24,D,0
38.59573,-9.12996,367,0.54,0.68,2024-09-11,1431,N,VIIRS,h,2,303.13,22.12,D,0
38.60004,-9.13026,367,0.54,0.68,2024-09-11,1431,N,VIIRS,h,2,304.72,20.86,D,0
38.59351,-9.13652,354.58,0.54,0.68,2024-09-11,1431,N,VIIRS,n,2,301.1,20.86,D,0
38.59372,-9.1301,367,0.54,0.68,2024-09-11,1431,N,VIIRS,h,2,307.95,20.86,D,0
38.58718,-9.13638,208,0.54,0.68,2024-09-11,1431,N,VIIRS,l,2,307.53,142.91,D,0
38.58738,-9.12992,367,0.54,0.68,2024-09-11,1431,N,VIIRS,h,2,354.51,142.91,D,0
38.58758,-9.12345,367,0.54,0.68,2024-09-11,1431,N,VIIRS,h,2,299.12,152.3,D,0
38.58104,-9.12989,367,0.54,0.68,2024-09-11,1431,N,VIIRS,l,2,332.73,142.91,D,0
38.58084,-9.13633,343.03,0.54,0.68,2024-09-11,1431,N,VIIRS,n,2,297.68,142.91,D,0
38.58124,-9.12337,354.89,0.54,0.68,2024-09-11,1431,N,VIIRS,n,2,298.39,152.3,D,0
38.63105,-9.07812,295.74,0.53,0.42,2024-09-12,0250,N,VIIRS,n,2,281.26,0.9,N,2
38.52939,-9.13803,296.92,0.53,0.42,2024-09-12,0250,N,VIIRS,n,2,277.13,1.57,N,0
38.54192,-9.14038,300.43,0.53,0.42,2024-09-12,0250,N,VIIRS,n,2,276.62,1.71,N,0
38.54824,-9.13203,298.21,0.53,0.42,2024-09-12,0250,N,VIIRS,n,2,278.61,2.34,N,0
40.11032,-8.51901,336.26,0.33,0.55,2024-09-12,1412,N,VIIRS,n,2,293.45,5.18,D,0
40.11008,-8.52295,337.79,0.33,0.55,2024-09-12,1412,N,VIIRS,n,2,293.62,3.75,D,0
38.62761,-9.07792,300.64,0.39,0.36,2024-09-13,0231,N,VIIRS,n,2,290.04,0.81,N,2
41.50801,-6.90096,298.45,0.4,0.37,2024-09-13,0231,N,VIIRS,n,2,283.82,0.43,N,0
40.53929,-7.93688,329.29,0.72,0.75,2024-09-13,1213,N,VIIRS,n,2,294,3.82,D,0
41.63306,-8.57983,340.7,0.71,0.75,2024-09-13,1214,N,VIIRS,n,2,292.99,9.6,D,0
41.63247,-8.57982,336.11,0.71,0.75,2024-09-13,1214,N,VIIRS,n,2,292.93,6.04,D,0
40.14024,-7.64659,352.96,0.42,0.45,2024-09-13,1353,N,VIIRS,n,2,309.38,45.05,D,0
40.13605,-7.64616,348.59,0.42,0.45,2024-09-13,1353,N,VIIRS,n,2,321.7,45.05,D,0
40.14071,-7.64146,341.05,0.42,0.45,2024-09-13,1353,N,VIIRS,n,2,304.32,45.05,D,0
40.13561,-7.65099,367,0.42,0.45,2024-09-13,1353,N,VIIRS,h,2,332.32,124.29,D,0
41.23122,-8.29594,331.15,0.4,0.44,2024-09-13,1354,N,VIIRS,n,2,305.16,3.11,D,0
40.12735,-7.68624,323.52,0.43,0.38,2024-09-14,0212,N,VIIRS,n,2,296.54,2.34,N,0
40.10401,-7.72823,333.09,0.43,0.38,2024-09-14,0212,N,VIIRS,n,2,308.29,75.45,N,0
40.10466,-7.73329,347.61,0.43,0.38,2024-09-14,0212,N,VIIRS,n,2,296.27,75.45,N,0
40.47082,-7.81563,331.3,0.44,0.38,2024-09-14,0212,N,VIIRS,n,2,298.03,23.58,N,0
40.46926,-7.83194,347.35,0.44,0.38,2024-09-14,0212,N,VIIRS,n,2,311.81,47.92,N,0
40.46861,-7.82675,367,0.44,0.38,2024-09-14,0212,N,VIIRS,h,2,323.21,47.92,N,0
40.46796,-7.82157,302.24,0.44,0.38,2024-09-14,0212,N,VIIRS,n,2,288.13,23.58,N,0
40.46575,-7.83271,330.47,0.44,0.38,2024-09-14,0212,N,VIIRS,n,2,313.46,54.52,N,0
40.4651,-7.82752,322.15,0.44,0.38,2024-09-14,0212,N,VIIRS,n,2,287.99,54.52,N,0
40.4664,-7.83788,299.93,0.44,0.38,2024-09-14,0212,N,VIIRS,n,2,287.73,4.43,N,0
40.13111,-7.65981,299.39,0.43,0.38,2024-09-14,0212,N,VIIRS,n,2,288.04,1.79,N,0
40.13085,-7.68563,325.06,0.43,0.38,2024-09-14,0212,N,VIIRS,n,2,290.4,2.34,N,0
40.1315,-7.69066,310.63,0.43,0.38,2024-09-14,0212,N,VIIRS,n,2,286.92,2.31,N,0
40.13021,-7.68067,308.18,0.43,0.38,2024-09-14,0212,N,VIIRS,n,2,290.01,2.34,N,0
40.12762,-7.66051,299.01,0.43,0.38,2024-09-14,0212,N,VIIRS,n,2,287.51,1.24,N,0
40.12865,-7.69641,329.25,0.43,0.38,2024-09-14,0212,N,VIIRS,n,2,288.68,2.31,N,0
40.12671,-7.68125,320.51,0.43,0.38,2024-09-14,0212,N,VIIRS,n,2,294.65,2.34,N,0
40.1293,-7.7015,316.27,0.43,0.38,2024-09-14,0212,N,VIIRS,n,2,286.6,2.27,N,0
40.12542,-7.67127,307.57,0.43,0.38,2024-09-14,0212,N,VIIRS,n,2,291.74,2.62,N,0
40.12712,-7.71249,303.34,0.43,0.38,2024-09-14,0212,N,VIIRS,n,2,285.99,16.49,N,0
40.12646,-7.70733,314.05,0.43,0.38,2024-09-14,0212,N,VIIRS,n,2,287.51,5.01,N,0
40.1258,-7.70217,316.5,0.43,0.38,2024-09-14,0212,N,VIIRS,n,2,289.1,5.01,N,0
40.12514,-7.69699,299.71,0.43,0.38,2024-09-14,0212,N,VIIRS,n,2,287.93,1.24,N,0
40.12384,-7.68686,314.08,0.43,0.38,2024-09-14,0212,N,VIIRS,n,2,291.41,3.58,N,0
40.1232,-7.6818,301.67,0.43,0.38,2024-09-14,0212,N,VIIRS,n,2,287.79,3.58,N,0
40.12364,-7.7133,339.95,0.43,0.38,2024-09-14,0212,N,VIIRS,n,2,302.04,16.49,N,0
40.12298,-7.70813,346.01,0.43,0.38,2024-09-14,0212,N,VIIRS,n,2,294.59,5.01,N,0
40.12035,-7.68752,338.97,0.43,0.38,2024-09-14,0212,N,VIIRS,n,2,298.81,3.58,N,0
40.12099,-7.69255,300.6,0.43,0.38,2024-09-14,0212,N,VIIRS,n,2,290.1,1.24,N,0
40.1208,-7.71917,338.39,0.43,0.38,2024-09-14,0212,N,VIIRS,n,2,310.5,25.12,N,0
40.12016,-7.71413,341.96,0.43,0.38,2024-09-14,0212,N,VIIRS,n,2,298.96,25.12,N,0
40.11883,-7.70372,321.05,0.43,0.38,2024-09-14,0212,N,VIIRS,n,2,295.01,9.03,N,0
40.11751,-7.69336,327.44,0.43,0.38,2024-09-14,0212,N,VIIRS,n,2,298.16,12.6,N,0
40.11686,-7.68832,341.84,0.43,0.38,2024-09-14,0212,N,VIIRS,n,2,297.24,4.11,N,0
40.12144,-7.72413,297.7,0.43,0.38,2024-09-14,0212,N,VIIRS,n,2,287.02,5.46,N,0
40.1195,-7.70895,315.07,0.43,0.38,2024-09-14,0212,N,VIIRS,n,2,294.06,9.03,N,0
40.11816,-7.69849,319.7,0.43,0.38,2024-09-14,0212,N,VIIRS,n,2,294.4,12.6,N,0
40.11796,-7.72497,343.38,0.43,0.38,2024-09-14,0212,N,VIIRS,n,2,294.15,5.46,N,0
40.11732,-7.72002,348.98,0.43,0.38,2024-09-14,0212,N,VIIRS,n,2,302.29,25.12,N,0
40.11668,-7.71499,326.13,0.43,0.38,2024-09-14,0212,N,VIIRS,n,2,296.9,25.12,N,0
40.11603,-7.70987,348.12,0.43,0.38,2024-09-14,0212,N,VIIRS,n,2,301.47,9.03,N,0
40.11536,-7.70466,354.3,0.43,0.38,2024-09-14,0212,N,VIIRS,n,2,309.15,9.03,N,0
40.1147,-7.69946,367,0.43,0.38,2024-09-14,0212,N,VIIRS,h,2,314.41,12.6,N,0
40.11404,-7.69429,351.79,0.43,0.38,2024-09-14,0212,N,VIIRS,n,2,306.8,12.6,N,0
40.11339,-7.68916,323.3,0.43,0.38,2024-09-14,0212,N,VIIRS,n,2,291.34,4.11,N,0
40.11574,-7.73575,329.81,0.43,0.38,2024-09-14,0212,N,VIIRS,n,2,289.85,6.23,N,0
40.11512,-7.73087,350.44,0.43,0.38,2024-09-14,0212,N,VIIRS,n,2,302.12,52,N,0
40.11448,-7.72588,341.37,0.43,0.38,2024-09-14,0212,N,VIIRS,n,2,315.59,52,N,0
40.11385,-7.72089,329.31,0.43,0.38,2024-09-14,0212,N,VIIRS,n,2,296.89,6.62,N,0
40.1132,-7.71582,331.29,0.43,0.38,2024-09-14,0212,N,VIIRS,n,2,293.12,6.62,N,0
40.11255,-7.71071,352.58,0.43,0.38,2024-09-14,0212,N,VIIRS,n,2,303.19,46.65,N,0
40.11189,-7.70552,342.74,0.43,0.38,2024-09-14,0212,N,VIIRS,n,2,306.35,46.65,N,0
40.11122,-7.70031,356.53,0.43,0.38,2024-09-14,0212,N,VIIRS,n,2,297.03,21.84,N,0
40.11056,-7.69514,328.56,0.43,0.38,2024-09-14,0212,N,VIIRS,n,2,287.09,21.84,N,0
40.11227,-7.73669,343.29,0.43,0.38,2024-09-14,0212,N,VIIRS,n,2,294.34,6.23,N,0
40.11163,-7.73172,343.24,0.43,0.38,2024-09-14,0212,N,VIIRS,n,2,304.27,52,N,0
40.111,-7.72673,345.05,0.43,0.38,2024-09-14,0212,N,VIIRS,n,2,313.59,52,N,0
40.11035,-7.72167,350.2,0.43,0.38,2024-09-14,0212,N,VIIRS,n,2,302.48,6.62,N,0
40.10879,-7.73755,356.14,0.43,0.38,2024-09-14,0212,N,VIIRS,n,2,312.39,28.14,N,0
40.10814,-7.73252,348.77,0.43,0.38,2024-09-14,0212,N,VIIRS,n,2,311.49,75.45,N,0
40.1053,-7.73839,353.76,0.43,0.38,2024-09-14,0212,N,VIIRS,n,2,307.26,28.14,N,0
40.10686,-7.7224,345.68,0.43,0.38,2024-09-14,0212,N,VIIRS,n,2,293.83,6.16,N,0
40.10751,-7.72749,367,0.43,0.38,2024-09-14,0212,N,VIIRS,h,2,358.97,75.45,N,0
40.10594,-7.74343,309.73,0.43,0.38,2024-09-14,0212,N,VIIRS,n,2,288.54,28.14,N,0
40.10336,-7.72309,300.31,0.43,0.38,2024-09-14,0212,N,VIIRS,n,2,288.2,6.16,N,0
41.89754,-7.92412,328.83,0.45,0.39,2024-09-14,0212,N,VIIRS,n,2,284.92,2.95,N,0
41.89821,-7.92961,298.29,0.45,0.39,2024-09-14,0212,N,VIIRS,n,2,283.84,2.95,N,0
41.8946,-7.9301,335.55,0.45,0.39,2024-09-14,0212,N,VIIRS,n,2,286.36,2.95,N,0
41.89394,-7.92463,323.12,0.45,0.39,2024-09-14,0212,N,VIIRS,n,2,283.14,2.95,N,0
41.73795,-8.35591,349.4,0.47,0.4,2024-09-14,0212,N,VIIRS,n,2,295.38,7.47,N,0
41.7373,-8.35037,348.62,0.47,0.4,2024-09-14,0212,N,VIIRS,n,2,290.62,7.47,N,0
41.73863,-8.36163,304.35,0.47,0.4,2024-09-14,0212,N,VIIRS,n,2,286.38,0.75,N,0
41.73434,-8.35693,336.87,0.47,0.4,2024-09-14,0212,N,VIIRS,n,2,288.21,3.09,N,0
41.73371,-8.35151,306.26,0.47,0.4,2024-09-14,0212,N,VIIRS,n,2,286.98,3.09,N,0
41.70448,-8.23002,347.6,0.46,0.39,2024-09-14,0212,N,VIIRS,n,2,288.14,6.11,N,0
41.70511,-8.23529,299.17,0.46,0.39,2024-09-14,0212,N,VIIRS,n,2,283.89,6.11,N,0
41.70149,-8.236,331.06,0.46,0.39,2024-09-14,0212,N,VIIRS,n,2,284.86,6.11,N,0
41.70084,-8.23058,346.16,0.46,0.39,2024-09-14,0212,N,VIIRS,n,2,288.7,6.11,N,0
41.52882,-7.9049,354.42,0.45,0.39,2024-09-14,0212,N,VIIRS,n,2,295.79,6.39,N,0
41.52819,-7.89976,320.54,0.45,0.39,2024-09-14,0212,N,VIIRS,n,2,289.45,1.88,N,0
41.52527,-7.90583,325.8,0.45,0.39,2024-09-14,0212,N,VIIRS,n,2,286.98,6.39,N,0
41.52464,-7.90062,308.34,0.45,0.39,2024-09-14,0212,N,VIIRS,n,2,286.97,1.88,N,0
41.59177,-8.65234,299.29,0.48,0.4,2024-09-14,0212,N,VIIRS,n,2,288.06,0.96,N,0
41.59114,-8.64698,305.27,0.48,0.4,2024-09-14,0212,N,VIIRS,n,2,288.4,0.92,N,0
41.33984,-8.12146,296.78,0.46,0.39,2024-09-14,0212,N,VIIRS,n,2,286.44,0.43,N,0
40.94229,-8.05685,303.56,0.45,0.39,2024-09-14,0212,N,VIIRS,n,2,288.48,0.82,N,0
40.93946,-8.06354,344.19,0.45,0.39,2024-09-14,0212,N,VIIRS,n,2,293.11,5.6,N,0
40.93878,-8.05803,355.32,0.45,0.39,2024-09-14,0212,N,VIIRS,n,2,300.59,7.08,N,0
40.93526,-8.05917,328.52,0.45,0.39,2024-09-14,0212,N,VIIRS,n,2,286.91,7.08,N,0
40.93594,-8.0647,305.97,0.45,0.39,2024-09-14,0212,N,VIIRS,n,2,287.32,5.6,N,0
40.59542,-7.55552,327.97,0.43,0.38,2024-09-14,0212,N,VIIRS,n,2,287.28,1.81,N,0
40.48489,-7.81265,352.52,0.44,0.38,2024-09-14,0212,N,VIIRS,n,2,299.76,29.47,N,0
40.48423,-7.80747,347.91,0.44,0.38,2024-09-14,0212,N,VIIRS,n,2,292.14,9.15,N,0
40.48554,-7.81778,297.8,0.44,0.38,2024-09-14,0212,N,VIIRS,n,2,286.62,29.47,N,0
40.48201,-7.81845,334.09,0.44,0.38,2024-09-14,0212,N,VIIRS,n,2,294.83,29.47,N,0
40.48136,-7.81333,333.96,0.44,0.38,2024-09-14,0212,N,VIIRS,n,2,312.24,29.47,N,0
40.48071,-7.80818,344.65,0.44,0.38,2024-09-14,0212,N,VIIRS,n,2,292.05,9.15,N,0
40.48267,-7.82364,297.02,0.44,0.38,2024-09-14,0212,N,VIIRS,n,2,286.48,0.55,N,0
40.47915,-7.82435,338.81,0.44,0.38,2024-09-14,0212,N,VIIRS,n,2,310.67,33.3,N,0
40.47849,-7.81918,353.25,0.44,0.38,2024-09-14,0212,N,VIIRS,n,2,297.11,29.56,N,0
40.47784,-7.81405,345.75,0.44,0.38,2024-09-14,0212,N,VIIRS,n,2,294.76,29.56,N,0
40.4772,-7.80892,355.45,0.44,0.38,2024-09-14,0212,N,VIIRS,n,2,297.77,33.78,N,0
40.47563,-7.82515,352.98,0.44,0.38,2024-09-14,0212,N,VIIRS,n,2,306.64,33.3,N,0
40.47498,-7.81998,346.04,0.44,0.38,2024-09-14,0212,N,VIIRS,n,2,293.53,29.56,N,0
40.47433,-7.81484,349.48,0.44,0.38,2024-09-14,0212,N,VIIRS,n,2,312.56,29.56,N,0
40.47629,-7.83034,312.76,0.44,0.38,2024-09-14,0212,N,VIIRS,n,2,287.43,33.3,N,0
40.47368,-7.80968,317.24,0.44,0.38,2024-09-14,0212,N,VIIRS,n,2,304.95,33.78,N,0
40.47278,-7.83115,333.07,0.44,0.38,2024-09-14,0212,N,VIIRS,n,2,289.65,47.92,N,0
40.47212,-7.82596,354.62,0.44,0.38,2024-09-14,0212,N,VIIRS,n,2,304.27,47.92,N,0
40.47147,-7.82078,354.65,0.44,0.38,2024-09-14,0212,N,VIIRS,n,2,298.71,23.58,N,0
37.58691,-8.67674,301.11,0.44,0.38,2024-09-14,0213,N,VIIRS,n,2,288.7,0.4,N,0
37.58338,-8.67745,300.51,0.44,0.38,2024-09-14,0213,N,VIIRS,n,2,287.96,0.4,N,0
40.11171,-7.70271,331.79,0.41,0.37,2024-09-14,1334,N,VIIRS,l,2,304.24,3.92,D,0
39.9893,-8.59189,333.15,0.39,0.36,2024-09-14,1334,N,VIIRS,n,2,307.85,2.84,D,0
40.121,-7.68549,340.17,0.41,0.37,2024-09-14,1334,N,VIIRS,n,2,311.64,6.22,D,0
41.5305,-7.90009,331.45,0.41,0.37,2024-09-14,1335,N,VIIRS,n,2,300.35,12.51,D,0
41.52645,-7.90422,348.72,0.41,0.37,2024-09-14,1335,N,VIIRS,n,2,313.84,23.68,D,0
41.382,-8.07534,333.87,0.41,0.37,2024-09-14,1335,N,VIIRS,n,2,302.04,3.88,D,0
41.38238,-8.07736,333.46,0.41,0.37,2024-09-14,1335,N,VIIRS,n,2,301.87,2.27,D,0
41.54083,-8.19481,343.66,0.41,0.37,2024-09-14,1335,N,VIIRS,n,2,302.58,15.05,D,0
41.20445,-8.23252,351.54,0.4,0.37,2024-09-14,1335,N,VIIRS,n,2,322.25,27.56,D,0
41.2051,-8.22766,349.59,0.4,0.37,2024-09-14,1335,N,VIIRS,n,2,305.21,27.56,D,0
41.20173,-8.22685,350.3,0.4,0.37,2024-09-14,1335,N,VIIRS,n,2,313.86,27.56,D,0
41.20239,-8.22192,345.87,0.4,0.37,2024-09-14,1335,N,VIIRS,n,2,305.31,14.13,D,0
41.19968,-8.21616,336.81,0.4,0.37,2024-09-14,1335,N,VIIRS,n,2,303.63,3.38,D,0
41.19902,-8.22106,339.8,0.4,0.37,2024-09-14,1335,N,VIIRS,l,2,309.91,3.38,D,0
40.35699,-8.61584,351.03,0.39,0.36,2024-09-14,1335,N,VIIRS,n,2,305.61,5.22,D,0
40.46008,-7.83197,336.82,0.41,0.37,2024-09-14,1335,N,VIIRS,n,2,304.21,2.2,D,0
41.53823,-8.47243,341.54,0.4,0.37,2024-09-14,1335,N,VIIRS,n,2,311.39,12.15,D,0
41.52985,-7.90514,355.26,0.41,0.37,2024-09-14,1335,N,VIIRS,n,2,311.4,23.68,D,0
41.5071,-8.13998,350.93,0.5,0.49,2024-09-15,0153,N,VIIRS,n,2,294.45,37.89,N,0
41.50306,-8.14698,333.67,0.5,0.49,2024-09-15,0153,N,VIIRS,n,2,323.15,72.14,N,0
41.5061,-8.12732,331.95,0.5,0.49,2024-09-15,0153,N,VIIRS,n,2,290.54,12.98,N,0
41.50253,-8.14033,328.36,0.5,0.49,2024-09-15,0153,N,VIIRS,n,2,317.93,37.89,N,0
41.51168,-8.13999,295.73,0.5,0.49,2024-09-15,0153,N,VIIRS,n,2,284.56,0.36,N,0
41.50659,-8.13361,367,0.5,0.49,2024-09-15,0153,N,VIIRS,h,2,300.29,37.89,N,0
41.50361,-8.15405,304.51,0.5,0.49,2024-09-15,0153,N,VIIRS,n,2,290.12,72.14,N,0
41.50204,-8.13411,308.48,0.5,0.49,2024-09-15,0153,N,VIIRS,n,2,289.46,37.89,N,0
41.28504,-8.12631,297.81,0.49,0.49,2024-09-15,0153,N,VIIRS,n,2,286.02,1.18,N,0
40.69405,-8.39394,339.36,0.5,0.49,2024-09-15,0153,N,VIIRS,n,2,295.11,22.63,N,0
41.53326,-8.18009,326.18,0.5,0.49,2024-09-15,0153,N,VIIRS,n,2,290.06,5.23,N,0
41.54242,-8.17952,318.17,0.5,0.49,2024-09-15,0153,N,VIIRS,n,2,288.25,2.57,N,0
41.54296,-8.18629,323.84,0.5,0.49,2024-09-15,0153,N,VIIRS,n,2,289.14,2.57,N,0
41.94293,-6.9583,302.48,0.44,0.46,2024-09-15,0153,N,VIIRS,n,2,280.68,0.76,N,0
41.94719,-6.95746,302.62,0.44,0.46,2024-09-15,0153,N,VIIRS,n,2,280.97,0.76,N,0
40.69358,-8.38803,334.3,0.5,0.49,2024-09-15,0153,N,VIIRS,n,2,290.82,11.8,N,0
40.68951,-8.39481,339.34,0.5,0.49,2024-09-15,0153,N,VIIRS,n,2,290.61,22,N,0
40.68903,-8.38873,336.27,0.5,0.49,2024-09-15,0153,N,VIIRS,n,2,289.57,11.11,N,0
41.50761,-8.14648,341.41,0.5,0.49,2024-09-15,0153,N,VIIRS,n,2,295.18,72.14,N,0
41.50141,-8.14566,367,0.57,0.69,2024-09-15,0333,N,VIIRS,h,2,296.14,11.44,N,0
41.54411,-8.19159,298.6,0.56,0.69,2024-09-15,0333,N,VIIRS,n,2,287.78,1.35,N,0
41.50309,-8.15095,367,0.57,0.69,2024-09-15,0333,N,VIIRS,h,2,293.94,21.48,N,0
40.69398,-8.3942,344.23,0.58,0.7,2024-09-15,0333,N,VIIRS,n,2,290.09,8.33,N,0
40.28735,-8.41866,296.12,0.6,0.7,2024-09-15,0333,N,VIIRS,n,2,285.58,0.8,N,2
41.54254,-8.18664,300.69,0.56,0.69,2024-09-15,0333,N,VIIRS,n,2,288.51,1.35,N,0
41.5409,-8.18149,315.24,0.56,0.69,2024-09-15,0333,N,VIIRS,n,2,289.39,2.03,N,0
41.50941,-8.12661,300.01,0.57,0.69,2024-09-15,0333,N,VIIRS,n,2,287.13,0.98,N,0
41.51095,-8.15352,344.49,0.57,0.69,2024-09-15,0333,N,VIIRS,n,2,288.92,21.48,N,0
41.50915,-8.14788,367,0.57,0.69,2024-09-15,0333,N,VIIRS,h,2,296.04,21.48,N,0
41.50739,-8.14237,330.2,0.57,0.69,2024-09-15,0333,N,VIIRS,n,2,290,11.44,N,0
41.50561,-8.13678,337.32,0.57,0.69,2024-09-15,0333,N,VIIRS,n,2,290.47,11.44,N,0
41.50368,-8.13074,320.82,0.57,0.69,2024-09-15,0333,N,VIIRS,n,2,288.22,6.95,N,0
41.50476,-8.15617,367,0.57,0.69,2024-09-15,0333,N,VIIRS,h,2,297.06,21.48,N,0
40.69605,-8.40072,334.99,0.58,0.7,2024-09-15,0333,N,VIIRS,n,2,287.98,9.67,N,0
41.49696,-8.15378,306.39,0.57,0.69,2024-09-15,0333,N,VIIRS,n,2,289.54,5.45,N,0
41.49517,-8.14817,320.71,0.57,0.69,2024-09-15,0333,N,VIIRS,n,2,288.63,4.86,N,0
41.49952,-8.13975,311.4,0.57,0.69,2024-09-15,0333,N,VIIRS,n,2,288.86,11.44,N,0
41.57742,-8.04716,352.64,0.41,0.37,2024-09-15,1316,N,VIIRS,l,2,325.58,10.03,D,0
40.27601,-7.3063,339.17,0.4,0.37,2024-09-15,1316,N,VIIRS,n,2,307.59,3.64,D,0
40.66044,-8.59148,339.9,0.43,0.38,2024-09-15,1316,N,VIIRS,n,2,302.62,2.92,D,0
40.8007,-8.6015,333.26,0.43,0.38,2024-09-15,1316,N,VIIRS,n,2,306.7,5.68,D,0
40.7998,-8.6065,334.45,0.43,0.38,2024-09-15,1316,N,VIIRS,n,2,306.1,5.34,D,0
41.01425,-7.67121,338.38,0.4,0.37,2024-09-15,1316,N,VIIRS,l,2,309.85,2.6,D,0
41.01842,-7.66744,349.66,0.4,0.37,2024-09-15,1316,N,VIIRS,n,2,310.38,6.53,D,0
41.02095,-7.67315,354.12,0.4,0.37,2024-09-15,1316,N,VIIRS,n,2,308.73,4.57,D,0
41.02013,-7.67794,339.66,0.4,0.37,2024-09-15,1316,N,VIIRS,n,2,308.43,4.57,D,0
41.0243,-7.67413,338.22,0.4,0.37,2024-09-15,1316,N,VIIRS,n,2,307.52,5.5,D,0
41.03434,-7.67711,336.44,0.4,0.37,2024-09-15,1316,N,VIIRS,l,2,307.03,2.98,D,0
41.03942,-7.74975,338.9,0.41,0.37,2024-09-15,1316,N,VIIRS,n,2,305.56,3.77,D,0
41.20766,-8.24439,335.55,0.42,0.37,2024-09-15,1316,N,VIIRS,n,2,303.61,2.97,D,0
41.37506,-8.19372,347.15,0.41,0.37,2024-09-15,1316,N,VIIRS,n,2,310.69,5.12,D,0
41.37844,-8.19476,341.92,0.41,0.37,2024-09-15,1316,N,VIIRS,n,2,308.19,18.48,D,0
41.41849,-8.4641,355.34,0.42,0.38,2024-09-15,1316,N,VIIRS,n,2,316.49,23.97,D,0
41.41759,-8.4691,338.36,0.42,0.38,2024-09-15,1316,N,VIIRS,n,2,309.57,21.4,D,0
41.48275,-8.1224,336.51,0.41,0.37,2024-09-15,1316,N,VIIRS,n,2,307.83,8,D,0
41.4219,-8.46506,351.66,0.42,0.38,2024-09-15,1316,N,VIIRS,n,2,315.7,23.97,D,0
41.421,-8.47008,349.43,0.42,0.38,2024-09-15,1316,N,VIIRS,n,2,314.56,21.4,D,0
41.52811,-7.90312,334.87,0.41,0.37,2024-09-15,1316,N,VIIRS,n,2,307.5,5.23,D,0
41.51051,-8.14615,334.45,0.41,0.37,2024-09-15,1316,N,VIIRS,n,2,304.13,4.77,D,0
41.50878,-8.15602,333.89,0.41,0.37,2024-09-15,1316,N,VIIRS,l,2,304.98,2.67,D,0
41.5732,-8.051,367,0.41,0.37,2024-09-15,1316,N,VIIRS,l,2,329.28,42.61,D,0
41.57827,-8.04235,346.01,0.41,0.37,2024-09-15,1316,N,VIIRS,n,2,313.34,10.03,D,0
41.57657,-8.052,351.9,0.41,0.37,2024-09-15,1316,N,VIIRS,n,2,315.87,42.61,D,0
41.58078,-8.04816,353.5,0.41,0.37,2024-09-15,1316,N,VIIRS,n,2,315.79,72.08,D,0
41.68399,-8.48644,332.1,0.46,0.63,2024-09-16,0134,N,VIIRS,n,2,293.47,4.66,N,0
41.6838,-8.47998,311.88,0.46,0.63,2024-09-16,0134,N,VIIRS,n,2,291.39,2.93,N,0
41.68764,-8.48575,318.52,0.46,0.63,2024-09-16,0134,N,VIIRS,n,2,292.08,2.26,N,0
41.68164,-8.4847,324.44,0.46,0.63,2024-09-16,0134,N,VIIRS,n,2,292.32,2.77,N,0
41.42298,-8.23285,308.99,0.44,0.63,2024-09-16,0134,N,VIIRS,n,2,288.37,1.33,N,0
41.42275,-8.22672,301.8,0.44,0.63,2024-09-16,0134,N,VIIRS,n,2,290.55,1.91,N,0
41.41671,-8.22226,323.49,0.44,0.63,2024-09-16,0134,N,VIIRS,n,2,293.19,2.54,N,0
41.40116,-8.11796,336.47,0.44,0.62,2024-09-16,0134,N,VIIRS,n,2,291.55,8.4,N,0
41.40093,-8.11182,347.33,0.44,0.62,2024-09-16,0134,N,VIIRS,n,2,291.53,6.51,N,0
41.03431,-8.07596,355.7,0.43,0.62,2024-09-16,0134,N,VIIRS,n,2,290.87,3.81,N,0
41.03448,-8.08058,303.48,0.43,0.62,2024-09-16,0134,N,VIIRS,n,2,287.92,3.81,N,0
41.03486,-8.0758,333.75,0.43,0.62,2024-09-16,0134,N,VIIRS,n,2,289.96,2.88,N,0
41.02899,-8.07433,367,0.43,0.62,2024-09-16,0134,N,VIIRS,h,2,288.16,7.52,N,0
41.0292,-8.07943,303.26,0.43,0.62,2024-09-16,0134,N,VIIRS,n,2,286.94,6.37,N,0
40.81187,-8.45212,303.92,0.45,0.63,2024-09-16,0134,N,VIIRS,n,2,288.36,0.63,N,0
40.81167,-8.44692,303.9,0.45,0.63,2024-09-16,0134,N,VIIRS,n,2,288.71,0.63,N,0
40.80529,-8.43418,315.67,0.45,0.63,2024-09-16,0134,N,VIIRS,n,2,292.98,2.42,N,0
40.80503,-8.42734,305.78,0.45,0.63,2024-09-16,0134,N,VIIRS,n,2,292.13,2.46,N,0
40.79938,-8.43437,355.58,0.45,0.63,2024-09-16,0134,N,VIIRS,n,2,298.33,30.7,N,0
40.79917,-8.4286,367,0.45,0.63,2024-09-16,0134,N,VIIRS,h,2,331.78,48.81,N,0
40.79896,-8.42302,320.76,0.45,0.63,2024-09-16,0134,N,VIIRS,n,2,293.05,48.81,N,0
40.79962,-8.4408,303.51,0.45,0.63,2024-09-16,0134,N,VIIRS,n,2,292.81,30.7,N,0
40.79372,-8.44094,324.54,0.45,0.63,2024-09-16,0134,N,VIIRS,n,2,296.17,30.7,N,0
40.7935,-8.43509,348.62,0.45,0.63,2024-09-16,0134,N,VIIRS,n,2,297.21,30.7,N,0
40.79331,-8.42998,355.26,0.45,0.63,2024-09-16,0134,N,VIIRS,n,2,297.55,48.81,N,0
40.79396,-8.44775,301.62,0.45,0.63,2024-09-16,0134,N,VIIRS,n,2,290.07,2.19,N,0
40.78807,-8.44849,344.59,0.45,0.63,2024-09-16,0134,N,VIIRS,n,2,291.46,13.55,N,0
40.78784,-8.44199,356.52,0.45,0.63,2024-09-16,0134,N,VIIRS,n,2,297.57,7.22,N,0
40.78763,-8.43614,343,0.45,0.63,2024-09-16,0134,N,VIIRS,n,2,298.29,7.22,N,0
40.78744,-8.43107,313.86,0.45,0.63,2024-09-16,0134,N,VIIRS,n,2,292.73,4.64,N,0
40.78197,-8.44301,339.62,0.45,0.63,2024-09-16,0134,N,VIIRS,n,2,295.1,7.22,N,0
40.78176,-8.43729,353.88,0.45,0.63,2024-09-16,0134,N,VIIRS,n,2,296.11,7.22,N,0
40.77609,-8.44402,305.57,0.45,0.63,2024-09-16,0134,N,VIIRS,n,2,293.54,1.35,N,0
40.70551,-7.65978,367,0.41,0.61,2024-09-16,0134,N,VIIRS,h,2,297.08,12.24,N,0
40.7053,-7.65464,301.87,0.41,0.61,2024-09-16,0134,N,VIIRS,n,2,288.93,4.55,N,0
40.70314,-7.66127,367,0.41,0.61,2024-09-16,0134,N,VIIRS,h,2,293.81,8.97,N,0
40.7029,-7.65617,354.29,0.41,0.61,2024-09-16,0134,N,VIIRS,n,2,290.92,8.97,N,0
40.66533,-7.5781,298.98,0.41,0.6,2024-09-16,0134,N,VIIRS,n,2,288.41,1.14,N,0
40.6599,-7.58328,367,0.41,0.6,2024-09-16,0134,N,VIIRS,h,2,301.43,16.38,N,0
40.65969,-7.57852,354.13,0.41,0.6,2024-09-16,0134,N,VIIRS,n,2,293.53,16.38,N,0
40.45667,-7.83949,309.54,0.42,0.61,2024-09-16,0134,N,VIIRS,n,2,289.61,0.67,N,0
40.28971,-8.42093,300.4,0.45,0.63,2024-09-16,0134,N,VIIRS,n,2,290.29,0.77,N,2
40.0418,-7.52542,323.11,0.4,0.6,2024-09-16,0134,N,VIIRS,n,2,293.61,2.76,N,0
40.04198,-7.52936,312.41,0.4,0.6,2024-09-16,0134,N,VIIRS,n,2,293.49,2.76,N,0
40.0416,-7.52127,311.95,0.4,0.6,2024-09-16,0134,N,VIIRS,n,2,291.32,1.09,N,0
40.0366,-7.53409,323.74,0.4,0.6,2024-09-16,0134,N,VIIRS,n,2,294.11,5.52,N,0
40.03641,-7.53014,344.2,0.4,0.6,2024-09-16,0134,N,VIIRS,n,2,297.76,2.76,N,0
40.03622,-7.52614,319.97,0.4,0.6,2024-09-16,0134,N,VIIRS,n,2,293.66,2.76,N,0
40.03601,-7.522,302.37,0.4,0.6,2024-09-16,0134,N,VIIRS,n,2,290.61,1.09,N,0
40.03148,-7.54461,338.68,0.4,0.6,2024-09-16,0134,N,VIIRS,n,2,296.1,70.89,N,0
40.03126,-7.53996,367,0.4,0.6,2024-09-16,0134,N,VIIRS,h,2,304.47,27.01,N,0
40.03105,-7.53562,336.44,0.4,0.6,2024-09-16,0134,N,VIIRS,n,2,298.45,27.01,N,0
40.03085,-7.53145,310.88,0.4,0.6,2024-09-16,0134,N,VIIRS,n,2,291.63,2.89,N,0
40.02616,-7.55088,347.11,0.4,0.6,2024-09-16,0134,N,VIIRS,n,2,294.07,70.89,N,0
40.02592,-7.54582,367,0.4,0.6,2024-09-16,0134,N,VIIRS,h,2,350.33,70.89,N,0
40.0257,-7.54126,341.83,0.4,0.6,2024-09-16,0134,N,VIIRS,n,2,309.58,27.01,N,0
40.02549,-7.53682,322.23,0.4,0.6,2024-09-16,0134,N,VIIRS,n,2,295.11,27.01,N,0
40.02639,-7.55591,303.26,0.4,0.6,2024-09-16,0134,N,VIIRS,n,2,291.37,4.39,N,0
40.02035,-7.54686,367,0.4,0.6,2024-09-16,0134,N,VIIRS,h,2,290.97,6.41,N,0
40.02058,-7.55179,303.49,0.4,0.6,2024-09-16,0134,N,VIIRS,n,2,291.3,6.41,N,0
40.02013,-7.54222,310.94,0.4,0.6,2024-09-16,0134,N,VIIRS,n,2,290.16,5.14,N,0
41.82598,-8.51913,311.63,0.63,0.54,2024-09-16,0314,N,VIIRS,n,2,288.23,3.17,N,0
41.72774,-8.51089,301.81,0.32,0.54,2024-09-16,0314,N,VIIRS,n,2,291.34,0.64,N,0
41.72218,-8.51027,320.15,0.32,0.54,2024-09-16,0314,N,VIIRS,n,2,290.91,1.29,N,0
41.72299,-8.51338,307.17,0.32,0.54,2024-09-16,0314,N,VIIRS,n,2,292.27,1.72,N,0
41.70512,-8.52745,303.09,0.32,0.54,2024-09-16,0314,N,VIIRS,n,2,290.87,0.55,N,0
41.68674,-8.47838,345.09,0.32,0.55,2024-09-16,0314,N,VIIRS,n,2,294.18,2.03,N,0
41.68761,-8.48167,304.81,0.32,0.55,2024-09-16,0314,N,VIIRS,n,2,291.14,2.03,N,0
41.68287,-8.48422,322.09,0.32,0.55,2024-09-16,0314,N,VIIRS,n,2,292.66,2.79,N,0
41.68195,-8.48074,336.71,0.32,0.55,2024-09-16,0314,N,VIIRS,n,2,292.38,2.79,N,0
41.536,-8.19249,327.8,0.33,0.56,2024-09-16,0314,N,VIIRS,n,2,293.34,2.22,N,0
41.50559,-8.14065,300.21,0.34,0.56,2024-09-16,0314,N,VIIRS,n,2,287.03,0.43,N,0
41.40359,-8.11698,301.83,0.34,0.56,2024-09-16,0314,N,VIIRS,n,2,289.28,12.83,N,0
41.40265,-8.11347,304.56,0.34,0.56,2024-09-16,0314,N,VIIRS,n,2,289.91,9.61,N,0
41.39867,-8.11935,367,0.34,0.56,2024-09-16,0314,N,VIIRS,h,2,295.84,12.83,N,0
41.39771,-8.11576,346.21,0.34,0.56,2024-09-16,0314,N,VIIRS,n,2,295.56,9.61,N,0
41.42751,-8.22737,299.83,0.34,0.56,2024-09-16,0314,N,VIIRS,n,2,288.47,0.71,N,0
41.42654,-8.22372,305.67,0.34,0.56,2024-09-16,0314,N,VIIRS,n,2,289.25,0.71,N,0
41.42253,-8.22939,305.64,0.34,0.56,2024-09-16,0314,N,VIIRS,n,2,291.46,0.95,N,0
41.42157,-8.22579,309.72,0.34,0.56,2024-09-16,0314,N,VIIRS,n,2,291,0.95,N,0
41.41543,-8.22346,300.56,0.34,0.56,2024-09-16,0314,N,VIIRS,n,2,290.06,0.66,N,0
41.41441,-8.21964,305.2,0.34,0.56,2024-09-16,0314,N,VIIRS,n,2,289.06,0.66,N,0
41.03161,-8.07522,367,0.35,0.57,2024-09-16,0314,N,VIIRS,h,2,294.45,11.01,N,0
41.03053,-8.07121,343.99,0.35,0.57,2024-09-16,0314,N,VIIRS,n,2,286.93,11.01,N,0
41.02696,-8.0788,367,0.35,0.57,2024-09-16,0314,N,VIIRS,h,2,294.55,11.01,N,0
41.02586,-8.07475,351.95,0.35,0.57,2024-09-16,0314,N,VIIRS,n,2,288.83,11.01,N,0
41.02818,-8.08333,296.05,0.35,0.57,2024-09-16,0314,N,VIIRS,n,2,286.04,11.66,N,0
41.02235,-8.08257,295.61,0.35,0.57,2024-09-16,0314,N,VIIRS,n,2,285.22,0.52,N,0
41.02118,-8.07824,297.38,0.35,0.57,2024-09-16,0314,N,VIIRS,n,2,285.12,0.52,N,0
40.92803,-7.90276,329.08,0.36,0.57,2024-09-16,0314,N,VIIRS,n,2,288.08,2.19,N,0
40.9299,-7.90454,300.21,0.36,0.57,2024-09-16,0314,N,VIIRS,n,2,286.89,1.57,N,0
40.92858,-7.89958,312,0.36,0.57,2024-09-16,0314,N,VIIRS,n,2,287.84,1.57,N,0
40.93988,-8.06788,331.31,0.35,0.57,2024-09-16,0314,N,VIIRS,n,2,292.16,3.77,N,0
40.9389,-8.06427,316.04,0.35,0.57,2024-09-16,0314,N,VIIRS,n,2,291.52,2.38,N,0
40.66461,-7.57813,328.07,0.38,0.59,2024-09-16,0314,N,VIIRS,n,2,288.95,2.66,N,0
40.66072,-7.58513,367,0.38,0.59,2024-09-16,0314,N,VIIRS,h,2,303.44,16.15,N,0
40.65946,-7.58057,350.96,0.38,0.59,2024-09-16,0314,N,VIIRS,n,2,299.2,16.15,N,0
40.65541,-7.58699,299.96,0.38,0.59,2024-09-16,0314,N,VIIRS,n,2,286.87,16.15,N,0
40.81139,-8.45006,336.85,0.34,0.56,2024-09-16,0314,N,VIIRS,n,2,296.53,3.56,N,0
40.80663,-8.43217,367,0.34,0.56,2024-09-16,0314,N,VIIRS,h,2,298.65,14.66,N,0
40.80576,-8.42892,354.54,0.34,0.56,2024-09-16,0314,N,VIIRS,n,2,301.43,14.66,N,0
40.8048,-8.42531,338.32,0.34,0.56,2024-09-16,0314,N,VIIRS,n,2,296.76,6.36,N,0
40.81032,-8.44604,316.95,0.34,0.56,2024-09-16,0314,N,VIIRS,n,2,295.27,2.04,N,0
40.80077,-8.43102,367,0.34,0.56,2024-09-16,0314,N,VIIRS,h,2,303.83,20.68,N,0
40.80533,-8.44815,303.82,0.34,0.56,2024-09-16,0314,N,VIIRS,n,2,290.6,0.74,N,0
40.80436,-8.44449,306.89,0.34,0.56,2024-09-16,0314,N,VIIRS,n,2,292.3,0.74,N,0
40.80348,-8.44117,309.82,0.34,0.56,2024-09-16,0314,N,VIIRS,n,2,293.66,0.93,N,0
40.80171,-8.43454,310.6,0.34,0.56,2024-09-16,0314,N,VIIRS,n,2,294.42,20.68,N,0
40.79866,-8.42309,306.2,0.34,0.56,2024-09-16,0314,N,VIIRS,n,2,294.4,38.46,N,0
40.79573,-8.4329,352.67,0.34,0.56,2024-09-16,0314,N,VIIRS,n,2,298.14,20.68,N,0
40.79459,-8.42864,354.35,0.34,0.56,2024-09-16,0314,N,VIIRS,n,2,300.27,38.46,N,0
40.79859,-8.44364,301.96,0.34,0.56,2024-09-16,0314,N,VIIRS,n,2,291.68,0.93,N,0
40.79771,-8.44033,305.89,0.34,0.56,2024-09-16,0314,N,VIIRS,n,2,293.36,0.93,N,0
40.79678,-8.43688,313.59,0.34,0.56,2024-09-16,0314,N,VIIRS,n,2,294.11,20.68,N,0
40.79174,-8.43879,332.89,0.34,0.56,2024-09-16,0314,N,VIIRS,n,2,300.18,11.44,N,0
40.79068,-8.43478,367,0.34,0.56,2024-09-16,0314,N,VIIRS,h,2,305.48,11.44,N,0
40.78951,-8.43043,348.66,0.34,0.56,2024-09-16,0314,N,VIIRS,n,2,300.43,10.51,N,0
40.7927,-8.44236,314.74,0.34,0.56,2024-09-16,0314,N,VIIRS,n,2,296.4,3.6,N,0
40.78762,-8.44414,357.37,0.34,0.56,2024-09-16,0314,N,VIIRS,n,2,300.73,3.6,N,0
40.78667,-8.44058,325.9,0.34,0.56,2024-09-16,0314,N,VIIRS,n,2,298.83,11.44,N,0
40.78565,-8.43675,367,0.34,0.56,2024-09-16,0314,N,VIIRS,h,2,303.8,11.44,N,0
40.78452,-8.43254,321.98,0.34,0.56,2024-09-16,0314,N,VIIRS,n,2,296.36,10.51,N,0
40.78857,-8.44767,313.71,0.34,0.56,2024-09-16,0314,N,VIIRS,n,2,293.9,3.6,N,0
40.78259,-8.44607,322.98,0.34,0.56,2024-09-16,0314,N,VIIRS,n,2,293.88,9.69,N,0
40.7816,-8.44238,367,0.34,0.56,2024-09-16,0314,N,VIIRS,h,2,304.37,6.15,N,0
40.78057,-8.43853,367,0.34,0.56,2024-09-16,0314,N,VIIRS,h,2,300.39,6.15,N,0
40.77656,-8.44426,324.99,0.34,0.56,2024-09-16,0314,N,VIIRS,n,2,294.75,6.15,N,0
40.77552,-8.4404,344.24,0.34,0.56,2024-09-16,0314,N,VIIRS,n,2,297.13,6.15,N,0
40.73436,-8.34946,300.88,0.34,0.56,2024-09-16,0314,N,VIIRS,n,2,289.61,0.61,N,0
40.03975,-7.528,309.78,0.4,0.6,2024-09-16,0315,N,VIIRS,n,2,293.24,1.55,N,0
40.03612,-7.53621,367,0.39,0.6,2024-09-16,0315,N,VIIRS,h,2,299.82,33.73,N,0
40.03446,-7.53033,352.9,0.4,0.6,2024-09-16,0315,N,VIIRS,n,2,295.46,5.65,N,0
40.03296,-7.525,301.07,0.4,0.6,2024-09-16,0315,N,VIIRS,n,2,290.71,5.65,N,0
40.03196,-7.54256,367,0.39,0.6,2024-09-16,0315,N,VIIRS,h,2,303.93,33.73,N,0
40.03054,-7.53749,331.95,0.39,0.6,2024-09-16,0315,N,VIIRS,n,2,303.61,33.73,N,0
40.03325,-7.54712,303.09,0.39,0.6,2024-09-16,0315,N,VIIRS,n,2,291.6,14.39,N,0
40.02903,-7.53217,307.45,0.4,0.6,2024-09-16,0315,N,VIIRS,n,2,291.08,5.65,N,0
40.04005,-7.53022,304.37,0.4,0.6,2024-09-16,0315,N,VIIRS,n,2,293.59,7.98,N,0
40.03849,-7.52454,308.58,0.4,0.6,2024-09-16,0315,N,VIIRS,n,2,292.54,3.12,N,0
40.03631,-7.53817,338.53,0.4,0.6,2024-09-16,0315,N,VIIRS,n,2,295.15,7.98,N,0
40.03476,-7.53252,367,0.4,0.6,2024-09-16,0315,N,VIIRS,h,2,301.54,7.98,N,0
40.03322,-7.52693,310.53,0.4,0.6,2024-09-16,0315,N,VIIRS,n,2,292.31,3.12,N,0
40.03209,-7.54436,329.03,0.39,0.6,2024-09-16,0315,N,VIIRS,n,2,293.19,18.87,N,0
40.03074,-7.53947,346.31,0.4,0.6,2024-09-16,0315,N,VIIRS,n,2,317.52,21.45,N,0
40.02927,-7.53413,329.33,0.4,0.6,2024-09-16,0315,N,VIIRS,n,2,293.8,21.45,N,0
40.02782,-7.5504,343.61,0.39,0.6,2024-09-16,0315,N,VIIRS,n,2,295.19,18.87,N,0
40.02663,-7.54606,367,0.39,0.6,2024-09-16,0315,N,VIIRS,h,2,306.56,18.87,N,0
40.02531,-7.54128,327.29,0.4,0.6,2024-09-16,0315,N,VIIRS,n,2,295.24,21.45,N,0
40.02395,-7.53633,302.54,0.4,0.6,2024-09-16,0315,N,VIIRS,n,2,290.65,21.45,N,0
40.02369,-7.55691,343.99,0.39,0.6,2024-09-16,0315,N,VIIRS,n,2,292.72,35.36,N,0
40.02246,-7.55245,347.82,0.39,0.6,2024-09-16,0315,N,VIIRS,n,2,318.22,47.35,N,0
40.02125,-7.54806,354.23,0.39,0.6,2024-09-16,0315,N,VIIRS,n,2,310.44,47.35,N,0
40.01997,-7.54342,324.23,0.4,0.6,2024-09-16,0315,N,VIIRS,n,2,291.68,9.29,N,0
38.6274,-9.07969,300.75,0.36,0.57,2024-09-16,0315,N,VIIRS,n,2,289.96,0.58,N,2
41.01492,-8.0782,355.36,0.42,0.45,2024-09-16,1257,N,VIIRS,n,2,318.22,22.69,D,0
41.02185,-8.06672,340.39,0.42,0.45,2024-09-16,1257,N,VIIRS,n,2,309.18,37.86,D,0
41.01794,-8.08424,336.19,0.42,0.45,2024-09-16,1257,N,VIIRS,n,2,304.63,22.69,D,0
41.02588,-8.06824,350.92,0.42,0.45,2024-09-16,1257,N,VIIRS,n,2,316.64,23.77,D,0
41.02493,-8.07253,337.28,0.42,0.45,2024-09-16,1257,N,VIIRS,l,2,311.22,12.06,D,0
41.02293,-8.08146,340.45,0.42,0.45,2024-09-16,1257,N,VIIRS,n,2,301.37,32.53,D,0
41.02988,-8.0699,345.93,0.42,0.45,2024-09-16,1257,N,VIIRS,n,2,309.03,23.77,D,0
41.02592,-8.08766,352.91,0.42,0.45,2024-09-16,1257,N,VIIRS,n,2,308.46,32.53,D,0
40.94875,-8.48962,330.2,0.44,0.46,2024-09-16,1257,N,VIIRS,n,2,305.12,1.35,D,0
41.07182,-8.11738,367,0.42,0.45,2024-09-16,1257,N,VIIRS,h,2,309.74,9.9,D,0
41.07079,-8.12205,331.3,0.42,0.45,2024-09-16,1257,N,VIIRS,n,2,303.78,9.9,D,0
41.07572,-8.11957,355.13,0.42,0.45,2024-09-16,1257,N,VIIRS,n,2,302.25,22.41,D,0
41.10372,-8.03181,348.12,0.41,0.45,2024-09-16,1257,N,VIIRS,l,2,322.07,131.1,D,0
41.1027,-8.03649,316.46,0.41,0.45,2024-09-16,1257,N,VIIRS,l,2,319.73,28.22,D,0
41.10685,-8.03739,349.41,0.41,0.45,2024-09-16,1257,N,VIIRS,n,2,305.31,28.22,D,0
41.10588,-8.04182,340.98,0.41,0.45,2024-09-16,1257,N,VIIRS,n,2,306.03,28.22,D,0
41.10791,-8.05245,367,0.41,0.45,2024-09-16,1257,N,VIIRS,h,2,319.15,17.34,D,0
41.11497,-8.02016,342.93,0.41,0.45,2024-09-16,1257,N,VIIRS,n,2,307.57,5.17,D,0
41.11282,-8.02997,334.3,0.41,0.45,2024-09-16,1257,N,VIIRS,n,2,303.94,4.96,D,0
41.1119,-8.03417,353.29,0.41,0.45,2024-09-16,1257,N,VIIRS,n,2,309.43,4.96,D,0
41.11003,-8.04273,349.66,0.41,0.45,2024-09-16,1257,N,VIIRS,n,2,315.22,7.92,D,0
41.109,-8.04744,351.4,0.41,0.45,2024-09-16,1257,N,VIIRS,n,2,313.47,17.34,D,0
41.10677,-8.05766,352.37,0.41,0.45,2024-09-16,1257,N,VIIRS,n,2,313.26,13.5,D,0
41.1086,-8.06922,367,0.41,0.45,2024-09-16,1257,N,VIIRS,h,2,315.8,12.66,D,0
41.11915,-8.02091,336.38,0.41,0.45,2024-09-16,1257,N,VIIRS,n,2,306.6,5.17,D,0
41.11802,-8.0261,346.5,0.41,0.45,2024-09-16,1257,N,VIIRS,n,2,309.13,5.17,D,0
41.11696,-8.03094,333.4,0.41,0.45,2024-09-16,1257,N,VIIRS,n,2,305.32,4.96,D,0
41.116,-8.03533,343,0.41,0.45,2024-09-16,1257,N,VIIRS,n,2,306.19,4.96,D,0
41.11507,-8.03959,343.32,0.41,0.45,2024-09-16,1257,N,VIIRS,n,2,307.05,7.92,D,0
41.11079,-8.0592,336.36,0.41,0.45,2024-09-16,1257,N,VIIRS,n,2,308.36,13.5,D,0
41.10968,-8.06431,342.75,0.41,0.45,2024-09-16,1257,N,VIIRS,n,2,304.61,13.5,D,0
41.10748,-8.07436,351.27,0.41,0.45,2024-09-16,1257,N,VIIRS,n,2,307.99,12.66,D,0
41.10632,-8.07966,349.22,0.41,0.45,2024-09-16,1257,N,VIIRS,n,2,308.56,11.25,D,0
41.1222,-8.02687,367,0.41,0.45,2024-09-16,1257,N,VIIRS,h,2,313.51,20.16,D,0
41.12008,-8.0366,367,0.41,0.45,2024-09-16,1257,N,VIIRS,h,2,317.09,17.31,D,0
41.12109,-8.03193,357.1,0.41,0.45,2024-09-16,1257,N,VIIRS,n,2,320.42,17.31,D,0
41.11911,-8.04103,344.42,0.41,0.45,2024-09-16,1257,N,VIIRS,n,2,309.68,7.17,D,0
41.11482,-8.06069,345.62,0.41,0.45,2024-09-16,1257,N,VIIRS,n,2,313.43,7.84,D,0
41.11375,-8.06559,348.86,0.41,0.45,2024-09-16,1257,N,VIIRS,n,2,314.46,7.84,D,0
41.11269,-8.07045,347.25,0.41,0.45,2024-09-16,1257,N,VIIRS,n,2,310.86,8.92,D,0
41.11156,-8.07563,344.77,0.41,0.45,2024-09-16,1257,N,VIIRS,n,2,313.02,8.92,D,0
41.11041,-8.0809,343.86,0.41,0.45,2024-09-16,1257,N,VIIRS,n,2,304.74,3.92,D,0
41.12638,-8.02756,341.3,0.41,0.45,2024-09-16,1257,N,VIIRS,n,2,306.9,20.16,D,0
41.12526,-8.03274,355.2,0.41,0.45,2024-09-16,1257,N,VIIRS,n,2,322.77,17.31,D,0
41.1242,-8.03765,355.04,0.41,0.45,2024-09-16,1257,N,VIIRS,n,2,318.48,17.31,D,0
41.12317,-8.04235,345.96,0.41,0.45,2024-09-16,1257,N,VIIRS,n,2,308.75,7.17,D,0
41.12214,-8.0471,352.21,0.41,0.45,2024-09-16,1257,N,VIIRS,n,2,318.44,7.17,D,0
41.11995,-8.05714,350.3,0.41,0.45,2024-09-16,1257,N,VIIRS,n,2,316.52,18.45,D,0
41.11891,-8.06191,350.43,0.41,0.45,2024-09-16,1257,N,VIIRS,n,2,318.59,7.84,D,0
41.11453,-8.08202,336.38,0.41,0.45,2024-09-16,1257,N,VIIRS,n,2,305.28,3.92,D,0
41.12504,-8.05375,367,0.41,0.45,2024-09-16,1257,N,VIIRS,h,2,308.94,16.26,D,0
41.124,-8.0585,367,0.41,0.45,2024-09-16,1257,N,VIIRS,h,2,317.7,16.26,D,0
41.12941,-8.03363,340.47,0.41,0.45,2024-09-16,1257,N,VIIRS,n,2,302.01,11.01,D,0
41.12832,-8.03865,353.08,0.41,0.45,2024-09-16,1257,N,VIIRS,n,2,307.31,11.01,D,0
41.12612,-8.04881,335.67,0.41,0.45,2024-09-16,1257,N,VIIRS,n,2,303.22,7.4,D,0
41.123,-8.06311,349.54,0.41,0.45,2024-09-16,1257,N,VIIRS,n,2,318.55,27.05,D,0
41.12094,-8.07256,351.6,0.41,0.45,2024-09-16,1257,N,VIIRS,n,2,320.7,8.63,D,0
41.11982,-8.07774,349.84,0.41,0.45,2024-09-16,1257,N,VIIRS,n,2,316.28,8.63,D,0
41.11865,-8.08309,350.17,0.41,0.45,2024-09-16,1257,N,VIIRS,n,2,314.32,8.39,D,0
41.12274,-8.08434,367,0.41,0.45,2024-09-16,1257,N,VIIRS,h,2,319.17,8.39,D,0
41.12807,-8.05982,343.16,0.41,0.45,2024-09-16,1257,N,VIIRS,n,2,305.64,16.26,D,0
41.12708,-8.06436,356.09,0.41,0.45,2024-09-16,1257,N,VIIRS,n,2,328.51,27.05,D,0
41.12609,-8.06894,354.77,0.41,0.45,2024-09-16,1257,N,VIIRS,n,2,321.88,27.05,D,0
41.12502,-8.07382,356.57,0.41,0.45,2024-09-16,1257,N,VIIRS,n,2,323.57,8.63,D,0
41.1239,-8.07903,354.62,0.41,0.45,2024-09-16,1257,N,VIIRS,n,2,320.21,8.63,D,0
41.12156,-8.08975,342.02,0.41,0.45,2024-09-16,1257,N,VIIRS,n,2,306.71,8.39,D,0
41.12754,-8.03119,367,0.41,0.45,2024-09-16,1257,N,VIIRS,h,2,304.23,28.53,D,0
41.12201,-8.05589,367,0.41,0.45,2024-09-16,1257,N,VIIRS,h,2,314.28,16.82,D,0
41.12641,-8.03619,355.27,0.41,0.45,2024-09-16,1257,N,VIIRS,n,2,321.75,28.53,D,0
41.12531,-8.04113,344.17,0.41,0.45,2024-09-16,1257,N,VIIRS,n,2,308.99,7.9,D,0
41.12424,-8.04589,352.44,0.41,0.45,2024-09-16,1257,N,VIIRS,n,2,312.86,7.9,D,0
41.12312,-8.05092,354.85,0.41,0.45,2024-09-16,1257,N,VIIRS,n,2,313.92,16.82,D,0
41.12096,-8.06056,352.43,0.41,0.45,2024-09-16,1257,N,VIIRS,n,2,322.53,15.5,D,0
41.11772,-8.07503,344.37,0.41,0.45,2024-09-16,1257,N,VIIRS,n,2,313.09,7.88,D,0
41.11653,-8.08032,349.13,0.41,0.45,2024-09-16,1257,N,VIIRS,n,2,308.95,9.28,D,0
41.12606,-8.05724,346.5,0.41,0.45,2024-09-16,1257,N,VIIRS,n,2,302.73,16.82,D,0
40.72832,-8.364,341.48,0.43,0.46,2024-09-16,1257,N,VIIRS,n,2,310.46,10.04,D,0
41.12402,-8.06639,355.04,0.41,0.45,2024-09-16,1257,N,VIIRS,n,2,320.8,15.5,D,0
41.12299,-8.07102,346.32,0.41,0.45,2024-09-16,1257,N,VIIRS,l,2,318.9,7.88,D,0
41.12183,-8.07617,350.91,0.41,0.45,2024-09-16,1257,N,VIIRS,n,2,319.48,7.88,D,0
41.11944,-8.08681,350.88,0.41,0.45,2024-09-16,1257,N,VIIRS,n,2,314.62,9.28,D,0
41.12472,-8.08278,367,0.41,0.45,2024-09-16,1257,N,VIIRS,h,2,314.6,17.43,D,0
41.12352,-8.08813,367,0.41,0.45,2024-09-16,1257,N,VIIRS,h,2,310.86,17.43,D,0
41.12911,-8.06312,346.74,0.41,0.45,2024-09-16,1257,N,VIIRS,n,2,304.19,49.49,D,0
41.12706,-8.07232,354.87,0.41,0.45,2024-09-16,1257,N,VIIRS,n,2,328.98,81.11,D,0
41.12812,-8.06758,367,0.41,0.45,2024-09-16,1257,N,VIIRS,l,2,333.38,49.49,D,0
41.1259,-8.0775,355.82,0.41,0.45,2024-09-16,1257,N,VIIRS,l,2,330.83,81.11,D,0
41.13108,-8.07386,346.69,0.41,0.45,2024-09-16,1257,N,VIIRS,n,2,320.83,81.11,D,0
41.12876,-8.08422,348.28,0.41,0.45,2024-09-16,1257,N,VIIRS,n,2,299.95,17.43,D,0
41.10897,-8.3101,367,0.42,0.45,2024-09-16,1257,N,VIIRS,h,2,309.93,78.63,D,0
41.10799,-8.31453,332.21,0.42,0.46,2024-09-16,1257,N,VIIRS,n,2,304.14,78.63,D,0
41.11309,-8.31145,340.3,0.42,0.45,2024-09-16,1257,N,VIIRS,n,2,305.04,78.63,D,0
41.18592,-8.1615,336.54,0.42,0.45,2024-09-16,1257,N,VIIRS,n,2,294.42,34.87,D,0
41.18484,-8.16645,349.21,0.42,0.45,2024-09-16,1257,N,VIIRS,n,2,312.26,34.87,D,0
41.12186,-8.4908,345.98,0.43,0.46,2024-09-16,1257,N,VIIRS,n,2,287.03,21.24,D,0
41.12072,-8.49595,351.92,0.43,0.46,2024-09-16,1257,N,VIIRS,n,2,288.56,21.24,D,0
41.11856,-8.50561,356.34,0.43,0.46,2024-09-16,1257,N,VIIRS,n,2,276.55,70.08,D,0
41.1175,-8.51037,337.79,0.43,0.46,2024-09-16,1257,N,VIIRS,n,2,265.85,13.37,D,0
41.11963,-8.50086,356.89,0.43,0.46,2024-09-16,1257,N,VIIRS,l,2,283.59,70.08,D,0
41.12714,-8.4871,340.23,0.43,0.46,2024-09-16,1257,N,VIIRS,n,2,270.9,14.61,D,0
41.12593,-8.49253,353.33,0.43,0.46,2024-09-16,1257,N,VIIRS,n,2,292.11,21.24,D,0
41.12374,-8.50241,344.14,0.43,0.46,2024-09-16,1257,N,VIIRS,n,2,292.01,70.08,D,0
41.12481,-8.49756,356.69,0.43,0.46,2024-09-16,1257,N,VIIRS,l,2,281.96,21.24,D,0
41.1216,-8.51197,356.69,0.43,0.46,2024-09-16,1257,N,VIIRS,l,2,268.01,13.37,D,0
41.12047,-8.51706,356.69,0.43,0.46,2024-09-16,1257,N,VIIRS,l,2,264.19,13.37,D,0
41.13004,-8.49409,343.43,0.43,0.46,2024-09-16,1257,N,VIIRS,n,2,269.37,15.82,D,0
41.12785,-8.50396,352.69,0.43,0.46,2024-09-16,1257,N,VIIRS,n,2,284.7,25.24,D,0
41.12892,-8.49915,357.58,0.43,0.46,2024-09-16,1257,N,VIIRS,l,2,272.58,15.82,D,0
41.1268,-8.50866,357.58,0.43,0.46,2024-09-16,1257,N,VIIRS,l,2,267.45,25.24,D,0
41.13303,-8.50069,342.23,0.43,0.46,2024-09-16,1257,N,VIIRS,n,2,265.46,15.82,D,0
41.13197,-8.50549,356.94,0.43,0.46,2024-09-16,1257,N,VIIRS,l,2,264.2,25.24,D,0
41.13092,-8.51018,356.94,0.43,0.46,2024-09-16,1257,N,VIIRS,l,2,255.31,25.24,D,0
41.20094,-8.21277,367,0.42,0.45,2024-09-16,1257,N,VIIRS,h,2,309.79,26.93,D,0
41.20195,-8.20812,334.46,0.42,0.45,2024-09-16,1257,N,VIIRS,n,2,306.77,26.93,D,0
41.20603,-8.20953,367,0.42,0.45,2024-09-16,1257,N,VIIRS,h,2,314,26.93,D,0
41.20503,-8.2141,349.78,0.42,0.45,2024-09-16,1257,N,VIIRS,n,2,323.8,26.93,D,0
41.20403,-8.21868,340.05,0.42,0.45,2024-09-16,1257,N,VIIRS,n,2,306.49,17.23,D,0
41.13269,-8.50203,349.95,0.43,0.46,2024-09-16,1257,N,VIIRS,n,2,267.11,13.14,D,0
41.13161,-8.50677,356.53,0.43,0.46,2024-09-16,1257,N,VIIRS,l,2,261.53,13.14,D,0
41.20325,-8.21016,367,0.42,0.45,2024-09-16,1257,N,VIIRS,h,2,315.19,14.99,D,0
41.20429,-8.20555,342.3,0.42,0.45,2024-09-16,1257,N,VIIRS,n,2,308.24,14.99,D,0
41.20222,-8.21476,353.72,0.42,0.45,2024-09-16,1257,N,VIIRS,n,2,314.42,36.09,D,0
41.20732,-8.21162,367,0.42,0.45,2024-09-16,1257,N,VIIRS,h,2,303.48,12.77,D,0
41.20834,-8.20705,331.17,0.42,0.45,2024-09-16,1257,N,VIIRS,n,2,302.13,12.77,D,0
41.20629,-8.21618,348.31,0.42,0.45,2024-09-16,1257,N,VIIRS,n,2,305.96,42.81,D,0
41.28334,-8.12548,357.68,0.41,0.45,2024-09-16,1257,N,VIIRS,n,2,318.54,24.89,D,0
41.28231,-8.13013,335.69,0.41,0.45,2024-09-16,1257,N,VIIRS,n,2,305.67,5.6,D,0
41.28743,-8.12668,357.02,0.41,0.45,2024-09-16,1257,N,VIIRS,n,2,314.44,54.15,D,0
41.42646,-8.21621,342.11,0.41,0.45,2024-09-16,1257,N,VIIRS,n,2,303.17,54.17,D,0
41.42545,-8.2208,323.18,0.41,0.45,2024-09-16,1257,N,VIIRS,l,2,324.98,54.17,D,0
41.42799,-8.21943,348.9,0.41,0.45,2024-09-16,1257,N,VIIRS,n,2,321.54,92.82,D,0
41.4269,-8.22431,300.25,0.41,0.45,2024-09-16,1257,N,VIIRS,l,2,306.55,55.22,D,0
41.4189,-8.45614,347.8,0.42,0.45,2024-09-16,1257,N,VIIRS,n,2,306.98,7.66,D,0
41.41969,-8.47236,336.59,0.42,0.46,2024-09-16,1257,N,VIIRS,l,2,308.52,4.84,D,0
41.55978,-7.93583,353.3,0.4,0.44,2024-09-16,1257,N,VIIRS,n,2,287.66,20.15,D,0
41.55532,-7.95639,348.35,0.4,0.44,2024-09-16,1257,N,VIIRS,n,2,284.14,10.84,D,0
41.55409,-7.96207,347.81,0.4,0.44,2024-09-16,1257,N,VIIRS,n,2,285.02,11.94,D,0
41.56075,-7.93139,357.38,0.4,0.44,2024-09-16,1257,N,VIIRS,l,2,280.91,20.15,D,0
41.56481,-7.93241,341.92,0.4,0.44,2024-09-16,1257,N,VIIRS,n,2,284.04,20.15,D,0
41.56384,-7.93689,355.24,0.4,0.44,2024-09-16,1257,N,VIIRS,n,2,292.37,20.15,D,0
41.56282,-7.94158,336.93,0.4,0.44,2024-09-16,1257,N,VIIRS,n,2,301.14,29.15,D,0
41.56173,-7.94665,334.74,0.4,0.44,2024-09-16,1257,N,VIIRS,n,2,280.3,29.15,D,0
41.55921,-7.95826,350.68,0.4,0.44,2024-09-16,1257,N,VIIRS,n,2,277.19,10.84,D,0
41.56563,-7.9484,345.81,0.4,0.44,2024-09-16,1257,N,VIIRS,n,2,284.15,18.4,D,0
41.56437,-7.95426,355.96,0.4,0.44,2024-09-16,1257,N,VIIRS,n,2,290.44,22.85,D,0
41.66225,-8.44081,334.82,0.42,0.45,2024-09-16,1257,N,VIIRS,n,2,307.43,3.39,D,0
41.66631,-8.44233,340.81,0.42,0.45,2024-09-16,1257,N,VIIRS,n,2,305.44,3.39,D,0
41.12504,-8.06183,356.3,0.41,0.45,2024-09-16,1257,N,VIIRS,n,2,320.39,15.5,D,0
40.72622,-8.37348,355.94,0.44,0.46,2024-09-16,1257,N,VIIRS,n,2,306.25,9.3,D,0
40.7216,-8.39433,355.74,0.44,0.46,2024-09-16,1257,N,VIIRS,n,2,317.05,39.86,D,0
40.71371,-8.4299,337.59,0.44,0.46,2024-09-16,1257,N,VIIRS,l,2,310.46,9.67,D,0
40.70342,-8.47621,340.05,0.44,0.46,2024-09-16,1257,N,VIIRS,n,2,308.13,10.02,D,0
40.70117,-8.48633,336.19,0.44,0.46,2024-09-16,1257,N,VIIRS,n,2,305.96,7.86,D,0
40.70002,-8.49146,337.93,0.44,0.46,2024-09-16,1257,N,VIIRS,n,2,301.87,6.46,D,0
40.69888,-8.49658,351.03,0.44,0.46,2024-09-16,1257,N,VIIRS,n,2,307.56,6.46,D,0
40.72267,-8.34806,339.08,0.43,0.46,2024-09-16,1257,N,VIIRS,n,2,305.9,31.2,D,0
40.72157,-8.35292,354.35,0.43,0.46,2024-09-16,1257,N,VIIRS,n,2,323.23,29.67,D,0
40.72046,-8.35776,345.5,0.43,0.46,2024-09-16,1257,N,VIIRS,n,2,310.22,29.67,D,0
40.71612,-8.3768,351.07,0.44,0.46,2024-09-16,1257,N,VIIRS,n,2,312.81,8.92,D,0
40.71502,-8.38165,352.83,0.44,0.46,2024-09-16,1257,N,VIIRS,n,2,317.65,18.57,D,0
40.6904,-8.48921,354.32,0.44,0.46,2024-09-16,1257,N,VIIRS,n,2,313.32,15.21,D,0
40.68923,-8.49427,343.96,0.44,0.46,2024-09-16,1257,N,VIIRS,n,2,311.75,6.99,D,0
40.68806,-8.49938,336.91,0.44,0.46,2024-09-16,1257,N,VIIRS,n,2,309.42,6.99,D,0
40.72794,-8.34453,349.05,0.43,0.46,2024-09-16,1257,N,VIIRS,n,2,308.19,31.2,D,0
40.72576,-8.35412,342.17,0.43,0.46,2024-09-16,1257,N,VIIRS,n,2,311.77,29.67,D,0
40.72248,-8.36855,339.66,0.43,0.46,2024-09-16,1257,N,VIIRS,l,2,311.68,9.42,D,0
40.7214,-8.3733,351.83,0.44,0.46,2024-09-16,1257,N,VIIRS,n,2,320.5,8.92,D,0
40.72032,-8.37802,347,0.44,0.46,2024-09-16,1257,N,VIIRS,n,2,313.03,8.92,D,0
40.71795,-8.38842,356.44,0.44,0.46,2024-09-16,1257,N,VIIRS,n,2,315.9,18.57,D,0
40.70023,-8.46594,355.88,0.44,0.46,2024-09-16,1257,N,VIIRS,n,2,305.75,10.35,D,0
40.69913,-8.47076,346.22,0.44,0.46,2024-09-16,1257,N,VIIRS,n,2,308.19,10.35,D,0
40.69455,-8.49076,350.96,0.44,0.46,2024-09-16,1257,N,VIIRS,n,2,306.16,15.21,D,0
40.69339,-8.49583,338.08,0.44,0.46,2024-09-16,1257,N,VIIRS,n,2,305.02,6.99,D,0
40.68867,-8.51639,345.68,0.44,0.46,2024-09-16,1257,N,VIIRS,n,2,302.47,14.39,D,0
40.72684,-8.34937,367,0.43,0.46,2024-09-16,1257,N,VIIRS,l,2,330.6,31.2,D,0
40.73109,-8.35039,352.44,0.43,0.46,2024-09-16,1257,N,VIIRS,n,2,310.33,33.64,D,0
40.72883,-8.3603,338.42,0.43,0.46,2024-09-16,1257,N,VIIRS,l,2,309,9.85,D,0
40.72771,-8.3652,333.34,0.43,0.46,2024-09-16,1257,N,VIIRS,l,2,308.17,4.68,D,0
40.72664,-8.36994,336.77,0.43,0.46,2024-09-16,1257,N,VIIRS,n,2,304.07,4.68,D,0
40.72558,-8.37462,355.74,0.44,0.46,2024-09-16,1257,N,VIIRS,n,2,307.38,9.84,D,0
40.72207,-8.38999,347.54,0.44,0.46,2024-09-16,1257,N,VIIRS,n,2,305.26,24.61,D,0
40.71524,-8.41999,343.87,0.44,0.46,2024-09-16,1257,N,VIIRS,n,2,316.02,19.63,D,0
40.71396,-8.42554,352.28,0.44,0.46,2024-09-16,1257,N,VIIRS,n,2,317.5,11.87,D,0
40.70218,-8.4771,339.61,0.44,0.46,2024-09-16,1257,N,VIIRS,n,2,308.49,11.13,D,0
40.69754,-8.4974,338.71,0.44,0.46,2024-09-16,1257,N,VIIRS,n,2,303.4,8.3,D,0
40.72379,-8.40214,367,0.44,0.46,2024-09-16,1257,N,VIIRS,h,2,317.9,44.62,D,0
40.71935,-8.42161,367,0.44,0.46,2024-09-16,1257,N,VIIRS,h,2,323.66,19.63,D,0
40.71806,-8.42725,367,0.44,0.46,2024-09-16,1257,N,VIIRS,h,2,327.18,11.87,D,0
40.73748,-8.34191,340.42,0.43,0.46,2024-09-16,1257,N,VIIRS,n,2,305.29,39.38,D,0
40.73417,-8.35649,353.35,0.43,0.46,2024-09-16,1257,N,VIIRS,n,2,313.11,9.85,D,0
40.7262,-8.39152,340.26,0.44,0.46,2024-09-16,1257,N,VIIRS,n,2,302.3,24.61,D,0
40.72271,-8.40686,339.84,0.44,0.46,2024-09-16,1257,N,VIIRS,n,2,313.45,8.54,D,0
40.72168,-8.41138,352.93,0.44,0.46,2024-09-16,1257,N,VIIRS,n,2,318.6,8.54,D,0
40.71676,-8.43294,352.39,0.44,0.46,2024-09-16,1257,N,VIIRS,n,2,316.09,11.87,D,0
40.71553,-8.43834,354.44,0.44,0.46,2024-09-16,1257,N,VIIRS,n,2,312.82,10.97,D,0
40.71433,-8.44359,353.48,0.44,0.46,2024-09-16,1257,N,VIIRS,n,2,317.33,10.97,D,0
40.71314,-8.4488,339.15,0.44,0.46,2024-09-16,1257,N,VIIRS,l,2,312.09,8.74,D,0
40.71196,-8.45398,344.69,0.44,0.46,2024-09-16,1257,N,VIIRS,n,2,309.69,8.74,D,0
40.71083,-8.45892,351.46,0.44,0.46,2024-09-16,1257,N,VIIRS,n,2,311.45,10.28,D,0
40.70974,-8.4637,341.49,0.44,0.46,2024-09-16,1257,N,VIIRS,n,2,309.04,10.28,D,0
40.70863,-8.46858,340.79,0.44,0.46,2024-09-16,1257,N,VIIRS,n,2,309.86,10.98,D,0
40.70749,-8.47354,349.83,0.44,0.46,2024-09-16,1257,N,VIIRS,n,2,312.6,10.98,D,0
40.70636,-8.47851,351.23,0.44,0.46,2024-09-16,1257,N,VIIRS,n,2,313.79,11.13,D,0
40.70519,-8.48362,347.39,0.44,0.46,2024-09-16,1257,N,VIIRS,n,2,305.33,11.13,D,0
40.70402,-8.48874,344.84,0.44,0.46,2024-09-16,1257,N,VIIRS,n,2,303.84,11.35,D,0
40.70285,-8.49387,354.13,0.44,0.46,2024-09-16,1257,N,VIIRS,n,2,305.01,11.35,D,0
40.70168,-8.49899,356.13,0.44,0.46,2024-09-16,1257,N,VIIRS,n,2,305.28,8.3,D,0
40.73642,-8.3466,367,0.43,0.46,2024-09-16,1257,N,VIIRS,l,2,331.98,33.64,D,0
40.72496,-8.39697,367,0.44,0.46,2024-09-16,1257,N,VIIRS,l,2,329.86,44.62,D,0
40.72685,-8.40836,367,0.44,0.46,2024-09-16,1257,N,VIIRS,h,2,334.95,63.59,D,0
40.72582,-8.41291,367,0.44,0.46,2024-09-16,1257,N,VIIRS,h,2,310.64,63.59,D,0
40.72469,-8.41787,367,0.44,0.46,2024-09-16,1257,N,VIIRS,h,2,323.45,33.39,D,0
40.72215,-8.42904,367,0.44,0.46,2024-09-16,1257,N,VIIRS,h,2,324.67,40.83,D,0
40.71965,-8.43996,367,0.44,0.46,2024-09-16,1257,N,VIIRS,h,2,326.05,48.51,D,0
40.71501,-8.46034,367,0.44,0.46,2024-09-16,1257,N,VIIRS,h,2,350.28,184.36,D,0
40.71391,-8.46516,367,0.44,0.46,2024-09-16,1257,N,VIIRS,h,2,349.48,184.36,D,0
40.71281,-8.46996,367,0.44,0.46,2024-09-16,1257,N,VIIRS,h,2,333.44,51.43,D,0
40.73838,-8.35764,344.57,0.43,0.46,2024-09-16,1257,N,VIIRS,n,2,304.36,6.86,D,0
40.73725,-8.3626,348.79,0.43,0.46,2024-09-16,1257,N,VIIRS,n,2,312.93,6.86,D,0
40.73613,-8.36754,341.01,0.43,0.46,2024-09-16,1257,N,VIIRS,n,2,308.31,3.83,D,0
40.72911,-8.39844,347.45,0.44,0.46,2024-09-16,1257,N,VIIRS,n,2,303.45,42.24,D,0
40.72791,-8.4037,353.91,0.44,0.46,2024-09-16,1257,N,VIIRS,n,2,315.4,42.24,D,0
40.72087,-8.43463,357.07,0.44,0.46,2024-09-16,1257,N,VIIRS,n,2,328.66,40.83,D,0
40.71168,-8.47494,355.07,0.44,0.46,2024-09-16,1257,N,VIIRS,n,2,312.93,51.43,D,0
40.70348,-8.51083,338.15,0.44,0.46,2024-09-16,1257,N,VIIRS,n,2,297.23,3.51,D,0
40.72346,-8.42328,367,0.44,0.46,2024-09-16,1257,N,VIIRS,l,2,331.84,33.39,D,0
40.71847,-8.44517,355.66,0.44,0.46,2024-09-16,1257,N,VIIRS,l,2,335.86,48.51,D,0
40.7173,-8.45031,367,0.44,0.46,2024-09-16,1257,N,VIIRS,l,2,338.9,133.22,D,0
40.71614,-8.45537,351.88,0.44,0.46,2024-09-16,1257,N,VIIRS,l,2,335.27,133.22,D,0
40.71052,-8.48001,367,0.44,0.46,2024-09-16,1257,N,VIIRS,l,2,331.51,38.72,D,0
40.72378,-8.44157,367,0.44,0.46,2024-09-16,1257,N,VIIRS,h,2,311.01,48.51,D,0
40.72029,-8.45688,367,0.44,0.46,2024-09-16,1257,N,VIIRS,h,2,342.08,133.22,D,0
40.74039,-8.36849,334.45,0.43,0.46,2024-09-16,1257,N,VIIRS,n,2,303.85,3.83,D,0
40.72881,-8.41948,351.2,0.44,0.46,2024-09-16,1257,N,VIIRS,n,2,300.54,33.39,D,0
40.72756,-8.42497,354.43,0.44,0.46,2024-09-16,1257,N,VIIRS,n,2,301.23,33.39,D,0
40.72626,-8.43064,349.98,0.44,0.46,2024-09-16,1257,N,VIIRS,n,2,307.03,40.83,D,0
40.72502,-8.43613,353.46,0.44,0.46,2024-09-16,1257,N,VIIRS,n,2,313.49,40.83,D,0
40.72261,-8.44671,343.82,0.44,0.46,2024-09-16,1257,N,VIIRS,n,2,318.2,48.51,D,0
40.71696,-8.47149,349.95,0.44,0.46,2024-09-16,1257,N,VIIRS,n,2,309.14,51.43,D,0
40.71583,-8.47647,340.81,0.44,0.46,2024-09-16,1257,N,VIIRS,n,2,298.66,51.43,D,0
40.71466,-8.48157,347.35,0.44,0.46,2024-09-16,1257,N,VIIRS,n,2,297.05,38.72,D,0
40.71916,-8.46186,367,0.44,0.46,2024-09-16,1257,N,VIIRS,l,2,347.25,184.36,D,0
40.71806,-8.46667,367,0.44,0.46,2024-09-16,1257,N,VIIRS,l,2,331.96,184.36,D,0
40.72445,-8.45834,342.16,0.44,0.46,2024-09-16,1257,N,VIIRS,n,2,299.46,7.97,D,0
40.72331,-8.46337,349.63,0.44,0.46,2024-09-16,1257,N,VIIRS,n,2,299.81,5.71,D,0
40.72222,-8.46816,333.8,0.44,0.46,2024-09-16,1257,N,VIIRS,n,2,299.32,5.71,D,0
40.76984,-8.43628,342.22,0.44,0.46,2024-09-16,1257,N,VIIRS,n,2,314.06,20.97,D,0
40.76865,-8.44159,351.71,0.44,0.46,2024-09-16,1257,N,VIIRS,n,2,315.52,20.97,D,0
40.76746,-8.44688,341.54,0.44,0.46,2024-09-16,1257,N,VIIRS,l,2,312.49,7.18,D,0
40.76629,-8.45206,340.93,0.44,0.46,2024-09-16,1257,N,VIIRS,n,2,310.74,7.18,D,0
40.7652,-8.45688,354.41,0.44,0.46,2024-09-16,1257,N,VIIRS,n,2,322.33,50.9,D,0
40.76414,-8.46158,357.12,0.44,0.46,2024-09-16,1257,N,VIIRS,n,2,320.16,50.9,D,0
40.76308,-8.46629,344.48,0.44,0.46,2024-09-16,1257,N,VIIRS,n,2,319.43,53.76,D,0
40.77395,-8.43794,367,0.44,0.46,2024-09-16,1257,N,VIIRS,h,2,311.73,14.14,D,0
40.77161,-8.44835,349.54,0.44,0.46,2024-09-16,1257,N,VIIRS,n,2,313.61,13.6,D,0
40.77047,-8.45342,350.82,0.44,0.46,2024-09-16,1257,N,VIIRS,n,2,309.78,13.6,D,0
40.76936,-8.45833,353.46,0.44,0.46,2024-09-16,1257,N,VIIRS,n,2,320.65,16.4,D,0
40.76829,-8.46309,351.41,0.44,0.46,2024-09-16,1257,N,VIIRS,n,2,313.12,16.4,D,0
40.76723,-8.4678,335.46,0.44,0.46,2024-09-16,1257,N,VIIRS,l,2,308.63,6.29,D,0
40.77926,-8.43425,367,0.44,0.46,2024-09-16,1257,N,VIIRS,h,2,313.05,12.76,D,0
40.7781,-8.43939,367,0.44,0.46,2024-09-16,1257,N,VIIRS,h,2,311.35,14.14,D,0
40.7816,-8.42379,344.16,0.44,0.46,2024-09-16,1257,N,VIIRS,n,2,310.52,8.24,D,0
40.7804,-8.42916,354.87,0.44,0.46,2024-09-16,1257,N,VIIRS,n,2,313.62,12.76,D,0
40.77137,-8.46936,337.73,0.44,0.46,2024-09-16,1257,N,VIIRS,l,2,308.17,6.29,D,0
40.76535,-8.49615,341.15,0.44,0.46,2024-09-16,1257,N,VIIRS,n,2,301.61,7.07,D,0
40.78698,-8.41975,341.29,0.44,0.46,2024-09-16,1257,N,VIIRS,n,2,308.46,29.33,D,0
40.78454,-8.43067,347.33,0.44,0.46,2024-09-16,1257,N,VIIRS,n,2,313.79,9.79,D,0
40.77874,-8.45654,342.19,0.44,0.46,2024-09-16,1257,N,VIIRS,n,2,308.32,7.54,D,0
40.78571,-8.42542,367,0.44,0.46,2024-09-16,1257,N,VIIRS,l,2,330.87,29.33,D,0
40.79105,-8.42157,343.44,0.44,0.46,2024-09-16,1257,N,VIIRS,n,2,312.47,29.33,D,0
40.78983,-8.42703,345.37,0.44,0.46,2024-09-16,1257,N,VIIRS,n,2,310.12,29.33,D,0
40.79993,-8.44195,335.71,0.44,0.46,2024-09-16,1257,N,VIIRS,n,2,303.39,4.92,D,0
40.80393,-8.44405,350.48,0.44,0.46,2024-09-16,1257,N,VIIRS,n,2,303.16,4.92,D,0
40.80803,-8.44576,356.98,0.44,0.46,2024-09-16,1257,N,VIIRS,n,2,310.34,15.59,D,0
40.81106,-8.45227,356.71,0.44,0.46,2024-09-16,1257,N,VIIRS,n,2,316.31,8.51,D,0
40.80999,-8.45708,344.05,0.44,0.46,2024-09-16,1257,N,VIIRS,n,2,313.77,8.51,D,0
40.80894,-8.46179,347.15,0.44,0.46,2024-09-16,1257,N,VIIRS,n,2,314.99,7.29,D,0
40.8078,-8.46692,354.72,0.44,0.46,2024-09-16,1257,N,VIIRS,n,2,308.4,7.29,D,0
40.81633,-8.4487,353.7,0.44,0.46,2024-09-16,1257,N,VIIRS,n,2,320.26,9.53,D,0
40.81305,-8.46348,340.45,0.44,0.46,2024-09-16,1257,N,VIIRS,n,2,304.01,8.26,D,0
40.81185,-8.46883,356.68,0.44,0.46,2024-09-16,1257,N,VIIRS,n,2,305.86,8.26,D,0
40.82158,-8.44521,351.76,0.44,0.46,2024-09-16,1257,N,VIIRS,n,2,312.94,9.53,D,0
40.80932,-8.45462,367,0.44,0.46,2024-09-16,1257,N,VIIRS,h,2,316.89,5.72,D,0
40.81044,-8.44974,344.76,0.44,0.46,2024-09-16,1257,N,VIIRS,n,2,311.42,5.72,D,0
40.80714,-8.46416,345.52,0.44,0.46,2024-09-16,1257,N,VIIRS,n,2,312.53,11.71,D,0
40.81123,-8.4659,367,0.44,0.46,2024-09-16,1257,N,VIIRS,h,2,311.5,11.71,D,0
40.81572,-8.44621,343.54,0.44,0.46,2024-09-16,1257,N,VIIRS,l,2,315.43,8.66,D,0
40.81461,-8.45109,346.54,0.44,0.46,2024-09-16,1257,N,VIIRS,n,2,317.68,5.72,D,0
40.8135,-8.45597,335.74,0.44,0.46,2024-09-16,1257,N,VIIRS,n,2,309.33,5.72,D,0
40.81,-8.47127,340.75,0.44,0.46,2024-09-16,1257,N,VIIRS,n,2,302.31,6.22,D,0
40.81403,-8.47329,333.81,0.44,0.46,2024-09-16,1257,N,VIIRS,n,2,301.16,3.18,D,0
40.82515,-8.44418,340.34,0.44,0.46,2024-09-16,1257,N,VIIRS,n,2,307.34,16.38,D,0
40.82405,-8.44903,349.7,0.44,0.46,2024-09-16,1257,N,VIIRS,l,2,320.89,16.38,D,0
40.82175,-8.45912,343.58,0.44,0.46,2024-09-16,1257,N,VIIRS,n,2,312.79,14.65,D,0
40.82816,-8.45068,353.03,0.44,0.46,2024-09-16,1257,N,VIIRS,n,2,304.91,13.59,D,0
40.82577,-8.46116,340.58,0.44,0.46,2024-09-16,1257,N,VIIRS,n,2,300.52,2.32,D,0
41.01446,-8.07097,340.91,0.42,0.45,2024-09-16,1257,N,VIIRS,n,2,302.62,21.72,D,0
41.01354,-8.0752,354.75,0.42,0.45,2024-09-16,1257,N,VIIRS,n,2,315.11,21.72,D,0
41.01262,-8.0794,345.64,0.42,0.45,2024-09-16,1257,N,VIIRS,n,2,308.36,12.73,D,0
41.01682,-8.06967,342.73,0.42,0.45,2024-09-16,1257,N,VIIRS,n,2,306.22,49.47,D,0
41.01587,-8.07394,349.88,0.42,0.45,2024-09-16,1257,N,VIIRS,l,2,323.25,49.47,D,0
40.68393,-8.40269,338.09,0.44,0.46,2024-09-16,1257,N,VIIRS,n,2,311.9,19.23,D,0
40.68623,-8.39242,355.8,0.44,0.46,2024-09-16,1257,N,VIIRS,n,2,324.5,19.43,D,0
40.68738,-8.38726,342.29,0.44,0.46,2024-09-16,1257,N,VIIRS,n,2,305.97,19.43,D,0
40.65108,-8.52888,352.76,0.44,0.46,2024-09-16,1257,N,VIIRS,n,2,308.71,13.36,D,0
40.65345,-8.51839,350.7,0.44,0.46,2024-09-16,1257,N,VIIRS,n,2,306.15,12.63,D,0
40.65461,-8.51323,340.06,0.44,0.46,2024-09-16,1257,N,VIIRS,n,2,306.52,7.44,D,0
40.65808,-8.49783,345.87,0.44,0.46,2024-09-16,1257,N,VIIRS,n,2,305.6,7.28,D,0
40.67528,-8.42125,344.53,0.44,0.46,2024-09-16,1257,N,VIIRS,n,2,308.44,8.5,D,0
40.67642,-8.41617,348.96,0.44,0.46,2024-09-16,1257,N,VIIRS,n,2,311.05,8.5,D,0
40.6787,-8.40602,348.99,0.44,0.46,2024-09-16,1257,N,VIIRS,n,2,320.96,53.46,D,0
40.68099,-8.39578,349.41,0.44,0.46,2024-09-16,1257,N,VIIRS,n,2,309.35,19.23,D,0
40.68213,-8.39069,356.06,0.44,0.46,2024-09-16,1257,N,VIIRS,n,2,315.22,19.43,D,0
40.65226,-8.52364,367,0.44,0.46,2024-09-16,1257,N,VIIRS,h,2,307.94,12.63,D,0
40.67984,-8.40089,367,0.44,0.46,2024-09-16,1257,N,VIIRS,h,2,316.3,19.23,D,0
40.65046,-8.51164,344.83,0.44,0.46,2024-09-16,1257,N,VIIRS,n,2,306.76,6.88,D,0
40.65162,-8.50648,346.06,0.44,0.46,2024-09-16,1257,N,VIIRS,n,2,308.08,6.88,D,0
40.65278,-8.50134,344.81,0.44,0.46,2024-09-16,1257,N,VIIRS,n,2,307.23,15.65,D,0
40.65393,-8.49621,356.45,0.44,0.46,2024-09-16,1257,N,VIIRS,n,2,312.88,15.65,D,0
40.65509,-8.49108,343.04,0.44,0.46,2024-09-16,1257,N,VIIRS,n,2,306.54,37.43,D,0
40.65624,-8.48596,345.6,0.44,0.46,2024-09-16,1257,N,VIIRS,n,2,306.93,37.43,D,0
40.6574,-8.48083,345.19,0.44,0.46,2024-09-16,1257,N,VIIRS,n,2,311.81,20.4,D,0
40.66302,-8.45587,341.27,0.44,0.46,2024-09-16,1257,N,VIIRS,n,2,308.59,11.37,D,0
40.66421,-8.45058,354.96,0.44,0.46,2024-09-16,1257,N,VIIRS,n,2,306.76,139.43,D,0
40.66534,-8.44552,354.18,0.44,0.46,2024-09-16,1257,N,VIIRS,n,2,305.9,139.43,D,0
40.66645,-8.44059,346.42,0.44,0.46,2024-09-16,1257,N,VIIRS,n,2,305.59,45.74,D,0
40.66759,-8.43552,339,0.44,0.46,2024-09-16,1257,N,VIIRS,n,2,304.47,45.74,D,0
40.67,-8.42478,351.63,0.44,0.46,2024-09-16,1257,N,VIIRS,n,2,312.92,22.73,D,0
40.67119,-8.4195,347.1,0.44,0.46,2024-09-16,1257,N,VIIRS,n,2,307.53,14.9,D,0
40.67234,-8.41439,351.84,0.44,0.46,2024-09-16,1257,N,VIIRS,n,2,312.02,14.9,D,0
40.64929,-8.5168,367,0.44,0.46,2024-09-16,1257,N,VIIRS,h,2,308.25,10.47,D,0
40.66122,-8.44384,367,0.44,0.46,2024-09-16,1257,N,VIIRS,l,2,372.83,139.43,D,0
40.66234,-8.43891,367,0.44,0.46,2024-09-16,1257,N,VIIRS,l,2,327.44,45.74,D,0
40.64978,-8.49464,341.64,0.44,0.46,2024-09-16,1257,N,VIIRS,n,2,307.73,15.65,D,0
40.65324,-8.47927,341.45,0.44,0.46,2024-09-16,1257,N,VIIRS,n,2,311.31,20.4,D,0
40.65769,-8.45955,346.44,0.44,0.46,2024-09-16,1257,N,VIIRS,n,2,315.24,11.37,D,0
40.65889,-8.45421,354.52,0.44,0.46,2024-09-16,1257,N,VIIRS,n,2,311.12,11.37,D,0
40.6635,-8.43375,350.08,0.44,0.46,2024-09-16,1257,N,VIIRS,n,2,316.12,45.74,D,0
40.6647,-8.42839,357.01,0.44,0.46,2024-09-16,1257,N,VIIRS,n,2,318.59,22.73,D,0
40.66589,-8.42312,341.37,0.44,0.46,2024-09-16,1257,N,VIIRS,n,2,308.84,22.73,D,0
40.6521,-8.48438,367,0.44,0.46,2024-09-16,1257,N,VIIRS,h,2,321.54,37.43,D,0
40.6594,-8.43199,347.7,0.44,0.46,2024-09-16,1257,N,VIIRS,n,2,318.79,48.55,D,0
40.66058,-8.42675,337.36,0.44,0.46,2024-09-16,1257,N,VIIRS,n,2,304.04,13.35,D,0
40.62708,-8.47542,346.26,0.44,0.46,2024-09-16,1257,N,VIIRS,n,2,308.77,9.61,D,0
40.62828,-8.47014,347.57,0.44,0.46,2024-09-16,1257,N,VIIRS,n,2,308.95,8.8,D,0
40.62941,-8.46513,367,0.44,0.46,2024-09-16,1257,N,VIIRS,h,2,313,8.8,D,0
40.58125,-8.63664,336.49,0.45,0.47,2024-09-16,1257,N,VIIRS,l,2,309.13,2.92,D,0
40.70026,-7.66975,367,0.4,0.45,2024-09-16,1257,N,VIIRS,l,2,330.68,57.64,D,0
40.69711,-7.68415,350.86,0.4,0.45,2024-09-16,1257,N,VIIRS,n,2,303.34,25.68,D,0
40.70132,-7.66492,352.27,0.4,0.45,2024-09-16,1257,N,VIIRS,n,2,313.07,57.64,D,0
40.69816,-7.67936,367,0.4,0.45,2024-09-16,1257,N,VIIRS,h,2,325.21,56.08,D,0
40.69921,-7.67457,367,0.4,0.45,2024-09-16,1257,N,VIIRS,h,2,332.83,56.08,D,0
40.69214,-7.68716,367,0.4,0.45,2024-09-16,1257,N,VIIRS,l,2,332.05,25.68,D,0
40.689,-7.70147,344.46,0.41,0.45,2024-09-16,1257,N,VIIRS,n,2,299.84,6.38,D,0
40.69006,-7.69666,350.53,0.41,0.45,2024-09-16,1257,N,VIIRS,n,2,299.69,14.03,D,0
40.6911,-7.69189,353.85,0.41,0.45,2024-09-16,1257,N,VIIRS,n,2,304.93,14.03,D,0
40.69318,-7.68242,352.78,0.4,0.45,2024-09-16,1257,N,VIIRS,n,2,315.95,25.68,D,0
40.69422,-7.67766,347.06,0.4,0.45,2024-09-16,1257,N,VIIRS,n,2,315.15,56.08,D,0
40.69131,-7.67124,351.75,0.4,0.45,2024-09-16,1257,N,VIIRS,l,2,330.42,26.7,D,0
40.68399,-7.70463,336.84,0.41,0.45,2024-09-16,1257,N,VIIRS,n,2,302.04,13.29,D,0
40.6861,-7.69498,355.62,0.41,0.45,2024-09-16,1257,N,VIIRS,n,2,316.33,16.63,D,0
40.68717,-7.69014,347.63,0.41,0.45,2024-09-16,1257,N,VIIRS,n,2,310.03,16.63,D,0
40.68822,-7.68535,347.71,0.4,0.45,2024-09-16,1257,N,VIIRS,n,2,309.3,20.4,D,0
40.68926,-7.6806,339.01,0.4,0.45,2024-09-16,1257,N,VIIRS,n,2,309.86,20.4,D,0
40.69029,-7.67591,345.79,0.4,0.45,2024-09-16,1257,N,VIIRS,n,2,312.92,26.7,D,0
40.69234,-7.66653,340.03,0.4,0.45,2024-09-16,1257,N,VIIRS,n,2,307.16,10.06,D,0
40.68504,-7.69982,367,0.41,0.45,2024-09-16,1257,N,VIIRS,h,2,305.59,13.29,D,0
40.67367,-7.73191,354.35,0.41,0.45,2024-09-16,1257,N,VIIRS,n,2,308.03,17.16,D,0
40.6747,-7.72721,340.62,0.41,0.45,2024-09-16,1257,N,VIIRS,n,2,302.26,17.16,D,0
40.68216,-7.69328,345.7,0.41,0.45,2024-09-16,1257,N,VIIRS,n,2,303.35,16.63,D,0
40.68427,-7.68369,352.43,0.4,0.45,2024-09-16,1257,N,VIIRS,n,2,317.49,20.4,D,0
40.68735,-7.66964,343.27,0.4,0.45,2024-09-16,1257,N,VIIRS,n,2,305.85,26.7,D,0
40.68322,-7.68847,367,0.41,0.45,2024-09-16,1257,N,VIIRS,h,2,305.43,16.63,D,0
40.6853,-7.67897,367,0.4,0.45,2024-09-16,1257,N,VIIRS,h,2,315.63,20.4,D,0
40.68632,-7.67434,367,0.4,0.45,2024-09-16,1257,N,VIIRS,h,2,317.15,26.7,D,0
40.66965,-7.73046,343.1,0.41,0.45,2024-09-16,1257,N,VIIRS,n,2,305.72,4.93,D,0
40.67071,-7.72566,341.57,0.41,0.45,2024-09-16,1257,N,VIIRS,n,2,304.5,4.93,D,0
40.66788,-7.60151,331.57,0.4,0.44,2024-09-16,1257,N,VIIRS,n,2,303.73,1.95,D,0
40.66894,-7.59674,353.91,0.4,0.44,2024-09-16,1257,N,VIIRS,n,2,301.45,5.19,D,0
40.66994,-7.5922,338.17,0.4,0.44,2024-09-16,1257,N,VIIRS,n,2,299.6,5.19,D,0
40.66909,-7.59865,333.75,0.4,0.44,2024-09-16,1257,N,VIIRS,n,2,303.52,6.15,D,0
40.65611,-7.63904,342.63,0.4,0.45,2024-09-16,1257,N,VIIRS,n,2,298.53,11.77,D,0
40.65714,-7.63429,338.71,0.4,0.44,2024-09-16,1257,N,VIIRS,n,2,297.65,10.88,D,0
40.65915,-7.62494,351.91,0.4,0.44,2024-09-16,1257,N,VIIRS,n,2,301.01,28.34,D,0
40.66018,-7.62017,355.88,0.4,0.44,2024-09-16,1257,N,VIIRS,n,2,304.37,28.34,D,0
40.6612,-7.6154,340.87,0.4,0.44,2024-09-16,1257,N,VIIRS,n,2,298.79,36.19,D,0
40.66416,-7.60165,344.41,0.4,0.44,2024-09-16,1257,N,VIIRS,n,2,305.37,12.8,D,0
40.66519,-7.59686,367,0.4,0.44,2024-09-16,1257,N,VIIRS,h,2,318.36,11.09,D,0
40.66618,-7.59226,367,0.4,0.44,2024-09-16,1257,N,VIIRS,h,2,314.11,11.09,D,0
40.65622,-7.61858,354.49,0.4,0.44,2024-09-16,1257,N,VIIRS,l,2,333.97,28.34,D,0
40.65722,-7.61391,350.23,0.4,0.44,2024-09-16,1257,N,VIIRS,l,2,339.3,36.19,D,0
40.64706,-7.6611,342.29,0.4,0.45,2024-09-16,1257,N,VIIRS,n,2,299.67,21.91,D,0
40.64802,-7.65662,356.47,0.4,0.45,2024-09-16,1257,N,VIIRS,n,2,304.63,21.91,D,0
40.64902,-7.652,354.49,0.4,0.45,2024-09-16,1257,N,VIIRS,n,2,307.49,18.76,D,0
40.65005,-7.64722,338.97,0.4,0.45,2024-09-16,1257,N,VIIRS,n,2,299.49,18.76,D,0
40.65424,-7.62774,355.35,0.4,0.44,2024-09-16,1257,N,VIIRS,n,2,317.6,10.88,D,0
40.65522,-7.62319,355.18,0.4,0.44,2024-09-16,1257,N,VIIRS,n,2,326.68,28.34,D,0
40.65821,-7.6093,350.88,0.4,0.44,2024-09-16,1257,N,VIIRS,l,2,324.81,36.19,D,0
40.6592,-7.60475,343.44,0.4,0.44,2024-09-16,1257,N,VIIRS,n,2,311.26,12.8,D,0
40.66124,-7.59526,341.54,0.4,0.44,2024-09-16,1257,N,VIIRS,n,2,311.22,11.09,D,0
40.66324,-7.58595,346.13,0.4,0.44,2024-09-16,1257,N,VIIRS,n,2,309.11,10.76,D,0
40.6511,-7.64235,367,0.4,0.45,2024-09-16,1257,N,VIIRS,h,2,309.79,11.77,D,0
40.65216,-7.63744,367,0.4,0.45,2024-09-16,1257,N,VIIRS,h,2,318.04,11.77,D,0
40.65321,-7.63256,367,0.4,0.44,2024-09-16,1257,N,VIIRS,h,2,314.16,10.88,D,0
40.64301,-7.65988,354.01,0.4,0.45,2024-09-16,1257,N,VIIRS,n,2,314.73,47.65,D,0
40.644,-7.65528,351.4,0.4,0.45,2024-09-16,1257,N,VIIRS,l,2,321.44,47.65,D,0
40.64502,-7.65055,353.66,0.4,0.45,2024-09-16,1257,N,VIIRS,n,2,323.58,30.26,D,0
40.64606,-7.64577,346.77,0.4,0.45,2024-09-16,1257,N,VIIRS,n,2,307.3,30.26,D,0
40.64709,-7.641,350.79,0.4,0.45,2024-09-16,1257,N,VIIRS,n,2,315.7,5.87,D,0
40.64812,-7.63622,345.21,0.4,0.45,2024-09-16,1257,N,VIIRS,n,2,313.72,5.87,D,0
40.65118,-7.62203,356.41,0.4,0.44,2024-09-16,1257,N,VIIRS,n,2,314.34,8.98,D,0
40.65219,-7.6173,337.67,0.4,0.44,2024-09-16,1257,N,VIIRS,l,2,311.23,8.98,D,0
40.65017,-7.6267,367,0.4,0.44,2024-09-16,1257,N,VIIRS,h,2,323.95,26.57,D,0
40.63894,-7.65879,367,0.4,0.45,2024-09-16,1257,N,VIIRS,l,2,330.16,47.65,D,0
40.63997,-7.65404,355.5,0.4,0.45,2024-09-16,1257,N,VIIRS,n,2,311.16,47.65,D,0
40.64099,-7.64928,351.18,0.4,0.45,2024-09-16,1257,N,VIIRS,n,2,317.59,30.26,D,0
40.64202,-7.64451,353.29,0.4,0.45,2024-09-16,1257,N,VIIRS,n,2,310.44,30.26,D,0
40.64305,-7.63974,344.1,0.4,0.45,2024-09-16,1257,N,VIIRS,n,2,309.45,5.87,D,0
40.64407,-7.63502,346.33,0.4,0.45,2024-09-16,1257,N,VIIRS,n,2,314.33,5.87,D,0
40.64711,-7.62096,356.48,0.4,0.44,2024-09-16,1257,N,VIIRS,n,2,319.86,8.98,D,0
40.63598,-7.65252,352.32,0.4,0.45,2024-09-16,1257,N,VIIRS,n,2,305.76,5.07,D,0
40.638,-7.64319,345.34,0.4,0.45,2024-09-16,1257,N,VIIRS,n,2,306.27,10.12,D,0
40.63903,-7.63843,353.34,0.4,0.45,2024-09-16,1257,N,VIIRS,n,2,322.94,22.85,D,0
40.64006,-7.63367,354.71,0.4,0.45,2024-09-16,1257,N,VIIRS,n,2,312.47,22.85,D,0
40.64109,-7.6289,339.34,0.4,0.44,2024-09-16,1257,N,VIIRS,l,2,311.08,7.26,D,0
40.64413,-7.61481,335.99,0.4,0.44,2024-09-16,1257,N,VIIRS,l,2,310.1,2.91,D,0
40.64916,-7.59149,353.68,0.4,0.44,2024-09-16,1257,N,VIIRS,n,2,320.04,14.11,D,0
40.65019,-7.58673,340.84,0.4,0.44,2024-09-16,1257,N,VIIRS,n,2,305.93,14.11,D,0
40.54441,-7.81349,334.32,0.41,0.45,2024-09-16,1257,N,VIIRS,n,2,299.62,3.19,D,0
40.54973,-7.78944,343.11,0.41,0.45,2024-09-16,1257,N,VIIRS,n,2,309.42,24.21,D,0
40.54546,-7.80876,367,0.41,0.45,2024-09-16,1257,N,VIIRS,h,2,302.38,104.01,D,0
40.54143,-7.80726,352.61,0.41,0.45,2024-09-16,1257,N,VIIRS,l,2,336.13,50.55,D,0
40.54037,-7.81205,351.49,0.41,0.45,2024-09-16,1257,N,VIIRS,n,2,313.47,124.25,D,0
40.54463,-7.79279,351.53,0.41,0.45,2024-09-16,1257,N,VIIRS,n,2,322.63,26.59,D,0
40.54572,-7.7879,348.59,0.41,0.45,2024-09-16,1257,N,VIIRS,n,2,315.93,10.43,D,0
40.54249,-7.80247,367,0.41,0.45,2024-09-16,1257,N,VIIRS,h,2,317.89,50.55,D,0
40.54356,-7.79765,367,0.41,0.45,2024-09-16,1257,N,VIIRS,h,2,333.33,26.59,D,0
40.53634,-7.81054,367,0.41,0.45,2024-09-16,1257,N,VIIRS,l,2,370.45,124.25,D,0
40.53955,-7.79605,351.47,0.41,0.45,2024-09-16,1257,N,VIIRS,l,2,327.8,26.59,D,0
40.53527,-7.81538,335.07,0.41,0.45,2024-09-16,1257,N,VIIRS,n,2,303,124.25,D,0
40.53741,-7.80569,354.85,0.41,0.45,2024-09-16,1257,N,VIIRS,n,2,316.99,50.55,D,0
40.53848,-7.80087,349,0.41,0.45,2024-09-16,1257,N,VIIRS,n,2,321.03,50.55,D,0
40.50336,-7.86057,367,0.42,0.45,2024-09-16,1257,N,VIIRS,h,2,352.74,228.63,D,0
40.50654,-7.84632,367,0.42,0.45,2024-09-16,1257,N,VIIRS,h,2,330.02,25.55,D,0
40.49395,-7.88305,367,0.42,0.45,2024-09-16,1257,N,VIIRS,l,2,353.63,201.4,D,0
40.49499,-7.8784,367,0.42,0.45,2024-09-16,1257,N,VIIRS,l,2,384.54,201.4,D,0
40.49712,-7.86887,367,0.42,0.45,2024-09-16,1257,N,VIIRS,l,2,342.8,215.44,D,0
40.4929,-7.88772,343.71,0.42,0.45,2024-09-16,1257,N,VIIRS,n,2,298.69,21.49,D,0
40.50031,-7.85466,356.21,0.42,0.45,2024-09-16,1257,N,VIIRS,n,2,319.83,30.7,D,0
40.50137,-7.84992,354.95,0.42,0.45,2024-09-16,1257,N,VIIRS,n,2,320.88,30.7,D,0
40.50241,-7.84522,351.98,0.42,0.45,2024-09-16,1257,N,VIIRS,n,2,318.73,25.55,D,0
40.5045,-7.83587,348.87,0.42,0.45,2024-09-16,1257,N,VIIRS,n,2,312.64,7.87,D,0
40.49606,-7.87363,367,0.42,0.45,2024-09-16,1257,N,VIIRS,h,2,349.85,215.44,D,0
40.49818,-7.86417,367,0.42,0.45,2024-09-16,1257,N,VIIRS,h,2,346.57,228.63,D,0
40.49923,-7.85944,367,0.42,0.45,2024-09-16,1257,N,VIIRS,h,2,326.2,228.63,D,0
40.50585,-7.86326,367,0.42,0.45,2024-09-16,1257,N,VIIRS,l,2,326.95,351.96,D,0
40.5069,-7.85839,367,0.42,0.45,2024-09-16,1257,N,VIIRS,l,2,326.31,51.66,D,0
40.50998,-7.84424,367,0.42,0.45,2024-09-16,1257,N,VIIRS,l,2,332.44,51.14,D,0
40.50374,-7.87297,353.03,0.42,0.45,2024-09-16,1257,N,VIIRS,n,2,301.07,183.82,D,0
40.50795,-7.85356,350.56,0.42,0.45,2024-09-16,1257,N,VIIRS,n,2,318.85,51.66,D,0
40.50897,-7.84889,367,0.42,0.45,2024-09-16,1257,N,VIIRS,h,2,343.58,51.14,D,0
40.49966,-7.87159,367,0.42,0.45,2024-09-16,1257,N,VIIRS,l,2,372.35,183.82,D,0
40.50071,-7.86679,367,0.42,0.45,2024-09-16,1257,N,VIIRS,l,2,374.22,351.96,D,0
40.50281,-7.85713,355.32,0.42,0.45,2024-09-16,1257,N,VIIRS,l,2,337.01,51.66,D,0
40.49656,-7.88587,346.13,0.42,0.45,2024-09-16,1257,N,VIIRS,n,2,297.2,38.85,D,0
40.49757,-7.88121,339.82,0.42,0.45,2024-09-16,1257,N,VIIRS,n,2,302.69,38.85,D,0
40.50488,-7.84763,356.42,0.42,0.45,2024-09-16,1257,N,VIIRS,n,2,328.05,51.14,D,0
40.49861,-7.87645,367,0.42,0.45,2024-09-16,1257,N,VIIRS,h,2,335.16,183.82,D,0
40.50175,-7.862,367,0.42,0.45,2024-09-16,1257,N,VIIRS,h,2,364.46,351.96,D,0
40.50386,-7.8523,367,0.42,0.45,2024-09-16,1257,N,VIIRS,h,2,327.93,51.66,D,0
40.50588,-7.84302,367,0.42,0.45,2024-09-16,1257,N,VIIRS,h,2,318.5,51.14,D,0
40.49352,-7.87975,367,0.42,0.45,2024-09-16,1257,N,VIIRS,l,2,374.07,243.2,D,0
40.49455,-7.87503,367,0.42,0.45,2024-09-16,1257,N,VIIRS,l,2,365.23,240.34,D,0
40.49558,-7.87028,367,0.42,0.45,2024-09-16,1257,N,VIIRS,l,2,340.7,240.34,D,0
40.49147,-7.88915,334.98,0.42,0.45,2024-09-16,1257,N,VIIRS,n,2,299.72,16.89,D,0
40.50074,-7.84661,343.89,0.42,0.45,2024-09-16,1257,N,VIIRS,n,2,317.65,21.41,D,0
40.50278,-7.8372,339.42,0.42,0.45,2024-09-16,1257,N,VIIRS,n,2,313.61,14.81,D,0
40.50383,-7.8324,334.74,0.42,0.45,2024-09-16,1257,N,VIIRS,l,2,308.03,14.81,D,0
40.4925,-7.88441,367,0.42,0.45,2024-09-16,1257,N,VIIRS,h,2,332.64,243.2,D,0
40.4966,-7.86557,367,0.42,0.45,2024-09-16,1257,N,VIIRS,h,2,339.33,87.52,D,0
40.49763,-7.86086,367,0.42,0.45,2024-09-16,1257,N,VIIRS,h,2,346.33,87.52,D,0
40.49866,-7.85612,367,0.42,0.45,2024-09-16,1257,N,VIIRS,h,2,323,52.2,D,0
40.4997,-7.85136,367,0.42,0.45,2024-09-16,1257,N,VIIRS,h,2,319.55,52.2,D,0
40.49046,-7.8737,367,0.42,0.45,2024-09-16,1257,N,VIIRS,l,2,364.87,240.34,D,0
40.49352,-7.85972,367,0.42,0.45,2024-09-16,1257,N,VIIRS,l,2,328.78,87.52,D,0
40.48844,-7.88297,352.01,0.42,0.45,2024-09-16,1257,N,VIIRS,n,2,305.22,243.2,D,0
40.49556,-7.85031,356.63,0.42,0.45,2024-09-16,1257,N,VIIRS,n,2,312.47,52.2,D,0
40.49763,-7.84081,353.04,0.42,0.45,2024-09-16,1257,N,VIIRS,n,2,317.35,21.41,D,0
40.49868,-7.836,354.09,0.42,0.45,2024-09-16,1257,N,VIIRS,n,2,321.81,14.81,D,0
40.49974,-7.83113,352.88,0.42,0.45,2024-09-16,1257,N,VIIRS,n,2,314.6,14.81,D,0
40.48945,-7.87832,367,0.42,0.45,2024-09-16,1257,N,VIIRS,h,2,340.73,243.2,D,0
40.49147,-7.86907,367,0.42,0.45,2024-09-16,1257,N,VIIRS,h,2,360.84,240.34,D,0
40.49249,-7.86441,367,0.42,0.45,2024-09-16,1257,N,VIIRS,h,2,346.93,87.52,D,0
40.49453,-7.85503,367,0.42,0.45,2024-09-16,1257,N,VIIRS,h,2,350.01,52.2,D,0
40.4966,-7.84555,367,0.42,0.45,2024-09-16,1257,N,VIIRS,h,2,316.15,21.41,D,0
40.49466,-7.83442,342.3,0.42,0.45,2024-09-16,1257,N,VIIRS,n,2,307.49,3.49,D,0
40.49362,-7.83921,367,0.42,0.45,2024-09-16,1257,N,VIIRS,h,2,311.53,15.23,D,0
40.04136,-7.54132,344.96,0.41,0.45,2024-09-16,1257,N,VIIRS,n,2,307.63,16.51,D,0
40.03726,-7.54022,356.2,0.41,0.45,2024-09-16,1257,N,VIIRS,n,2,316.39,14.37,D,0
40.03921,-7.53137,346.44,0.41,0.45,2024-09-16,1257,N,VIIRS,n,2,306.03,11.73,D,0
40.03828,-7.53561,367,0.41,0.45,2024-09-16,1257,N,VIIRS,h,2,312.82,11.73,D,0
40.54063,-7.79118,355.82,0.41,0.45,2024-09-16,1257,N,VIIRS,n,2,319.28,26.59,D,0
40.50637,-7.86669,356.89,0.42,0.45,2024-09-16,1257,N,VIIRS,n,2,301.01,24.25,D,0
40.50745,-7.86186,340.87,0.42,0.45,2024-09-16,1257,N,VIIRS,n,2,302.86,24.25,D,0
40.50854,-7.85699,356.34,0.42,0.45,2024-09-16,1257,N,VIIRS,n,2,306.91,99.29,D,0
40.51168,-7.84292,343.4,0.42,0.45,2024-09-16,1257,N,VIIRS,n,2,308.91,65.65,D,0
40.51064,-7.84758,367,0.42,0.45,2024-09-16,1257,N,VIIRS,h,2,330.11,65.65,D,0
40.50122,-7.87016,367,0.42,0.45,2024-09-16,1257,N,VIIRS,l,2,380.59,215.44,D,0
40.50229,-7.86538,367,0.42,0.45,2024-09-16,1257,N,VIIRS,l,2,376.85,228.63,D,0
40.50445,-7.8557,354.08,0.42,0.45,2024-09-16,1257,N,VIIRS,l,2,336.74,30.7,D,0
40.50551,-7.85094,355.25,0.42,0.45,2024-09-16,1257,N,VIIRS,l,2,330.95,30.7,D,0
40.498,-7.88452,340.43,0.42,0.45,2024-09-16,1257,N,VIIRS,n,2,297.45,201.4,D,0
40.49905,-7.87985,354.81,0.42,0.45,2024-09-16,1257,N,VIIRS,n,2,301,201.4,D,0
40.50758,-7.8417,356.73,0.42,0.45,2024-09-16,1257,N,VIIRS,n,2,320.61,25.55,D,0
40.50013,-7.87503,367,0.42,0.45,2024-09-16,1257,N,VIIRS,h,2,332.23,215.44,D,0
40.73161,-8.34914,344.14,0.43,0.46,2024-09-16,1257,N,VIIRS,n,2,310.22,57.96,D,0
40.72741,-8.34797,367,0.43,0.46,2024-09-16,1257,N,VIIRS,l,2,330.02,57.96,D,0
40.68782,-8.526,332.18,0.44,0.46,2024-09-16,1257,N,VIIRS,n,2,300.7,4.33,D,0
40.69014,-8.51562,350.52,0.44,0.46,2024-09-16,1257,N,VIIRS,n,2,304.3,6.91,D,0
40.69588,-8.48989,342.43,0.44,0.46,2024-09-16,1257,N,VIIRS,n,2,302.29,6.46,D,0
40.70034,-8.46987,355.7,0.44,0.46,2024-09-16,1257,N,VIIRS,n,2,308.19,10.02,D,0
40.70142,-8.46502,350.95,0.44,0.46,2024-09-16,1257,N,VIIRS,n,2,307.02,18.05,D,0
40.71872,-8.38715,354.54,0.44,0.46,2024-09-16,1257,N,VIIRS,n,2,316.16,39.86,D,0
40.721,-8.37688,352.96,0.44,0.46,2024-09-16,1257,N,VIIRS,n,2,316.53,14.85,D,0
40.72205,-8.37217,353.74,0.44,0.46,2024-09-16,1257,N,VIIRS,n,2,321.62,9.3,D,0
40.7231,-8.36741,340.36,0.44,0.46,2024-09-16,1257,N,VIIRS,l,2,311.43,9.3,D,0
40.72846,-8.34323,341.47,0.43,0.46,2024-09-16,1257,N,VIIRS,n,2,308.02,14.16,D,0
40.68945,-8.49854,341.32,0.44,0.46,2024-09-16,1257,N,VIIRS,n,2,309.85,8.48,D,0
40.69059,-8.49342,350.52,0.44,0.46,2024-09-16,1257,N,VIIRS,n,2,314.2,14.94,D,0
40.69172,-8.48837,345.77,0.44,0.46,2024-09-16,1257,N,VIIRS,n,2,309.16,14.94,D,0
40.7168,-8.37565,346.33,0.44,0.46,2024-09-16,1257,N,VIIRS,n,2,310.58,21.42,D,0
40.71573,-8.38047,367,0.44,0.46,2024-09-16,1257,N,VIIRS,h,2,318.15,21.42,D,0
40.72213,-8.35166,367,0.43,0.46,2024-09-16,1257,N,VIIRS,h,2,316.42,57.07,D,0
40.71042,-8.38426,352.19,0.44,0.46,2024-09-16,1257,N,VIIRS,n,2,313.54,24.51,D,0
40.71154,-8.3792,356.41,0.44,0.46,2024-09-16,1257,N,VIIRS,n,2,324.96,21.42,D,0
40.71257,-8.37461,355.22,0.44,0.46,2024-09-16,1257,N,VIIRS,n,2,308.08,21.42,D,0
40.71578,-8.36015,345.8,0.43,0.46,2024-09-16,1257,N,VIIRS,n,2,319.43,65.93,D,0
40.71688,-8.35518,356.89,0.43,0.46,2024-09-16,1257,N,VIIRS,n,2,324.31,65.93,D,0
40.70732,-8.37811,367,0.44,0.46,2024-09-16,1257,N,VIIRS,l,2,326.25,50.79,D,0
40.6602,-8.58885,334.13,0.45,0.47,2024-09-16,1257,N,VIIRS,n,2,301.74,8.98,D,0
40.66134,-8.58376,332.95,0.45,0.47,2024-09-16,1257,N,VIIRS,n,2,301.56,3.94,D,0
40.69591,-8.42931,339.24,0.44,0.46,2024-09-16,1257,N,VIIRS,n,2,304.78,4.66,D,0
40.70837,-8.37336,353.71,0.44,0.46,2024-09-16,1257,N,VIIRS,n,2,314.36,50.79,D,0
40.65258,-8.60254,343.33,0.45,0.47,2024-09-16,1257,N,VIIRS,n,2,302.24,21.24,D,0
40.68157,-8.47338,338.11,0.44,0.46,2024-09-16,1257,N,VIIRS,n,2,304.85,2.43,D,0
40.70093,-8.38668,367,0.44,0.46,2024-09-16,1257,N,VIIRS,h,2,316.82,82.67,D,0
40.69674,-8.38545,349.35,0.44,0.46,2024-09-16,1257,N,VIIRS,n,2,323.68,159.99,D,0
40.69565,-8.39034,367,0.44,0.46,2024-09-16,1257,N,VIIRS,h,2,346.45,50.05,D,0
40.68802,-8.40441,357.05,0.44,0.46,2024-09-16,1257,N,VIIRS,n,2,314.42,11.26,D,0
40.6892,-8.39914,354.25,0.44,0.46,2024-09-16,1257,N,VIIRS,n,2,309.64,11.26,D,0
40.69037,-8.39392,340.36,0.44,0.46,2024-09-16,1257,N,VIIRS,n,2,308.4,50.05,D,0
40.6915,-8.38886,356.52,0.44,0.46,2024-09-16,1257,N,VIIRS,n,2,311.04,50.05,D,0
40.65522,-8.53055,337.37,0.44,0.46,2024-09-16,1257,N,VIIRS,n,2,300.13,13.36,D,0
40.6599,-8.50974,356.21,0.44,0.46,2024-09-16,1257,N,VIIRS,n,2,306.31,7.44,D,0
40.68278,-8.40782,336.36,0.44,0.46,2024-09-16,1257,N,VIIRS,n,2,308.31,53.46,D,0
37.86953,-25.8093,344.99,0.39,0.36,2024-09-16,1437,N,VIIRS,n,2,299.09,3.98,D,0
41.18502,-8.1815,334.96,0.75,0.77,2024-09-16,1438,N,VIIRS,n,2,299.46,9.34,D,0
41.19814,-8.53811,328.44,0.72,0.75,2024-09-16,1438,N,VIIRS,n,2,300.03,5.4,D,0
41.20649,-8.2279,367,0.74,0.76,2024-09-16,1438,N,VIIRS,h,2,301.12,29.17,D,0
41.20653,-8.21562,339.32,0.74,0.76,2024-09-16,1438,N,VIIRS,n,2,301.77,18.48,D,0
41.1864,-8.16756,350.22,0.75,0.77,2024-09-16,1438,N,VIIRS,n,2,303.22,6.94,D,0
41.18643,-8.17735,340.11,0.75,0.77,2024-09-16,1438,N,VIIRS,n,2,299.19,6.94,D,0
41.20098,-8.23521,340.07,0.74,0.76,2024-09-16,1438,N,VIIRS,n,2,297.31,10.88,D,0
41.20128,-8.53526,328.35,0.72,0.75,2024-09-16,1438,N,VIIRS,n,2,299.99,4.55,D,0
41.20816,-8.23399,367,0.74,0.76,2024-09-16,1438,N,VIIRS,h,2,297.75,10.88,D,0
41.20812,-8.2111,332.78,0.75,0.77,2024-09-16,1438,N,VIIRS,n,2,299.16,16.36,D,0
41.20814,-8.22293,346.52,0.74,0.76,2024-09-16,1438,N,VIIRS,n,2,299.98,16.36,D,0
41.2801,-8.13688,350.98,0.75,0.77,2024-09-16,1438,N,VIIRS,n,2,301.54,16.74,D,0
41.28733,-8.12761,367,0.75,0.77,2024-09-16,1438,N,VIIRS,h,2,309.57,28.86,D,0
41.28732,-8.13624,367,0.75,0.77,2024-09-16,1438,N,VIIRS,h,2,303.28,26.73,D,0
41.2873,-8.16461,367,0.75,0.77,2024-09-16,1438,N,VIIRS,h,2,303.8,36.92,D,0
41.28732,-8.14447,347.74,0.75,0.77,2024-09-16,1438,N,VIIRS,n,2,297.83,26.73,D,0
41.2873,-8.1555,345.09,0.75,0.77,2024-09-16,1438,N,VIIRS,n,2,298.58,36.92,D,0
41.2873,-8.17206,356.85,0.75,0.77,2024-09-16,1438,N,VIIRS,n,2,302.06,40.53,D,0
41.29455,-8.12543,334.05,0.75,0.77,2024-09-16,1438,N,VIIRS,n,2,298.38,28.86,D,0
41.28202,-8.17085,367,0.75,0.77,2024-09-16,1438,N,VIIRS,h,2,301.25,13.72,D,0
41.28187,-8.13555,356.43,0.75,0.77,2024-09-16,1438,N,VIIRS,n,2,303.07,23.74,D,0
41.28191,-8.14353,356.17,0.75,0.77,2024-09-16,1438,N,VIIRS,n,2,300.66,25.91,D,0
41.28199,-8.16226,344.22,0.75,0.77,2024-09-16,1438,N,VIIRS,n,2,299.55,13.72,D,0
41.28905,-8.12582,367,0.75,0.77,2024-09-16,1438,N,VIIRS,h,2,304.71,30.67,D,0
41.28921,-8.16377,367,0.75,0.77,2024-09-16,1438,N,VIIRS,h,2,299.32,29.19,D,0
41.28923,-8.1712,367,0.75,0.77,2024-09-16,1438,N,VIIRS,h,2,299.55,29.19,D,0
41.28909,-8.13515,355.42,0.75,0.77,2024-09-16,1438,N,VIIRS,n,2,303.16,30.67,D,0
41.33269,-8.33985,351.46,0.73,0.76,2024-09-16,1438,N,VIIRS,n,2,299.82,12.96,D,0
41.4132,-8.2234,336.19,0.75,0.77,2024-09-16,1438,N,VIIRS,n,2,304.83,4.86,D,0
41.42041,-8.22544,367,0.75,0.77,2024-09-16,1438,N,VIIRS,h,2,304.68,19.22,D,0
41.42043,-8.23352,355.28,0.74,0.76,2024-09-16,1438,N,VIIRS,n,2,301,19.22,D,0
41.47784,-8.06637,367,0.76,0.77,2024-09-16,1438,N,VIIRS,h,2,307.75,71.07,D,0
41.47785,-8.07632,353.52,0.76,0.77,2024-09-16,1438,N,VIIRS,n,2,305.97,71.07,D,0
41.47786,-8.08429,354.29,0.76,0.77,2024-09-16,1438,N,VIIRS,n,2,301.98,32.4,D,0
41.48508,-8.06624,367,0.76,0.77,2024-09-16,1438,N,VIIRS,h,2,311.67,71.07,D,0
41.48509,-8.0829,367,0.76,0.77,2024-09-16,1438,N,VIIRS,h,2,296.86,32.4,D,0
41.48509,-8.07557,349.52,0.76,0.77,2024-09-16,1438,N,VIIRS,n,2,317.25,71.07,D,0
41.47922,-8.06407,367,0.76,0.77,2024-09-16,1438,N,VIIRS,h,2,304.74,64.42,D,0
41.47933,-8.0827,367,0.76,0.77,2024-09-16,1438,N,VIIRS,h,2,304.7,68.1,D,0
41.47929,-8.07483,352.69,0.76,0.77,2024-09-16,1438,N,VIIRS,n,2,308.88,68.1,D,0
41.48647,-8.06437,367,0.76,0.77,2024-09-16,1438,N,VIIRS,h,2,305.45,64.42,D,0
41.48653,-8.07429,355.35,0.76,0.77,2024-09-16,1438,N,VIIRS,n,2,319.06,68.1,D,0
41.48657,-8.08165,354.49,0.76,0.77,2024-09-16,1438,N,VIIRS,n,2,299.25,68.1,D,0
41.53037,-8.18885,367,0.75,0.77,2024-09-16,1438,N,VIIRS,h,2,308.62,43.85,D,0
41.53758,-8.18926,333.89,0.75,0.77,2024-09-16,1438,N,VIIRS,n,2,301.08,9.38,D,0
41.54394,-7.93608,333.34,0.77,0.77,2024-09-16,1438,N,VIIRS,n,2,300.64,7.63,D,0
41.55861,-7.96293,367,0.77,0.77,2024-09-16,1438,N,VIIRS,h,2,294.17,16.5,D,0
41.55859,-7.95661,347.77,0.77,0.77,2024-09-16,1438,N,VIIRS,n,2,297.72,16.5,D,0
41.56582,-7.94513,367,0.77,0.77,2024-09-16,1438,N,VIIRS,h,2,299.95,24.12,D,0
41.56585,-7.95099,367,0.77,0.77,2024-09-16,1438,N,VIIRS,h,2,303.92,24.12,D,0
41.56579,-7.936,355.89,0.77,0.78,2024-09-16,1438,N,VIIRS,n,2,302.32,30.06,D,0
41.56587,-7.9569,335.87,0.77,0.77,2024-09-16,1438,N,VIIRS,n,2,296.21,11.22,D,0
41.55877,-7.95964,367,0.77,0.77,2024-09-16,1438,N,VIIRS,h,2,298.87,26.15,D,0
41.56591,-7.94138,367,0.77,0.78,2024-09-16,1438,N,VIIRS,h,2,304.4,38.68,D,0
41.56601,-7.95409,367,0.77,0.77,2024-09-16,1438,N,VIIRS,h,2,302.85,18.45,D,0
41.56597,-7.94837,347.55,0.77,0.77,2024-09-16,1438,N,VIIRS,n,2,298.21,18.45,D,0
41.69714,-8.51213,336.77,0.72,0.76,2024-09-16,1438,N,VIIRS,n,2,302.26,16.9,D,0
41.70424,-8.51576,367,0.72,0.76,2024-09-16,1438,N,VIIRS,h,2,303.09,16.9,D,0
41.70057,-8.51291,367,0.72,0.76,2024-09-16,1438,N,VIIRS,h,2,307.64,39.68,D,0
40.69418,-7.67104,340.28,0.79,0.78,2024-09-16,1438,N,VIIRS,n,2,307.24,17.28,D,0
40.68835,-8.39293,330.84,0.73,0.76,2024-09-16,1438,N,VIIRS,l,2,303.64,10.38,D,0
40.68835,-8.38439,329.25,0.73,0.76,2024-09-16,1438,N,VIIRS,n,2,301.1,7.17,D,0
40.68697,-7.69904,349.65,0.79,0.78,2024-09-16,1438,N,VIIRS,n,2,302.61,17.51,D,0
40.68693,-7.69046,333.04,0.79,0.78,2024-09-16,1438,N,VIIRS,n,2,301.46,17.51,D,0
40.68688,-7.68167,350.24,0.79,0.78,2024-09-16,1438,N,VIIRS,n,2,302.26,17.28,D,0
40.68702,-7.70812,367,0.79,0.78,2024-09-16,1438,N,VIIRS,h,2,302.86,23.08,D,0
40.68683,-7.67181,367,0.79,0.78,2024-09-16,1438,N,VIIRS,h,2,307.27,17.28,D,0
40.68121,-8.40184,330.23,0.73,0.76,2024-09-16,1438,N,VIIRS,l,2,301.88,9.05,D,0
40.68122,-8.39333,336.15,0.73,0.76,2024-09-16,1438,N,VIIRS,n,2,303.13,9.05,D,0
40.68123,-8.38481,356.57,0.73,0.76,2024-09-16,1438,N,VIIRS,n,2,304.96,15.84,D,0
40.67958,-7.6911,330.83,0.79,0.78,2024-09-16,1438,N,VIIRS,n,2,301.62,11.77,D,0
40.67953,-7.68179,342.36,0.79,0.78,2024-09-16,1438,N,VIIRS,n,2,303.93,14.61,D,0
40.67408,-8.41992,336.71,0.72,0.76,2024-09-16,1438,N,VIIRS,n,2,302.28,9.34,D,0
40.67409,-8.41118,334.53,0.72,0.76,2024-09-16,1438,N,VIIRS,n,2,303.66,9.34,D,0
40.67243,-7.72628,329.53,0.79,0.78,2024-09-16,1438,N,VIIRS,l,2,300.01,6.02,D,0
40.66696,-8.42797,349.51,0.72,0.76,2024-09-16,1438,N,VIIRS,n,2,305.13,13.85,D,0
40.65985,-8.44539,355.39,0.72,0.76,2024-09-16,1438,N,VIIRS,n,2,304.05,20.6,D,0
40.65985,-8.43615,338.41,0.72,0.76,2024-09-16,1438,N,VIIRS,n,2,302.46,13.85,D,0
40.65723,-7.6434,349.15,0.79,0.78,2024-09-16,1438,N,VIIRS,n,2,298.87,27.15,D,0
40.65717,-7.63498,367,0.8,0.78,2024-09-16,1438,N,VIIRS,h,2,306.26,27.15,D,0
40.65273,-8.50808,349.22,0.72,0.75,2024-09-16,1438,N,VIIRS,n,2,298.13,10.92,D,0
40.65274,-8.48157,350.97,0.72,0.75,2024-09-16,1438,N,VIIRS,n,2,301.73,8.9,D,0
40.64993,-7.65307,344.65,0.79,0.78,2024-09-16,1438,N,VIIRS,n,2,299.21,13.91,D,0
40.6498,-7.63485,330.15,0.8,0.78,2024-09-16,1438,N,VIIRS,n,2,302.65,16.11,D,0
40.64987,-7.64397,367,0.79,0.78,2024-09-16,1438,N,VIIRS,h,2,304.49,16.11,D,0
40.64272,-7.67334,352.64,0.79,0.78,2024-09-16,1438,N,VIIRS,n,2,302.37,11.11,D,0
40.64264,-7.66317,335.7,0.79,0.78,2024-09-16,1438,N,VIIRS,n,2,301.04,13.91,D,0
40.64257,-7.65248,342.42,0.79,0.78,2024-09-16,1438,N,VIIRS,n,2,303.93,13.91,D,0
40.6425,-7.6429,330.36,0.79,0.78,2024-09-16,1438,N,VIIRS,n,2,303.21,16.11,D,0
40.63542,-7.68117,333.85,0.79,0.78,2024-09-16,1438,N,VIIRS,n,2,298.48,14.63,D,0
40.63528,-7.66187,352,0.79,0.78,2024-09-16,1438,N,VIIRS,n,2,301.56,14.55,D,0
40.63521,-7.65249,333.23,0.79,0.78,2024-09-16,1438,N,VIIRS,n,2,300.03,14.55,D,0
40.63535,-7.67128,367,0.79,0.78,2024-09-16,1438,N,VIIRS,h,2,304.78,14.63,D,0
40.69229,-8.38438,330.35,0.73,0.76,2024-09-16,1438,N,VIIRS,n,2,301.09,10.56,D,0
40.69443,-7.6721,335.31,0.79,0.78,2024-09-16,1438,N,VIIRS,n,2,307.28,15.08,D,0
40.6851,-8.39345,335.91,0.73,0.76,2024-09-16,1438,N,VIIRS,n,2,303.8,10.56,D,0
40.68708,-7.70926,354.86,0.79,0.78,2024-09-16,1438,N,VIIRS,n,2,300.92,16.46,D,0
40.68708,-7.68275,351.61,0.79,0.78,2024-09-16,1438,N,VIIRS,n,2,301.67,34.42,D,0
40.68707,-7.66393,331.61,0.79,0.78,2024-09-16,1438,N,VIIRS,n,2,301.81,15.08,D,0
40.68515,-8.38509,367,0.73,0.76,2024-09-16,1438,N,VIIRS,h,2,306.89,10.56,D,0
40.68708,-7.70007,367,0.79,0.78,2024-09-16,1438,N,VIIRS,h,2,303.79,16.46,D,0
40.68708,-7.67296,367,0.79,0.78,2024-09-16,1438,N,VIIRS,h,2,305.85,15.08,D,0
40.67788,-8.41107,338.38,0.72,0.76,2024-09-16,1438,N,VIIRS,n,2,302.79,8.77,D,0
40.67973,-7.68299,355.02,0.79,0.78,2024-09-16,1438,N,VIIRS,n,2,304.64,15.63,D,0
40.67072,-8.42059,333.94,0.72,0.76,2024-09-16,1438,N,VIIRS,n,2,302.31,13.88,D,0
40.67076,-8.41213,329.29,0.72,0.76,2024-09-16,1438,N,VIIRS,l,2,302.57,8.77,D,0
40.67242,-7.7274,332.27,0.79,0.78,2024-09-16,1438,N,VIIRS,n,2,299.89,8.71,D,0
40.66347,-8.44578,350.26,0.72,0.76,2024-09-16,1438,N,VIIRS,n,2,301.5,13.15,D,0
40.66352,-8.43655,339.63,0.72,0.76,2024-09-16,1438,N,VIIRS,n,2,301.96,13.15,D,0
40.66356,-8.42852,350.73,0.72,0.76,2024-09-16,1438,N,VIIRS,n,2,304.55,17.01,D,0
40.65603,-8.50858,342.15,0.72,0.75,2024-09-16,1438,N,VIIRS,n,2,296.8,8.35,D,0
40.65617,-8.48221,351.28,0.72,0.75,2024-09-16,1438,N,VIIRS,n,2,301.69,10.21,D,0
40.65759,-7.62705,349.1,0.8,0.78,2024-09-16,1438,N,VIIRS,n,2,301.42,27.16,D,0
40.6576,-7.63606,367,0.79,0.78,2024-09-16,1438,N,VIIRS,h,2,307.11,27.16,D,0
40.65028,-7.65449,334.31,0.79,0.78,2024-09-16,1438,N,VIIRS,n,2,297.67,12.85,D,0
40.65024,-7.63634,349.1,0.79,0.78,2024-09-16,1438,N,VIIRS,n,2,303.6,16.92,D,0
40.65022,-7.62653,333.95,0.8,0.78,2024-09-16,1438,N,VIIRS,n,2,304.99,16.92,D,0
40.65026,-7.64529,367,0.79,0.78,2024-09-16,1438,N,VIIRS,h,2,303.69,12.85,D,0
40.64297,-7.67495,343.93,0.79,0.78,2024-09-16,1438,N,VIIRS,n,2,300.22,9.45,D,0
40.64295,-7.66484,335.99,0.79,0.78,2024-09-16,1438,N,VIIRS,n,2,300.45,9.45,D,0
40.64293,-7.65411,346.44,0.79,0.78,2024-09-16,1438,N,VIIRS,n,2,304.34,12.85,D,0
40.6429,-7.64442,332.02,0.79,0.78,2024-09-16,1438,N,VIIRS,n,2,302.62,12.85,D,0
40.63559,-7.66325,352.66,0.79,0.78,2024-09-16,1438,N,VIIRS,n,2,302.28,17.48,D,0
40.63557,-7.65384,336.52,0.79,0.78,2024-09-16,1438,N,VIIRS,n,2,299.86,8.09,D,0
40.63554,-7.64407,331.2,0.79,0.78,2024-09-16,1438,N,VIIRS,n,2,300.71,8.09,D,0
40.63562,-7.67279,367,0.79,0.78,2024-09-16,1438,N,VIIRS,h,2,304.37,17.48,D,0
40.62784,-8.47187,332.62,0.72,0.75,2024-09-16,1438,N,VIIRS,n,2,301.76,6.75,D,0
40.54818,-7.80712,367,0.78,0.78,2024-09-16,1438,N,VIIRS,h,2,293.58,17.59,D,0
40.54813,-7.79752,367,0.78,0.78,2024-09-16,1438,N,VIIRS,h,2,296.42,17.59,D,0
40.54808,-7.78868,367,0.78,0.78,2024-09-16,1438,N,VIIRS,h,2,291.88,42.57,D,0
40.54092,-7.81669,344.87,0.78,0.78,2024-09-16,1438,N,VIIRS,n,2,298.92,16.28,D,0
40.54087,-7.80705,335.55,0.78,0.78,2024-09-16,1438,N,VIIRS,n,2,296.91,17.59,D,0
40.54082,-7.7978,336.51,0.78,0.78,2024-09-16,1438,N,VIIRS,n,2,300.94,17.59,D,0
40.53357,-7.80753,340,0.78,0.78,2024-09-16,1438,N,VIIRS,n,2,300.46,24.9,D,0
40.53362,-7.81634,367,0.78,0.78,2024-09-16,1438,N,VIIRS,h,2,306.73,33.47,D,0
40.54834,-7.80648,367,0.78,0.78,2024-09-16,1438,N,VIIRS,h,2,294.95,14.01,D,0
40.54833,-7.79692,367,0.78,0.78,2024-09-16,1438,N,VIIRS,h,2,298.44,24.92,D,0
40.54832,-7.78813,367,0.78,0.78,2024-09-16,1438,N,VIIRS,h,2,294.71,24.92,D,0
40.54103,-7.81606,347.88,0.78,0.78,2024-09-16,1438,N,VIIRS,n,2,299.73,14.01,D,0
40.54103,-7.80647,335.61,0.78,0.78,2024-09-16,1438,N,VIIRS,n,2,298.22,14.01,D,0
40.54102,-7.79723,336.97,0.78,0.78,2024-09-16,1438,N,VIIRS,n,2,302.47,24.92,D,0
40.53372,-7.807,339.83,0.78,0.78,2024-09-16,1438,N,VIIRS,n,2,301.09,18.67,D,0
40.53373,-7.81582,367,0.78,0.78,2024-09-16,1438,N,VIIRS,h,2,307.53,18.67,D,0
40.51191,-7.86478,341.91,0.77,0.77,2024-09-16,1438,N,VIIRS,n,2,299.98,13.52,D,0
40.51189,-7.85555,330.64,0.77,0.78,2024-09-16,1438,N,VIIRS,n,2,301.77,10.98,D,0
40.50465,-7.88272,334.22,0.77,0.77,2024-09-16,1438,N,VIIRS,n,2,295.37,18.32,D,0
40.50463,-7.87345,350.1,0.77,0.77,2024-09-16,1438,N,VIIRS,n,2,312.95,39.55,D,0
40.5046,-7.85429,335.94,0.77,0.78,2024-09-16,1438,N,VIIRS,n,2,308.24,30.8,D,0
40.50461,-7.86403,367,0.77,0.77,2024-09-16,1438,N,VIIRS,h,2,310.95,39.55,D,0
40.49737,-7.88273,343.16,0.77,0.77,2024-09-16,1438,N,VIIRS,n,2,305.42,18.32,D,0
40.49733,-7.86218,334.99,0.77,0.77,2024-09-16,1438,N,VIIRS,n,2,305.27,39.55,D,0
40.4901,-7.89277,330.77,0.77,0.77,2024-09-16,1438,N,VIIRS,n,2,300.17,9.45,D,0
40.49008,-7.88275,333.59,0.77,0.77,2024-09-16,1438,N,VIIRS,n,2,300.74,9.45,D,0
40.49003,-7.86013,350.47,0.77,0.77,2024-09-16,1438,N,VIIRS,n,2,303.29,20.21,D,0
40.49006,-7.87144,367,0.77,0.77,2024-09-16,1438,N,VIIRS,h,2,305.81,20.21,D,0
40.48915,-7.89369,331.01,0.77,0.77,2024-09-16,1438,N,VIIRS,n,2,299.92,6.72,D,0
40.48924,-7.86111,343.53,0.77,0.77,2024-09-16,1438,N,VIIRS,n,2,302.46,21.76,D,0
40.48921,-7.87245,367,0.77,0.77,2024-09-16,1438,N,VIIRS,h,2,304.69,28.34,D,0
41.1344,-8.51036,356.94,0.72,0.75,2024-09-16,1438,N,VIIRS,n,2,294.95,25.96,D,0
41.13443,-8.49973,340.9,0.72,0.76,2024-09-16,1438,N,VIIRS,n,2,297.9,19.22,D,0
41.12733,-8.49111,349,0.72,0.76,2024-09-16,1438,N,VIIRS,n,2,301.78,19.22,D,0
41.1202,-8.51054,328.15,0.72,0.75,2024-09-16,1438,N,VIIRS,n,2,288.55,9.24,D,0
41.12022,-8.4999,354.55,0.72,0.76,2024-09-16,1438,N,VIIRS,n,2,296.15,18.69,D,0
41.02439,-8.06644,353.46,0.76,0.77,2024-09-16,1438,N,VIIRS,n,2,292.7,15.95,D,0
41.01716,-8.06723,343.76,0.76,0.77,2024-09-16,1438,N,VIIRS,n,2,288.61,11.15,D,0
40.7907,-8.41449,356.56,0.73,0.76,2024-09-16,1438,N,VIIRS,l,2,282.73,99.33,D,0
40.79068,-8.42855,343.43,0.72,0.76,2024-09-16,1438,N,VIIRS,n,2,281.08,64.31,D,0
40.79069,-8.42098,344.58,0.72,0.76,2024-09-16,1438,N,VIIRS,n,2,301.78,64.31,D,0
40.78357,-8.42801,367,0.72,0.76,2024-09-16,1438,N,VIIRS,h,2,294.99,33.45,D,0
40.78358,-8.42074,367,0.72,0.76,2024-09-16,1438,N,VIIRS,h,2,301.31,33.45,D,0
40.78358,-8.41412,367,0.73,0.76,2024-09-16,1438,N,VIIRS,h,2,290.92,53.03,D,0
40.77645,-8.42789,356.52,0.72,0.76,2024-09-16,1438,N,VIIRS,l,2,288.01,33.45,D,0
40.77645,-8.43626,340.98,0.72,0.76,2024-09-16,1438,N,VIIRS,n,2,282.27,30.4,D,0
40.77645,-8.42019,342.29,0.72,0.76,2024-09-16,1438,N,VIIRS,n,2,284.36,33.45,D,0
40.76934,-8.43617,351.9,0.72,0.76,2024-09-16,1438,N,VIIRS,n,2,290.55,27.27,D,0
40.76934,-8.41964,338.13,0.72,0.76,2024-09-16,1438,N,VIIRS,n,2,287.68,26.23,D,0
40.76934,-8.42838,367,0.72,0.76,2024-09-16,1438,N,VIIRS,h,2,297.9,26.23,D,0
40.73375,-8.42086,333.42,0.72,0.76,2024-09-16,1438,N,VIIRS,n,2,295.29,12.22,D,0
40.73371,-8.40063,333.77,0.73,0.76,2024-09-16,1438,N,VIIRS,n,2,296.67,14.28,D,0
40.73373,-8.41193,367,0.73,0.76,2024-09-16,1438,N,VIIRS,h,2,298.41,14.28,D,0
40.79503,-8.42388,331.36,0.72,0.76,2024-09-16,1438,N,VIIRS,n,2,275.44,123.37,D,0
40.78798,-8.4108,345.16,0.73,0.76,2024-09-16,1438,N,VIIRS,n,2,282.72,70.96,D,0
40.78795,-8.4171,367,0.72,0.76,2024-09-16,1438,N,VIIRS,h,2,309.58,123.37,D,0
40.78077,-8.43115,344.01,0.72,0.76,2024-09-16,1438,N,VIIRS,n,2,282.3,28.15,D,0
40.78084,-8.41623,347.36,0.72,0.76,2024-09-16,1438,N,VIIRS,n,2,288.51,41.09,D,0
40.7808,-8.42326,367,0.72,0.76,2024-09-16,1438,N,VIIRS,h,2,291.95,41.09,D,0
40.77361,-8.43929,340.45,0.72,0.76,2024-09-16,1438,N,VIIRS,n,2,288.51,28.15,D,0
40.77365,-8.43129,353.83,0.72,0.76,2024-09-16,1438,N,VIIRS,n,2,296.13,28.15,D,0
40.77369,-8.42328,367,0.72,0.76,2024-09-16,1438,N,VIIRS,h,2,294.05,41.09,D,0
40.76654,-8.43184,345.59,0.72,0.76,2024-09-16,1438,N,VIIRS,n,2,292.15,12.31,D,0
40.76658,-8.42274,332.59,0.72,0.76,2024-09-16,1438,N,VIIRS,n,2,291.45,11.91,D,0
40.73098,-8.43051,348.64,0.72,0.76,2024-09-16,1438,N,VIIRS,n,2,295.44,24.09,D,0
40.73108,-8.39607,335.76,0.73,0.76,2024-09-16,1438,N,VIIRS,n,2,298.09,19.27,D,0
40.731,-8.42376,367,0.72,0.76,2024-09-16,1438,N,VIIRS,h,2,298.76,27.56,D,0
40.73102,-8.41593,367,0.72,0.76,2024-09-16,1438,N,VIIRS,h,2,306.45,27.56,D,0
40.73106,-8.40413,367,0.73,0.76,2024-09-16,1438,N,VIIRS,h,2,300.83,19.27,D,0
40.72376,-8.46402,343.81,0.72,0.76,2024-09-16,1438,N,VIIRS,n,2,292.31,10.99,D,0
40.72382,-8.44554,346.28,0.72,0.76,2024-09-16,1438,N,VIIRS,n,2,295.66,28.89,D,0
40.72385,-8.43762,357.18,0.72,0.76,2024-09-16,1438,N,VIIRS,n,2,297.68,20.94,D,0
40.72387,-8.4302,345.73,0.72,0.76,2024-09-16,1438,N,VIIRS,n,2,299.08,20.94,D,0
40.72388,-8.42349,349.57,0.72,0.76,2024-09-16,1438,N,VIIRS,n,2,300.15,29.94,D,0
40.72396,-8.39532,336.66,0.73,0.76,2024-09-16,1438,N,VIIRS,n,2,299.6,15.35,D,0
40.72398,-8.38794,338.6,0.73,0.76,2024-09-16,1438,N,VIIRS,n,2,297.25,21.06,D,0
40.72406,-8.35789,331.13,0.73,0.76,2024-09-16,1438,N,VIIRS,l,2,302.12,12.56,D,0
40.71663,-8.47442,339.82,0.72,0.76,2024-09-16,1438,N,VIIRS,n,2,292.81,10.99,D,0
40.71692,-8.3564,346.39,0.73,0.76,2024-09-16,1438,N,VIIRS,n,2,305.46,12.56,D,0
40.70975,-8.37683,351.62,0.73,0.76,2024-09-16,1438,N,VIIRS,n,2,302.17,17.65,D,0
40.70162,-7.68928,341.66,0.79,0.78,2024-09-16,1438,N,VIIRS,n,2,300.17,19.99,D,0
40.70149,-7.66158,353.1,0.79,0.78,2024-09-16,1438,N,VIIRS,n,2,309.22,23.74,D,0
40.70158,-7.67921,367,0.79,0.78,2024-09-16,1438,N,VIIRS,h,2,308.8,31.59,D,0
40.70153,-7.67041,367,0.79,0.78,2024-09-16,1438,N,VIIRS,h,2,310.31,31.59,D,0
41.18504,-8.17126,351.34,0.75,0.77,2024-09-16,1438,N,VIIRS,n,2,302.46,23.15,D,0
40.69548,-8.38369,339.64,0.73,0.76,2024-09-16,1438,N,VIIRS,n,2,301.86,7.17,D,0
40.86861,-7.92328,367,0.75,0.77,2024-09-17,0115,N,VIIRS,h,2,279.21,30.28,N,0
41.80095,-7.64689,316.83,0.73,0.76,2024-09-17,0115,N,VIIRS,n,2,280.72,2.31,N,0
41.80099,-7.63672,304.47,0.73,0.76,2024-09-17,0115,N,VIIRS,n,2,278.86,2.31,N,0
41.78115,-8.38619,319.57,0.79,0.78,2024-09-17,0115,N,VIIRS,n,2,269.48,4.14,N,0
41.7987,-7.64546,320.98,0.73,0.76,2024-09-17,0115,N,VIIRS,n,2,280.01,5.38,N,0
41.79868,-7.63516,301.47,0.73,0.76,2024-09-17,0115,N,VIIRS,n,2,278.85,2.63,N,0
41.78248,-8.38459,314.69,0.79,0.78,2024-09-17,0115,N,VIIRS,n,2,268.35,2.55,N,0
41.76976,-7.3546,306.02,0.7,0.75,2024-09-17,0115,N,VIIRS,n,2,286.37,2.8,N,0
41.76973,-7.34232,314.51,0.7,0.75,2024-09-17,0115,N,VIIRS,n,2,286.27,2.8,N,0
41.76274,-7.37308,326.23,0.71,0.75,2024-09-17,0115,N,VIIRS,n,2,287.88,21.74,N,0
41.76272,-7.36211,330.9,0.7,0.75,2024-09-17,0115,N,VIIRS,n,2,287.57,21.74,N,0
41.76268,-7.34072,367,0.7,0.75,2024-09-17,0115,N,VIIRS,h,2,287.19,12.24,N,0
41.7627,-7.35084,305.18,0.7,0.75,2024-09-17,0115,N,VIIRS,n,2,284.73,12.24,N,0
41.76265,-7.33144,305.18,0.7,0.75,2024-09-17,0115,N,VIIRS,n,2,284.33,9.07,N,0
41.75568,-7.36983,351.83,0.71,0.75,2024-09-17,0115,N,VIIRS,n,2,286.1,21.74,N,0
41.75566,-7.35977,352.08,0.7,0.75,2024-09-17,0115,N,VIIRS,n,2,290.98,21.74,N,0
41.75565,-7.35044,309.82,0.7,0.75,2024-09-17,0115,N,VIIRS,n,2,285.56,12.24,N,0
41.65295,-7.57768,367,0.72,0.76,2024-09-17,0115,N,VIIRS,h,2,291.77,30.45,N,0
41.65294,-7.56775,327.4,0.72,0.76,2024-09-17,0115,N,VIIRS,n,2,286.6,7.78,N,0
41.65294,-7.55736,298.99,0.72,0.76,2024-09-17,0115,N,VIIRS,n,2,285.1,7.78,N,0
41.64582,-7.57838,345.87,0.72,0.76,2024-09-17,0115,N,VIIRS,n,2,284.34,13.13,N,0
41.64582,-7.56828,297.72,0.72,0.76,2024-09-17,0115,N,VIIRS,n,2,284.03,4.76,N,0
41.62905,-8.27139,330.52,0.78,0.78,2024-09-17,0115,N,VIIRS,n,2,283.93,8.85,N,0
41.62915,-8.25596,367,0.78,0.78,2024-09-17,0115,N,VIIRS,h,2,285.3,8.85,N,0
41.62179,-8.25976,299.9,0.78,0.78,2024-09-17,0115,N,VIIRS,n,2,283.27,8.85,N,0
41.5817,-7.59043,339.44,0.72,0.76,2024-09-17,0115,N,VIIRS,n,2,288.08,12.03,N,0
41.58173,-7.58116,323.51,0.72,0.76,2024-09-17,0115,N,VIIRS,n,2,286.37,6.82,N,0
41.57458,-7.59113,353.2,0.72,0.76,2024-09-17,0115,N,VIIRS,n,2,290.23,8.57,N,0
41.57455,-7.59942,302.34,0.72,0.76,2024-09-17,0115,N,VIIRS,n,2,285.89,8.57,N,0
41.57461,-7.58138,304.49,0.72,0.76,2024-09-17,0115,N,VIIRS,n,2,286,4.84,N,0
41.56598,-7.89558,295.13,0.75,0.77,2024-09-17,0115,N,VIIRS,n,2,280.1,2.11,N,0
41.56604,-7.8862,298.51,0.75,0.77,2024-09-17,0115,N,VIIRS,n,2,279.44,1.24,N,0
41.5661,-7.87656,296.59,0.75,0.77,2024-09-17,0115,N,VIIRS,n,2,280.26,1.24,N,0
41.56614,-7.8692,295.65,0.75,0.77,2024-09-17,0115,N,VIIRS,n,2,280.08,2.22,N,0
41.56629,-7.84179,301.71,0.74,0.76,2024-09-17,0115,N,VIIRS,n,2,276.64,1.29,N,0
41.62973,-8.26176,367,0.78,0.78,2024-09-17,0115,N,VIIRS,h,2,286.75,9.18,N,0
41.62971,-8.27627,299.18,0.78,0.78,2024-09-17,0115,N,VIIRS,n,2,283.03,9.18,N,0
41.62976,-8.24844,305.03,0.78,0.78,2024-09-17,0115,N,VIIRS,n,2,281.96,8.54,N,0
41.6224,-8.26348,304.61,0.78,0.78,2024-09-17,0115,N,VIIRS,n,2,282.97,9.18,N,0
41.58623,-7.58464,322.95,0.72,0.76,2024-09-17,0115,N,VIIRS,n,2,286.3,7.83,N,0
41.57912,-7.59389,325.55,0.72,0.76,2024-09-17,0115,N,VIIRS,n,2,286.88,14.61,N,0
41.57911,-7.58515,352.58,0.72,0.76,2024-09-17,0115,N,VIIRS,n,2,290.05,7.83,N,0
41.57201,-7.59475,336.77,0.72,0.76,2024-09-17,0115,N,VIIRS,n,2,287.31,8.95,N,0
41.57199,-7.58526,305.96,0.72,0.76,2024-09-17,0115,N,VIIRS,n,2,285.74,3.9,N,0
41.56491,-7.8444,302.69,0.74,0.76,2024-09-17,0115,N,VIIRS,n,2,276.11,1.21,N,0
41.56491,-7.83726,301.11,0.74,0.76,2024-09-17,0115,N,VIIRS,n,2,276.07,1.21,N,0
41.55765,-7.88395,367,0.75,0.77,2024-09-17,0115,N,VIIRS,h,2,287.5,126.67,N,0
41.55767,-7.87419,367,0.75,0.77,2024-09-17,0115,N,VIIRS,h,2,284.93,27.99,N,0
41.55767,-7.86576,344.21,0.75,0.77,2024-09-17,0115,N,VIIRS,n,2,281.28,27.99,N,0
41.5577,-7.84564,327.98,0.74,0.76,2024-09-17,0115,N,VIIRS,n,2,277.31,6.06,N,0
41.55751,-7.95379,295.75,0.75,0.77,2024-09-17,0115,N,VIIRS,n,2,270.89,1.53,N,0
41.55754,-7.94014,299.76,0.75,0.77,2024-09-17,0115,N,VIIRS,n,2,274.44,1.53,N,0
41.55756,-7.93242,301.85,0.75,0.77,2024-09-17,0115,N,VIIRS,n,2,278.11,3.65,N,0
41.55757,-7.92628,304.83,0.75,0.77,2024-09-17,0115,N,VIIRS,n,2,279.93,3.65,N,0
41.55758,-7.92051,307.91,0.75,0.77,2024-09-17,0115,N,VIIRS,n,2,280.15,74.65,N,0
41.55762,-7.90348,312.76,0.75,0.77,2024-09-17,0115,N,VIIRS,n,2,279.51,74.65,N,0
41.55763,-7.89349,318.89,0.75,0.77,2024-09-17,0115,N,VIIRS,n,2,280.75,126.67,N,0
41.55769,-7.85831,303.77,0.75,0.77,2024-09-17,0115,N,VIIRS,n,2,279.85,19.67,N,0
41.55769,-7.85172,311.78,0.74,0.76,2024-09-17,0115,N,VIIRS,n,2,279.81,19.67,N,0
41.55771,-7.83916,312.39,0.74,0.76,2024-09-17,0115,N,VIIRS,n,2,276.12,6.06,N,0
41.5495,-8.17409,352.92,0.77,0.77,2024-09-17,0115,N,VIIRS,n,2,288.46,6.31,N,0
41.55035,-7.92192,336.13,0.75,0.77,2024-09-17,0115,N,VIIRS,n,2,280.54,74.65,N,0
41.55038,-7.90746,367,0.75,0.77,2024-09-17,0115,N,VIIRS,h,2,296.17,74.65,N,0
41.55042,-7.88903,348.57,0.75,0.77,2024-09-17,0115,N,VIIRS,n,2,293.53,126.67,N,0
41.55044,-7.87915,337.89,0.75,0.77,2024-09-17,0115,N,VIIRS,n,2,283.31,27.99,N,0
41.55046,-7.86865,367,0.75,0.77,2024-09-17,0115,N,VIIRS,h,2,288.02,27.99,N,0
41.55048,-7.8606,367,0.75,0.77,2024-09-17,0115,N,VIIRS,h,2,287.45,19.67,N,0
41.55049,-7.85357,367,0.74,0.76,2024-09-17,0115,N,VIIRS,h,2,287.12,19.67,N,0
41.5505,-7.84726,323.16,0.74,0.76,2024-09-17,0115,N,VIIRS,n,2,275.73,6.06,N,0
41.54955,-8.16118,300.39,0.77,0.77,2024-09-17,0115,N,VIIRS,n,2,284.93,6.31,N,0
41.55027,-7.9555,299.71,0.75,0.77,2024-09-17,0115,N,VIIRS,n,2,269.75,1.53,N,0
41.5503,-7.94282,305.81,0.75,0.77,2024-09-17,0115,N,VIIRS,n,2,272.49,1.53,N,0
41.55032,-7.93546,310.17,0.75,0.77,2024-09-17,0115,N,VIIRS,n,2,276.95,3.65,N,0
41.55034,-7.92852,316.63,0.75,0.77,2024-09-17,0115,N,VIIRS,n,2,279.43,3.65,N,0
41.55051,-7.8406,300.16,0.74,0.76,2024-09-17,0115,N,VIIRS,n,2,275.9,6.06,N,0
41.55063,-7.58288,309.57,0.72,0.76,2024-09-17,0115,N,VIIRS,n,2,284.73,1.55,N,0
41.5422,-8.17123,337.66,0.77,0.77,2024-09-17,0115,N,VIIRS,n,2,286.88,6.4,N,0
41.54227,-8.15758,341.4,0.77,0.77,2024-09-17,0115,N,VIIRS,n,2,284.79,6.4,N,0
41.54315,-7.91108,367,0.75,0.77,2024-09-17,0115,N,VIIRS,h,2,286.36,14.54,N,0
41.54318,-7.90023,367,0.75,0.77,2024-09-17,0115,N,VIIRS,h,2,291.75,22.12,N,0
41.54319,-7.89276,345.46,0.75,0.77,2024-09-17,0115,N,VIIRS,n,2,286.65,22.12,N,0
41.54322,-7.8837,341.52,0.75,0.77,2024-09-17,0115,N,VIIRS,n,2,285.25,16.74,N,0
41.54325,-7.87215,367,0.75,0.77,2024-09-17,0115,N,VIIRS,h,2,283.73,16.74,N,0
41.54326,-7.86334,355.74,0.75,0.77,2024-09-17,0115,N,VIIRS,n,2,280.34,7.43,N,0
41.54303,-7.95629,296.25,0.75,0.77,2024-09-17,0115,N,VIIRS,n,2,270.46,2.03,N,0
41.54306,-7.94593,302.64,0.75,0.77,2024-09-17,0115,N,VIIRS,n,2,272.22,2.03,N,0
41.54308,-7.93806,306.73,0.75,0.77,2024-09-17,0115,N,VIIRS,n,2,275.9,2.23,N,0
41.5431,-7.93031,309.53,0.75,0.77,2024-09-17,0115,N,VIIRS,n,2,278.1,2.23,N,0
41.54312,-7.92376,318.29,0.75,0.77,2024-09-17,0115,N,VIIRS,n,2,278.92,14.54,N,0
41.54328,-7.85607,316.72,0.74,0.76,2024-09-17,0115,N,VIIRS,n,2,278.1,7.43,N,0
41.54329,-7.8492,301.71,0.74,0.76,2024-09-17,0115,N,VIIRS,n,2,274.68,1.02,N,0
41.5433,-7.84193,298.27,0.74,0.76,2024-09-17,0115,N,VIIRS,n,2,274.3,1.02,N,0
41.5349,-8.16939,324.5,0.77,0.77,2024-09-17,0115,N,VIIRS,n,2,285.09,6.4,N,0
41.53595,-7.90298,344.85,0.75,0.77,2024-09-17,0115,N,VIIRS,n,2,279.8,22.12,N,0
41.53597,-7.89567,323.67,0.75,0.77,2024-09-17,0115,N,VIIRS,n,2,280.83,22.12,N,0
41.53599,-7.88665,333.4,0.75,0.77,2024-09-17,0115,N,VIIRS,n,2,280.6,16.74,N,0
41.53452,-8.2393,305.99,0.78,0.78,2024-09-17,0115,N,VIIRS,n,2,288.57,2.64,N,0
41.53497,-8.15779,313.02,0.77,0.77,2024-09-17,0115,N,VIIRS,n,2,284.8,6.4,N,0
41.53507,-8.13599,300.51,0.77,0.77,2024-09-17,0115,N,VIIRS,n,2,281.8,3.53,N,0
41.53584,-7.94005,297.77,0.75,0.77,2024-09-17,0115,N,VIIRS,n,2,273.76,2.23,N,0
41.53587,-7.931,300.46,0.75,0.77,2024-09-17,0115,N,VIIRS,n,2,276.84,2.23,N,0
41.53589,-7.92403,304.37,0.75,0.77,2024-09-17,0115,N,VIIRS,n,2,277.15,14.54,N,0
41.53592,-7.91422,309.38,0.75,0.77,2024-09-17,0115,N,VIIRS,n,2,278.77,14.54,N,0
41.53603,-7.87435,316.37,0.75,0.77,2024-09-17,0115,N,VIIRS,n,2,277.43,16.74,N,0
41.53605,-7.865,299.16,0.75,0.77,2024-09-17,0115,N,VIIRS,n,2,277.5,7.43,N,0
41.53606,-7.85788,297.76,0.74,0.76,2024-09-17,0115,N,VIIRS,n,2,277.02,7.43,N,0
41.53608,-7.85101,296.25,0.74,0.76,2024-09-17,0115,N,VIIRS,n,2,275.14,1.02,N,0
41.5364,-7.57521,302.6,0.72,0.76,2024-09-17,0115,N,VIIRS,n,2,283.33,1.27,N,0
41.527,-8.27015,330.56,0.78,0.78,2024-09-17,0115,N,VIIRS,n,2,288.21,23.02,N,0
41.52707,-8.25922,367,0.78,0.78,2024-09-17,0115,N,VIIRS,h,2,292.4,29.81,N,0
41.52777,-8.1372,327.04,0.77,0.77,2024-09-17,0115,N,VIIRS,n,2,282.49,3.43,N,0
41.52927,-7.57509,355.05,0.72,0.76,2024-09-17,0115,N,VIIRS,n,2,286.17,12.12,N,0
41.52771,-8.14839,300.81,0.77,0.77,2024-09-17,0115,N,VIIRS,n,2,283.82,3.43,N,0
41.52927,-7.58569,317.53,0.72,0.76,2024-09-17,0115,N,VIIRS,n,2,285.83,15.47,N,0
41.5197,-8.26511,367,0.78,0.78,2024-09-17,0115,N,VIIRS,h,2,295.44,23.02,N,0
41.51976,-8.25624,367,0.78,0.78,2024-09-17,0115,N,VIIRS,h,2,297.03,29.81,N,0
41.51984,-8.24347,367,0.78,0.78,2024-09-17,0115,N,VIIRS,h,2,295.05,29.81,N,0
41.52214,-7.60596,331.21,0.72,0.76,2024-09-17,0115,N,VIIRS,n,2,286.24,6.87,N,0
41.51961,-8.27917,316.66,0.78,0.78,2024-09-17,0115,N,VIIRS,n,2,289.57,23.02,N,0
41.51992,-8.23197,316.08,0.78,0.78,2024-09-17,0115,N,VIIRS,n,2,288.51,13.73,N,0
41.51218,-8.29116,342.22,0.78,0.78,2024-09-17,0115,N,VIIRS,n,2,290.05,10.75,N,0
41.5123,-8.27476,367,0.78,0.78,2024-09-17,0115,N,VIIRS,h,2,293.66,39.37,N,0
41.5124,-8.2615,354.14,0.78,0.78,2024-09-17,0115,N,VIIRS,n,2,295.54,39.37,N,0
41.51244,-8.254,353.65,0.78,0.78,2024-09-17,0115,N,VIIRS,n,2,288.73,21.63,N,0
41.51251,-8.24404,341.24,0.78,0.78,2024-09-17,0115,N,VIIRS,n,2,289.46,21.63,N,0
41.5121,-8.30222,308.37,0.78,0.78,2024-09-17,0115,N,VIIRS,n,2,285.05,10.75,N,0
41.50484,-8.29036,319.1,0.78,0.78,2024-09-17,0115,N,VIIRS,n,2,286.07,10.75,N,0
41.50496,-8.27503,306.06,0.78,0.78,2024-09-17,0115,N,VIIRS,n,2,285.7,39.37,N,0
41.49102,-8.17701,323.71,0.77,0.77,2024-09-17,0115,N,VIIRS,n,2,286.64,12.1,N,0
41.4911,-8.16596,367,0.77,0.77,2024-09-17,0115,N,VIIRS,h,2,285.49,12.1,N,0
41.49166,-8.08185,308.42,0.76,0.77,2024-09-17,0115,N,VIIRS,n,2,279.93,2.69,N,0
41.47614,-8.21158,344.1,0.78,0.78,2024-09-17,0115,N,VIIRS,n,2,289.61,4.8,N,0
41.4762,-8.20376,304.37,0.77,0.78,2024-09-17,0115,N,VIIRS,n,2,286.91,4.8,N,0
41.46873,-8.22216,367,0.78,0.78,2024-09-17,0115,N,VIIRS,h,2,293.72,35.77,N,0
41.46881,-8.21239,367,0.78,0.78,2024-09-17,0115,N,VIIRS,h,2,292.75,19.83,N,0
41.46888,-8.20422,351.27,0.77,0.78,2024-09-17,0115,N,VIIRS,n,2,289.06,19.83,N,0
41.46957,-8.11601,310.98,0.77,0.77,2024-09-17,0115,N,VIIRS,n,2,275.46,2.31,N,0
41.46967,-8.10315,305.34,0.77,0.77,2024-09-17,0115,N,VIIRS,n,2,274.85,2.31,N,0
41.46239,-8.1019,323.2,0.77,0.77,2024-09-17,0115,N,VIIRS,n,2,274.07,2.31,N,0
41.46466,-7.72842,351.84,0.73,0.76,2024-09-17,0115,N,VIIRS,n,2,284.38,7.65,N,0
41.46229,-8.11531,308.14,0.77,0.77,2024-09-17,0115,N,VIIRS,n,2,273.9,2.31,N,0
41.46463,-7.73605,297.47,0.74,0.76,2024-09-17,0115,N,VIIRS,n,2,277.43,7.65,N,0
41.46469,-7.72089,314.95,0.73,0.76,2024-09-17,0115,N,VIIRS,n,2,281.85,7.3,N,0
41.52701,-8.26578,367,0.78,0.78,2024-09-17,0115,N,VIIRS,h,2,291.63,28.31,N,0
41.52703,-8.25559,330.54,0.78,0.78,2024-09-17,0115,N,VIIRS,n,2,289.96,28.31,N,0
41.52711,-8.14476,320.48,0.77,0.77,2024-09-17,0115,N,VIIRS,n,2,283.87,6.5,N,0
41.52606,-7.60366,323.34,0.72,0.76,2024-09-17,0115,N,VIIRS,n,2,286.44,3.54,N,0
41.52712,-8.13296,307.88,0.77,0.77,2024-09-17,0115,N,VIIRS,n,2,281.27,3.76,N,0
41.526,-7.59181,301.14,0.72,0.76,2024-09-17,0115,N,VIIRS,n,2,284.9,3.54,N,0
41.52596,-7.58209,303.38,0.72,0.76,2024-09-17,0115,N,VIIRS,n,2,283.8,2.18,N,0
41.51966,-8.27362,325.61,0.78,0.78,2024-09-17,0115,N,VIIRS,n,2,290.96,33.67,N,0
41.51968,-8.26143,367,0.78,0.78,2024-09-17,0115,N,VIIRS,h,2,299.07,28.31,N,0
41.5197,-8.25229,367,0.78,0.78,2024-09-17,0115,N,VIIRS,h,2,294.82,28.31,N,0
41.51972,-8.23892,367,0.78,0.78,2024-09-17,0115,N,VIIRS,h,2,293.7,29.78,N,0
41.5123,-8.28616,348.58,0.78,0.78,2024-09-17,0115,N,VIIRS,n,2,292.22,33.1,N,0
41.51234,-8.26915,367,0.78,0.78,2024-09-17,0115,N,VIIRS,h,2,295.95,33.1,N,0
41.51236,-8.25892,355.49,0.78,0.78,2024-09-17,0115,N,VIIRS,n,2,292.01,37.11,N,0
41.51237,-8.25059,333.05,0.78,0.78,2024-09-17,0115,N,VIIRS,n,2,288.7,37.11,N,0
41.51239,-8.23986,321.35,0.78,0.78,2024-09-17,0115,N,VIIRS,n,2,288.33,6.55,N,0
41.51228,-8.29833,317.56,0.78,0.78,2024-09-17,0115,N,VIIRS,n,2,285.86,7.47,N,0
41.50496,-8.28448,328.16,0.78,0.78,2024-09-17,0115,N,VIIRS,n,2,285.99,33.1,N,0
41.50493,-8.29807,300.5,0.78,0.78,2024-09-17,0115,N,VIIRS,n,2,285.24,7.47,N,0
41.49803,-8.07736,300.3,0.76,0.77,2024-09-17,0115,N,VIIRS,n,2,277.87,1.42,N,0
41.49059,-8.17252,367,0.77,0.77,2024-09-17,0115,N,VIIRS,h,2,287.4,23.88,N,0
41.49061,-8.16176,321.07,0.77,0.77,2024-09-17,0115,N,VIIRS,n,2,282.06,11.73,N,0
41.49076,-8.07711,306.48,0.76,0.77,2024-09-17,0115,N,VIIRS,n,2,278.7,1.42,N,0
41.47587,-8.20833,334.85,0.77,0.78,2024-09-17,0115,N,VIIRS,n,2,289.03,6.1,N,0
41.47585,-8.21688,318.38,0.78,0.78,2024-09-17,0115,N,VIIRS,n,2,288.58,6.1,N,0
41.46849,-8.22863,329.62,0.78,0.78,2024-09-17,0115,N,VIIRS,n,2,289.32,20.98,N,0
41.46853,-8.21819,367,0.78,0.78,2024-09-17,0115,N,VIIRS,h,2,292.83,25.61,N,0
41.46856,-8.20906,367,0.77,0.78,2024-09-17,0115,N,VIIRS,h,2,291.77,25.61,N,0
41.46859,-8.20126,326.13,0.77,0.78,2024-09-17,0115,N,VIIRS,n,2,286.93,10.43,N,0
41.46886,-8.11141,320.81,0.77,0.77,2024-09-17,0115,N,VIIRS,n,2,275.57,3.91,N,0
41.46158,-8.1101,322.79,0.77,0.77,2024-09-17,0115,N,VIIRS,n,2,274.24,3.91,N,0
41.46207,-7.73287,320.86,0.73,0.76,2024-09-17,0115,N,VIIRS,n,2,278.47,14.57,N,0
41.46206,-7.72537,367,0.73,0.76,2024-09-17,0115,N,VIIRS,h,2,286.19,15.5,N,0
41.46206,-7.71771,341.33,0.73,0.76,2024-09-17,0115,N,VIIRS,n,2,284.63,15.5,N,0
41.46206,-7.70936,328.52,0.73,0.76,2024-09-17,0115,N,VIIRS,n,2,284.14,5.43,N,0
41.46154,-8.1223,300.82,0.77,0.77,2024-09-17,0115,N,VIIRS,n,2,272.35,3.91,N,0
41.46162,-8.09673,313.51,0.77,0.77,2024-09-17,0115,N,VIIRS,n,2,271.43,4.3,N,0
41.46205,-7.70124,310.23,0.73,0.76,2024-09-17,0115,N,VIIRS,n,2,283.31,5.43,N,0
41.45429,-8.11003,336.96,0.77,0.77,2024-09-17,0115,N,VIIRS,n,2,272.78,4.8,N,0
41.4549,-7.70335,329.37,0.73,0.76,2024-09-17,0115,N,VIIRS,n,2,283.62,8.5,N,0
41.45487,-7.64805,367,0.73,0.76,2024-09-17,0115,N,VIIRS,h,2,295.07,36.12,N,0
41.45486,-7.63487,328.49,0.73,0.76,2024-09-17,0115,N,VIIRS,n,2,285.08,25.24,N,0
41.45425,-8.1222,302.87,0.77,0.77,2024-09-17,0115,N,VIIRS,n,2,272.06,4.8,N,0
41.4549,-7.73185,302.98,0.73,0.76,2024-09-17,0115,N,VIIRS,n,2,278.37,4.42,N,0
41.4549,-7.72412,305.27,0.73,0.76,2024-09-17,0115,N,VIIRS,n,2,279.64,4.6,N,0
41.4549,-7.71693,308.65,0.73,0.76,2024-09-17,0115,N,VIIRS,n,2,280.79,4.6,N,0
41.4549,-7.70999,309.77,0.73,0.76,2024-09-17,0115,N,VIIRS,n,2,281.17,8.5,N,0
41.44774,-7.73106,332.47,0.73,0.76,2024-09-17,0115,N,VIIRS,n,2,277.38,4.42,N,0
41.44774,-7.72316,320.92,0.73,0.76,2024-09-17,0115,N,VIIRS,n,2,278.64,4.6,N,0
41.44774,-7.71075,324.45,0.73,0.76,2024-09-17,0115,N,VIIRS,n,2,281.38,8.5,N,0
41.44774,-7.70489,367,0.73,0.76,2024-09-17,0115,N,VIIRS,h,2,286.11,8.5,N,0
41.44773,-7.64501,367,0.73,0.76,2024-09-17,0115,N,VIIRS,h,2,290.5,36.12,N,0
41.44772,-7.63503,367,0.73,0.76,2024-09-17,0115,N,VIIRS,h,2,289.17,25.24,N,0
41.44772,-7.62804,367,0.73,0.76,2024-09-17,0115,N,VIIRS,h,2,288.28,25.24,N,0
41.44773,-7.75438,297.41,0.74,0.76,2024-09-17,0115,N,VIIRS,n,2,270.11,2.91,N,0
41.44773,-7.74216,299.4,0.74,0.76,2024-09-17,0115,N,VIIRS,n,2,271.49,4.42,N,0
41.44774,-7.71674,319.69,0.73,0.76,2024-09-17,0115,N,VIIRS,n,2,279.38,4.6,N,0
41.44773,-7.66203,303.78,0.73,0.76,2024-09-17,0115,N,VIIRS,n,2,285.45,36.12,N,0
41.44771,-7.62114,295.54,0.72,0.76,2024-09-17,0115,N,VIIRS,n,2,280.55,6.8,N,0
41.44058,-7.73131,331.5,0.73,0.76,2024-09-17,0115,N,VIIRS,n,2,272.85,12.72,N,0
41.44058,-7.72391,367,0.73,0.76,2024-09-17,0115,N,VIIRS,h,2,284.57,97.46,N,0
41.44059,-7.71775,351.14,0.73,0.76,2024-09-17,0115,N,VIIRS,n,2,311.46,97.46,N,0
41.44059,-7.71173,356.17,0.73,0.76,2024-09-17,0115,N,VIIRS,n,2,286.66,30.31,N,0
41.44059,-7.70532,367,0.73,0.76,2024-09-17,0115,N,VIIRS,h,2,281.82,30.31,N,0
41.44059,-7.65879,331.48,0.73,0.76,2024-09-17,0115,N,VIIRS,n,2,285.97,25.54,N,0
41.44059,-7.64451,340.97,0.73,0.76,2024-09-17,0115,N,VIIRS,n,2,286.97,25.54,N,0
41.44059,-7.63587,337.97,0.73,0.76,2024-09-17,0115,N,VIIRS,n,2,289.56,33.76,N,0
41.44059,-7.62874,356.93,0.73,0.76,2024-09-17,0115,N,VIIRS,n,2,290.96,33.76,N,0
41.44055,-7.76482,299.57,0.74,0.76,2024-09-17,0115,N,VIIRS,n,2,265.97,1.81,N,0
41.44056,-7.75427,303.65,0.74,0.76,2024-09-17,0115,N,VIIRS,n,2,268.73,1.81,N,0
41.44057,-7.74175,306.85,0.74,0.76,2024-09-17,0115,N,VIIRS,n,2,269.28,12.72,N,0
41.43342,-7.72499,367,0.73,0.76,2024-09-17,0115,N,VIIRS,h,2,281.12,97.46,N,0
41.43342,-7.71909,352.18,0.73,0.76,2024-09-17,0115,N,VIIRS,n,2,281.65,97.46,N,0
41.43342,-7.71302,321.58,0.73,0.76,2024-09-17,0115,N,VIIRS,n,2,278.01,30.31,N,0
41.43344,-7.6717,336.72,0.73,0.76,2024-09-17,0115,N,VIIRS,n,2,285.76,22.38,N,0
41.43345,-7.65602,367,0.73,0.76,2024-09-17,0115,N,VIIRS,h,2,284.96,25.54,N,0
41.43345,-7.64467,354.06,0.73,0.76,2024-09-17,0115,N,VIIRS,n,2,283.58,25.54,N,0
41.43345,-7.63615,367,0.73,0.76,2024-09-17,0115,N,VIIRS,h,2,293.43,33.76,N,0
41.43345,-7.62929,357.14,0.73,0.76,2024-09-17,0115,N,VIIRS,n,2,286.08,33.76,N,0
41.43338,-7.76365,298.48,0.74,0.76,2024-09-17,0115,N,VIIRS,n,2,264,1.81,N,0
41.43339,-7.75316,303.11,0.74,0.76,2024-09-17,0115,N,VIIRS,n,2,266.36,1.81,N,0
41.43341,-7.74119,307.41,0.74,0.76,2024-09-17,0115,N,VIIRS,n,2,267.44,12.72,N,0
41.43342,-7.73174,313.59,0.73,0.76,2024-09-17,0115,N,VIIRS,n,2,270.79,12.72,N,0
41.43343,-7.70598,300.18,0.73,0.76,2024-09-17,0115,N,VIIRS,n,2,278.76,30.31,N,0
41.4263,-7.67001,350.37,0.73,0.76,2024-09-17,0115,N,VIIRS,n,2,282.18,17.04,N,0
41.42469,-8.20452,305.79,0.77,0.78,2024-09-17,0115,N,VIIRS,n,2,286.57,1.3,N,0
41.42474,-8.19478,306.08,0.77,0.78,2024-09-17,0115,N,VIIRS,n,2,285.58,1.3,N,0
41.42624,-7.7408,296.68,0.74,0.76,2024-09-17,0115,N,VIIRS,n,2,267.26,1.67,N,0
41.42625,-7.73224,297.95,0.73,0.76,2024-09-17,0115,N,VIIRS,n,2,269.68,1.67,N,0
41.42626,-7.7258,298.57,0.73,0.76,2024-09-17,0115,N,VIIRS,n,2,271.77,2.06,N,0
41.42626,-7.71991,298.5,0.73,0.76,2024-09-17,0115,N,VIIRS,n,2,273.87,2.06,N,0
41.42631,-7.65518,316.01,0.73,0.76,2024-09-17,0115,N,VIIRS,n,2,280.11,7.73,N,0
41.36578,-8.25244,323.07,0.78,0.78,2024-09-17,0115,N,VIIRS,n,2,286.03,6.45,N,0
41.36587,-8.24183,302.15,0.78,0.78,2024-09-17,0115,N,VIIRS,n,2,283.06,2.39,N,0
41.36024,-8.01722,304.2,0.76,0.77,2024-09-17,0115,N,VIIRS,n,2,277.1,3.82,N,0
41.36029,-8.00959,305.88,0.76,0.77,2024-09-17,0115,N,VIIRS,n,2,275.58,2.89,N,0
41.42493,-8.20321,306.29,0.77,0.78,2024-09-17,0115,N,VIIRS,n,2,286.24,3.23,N,0
41.42494,-8.19365,305.28,0.77,0.77,2024-09-17,0115,N,VIIRS,n,2,285.38,2.8,N,0
41.42417,-7.7255,295.76,0.73,0.76,2024-09-17,0115,N,VIIRS,n,2,270.74,2.93,N,0
41.42416,-7.71955,296.08,0.73,0.76,2024-09-17,0115,N,VIIRS,n,2,272.95,3.33,N,0
41.42396,-7.6685,306.39,0.73,0.76,2024-09-17,0115,N,VIIRS,n,2,279.8,2.81,N,0
41.36629,-8.25061,324.25,0.78,0.78,2024-09-17,0115,N,VIIRS,n,2,285.63,3.38,N,0
41.35896,-8.24964,300.48,0.78,0.78,2024-09-17,0115,N,VIIRS,n,2,281.86,3.38,N,0
41.3596,-8.01626,309.38,0.76,0.77,2024-09-17,0115,N,VIIRS,n,2,276.63,2.07,N,0
41.35962,-8.00859,304.91,0.76,0.77,2024-09-17,0115,N,VIIRS,n,2,274.84,2.07,N,0
41.35233,-8.02469,367,0.76,0.77,2024-09-17,0115,N,VIIRS,h,2,285.64,24.4,N,0
41.35235,-8.01715,367,0.76,0.77,2024-09-17,0115,N,VIIRS,h,2,284.16,16.26,N,0
41.35237,-8.00983,345.82,0.76,0.77,2024-09-17,0115,N,VIIRS,n,2,278.06,16.26,N,0
41.35231,-8.03352,308.31,0.76,0.77,2024-09-17,0115,N,VIIRS,n,2,279.11,24.4,N,0
41.34505,-8.03672,327.25,0.76,0.77,2024-09-17,0115,N,VIIRS,n,2,279.92,24.4,N,0
41.34507,-8.02765,367,0.76,0.77,2024-09-17,0115,N,VIIRS,h,2,284.47,24.4,N,0
41.34509,-8.0199,367,0.76,0.77,2024-09-17,0115,N,VIIRS,h,2,281.43,16.26,N,0
41.3451,-8.01212,303.8,0.76,0.77,2024-09-17,0115,N,VIIRS,n,2,278.96,16.26,N,0
41.33652,-8.33889,330.47,0.79,0.78,2024-09-17,0115,N,VIIRS,n,2,282.23,9.49,N,0
41.33625,-8.38807,308.95,0.79,0.78,2024-09-17,0115,N,VIIRS,n,2,284.76,2.96,N,0
41.33635,-8.37039,314.1,0.79,0.78,2024-09-17,0115,N,VIIRS,n,2,283.93,6.6,N,0
41.3289,-8.3853,307.39,0.79,0.78,2024-09-17,0115,N,VIIRS,n,2,282.35,2.96,N,0
41.32895,-8.37621,306.87,0.79,0.78,2024-09-17,0115,N,VIIRS,n,2,283.15,2.96,N,0
41.29357,-8.16258,331.06,0.77,0.77,2024-09-17,0115,N,VIIRS,n,2,278.9,7.29,N,0
41.28632,-8.15351,305.62,0.77,0.77,2024-09-17,0115,N,VIIRS,n,2,277.74,4.65,N,0
41.27888,-8.17633,304.43,0.77,0.77,2024-09-17,0115,N,VIIRS,n,2,274.11,2.14,N,0
41.32211,-8.36469,310.15,0.79,0.78,2024-09-17,0115,N,VIIRS,n,2,280.37,3.4,N,0
41.29306,-8.15826,322.96,0.77,0.77,2024-09-17,0115,N,VIIRS,n,2,278.18,3.49,N,0
41.29305,-8.17025,300.22,0.77,0.77,2024-09-17,0115,N,VIIRS,n,2,274.48,4.42,N,0
41.28578,-8.15061,301.78,0.77,0.77,2024-09-17,0115,N,VIIRS,n,2,277.7,3.49,N,0
41.27843,-8.18343,304.49,0.77,0.77,2024-09-17,0115,N,VIIRS,n,2,273.59,2.36,N,0
41.20622,-7.9858,321.7,0.75,0.77,2024-09-17,0115,N,VIIRS,n,2,268.37,13.2,N,0
41.20625,-7.97763,355.73,0.75,0.77,2024-09-17,0115,N,VIIRS,n,2,272.1,31.31,N,0
41.2057,-8.11871,297.67,0.76,0.77,2024-09-17,0115,N,VIIRS,n,2,264.98,2.03,N,0
41.20575,-8.10789,298.48,0.76,0.77,2024-09-17,0115,N,VIIRS,n,2,265,2.74,N,0
41.2058,-8.09627,301.43,0.76,0.77,2024-09-17,0115,N,VIIRS,n,2,266.66,2.74,N,0
41.20584,-8.08544,301.46,0.76,0.77,2024-09-17,0115,N,VIIRS,n,2,266.49,4.25,N,0
41.2059,-8.07174,315.18,0.76,0.77,2024-09-17,0115,N,VIIRS,n,2,267.91,4.25,N,0
41.20599,-8.05272,300.64,0.76,0.77,2024-09-17,0115,N,VIIRS,n,2,269.66,2.02,N,0
41.20617,-8.00199,300.93,0.76,0.77,2024-09-17,0115,N,VIIRS,n,2,266.25,1.79,N,0
41.2062,-7.99412,304.69,0.76,0.77,2024-09-17,0115,N,VIIRS,n,2,267.43,13.2,N,0
41.20628,-7.96872,313.28,0.75,0.77,2024-09-17,0115,N,VIIRS,n,2,272.22,31.31,N,0
41.20631,-7.95809,300.5,0.75,0.77,2024-09-17,0115,N,VIIRS,n,2,273.49,7.51,N,0
41.19854,-8.09229,320.17,0.76,0.77,2024-09-17,0115,N,VIIRS,n,2,269.07,2.74,N,0
41.19859,-8.08103,324.33,0.76,0.77,2024-09-17,0115,N,VIIRS,n,2,268.53,4.25,N,0
41.19867,-8.06427,334.01,0.76,0.77,2024-09-17,0115,N,VIIRS,n,2,265.17,4.25,N,0
41.19898,-7.98696,330.85,0.75,0.77,2024-09-17,0115,N,VIIRS,n,2,269.5,13.2,N,0
41.19901,-7.97764,367,0.75,0.77,2024-09-17,0115,N,VIIRS,h,2,279.15,31.31,N,0
41.19905,-7.96654,356.85,0.75,0.77,2024-09-17,0115,N,VIIRS,n,2,277.35,31.31,N,0
41.19909,-7.95517,353.89,0.75,0.77,2024-09-17,0115,N,VIIRS,n,2,277.77,7.51,N,0
41.19776,-8.24356,318.99,0.78,0.78,2024-09-17,0115,N,VIIRS,n,2,281.26,5.21,N,0
41.19827,-8.14836,299.47,0.77,0.77,2024-09-17,0115,N,VIIRS,n,2,271.17,2.17,N,0
41.19831,-8.13906,302.13,0.77,0.77,2024-09-17,0115,N,VIIRS,n,2,272.42,2.17,N,0
41.19836,-8.12907,304.77,0.77,0.77,2024-09-17,0115,N,VIIRS,n,2,272.29,2.03,N,0
41.19841,-8.11789,308.03,0.76,0.77,2024-09-17,0115,N,VIIRS,n,2,270.34,2.03,N,0
41.19849,-8.10368,316.4,0.76,0.77,2024-09-17,0115,N,VIIRS,n,2,270.46,2.74,N,0
41.19874,-8.04907,304.65,0.76,0.77,2024-09-17,0115,N,VIIRS,n,2,266.01,2.02,N,0
41.19879,-8.03802,300.27,0.76,0.77,2024-09-17,0115,N,VIIRS,n,2,270.46,2.02,N,0
41.19883,-8.02742,298.75,0.76,0.77,2024-09-17,0115,N,VIIRS,n,2,270.46,1.54,N,0
41.19886,-8.01887,299.2,0.76,0.77,2024-09-17,0115,N,VIIRS,n,2,268.46,1.54,N,0
41.19889,-8.01137,301.16,0.76,0.77,2024-09-17,0115,N,VIIRS,n,2,265,1.79,N,0
41.19892,-8.00367,305.37,0.76,0.77,2024-09-17,0115,N,VIIRS,n,2,266.3,1.79,N,0
41.19895,-7.99617,309.55,0.76,0.77,2024-09-17,0115,N,VIIRS,n,2,266.69,13.2,N,0
41.19913,-7.94531,301.13,0.75,0.77,2024-09-17,0115,N,VIIRS,n,2,276.45,7.51,N,0
41.19114,-8.11606,339.95,0.76,0.77,2024-09-17,0115,N,VIIRS,n,2,280.63,16.6,N,0
41.19122,-8.1009,367,0.76,0.77,2024-09-17,0115,N,VIIRS,h,2,289.56,58.96,N,0
41.19128,-8.08956,337.37,0.76,0.77,2024-09-17,0115,N,VIIRS,n,2,279.14,58.96,N,0
41.19135,-8.07664,351.59,0.76,0.77,2024-09-17,0115,N,VIIRS,n,2,269.32,10.89,N,0
41.19178,-7.97765,320.49,0.75,0.77,2024-09-17,0115,N,VIIRS,n,2,272.41,4.51,N,0
41.19184,-7.96322,326.65,0.75,0.77,2024-09-17,0115,N,VIIRS,n,2,273.79,4.51,N,0
41.19187,-7.95305,327.16,0.75,0.77,2024-09-17,0115,N,VIIRS,n,2,275.46,4.74,N,0
41.19044,-8.24286,314.31,0.78,0.78,2024-09-17,0115,N,VIIRS,n,2,278.21,2.58,N,0
41.19082,-8.17643,312.6,0.77,0.77,2024-09-17,0115,N,VIIRS,n,2,274.58,3.71,N,0
41.19092,-8.15799,298.48,0.77,0.77,2024-09-17,0115,N,VIIRS,n,2,274.64,3.2,N,0
41.19098,-8.14726,303.07,0.77,0.77,2024-09-17,0115,N,VIIRS,n,2,275.34,3.43,N,0
41.19102,-8.13851,306.7,0.77,0.77,2024-09-17,0115,N,VIIRS,n,2,276.26,3.43,N,0
41.19108,-8.12831,311.96,0.77,0.77,2024-09-17,0115,N,VIIRS,n,2,276.78,16.6,N,0
41.19143,-8.06117,314.37,0.76,0.77,2024-09-17,0115,N,VIIRS,n,2,263.52,10.89,N,0
41.19149,-8.04759,310.44,0.76,0.77,2024-09-17,0115,N,VIIRS,n,2,264.61,4.38,N,0
41.19154,-8.03709,308.08,0.76,0.77,2024-09-17,0115,N,VIIRS,n,2,269.05,4.38,N,0
41.19157,-8.02863,306.43,0.76,0.77,2024-09-17,0115,N,VIIRS,n,2,267.71,3.42,N,0
41.1916,-8.02125,303.94,0.76,0.77,2024-09-17,0115,N,VIIRS,n,2,266.06,3.42,N,0
41.19163,-8.01434,303.07,0.76,0.77,2024-09-17,0115,N,VIIRS,n,2,267.19,3.19,N,0
41.19165,-8.0069,304.27,0.76,0.77,2024-09-17,0115,N,VIIRS,n,2,264.94,3.19,N,0
41.19169,-7.99859,305.52,0.76,0.77,2024-09-17,0115,N,VIIRS,n,2,267.06,3.62,N,0
41.19173,-7.98882,313.43,0.75,0.77,2024-09-17,0115,N,VIIRS,n,2,270.63,3.62,N,0
41.1919,-7.94572,313.93,0.75,0.77,2024-09-17,0115,N,VIIRS,n,2,278.73,4.74,N,0
41.18394,-8.10262,320.77,0.76,0.77,2024-09-17,0115,N,VIIRS,n,2,280.13,58.96,N,0
41.18408,-8.07546,323.71,0.76,0.77,2024-09-17,0115,N,VIIRS,n,2,269.45,10.89,N,0
41.18417,-8.06074,320.38,0.76,0.77,2024-09-17,0115,N,VIIRS,n,2,267.81,10.89,N,0
41.18423,-8.04801,321.84,0.76,0.77,2024-09-17,0115,N,VIIRS,n,2,266.86,4.38,N,0
41.18427,-8.03856,322,0.76,0.77,2024-09-17,0115,N,VIIRS,n,2,268.78,4.38,N,0
41.18431,-8.03147,321.7,0.76,0.77,2024-09-17,0115,N,VIIRS,n,2,266.18,3.42,N,0
41.1844,-8.00957,327.93,0.76,0.77,2024-09-17,0115,N,VIIRS,n,2,264.72,3.19,N,0
41.18455,-7.97576,324.24,0.75,0.77,2024-09-17,0115,N,VIIRS,n,2,273.02,4.51,N,0
41.18467,-7.94584,338.71,0.75,0.77,2024-09-17,0115,N,VIIRS,n,2,280.69,4.74,N,0
41.1838,-8.12763,306.08,0.77,0.77,2024-09-17,0115,N,VIIRS,n,2,281.04,16.6,N,0
41.18386,-8.11614,316.25,0.76,0.77,2024-09-17,0115,N,VIIRS,n,2,281.92,16.6,N,0
41.18401,-8.09051,319.42,0.76,0.77,2024-09-17,0115,N,VIIRS,n,2,276.36,58.96,N,0
41.18433,-8.02462,318.17,0.76,0.77,2024-09-17,0115,N,VIIRS,n,2,264.41,3.42,N,0
41.18436,-8.01746,314.59,0.76,0.77,2024-09-17,0115,N,VIIRS,n,2,267.16,3.19,N,0
41.18444,-7.99912,311.85,0.76,0.77,2024-09-17,0115,N,VIIRS,n,2,264.63,3.62,N,0
41.1845,-7.98711,315.63,0.75,0.77,2024-09-17,0115,N,VIIRS,n,2,269.68,3.62,N,0
41.1846,-7.96289,303.71,0.75,0.77,2024-09-17,0115,N,VIIRS,n,2,273.48,4.51,N,0
41.18464,-7.95323,299.41,0.75,0.77,2024-09-17,0115,N,VIIRS,n,2,274.95,4.74,N,0
41.1768,-8.0773,326.21,0.76,0.77,2024-09-17,0115,N,VIIRS,n,2,274.18,29.18,N,0
41.1769,-8.06136,353.49,0.76,0.77,2024-09-17,0115,N,VIIRS,n,2,272.92,29.18,N,0
41.17696,-8.04938,367,0.76,0.77,2024-09-17,0115,N,VIIRS,h,2,277.34,122.6,N,0
41.17701,-8.04072,336.46,0.76,0.77,2024-09-17,0115,N,VIIRS,n,2,287.07,122.6,N,0
41.17703,-8.03412,342.85,0.76,0.77,2024-09-17,0115,N,VIIRS,n,2,278.04,60.58,N,0
41.17706,-8.02773,341.85,0.76,0.77,2024-09-17,0115,N,VIIRS,n,2,267.68,60.58,N,0
41.1771,-8.0202,326.72,0.76,0.77,2024-09-17,0115,N,VIIRS,n,2,267.22,11.87,N,0
41.17714,-8.01079,326.21,0.76,0.77,2024-09-17,0115,N,VIIRS,n,2,265.11,11.87,N,0
41.17728,-7.98368,320.39,0.75,0.77,2024-09-17,0115,N,VIIRS,n,2,268.06,19.81,N,0
41.1774,-7.95615,339.54,0.75,0.77,2024-09-17,0115,N,VIIRS,n,2,278.32,5.88,N,0
41.17657,-8.1171,307.05,0.76,0.77,2024-09-17,0115,N,VIIRS,n,2,280.89,8.77,N,0
41.17664,-8.10578,311.46,0.76,0.77,2024-09-17,0115,N,VIIRS,n,2,280.14,4.43,N,0
41.17671,-8.09398,317.37,0.76,0.77,2024-09-17,0115,N,VIIRS,n,2,277.73,4.43,N,0
41.17722,-7.99541,319.49,0.76,0.77,2024-09-17,0115,N,VIIRS,n,2,262.78,19.81,N,0
41.17731,-7.97472,316.41,0.75,0.77,2024-09-17,0115,N,VIIRS,n,2,274,7.5,N,0
41.17736,-7.96542,302.35,0.75,0.77,2024-09-17,0115,N,VIIRS,n,2,275.47,7.5,N,0
41.17743,-7.94735,307.84,0.75,0.77,2024-09-17,0115,N,VIIRS,n,2,278.41,5.88,N,0
41.16954,-8.07725,323.46,0.76,0.77,2024-09-17,0115,N,VIIRS,n,2,275.58,29.18,N,0
41.16963,-8.0619,347.61,0.76,0.77,2024-09-17,0115,N,VIIRS,n,2,273.84,29.18,N,0
41.16969,-8.0512,367,0.76,0.77,2024-09-17,0115,N,VIIRS,h,2,275.69,122.6,N,0
41.16973,-8.04247,367,0.76,0.77,2024-09-17,0115,N,VIIRS,h,2,272.38,122.6,N,0
41.16977,-8.03583,353.88,0.76,0.77,2024-09-17,0115,N,VIIRS,n,2,271.44,60.58,N,0
41.1698,-8.02938,344.12,0.76,0.77,2024-09-17,0115,N,VIIRS,n,2,268.97,60.58,N,0
41.16984,-8.02147,329.69,0.76,0.77,2024-09-17,0115,N,VIIRS,n,2,266.4,11.87,N,0
41.1699,-8.00949,352.66,0.76,0.77,2024-09-17,0115,N,VIIRS,n,2,268.44,11.87,N,0
41.16999,-7.99384,367,0.76,0.77,2024-09-17,0115,N,VIIRS,h,2,273.42,19.81,N,0
41.17004,-7.98287,367,0.75,0.77,2024-09-17,0115,N,VIIRS,h,2,273.56,19.81,N,0
41.17008,-7.97523,351.84,0.75,0.77,2024-09-17,0115,N,VIIRS,n,2,273.25,7.5,N,0
41.16936,-8.10544,308.2,0.76,0.77,2024-09-17,0115,N,VIIRS,n,2,280.14,4.43,N,0
41.16943,-8.09479,313.63,0.76,0.77,2024-09-17,0115,N,VIIRS,n,2,278.76,4.43,N,0
41.1701,-7.96842,302.02,0.75,0.77,2024-09-17,0115,N,VIIRS,n,2,277.14,7.5,N,0
41.16227,-8.0757,307.03,0.76,0.77,2024-09-17,0115,N,VIIRS,n,2,276.58,4.37,N,0
41.16236,-8.06269,311.25,0.76,0.77,2024-09-17,0115,N,VIIRS,n,2,272.68,4.37,N,0
41.16241,-8.05309,313.21,0.76,0.77,2024-09-17,0115,N,VIIRS,n,2,272.1,3.51,N,0
41.16246,-8.04452,315.52,0.76,0.77,2024-09-17,0115,N,VIIRS,n,2,269.44,3.51,N,0
41.1625,-8.03747,315.4,0.76,0.77,2024-09-17,0115,N,VIIRS,n,2,269.38,4.83,N,0
41.16254,-8.03027,313.46,0.76,0.77,2024-09-17,0115,N,VIIRS,n,2,269.86,4.83,N,0
41.16259,-8.02133,312.19,0.76,0.77,2024-09-17,0115,N,VIIRS,n,2,268.15,3.63,N,0
41.16266,-8.00818,310.4,0.76,0.77,2024-09-17,0115,N,VIIRS,n,2,267.16,3.63,N,0
41.16275,-7.99321,308.56,0.76,0.77,2024-09-17,0115,N,VIIRS,n,2,266.78,2.44,N,0
41.1628,-7.98291,304.5,0.75,0.77,2024-09-17,0115,N,VIIRS,n,2,266.91,2.44,N,0
41.16284,-7.97538,300.81,0.75,0.77,2024-09-17,0115,N,VIIRS,n,2,269.99,3,N,0
41.15513,-8.05594,301.21,0.76,0.77,2024-09-17,0115,N,VIIRS,n,2,271.74,3.51,N,0
41.20544,-7.98062,367,0.75,0.77,2024-09-17,0115,N,VIIRS,h,2,272.56,31.9,N,0
41.20542,-7.97209,367,0.75,0.77,2024-09-17,0115,N,VIIRS,h,2,277.38,31.9,N,0
41.20557,-8.1003,301.07,0.76,0.77,2024-09-17,0115,N,VIIRS,n,2,266.5,3.04,N,0
41.20555,-8.08946,303.01,0.76,0.77,2024-09-17,0115,N,VIIRS,n,2,267.28,4,N,0
41.20555,-8.07735,310.83,0.76,0.77,2024-09-17,0115,N,VIIRS,n,2,266.57,4,N,0
41.20553,-8.05832,312.28,0.76,0.77,2024-09-17,0115,N,VIIRS,n,2,266.8,2.73,N,0
41.20547,-8.00479,299.87,0.76,0.77,2024-09-17,0115,N,VIIRS,n,2,265.73,1.08,N,0
41.20546,-7.99711,304.16,0.76,0.77,2024-09-17,0115,N,VIIRS,n,2,266.24,6.49,N,0
41.20544,-7.9888,309.1,0.75,0.77,2024-09-17,0115,N,VIIRS,n,2,268.02,6.49,N,0
41.2054,-7.96237,304.21,0.75,0.77,2024-09-17,0115,N,VIIRS,n,2,272.95,15.6,N,0
41.19828,-8.08539,322.97,0.76,0.77,2024-09-17,0115,N,VIIRS,n,2,267.38,4,N,0
41.19828,-8.07067,328.56,0.76,0.77,2024-09-17,0115,N,VIIRS,n,2,266.61,4,N,0
41.1982,-7.98163,367,0.75,0.77,2024-09-17,0115,N,VIIRS,h,2,272.41,31.9,N,0
41.19818,-7.97091,367,0.75,0.77,2024-09-17,0115,N,VIIRS,h,2,274.83,31.9,N,0
41.19817,-7.95885,367,0.75,0.77,2024-09-17,0115,N,VIIRS,h,2,278.78,15.6,N,0
41.19815,-7.94887,327.93,0.75,0.77,2024-09-17,0115,N,VIIRS,n,2,277.03,15.6,N,0
41.19823,-8.24793,308.14,0.78,0.78,2024-09-17,0115,N,VIIRS,n,2,280.58,3.53,N,0
41.19829,-8.15217,298.25,0.77,0.77,2024-09-17,0115,N,VIIRS,n,2,270.93,1.61,N,0
41.19829,-8.14223,301.72,0.77,0.77,2024-09-17,0115,N,VIIRS,n,2,272.45,1.61,N,0
41.1983,-8.13286,303.92,0.77,0.77,2024-09-17,0115,N,VIIRS,n,2,273.08,2.44,N,0
41.1983,-8.12211,307.11,0.76,0.77,2024-09-17,0115,N,VIIRS,n,2,272.82,2.44,N,0
41.19829,-8.10899,312.46,0.76,0.77,2024-09-17,0115,N,VIIRS,n,2,273.02,3.04,N,0
41.19829,-8.09603,319.64,0.76,0.77,2024-09-17,0115,N,VIIRS,n,2,269.45,3.04,N,0
41.19827,-8.05396,316.45,0.76,0.77,2024-09-17,0115,N,VIIRS,n,2,263.96,2.73,N,0
41.19826,-8.04173,302.13,0.76,0.77,2024-09-17,0115,N,VIIRS,n,2,267.85,2.73,N,0
41.19823,-8.01439,300.22,0.76,0.77,2024-09-17,0115,N,VIIRS,n,2,265.42,1.08,N,0
41.19823,-8.00684,303.26,0.76,0.77,2024-09-17,0115,N,VIIRS,n,2,265.43,1.08,N,0
41.19822,-7.9993,307.5,0.76,0.77,2024-09-17,0115,N,VIIRS,n,2,265.75,6.49,N,0
41.19821,-7.99088,311.69,0.75,0.77,2024-09-17,0115,N,VIIRS,n,2,268.75,6.49,N,0
41.19101,-8.12078,321.21,0.76,0.77,2024-09-17,0115,N,VIIRS,n,2,280.15,16.96,N,0
41.19101,-8.10592,367,0.76,0.77,2024-09-17,0115,N,VIIRS,h,2,288.17,68.39,N,0
41.19101,-8.09336,336.81,0.76,0.77,2024-09-17,0115,N,VIIRS,n,2,292.31,68.39,N,0
41.19101,-8.08189,367,0.76,0.77,2024-09-17,0115,N,VIIRS,h,2,277.23,18.64,N,0
41.19101,-8.06632,322.32,0.76,0.77,2024-09-17,0115,N,VIIRS,n,2,266.33,18.64,N,0
41.19096,-7.98193,326.73,0.75,0.77,2024-09-17,0115,N,VIIRS,n,2,272.93,4.4,N,0
41.19095,-7.96893,321.78,0.75,0.77,2024-09-17,0115,N,VIIRS,n,2,273.79,4.4,N,0
41.19093,-7.94829,321.17,0.75,0.77,2024-09-17,0115,N,VIIRS,n,2,277.97,5.25,N,0
41.19091,-8.24731,314.88,0.78,0.78,2024-09-17,0115,N,VIIRS,n,2,279.13,3.56,N,0
41.19098,-8.17919,316.04,0.77,0.77,2024-09-17,0115,N,VIIRS,n,2,276.25,3.78,N,0
41.191,-8.14155,304.85,0.77,0.77,2024-09-17,0115,N,VIIRS,n,2,277.79,6.15,N,0
41.19101,-8.13224,308.58,0.77,0.77,2024-09-17,0115,N,VIIRS,n,2,278.4,16.96,N,0
41.19101,-8.05255,312.46,0.76,0.77,2024-09-17,0115,N,VIIRS,n,2,263.75,4.1,N,0
41.191,-8.04057,310.28,0.76,0.77,2024-09-17,0115,N,VIIRS,n,2,268.02,4.1,N,0
41.191,-8.03178,309.5,0.76,0.77,2024-09-17,0115,N,VIIRS,n,2,267.77,3.59,N,0
41.19099,-8.02418,306.19,0.76,0.77,2024-09-17,0115,N,VIIRS,n,2,265.43,3.59,N,0
41.19099,-8.0172,304.07,0.76,0.77,2024-09-17,0115,N,VIIRS,n,2,266.82,3.17,N,0
41.19099,-8.01014,303.81,0.76,0.77,2024-09-17,0115,N,VIIRS,n,2,266.26,3.17,N,0
41.19098,-8.00211,304.83,0.76,0.77,2024-09-17,0115,N,VIIRS,n,2,264.17,3.48,N,0
41.19097,-7.99284,309.05,0.75,0.77,2024-09-17,0115,N,VIIRS,n,2,269.17,3.48,N,0
41.19093,-7.95626,316.73,0.75,0.77,2024-09-17,0115,N,VIIRS,n,2,274.47,5.25,N,0
41.18374,-8.08183,321.62,0.76,0.77,2024-09-17,0115,N,VIIRS,n,2,273.3,18.64,N,0
41.18375,-8.06555,320.5,0.76,0.77,2024-09-17,0115,N,VIIRS,n,2,269.23,18.64,N,0
41.18375,-8.05273,321.37,0.76,0.77,2024-09-17,0115,N,VIIRS,n,2,268.22,4.1,N,0
41.18375,-8.04176,323.55,0.76,0.77,2024-09-17,0115,N,VIIRS,n,2,267.55,4.1,N,0
41.18375,-8.03417,323.3,0.76,0.77,2024-09-17,0115,N,VIIRS,n,2,266.53,3.59,N,0
41.18375,-8.02747,320.69,0.76,0.77,2024-09-17,0115,N,VIIRS,n,2,264.37,3.59,N,0
41.18374,-8.01282,321.73,0.76,0.77,2024-09-17,0115,N,VIIRS,n,2,265.78,3.17,N,0
41.18374,-8.00339,321.37,0.76,0.77,2024-09-17,0115,N,VIIRS,n,2,262.79,3.48,N,0
41.1837,-7.9488,324.92,0.75,0.77,2024-09-17,0115,N,VIIRS,n,2,277.58,5.25,N,0
41.18373,-8.10762,316.83,0.76,0.77,2024-09-17,0115,N,VIIRS,n,2,281.99,68.39,N,0
41.18374,-8.09474,314.65,0.76,0.77,2024-09-17,0115,N,VIIRS,n,2,279.28,68.39,N,0
41.18374,-8.02042,316.9,0.76,0.77,2024-09-17,0115,N,VIIRS,n,2,266.27,3.17,N,0
41.18373,-7.99088,311.47,0.75,0.77,2024-09-17,0115,N,VIIRS,n,2,266.04,3.48,N,0
41.18372,-7.97971,315.31,0.75,0.77,2024-09-17,0115,N,VIIRS,n,2,270.95,4.4,N,0
41.18372,-7.96783,309.74,0.75,0.77,2024-09-17,0115,N,VIIRS,n,2,272.88,4.4,N,0
41.18369,-7.94158,310.36,0.75,0.77,2024-09-17,0115,N,VIIRS,n,2,280.74,7.58,N,0
41.17648,-8.08489,321.48,0.76,0.77,2024-09-17,0115,N,VIIRS,n,2,276.22,16.43,N,0
41.17649,-8.06588,337.75,0.76,0.77,2024-09-17,0115,N,VIIRS,n,2,274.7,16.43,N,0
41.17649,-8.05375,367,0.76,0.77,2024-09-17,0115,N,VIIRS,h,2,276.9,111.02,N,0
41.17649,-8.04353,348.55,0.76,0.77,2024-09-17,0115,N,VIIRS,n,2,289.69,111.02,N,0
41.17649,-8.0365,332.78,0.76,0.77,2024-09-17,0115,N,VIIRS,n,2,288.16,82.4,N,0
41.17649,-8.0303,355.23,0.76,0.77,2024-09-17,0115,N,VIIRS,n,2,273.18,82.4,N,0
41.17649,-8.02328,329.52,0.76,0.77,2024-09-17,0115,N,VIIRS,n,2,268.25,13.67,N,0
41.17649,-8.01468,327.59,0.76,0.77,2024-09-17,0115,N,VIIRS,n,2,265.87,13.67,N,0
41.17649,-8.00128,323.55,0.76,0.77,2024-09-17,0115,N,VIIRS,n,2,264.22,20.25,N,0
41.17649,-7.9871,323.12,0.75,0.77,2024-09-17,0115,N,VIIRS,n,2,266.76,20.25,N,0
41.17649,-7.97802,340.99,0.75,0.77,2024-09-17,0115,N,VIIRS,n,2,273.72,10.78,N,0
41.17648,-7.95091,339.99,0.75,0.77,2024-09-17,0115,N,VIIRS,n,2,279.76,7.22,N,0
41.17645,-8.10982,309.58,0.76,0.77,2024-09-17,0115,N,VIIRS,n,2,280.23,4.34,N,0
41.17647,-8.09828,314.48,0.76,0.77,2024-09-17,0115,N,VIIRS,n,2,279.05,4.34,N,0
41.17649,-7.96932,306.1,0.75,0.77,2024-09-17,0115,N,VIIRS,n,2,276.37,10.78,N,0
41.17648,-7.96016,310.14,0.75,0.77,2024-09-17,0115,N,VIIRS,n,2,277.45,7.22,N,0
41.16922,-8.0661,330.78,0.76,0.77,2024-09-17,0115,N,VIIRS,n,2,274.06,16.43,N,0
41.16923,-8.05499,367,0.76,0.77,2024-09-17,0115,N,VIIRS,h,2,274.66,111.02,N,0
41.16924,-8.04538,367,0.76,0.77,2024-09-17,0115,N,VIIRS,h,2,271.29,111.02,N,0
41.16924,-8.0383,367,0.76,0.77,2024-09-17,0115,N,VIIRS,h,2,268.48,82.4,N,0
41.16924,-8.03179,355.46,0.76,0.77,2024-09-17,0115,N,VIIRS,n,2,269.01,82.4,N,0
41.16924,-8.02454,327.55,0.76,0.77,2024-09-17,0115,N,VIIRS,n,2,267.79,13.67,N,0
41.16925,-8.01468,345.12,0.76,0.77,2024-09-17,0115,N,VIIRS,n,2,268.19,13.67,N,0
41.16925,-7.99905,367,0.76,0.77,2024-09-17,0115,N,VIIRS,h,2,270.77,20.25,N,0
41.16925,-7.98624,367,0.75,0.77,2024-09-17,0115,N,VIIRS,h,2,272.93,20.25,N,0
41.16925,-7.97781,367,0.75,0.77,2024-09-17,0115,N,VIIRS,h,2,270.77,10.78,N,0
41.16919,-8.09864,310.28,0.76,0.77,2024-09-17,0115,N,VIIRS,n,2,280.12,4.34,N,0
41.1692,-8.08486,316.79,0.76,0.77,2024-09-17,0115,N,VIIRS,n,2,277.79,16.43,N,0
41.16925,-7.97101,306.12,0.75,0.77,2024-09-17,0115,N,VIIRS,n,2,274.6,10.78,N,0
41.16195,-8.0669,308.98,0.76,0.77,2024-09-17,0115,N,VIIRS,n,2,274,5.51,N,0
41.16197,-8.05639,310.81,0.76,0.77,2024-09-17,0115,N,VIIRS,n,2,272.44,4.2,N,0
41.16198,-8.04735,312.57,0.76,0.77,2024-09-17,0115,N,VIIRS,n,2,272.07,4.2,N,0
41.16198,-8.04005,313.47,0.76,0.77,2024-09-17,0115,N,VIIRS,n,2,271.27,4.06,N,0
41.16199,-8.03298,312.12,0.76,0.77,2024-09-17,0115,N,VIIRS,n,2,270.69,4.06,N,0
41.16199,-8.02483,311.34,0.76,0.77,2024-09-17,0115,N,VIIRS,n,2,268.87,3.35,N,0
41.162,-8.01315,309.55,0.76,0.77,2024-09-17,0115,N,VIIRS,n,2,268.09,3.35,N,0
41.16201,-7.99813,307.16,0.76,0.77,2024-09-17,0115,N,VIIRS,n,2,267.52,2.1,N,0
41.16201,-7.98623,304,0.75,0.77,2024-09-17,0115,N,VIIRS,n,2,268.03,2.1,N,0
41.16202,-7.97805,300.8,0.75,0.77,2024-09-17,0115,N,VIIRS,n,2,268.67,1.82,N,0
41.13988,-8.17974,367,0.77,0.77,2024-09-17,0115,N,VIIRS,h,2,289.14,72.02,N,0
41.13991,-8.16987,320.19,0.77,0.77,2024-09-17,0115,N,VIIRS,n,2,296.95,72.02,N,0
41.14015,-8.07314,367,0.76,0.77,2024-09-17,0115,N,VIIRS,h,2,289.63,20.31,N,0
41.14021,-8.04487,349.98,0.76,0.77,2024-09-17,0115,N,VIIRS,n,2,282.57,8.52,N,0
41.14023,-8.03477,323.9,0.76,0.77,2024-09-17,0115,N,VIIRS,n,2,275.36,8.52,N,0
41.14017,-8.06464,310.89,0.76,0.77,2024-09-17,0115,N,VIIRS,n,2,281.74,7.16,N,0
41.14019,-8.0547,312.66,0.76,0.77,2024-09-17,0115,N,VIIRS,n,2,281.34,7.16,N,0
41.13288,-8.07288,311.74,0.76,0.77,2024-09-17,0115,N,VIIRS,n,2,283.81,3.21,N,0
41.13297,-8.03472,305.23,0.76,0.77,2024-09-17,0115,N,VIIRS,n,2,277.74,4.13,N,0
41.11004,-8.31108,309.55,0.78,0.78,2024-09-17,0115,N,VIIRS,n,2,286.1,3.22,N,0
41.11102,-8.09222,310.54,0.76,0.77,2024-09-17,0115,N,VIIRS,n,2,283.02,2.11,N,0
41.11106,-8.08052,315.16,0.76,0.77,2024-09-17,0115,N,VIIRS,n,2,281.62,2.11,N,0
41.1039,-8.04918,338.5,0.76,0.77,2024-09-17,0115,N,VIIRS,n,2,278.18,4.82,N,0
41.09665,-8.04524,326.95,0.76,0.77,2024-09-17,0115,N,VIIRS,n,2,280.61,4.82,N,0
41.09663,-8.05334,312.49,0.76,0.77,2024-09-17,0115,N,VIIRS,n,2,279.68,4.82,N,0
41.09668,-8.03697,302.7,0.76,0.77,2024-09-17,0115,N,VIIRS,n,2,279.68,3.55,N,0
41.09688,-7.98217,301.6,0.75,0.77,2024-09-17,0115,N,VIIRS,n,2,280.44,1.75,N,0
41.08952,-8.0139,322.19,0.76,0.77,2024-09-17,0115,N,VIIRS,n,2,280.6,8.84,N,0
41.08957,-8.00249,355.23,0.75,0.77,2024-09-17,0115,N,VIIRS,n,2,285.44,8.84,N,0
41.0896,-7.99134,309.4,0.75,0.77,2024-09-17,0115,N,VIIRS,n,2,282.88,5.98,N,0
41.08966,-7.97745,308.91,0.75,0.77,2024-09-17,0115,N,VIIRS,n,2,281.24,5.98,N,0
41.08969,-7.96874,310.92,0.75,0.77,2024-09-17,0115,N,VIIRS,n,2,278.44,5.26,N,0
41.08234,-7.99734,339.28,0.75,0.77,2024-09-17,0115,N,VIIRS,n,2,284.42,8.84,N,0
41.08244,-7.97374,340.87,0.75,0.77,2024-09-17,0115,N,VIIRS,n,2,282.05,5.98,N,0
41.08276,-7.88213,333.61,0.75,0.77,2024-09-17,0115,N,VIIRS,n,2,271.27,4.1,N,0
41.08223,-8.0235,303.11,0.76,0.77,2024-09-17,0115,N,VIIRS,n,2,280.71,5.74,N,0
41.0823,-8.00856,309.05,0.76,0.77,2024-09-17,0115,N,VIIRS,n,2,279.73,8.84,N,0
41.0824,-7.98509,310.73,0.75,0.77,2024-09-17,0115,N,VIIRS,n,2,282.41,5.98,N,0
41.07507,-8.00678,324.64,0.76,0.77,2024-09-17,0115,N,VIIRS,n,2,283.43,9.9,N,0
41.07513,-7.99378,343.74,0.75,0.77,2024-09-17,0115,N,VIIRS,n,2,283.09,9.9,N,0
41.07519,-7.9801,342.97,0.75,0.77,2024-09-17,0115,N,VIIRS,n,2,283.16,8.81,N,0
41.07452,-8.11784,307.43,0.76,0.77,2024-09-17,0115,N,VIIRS,n,2,281.05,2.87,N,0
41.07488,-8.04687,316.26,0.76,0.77,2024-09-17,0115,N,VIIRS,n,2,281.89,11.51,N,0
41.07493,-8.03644,307.25,0.76,0.77,2024-09-17,0115,N,VIIRS,n,2,281.66,11.51,N,0
41.07499,-8.02176,303.04,0.76,0.77,2024-09-17,0115,N,VIIRS,n,2,282.65,6.63,N,0
41.07523,-7.96999,318.83,0.75,0.77,2024-09-17,0115,N,VIIRS,n,2,278.91,8.81,N,0
41.06721,-8.12399,320.55,0.77,0.77,2024-09-17,0115,N,VIIRS,n,2,278.94,2.87,N,0
41.06754,-8.06172,367,0.76,0.77,2024-09-17,0115,N,VIIRS,h,2,285.74,24.68,N,0
41.06765,-8.04331,367,0.76,0.77,2024-09-17,0115,N,VIIRS,h,2,286.97,11.51,N,0
41.06788,-7.99407,329.37,0.75,0.77,2024-09-17,0115,N,VIIRS,n,2,279.79,9.9,N,0
41.06726,-8.11432,314.85,0.76,0.77,2024-09-17,0115,N,VIIRS,n,2,279.46,2.87,N,0
41.06748,-8.07258,305.44,0.76,0.77,2024-09-17,0115,N,VIIRS,n,2,282.3,24.68,N,0
41.06769,-8.03383,318.74,0.76,0.77,2024-09-17,0115,N,VIIRS,n,2,279.46,11.51,N,0
41.0604,-8.04154,314.35,0.76,0.77,2024-09-17,0115,N,VIIRS,n,2,280.17,3.05,N,0
41.06105,-7.90494,309.55,0.75,0.77,2024-09-17,0115,N,VIIRS,n,2,277.7,1.54,N,0
41.06113,-7.88721,297.31,0.75,0.77,2024-09-17,0115,N,VIIRS,n,2,274.03,1.54,N,0
41.1101,-8.08828,330.12,0.76,0.77,2024-09-17,0115,N,VIIRS,n,2,283.87,4.92,N,0
41.11018,-8.32317,303.38,0.78,0.78,2024-09-17,0115,N,VIIRS,n,2,286.79,2.85,N,0
41.11019,-8.30826,313.42,0.78,0.78,2024-09-17,0115,N,VIIRS,n,2,287.06,2.1,N,0
41.11001,-8.0304,298.66,0.76,0.77,2024-09-17,0115,N,VIIRS,n,2,278.58,2.09,N,0
41.10279,-8.05598,324.5,0.76,0.77,2024-09-17,0115,N,VIIRS,n,2,279.08,5.19,N,0
41.10278,-8.04643,321.44,0.76,0.77,2024-09-17,0115,N,VIIRS,n,2,277.67,5.19,N,0
41.09553,-8.05043,329.17,0.76,0.77,2024-09-17,0115,N,VIIRS,n,2,280.69,5.19,N,0
41.09543,-7.9771,315.05,0.75,0.77,2024-09-17,0115,N,VIIRS,n,2,280.93,2.68,N,0
41.08823,-8.00755,350.9,0.75,0.77,2024-09-17,0115,N,VIIRS,n,2,282.68,10.66,N,0
41.08822,-7.99784,340.17,0.75,0.77,2024-09-17,0115,N,VIIRS,n,2,284.41,9.14,N,0
41.0882,-7.98383,306.88,0.75,0.77,2024-09-17,0115,N,VIIRS,n,2,281.8,9.14,N,0
41.08819,-7.97287,310.29,0.75,0.77,2024-09-17,0115,N,VIIRS,n,2,279.6,3.99,N,0
41.08818,-7.96463,296.7,0.75,0.77,2024-09-17,0115,N,VIIRS,n,2,276.71,3.99,N,0
41.08099,-8.0021,323.62,0.75,0.77,2024-09-17,0115,N,VIIRS,n,2,281.54,10.66,N,0
41.08097,-7.99166,337.99,0.75,0.77,2024-09-17,0115,N,VIIRS,n,2,284.45,9.14,N,0
41.08096,-7.97875,333,0.75,0.77,2024-09-17,0115,N,VIIRS,n,2,283.61,9.14,N,0
41.08096,-7.96926,330.79,0.75,0.77,2024-09-17,0115,N,VIIRS,n,2,279.52,3.99,N,0
41.081,-8.01819,308.56,0.76,0.77,2024-09-17,0115,N,VIIRS,n,2,281.28,10.66,N,0
41.08085,-7.89761,314.46,0.75,0.77,2024-09-17,0115,N,VIIRS,n,2,272.65,2.95,N,0
41.08081,-7.87557,310.74,0.74,0.76,2024-09-17,0115,N,VIIRS,n,2,271.58,2.95,N,0
41.07376,-8.04115,328.56,0.76,0.77,2024-09-17,0115,N,VIIRS,n,2,282.32,15.68,N,0
41.07375,-8.00119,329.86,0.75,0.77,2024-09-17,0115,N,VIIRS,n,2,282.38,9.86,N,0
41.07373,-7.98713,343.41,0.75,0.77,2024-09-17,0115,N,VIIRS,n,2,282.91,6.97,N,0
41.07373,-7.97483,321.84,0.75,0.77,2024-09-17,0115,N,VIIRS,n,2,280.75,6.97,N,0
41.07374,-8.12334,300.08,0.76,0.77,2024-09-17,0115,N,VIIRS,n,2,279.81,4.24,N,0
41.07375,-8.11327,302.69,0.76,0.77,2024-09-17,0115,N,VIIRS,n,2,279.5,3.28,N,0
41.07376,-8.05291,316.66,0.76,0.77,2024-09-17,0115,N,VIIRS,n,2,281.1,15.68,N,0
41.07375,-8.01661,310.42,0.76,0.77,2024-09-17,0115,N,VIIRS,n,2,283.31,9.86,N,0
41.06647,-8.11962,334.39,0.76,0.77,2024-09-17,0115,N,VIIRS,n,2,279.38,4.24,N,0
41.06649,-8.0688,328.01,0.76,0.77,2024-09-17,0115,N,VIIRS,n,2,282.25,27.27,N,0
41.0665,-8.05206,367,0.76,0.77,2024-09-17,0115,N,VIIRS,h,2,285.72,15.68,N,0
41.06651,-8.03833,367,0.76,0.77,2024-09-17,0115,N,VIIRS,h,2,285.22,15.68,N,0
41.0665,-7.98795,312.02,0.75,0.77,2024-09-17,0115,N,VIIRS,n,2,277.87,6.97,N,0
41.05923,-7.89442,311.8,0.75,0.77,2024-09-17,0115,N,VIIRS,n,2,277.49,3.29,N,0
41.03019,-8.06882,308.49,0.76,0.77,2024-09-17,0115,N,VIIRS,n,2,272.25,5.21,N,0
41.02294,-8.06144,344.85,0.76,0.77,2024-09-17,0115,N,VIIRS,n,2,272.51,10.45,N,0
41.01567,-8.06786,307.37,0.76,0.77,2024-09-17,0115,N,VIIRS,n,2,267.71,2.73,N,0
41.00839,-8.07482,322.47,0.76,0.77,2024-09-17,0115,N,VIIRS,n,2,271.08,2.73,N,0
41.00837,-8.08132,308.71,0.76,0.77,2024-09-17,0115,N,VIIRS,n,2,275.74,4.53,N,0
41.00111,-8.08181,311.14,0.76,0.77,2024-09-17,0115,N,VIIRS,n,2,280.58,4.84,N,0
41.00113,-8.07543,312.49,0.76,0.77,2024-09-17,0115,N,VIIRS,n,2,275.47,3.09,N,0
41.01517,-8.07064,301.09,0.76,0.77,2024-09-17,0115,N,VIIRS,n,2,267.58,4.69,N,0
41.00793,-8.07733,339.11,0.76,0.77,2024-09-17,0115,N,VIIRS,n,2,276.74,4.69,N,0
41.00068,-8.08476,300.43,0.76,0.77,2024-09-17,0115,N,VIIRS,n,2,279.21,3.03,N,0
41.00067,-8.07802,309.51,0.76,0.77,2024-09-17,0115,N,VIIRS,n,2,277.17,3.63,N,0
40.89224,-7.85159,343.99,0.74,0.76,2024-09-17,0115,N,VIIRS,n,2,267.9,11.62,N,0
40.89226,-7.8406,367,0.74,0.76,2024-09-17,0115,N,VIIRS,h,2,275.99,15.24,N,0
40.89227,-7.83079,324.81,0.74,0.76,2024-09-17,0115,N,VIIRS,n,2,276.73,15.24,N,0
40.89228,-7.82102,325.1,0.74,0.76,2024-09-17,0115,N,VIIRS,n,2,275.93,6.31,N,0
40.89222,-7.86395,301.69,0.74,0.76,2024-09-17,0115,N,VIIRS,n,2,267.25,11.62,N,0
40.88497,-7.89494,340.41,0.74,0.76,2024-09-17,0115,N,VIIRS,n,2,269.95,18.8,N,0
40.88499,-7.8855,367,0.74,0.76,2024-09-17,0115,N,VIIRS,h,2,280.72,17.9,N,0
40.885,-7.87608,340.2,0.74,0.76,2024-09-17,0115,N,VIIRS,n,2,277.73,17.9,N,0
40.88503,-7.86539,341.14,0.74,0.76,2024-09-17,0115,N,VIIRS,n,2,271.82,5.68,N,0
40.88511,-7.81207,326.29,0.74,0.76,2024-09-17,0115,N,VIIRS,n,2,280.63,7.68,N,0
40.88485,-7.94831,295.43,0.75,0.77,2024-09-17,0115,N,VIIRS,n,2,266.71,1.8,N,0
40.88487,-7.93909,298.7,0.75,0.77,2024-09-17,0115,N,VIIRS,n,2,266.14,2.38,N,0
40.88489,-7.93157,301.47,0.75,0.77,2024-09-17,0115,N,VIIRS,n,2,264.45,2.38,N,0
40.88491,-7.92333,303.84,0.75,0.77,2024-09-17,0115,N,VIIRS,n,2,263.65,6.43,N,0
40.88493,-7.91399,305.68,0.75,0.77,2024-09-17,0115,N,VIIRS,n,2,266.39,6.43,N,0
40.88495,-7.90465,311.69,0.75,0.77,2024-09-17,0115,N,VIIRS,n,2,266.34,18.8,N,0
40.88505,-7.85256,318.38,0.74,0.76,2024-09-17,0115,N,VIIRS,n,2,267.11,5.68,N,0
40.88507,-7.84037,304.01,0.74,0.76,2024-09-17,0115,N,VIIRS,n,2,273.38,6.16,N,0
40.8851,-7.82063,307.52,0.74,0.76,2024-09-17,0115,N,VIIRS,n,2,277.67,7.68,N,0
40.87773,-7.91252,327.2,0.75,0.77,2024-09-17,0115,N,VIIRS,n,2,265.2,6.43,N,0
40.87775,-7.90313,367,0.75,0.77,2024-09-17,0115,N,VIIRS,h,2,269.79,18.8,N,0
40.87777,-7.8932,350.69,0.74,0.76,2024-09-17,0115,N,VIIRS,n,2,273.22,18.8,N,0
40.87779,-7.88483,367,0.74,0.76,2024-09-17,0115,N,VIIRS,h,2,278.87,17.9,N,0
40.8779,-7.83094,332.64,0.74,0.76,2024-09-17,0115,N,VIIRS,n,2,280.76,6.16,N,0
40.87792,-7.82143,352.9,0.74,0.76,2024-09-17,0115,N,VIIRS,n,2,284.88,7.68,N,0
40.87761,-7.95709,299.99,0.75,0.77,2024-09-17,0115,N,VIIRS,n,2,267.79,1.8,N,0
40.87764,-7.94724,304.25,0.75,0.77,2024-09-17,0115,N,VIIRS,n,2,267.56,1.8,N,0
40.87766,-7.93929,307.41,0.75,0.77,2024-09-17,0115,N,VIIRS,n,2,267.85,2.38,N,0
40.87768,-7.9314,310.66,0.75,0.77,2024-09-17,0115,N,VIIRS,n,2,267.75,2.38,N,0
40.8777,-7.92207,314.63,0.75,0.77,2024-09-17,0115,N,VIIRS,n,2,266.13,6.43,N,0
40.87781,-7.87588,316.75,0.74,0.76,2024-09-17,0115,N,VIIRS,n,2,276.7,17.9,N,0
40.87783,-7.8665,310.76,0.74,0.76,2024-09-17,0115,N,VIIRS,n,2,273.13,5.68,N,0
40.87785,-7.85502,305.28,0.74,0.76,2024-09-17,0115,N,VIIRS,n,2,267.68,5.68,N,0
40.87788,-7.84188,301.57,0.74,0.76,2024-09-17,0115,N,VIIRS,n,2,274.34,6.16,N,0
40.87046,-7.93225,334.66,0.75,0.77,2024-09-17,0115,N,VIIRS,n,2,269.54,15.21,N,0
40.87049,-7.9221,367,0.75,0.77,2024-09-17,0115,N,VIIRS,h,2,278.62,55.37,N,0
40.87051,-7.91309,367,0.75,0.77,2024-09-17,0115,N,VIIRS,h,2,275.88,55.37,N,0
40.87054,-7.90303,355.34,0.75,0.77,2024-09-17,0115,N,VIIRS,n,2,268,25.99,N,0
40.87057,-7.89221,337.37,0.74,0.76,2024-09-17,0115,N,VIIRS,n,2,271.46,25.99,N,0
40.87059,-7.883,320.32,0.74,0.76,2024-09-17,0115,N,VIIRS,n,2,271.68,7.25,N,0
40.87068,-7.84512,338.44,0.74,0.76,2024-09-17,0115,N,VIIRS,n,2,276.59,9.1,N,0
40.87035,-7.96752,301.27,0.75,0.77,2024-09-17,0115,N,VIIRS,n,2,268.04,2.29,N,0
40.87038,-7.9576,306.08,0.75,0.77,2024-09-17,0115,N,VIIRS,n,2,266.2,3.36,N,0
40.87041,-7.94776,310.57,0.75,0.77,2024-09-17,0115,N,VIIRS,n,2,267.27,3.36,N,0
40.87044,-7.93998,315.91,0.75,0.77,2024-09-17,0115,N,VIIRS,n,2,267.87,15.21,N,0
40.87062,-7.87384,314.08,0.74,0.76,2024-09-17,0115,N,VIIRS,n,2,272.85,7.25,N,0
40.87064,-7.86526,310.39,0.74,0.76,2024-09-17,0115,N,VIIRS,n,2,270.33,9.32,N,0
40.87066,-7.85697,308.14,0.74,0.76,2024-09-17,0115,N,VIIRS,n,2,267.78,9.32,N,0
40.87071,-7.83244,315.55,0.74,0.76,2024-09-17,0115,N,VIIRS,n,2,279.84,9.1,N,0
40.86324,-7.9328,329.97,0.75,0.77,2024-09-17,0115,N,VIIRS,n,2,269.32,15.21,N,0
40.86327,-7.9227,353.05,0.75,0.77,2024-09-17,0115,N,VIIRS,n,2,271.49,55.37,N,0
40.8633,-7.9139,338.14,0.75,0.77,2024-09-17,0115,N,VIIRS,n,2,263.25,55.37,N,0
40.86333,-7.90241,367,0.75,0.77,2024-09-17,0115,N,VIIRS,h,2,265.29,25.99,N,0
40.86337,-7.89206,367,0.74,0.76,2024-09-17,0115,N,VIIRS,h,2,269.26,25.99,N,0
40.8634,-7.88262,324.6,0.74,0.76,2024-09-17,0115,N,VIIRS,n,2,266.68,7.25,N,0
40.86342,-7.87318,339.42,0.74,0.76,2024-09-17,0115,N,VIIRS,n,2,271.01,7.25,N,0
40.86344,-7.86522,320.36,0.74,0.76,2024-09-17,0115,N,VIIRS,n,2,271.44,9.32,N,0
40.86346,-7.85613,351.02,0.74,0.76,2024-09-17,0115,N,VIIRS,n,2,270.6,9.32,N,0
40.86349,-7.84523,367,0.74,0.76,2024-09-17,0115,N,VIIRS,h,2,272.29,9.1,N,0
40.86309,-7.97716,298.65,0.75,0.77,2024-09-17,0115,N,VIIRS,n,2,266.26,2.29,N,0
40.86312,-7.9682,303.21,0.75,0.77,2024-09-17,0115,N,VIIRS,n,2,267.24,2.29,N,0
40.86316,-7.95827,307.89,0.75,0.77,2024-09-17,0115,N,VIIRS,n,2,267.1,3.36,N,0
40.86319,-7.94848,312.41,0.75,0.77,2024-09-17,0115,N,VIIRS,n,2,268.55,3.36,N,0
40.86321,-7.94074,316.32,0.75,0.77,2024-09-17,0115,N,VIIRS,n,2,268.59,15.21,N,0
40.86353,-7.83404,305.67,0.74,0.76,2024-09-17,0115,N,VIIRS,n,2,277.94,9.1,N,0
40.85602,-7.93368,357.11,0.75,0.77,2024-09-17,0115,N,VIIRS,n,2,272.16,14.32,N,0
40.85605,-7.92387,367,0.75,0.77,2024-09-17,0115,N,VIIRS,h,2,273.79,21.56,N,0
40.85609,-7.91371,355.94,0.75,0.77,2024-09-17,0115,N,VIIRS,n,2,263.89,21.56,N,0
40.85613,-7.90183,367,0.75,0.77,2024-09-17,0115,N,VIIRS,h,2,265.76,20.1,N,0
40.85616,-7.89297,340.83,0.74,0.76,2024-09-17,0115,N,VIIRS,n,2,263.56,20.1,N,0
40.85625,-7.86459,323.71,0.74,0.76,2024-09-17,0115,N,VIIRS,n,2,272.84,5.9,N,0
40.85585,-7.97864,297.83,0.75,0.77,2024-09-17,0115,N,VIIRS,n,2,264.66,1.67,N,0
40.85588,-7.969,302.47,0.75,0.77,2024-09-17,0115,N,VIIRS,n,2,265.44,1.67,N,0
40.85592,-7.95896,307.93,0.75,0.77,2024-09-17,0115,N,VIIRS,n,2,267.65,5.74,N,0
40.85596,-7.94987,312.16,0.75,0.77,2024-09-17,0115,N,VIIRS,n,2,269.57,5.74,N,0
40.85599,-7.942,319.32,0.75,0.77,2024-09-17,0115,N,VIIRS,n,2,268.65,14.32,N,0
40.85619,-7.88234,313.45,0.74,0.76,2024-09-17,0115,N,VIIRS,n,2,265.24,7.82,N,0
40.85623,-7.87196,318.34,0.74,0.76,2024-09-17,0115,N,VIIRS,n,2,269.57,7.82,N,0
40.85627,-7.85622,317.93,0.74,0.76,2024-09-17,0115,N,VIIRS,n,2,269.87,5.9,N,0
40.8563,-7.84643,299.13,0.74,0.76,2024-09-17,0115,N,VIIRS,n,2,265.24,3.21,N,0
40.84874,-7.9506,327.17,0.75,0.77,2024-09-17,0115,N,VIIRS,n,2,268.52,5.74,N,0
40.84876,-7.94306,332.49,0.75,0.77,2024-09-17,0115,N,VIIRS,n,2,270.28,14.32,N,0
40.8488,-7.93469,325.09,0.75,0.77,2024-09-17,0115,N,VIIRS,n,2,268.33,14.32,N,0
40.84883,-7.92495,333.94,0.75,0.77,2024-09-17,0115,N,VIIRS,n,2,268.75,21.56,N,0
40.84888,-7.91314,321.78,0.75,0.77,2024-09-17,0115,N,VIIRS,n,2,263.56,21.56,N,0
40.84861,-7.97996,295.04,0.75,0.77,2024-09-17,0115,N,VIIRS,n,2,265.99,1.67,N,0
40.84866,-7.96931,300.01,0.75,0.77,2024-09-17,0115,N,VIIRS,n,2,264.12,1.67,N,0
40.8487,-7.95879,315.92,0.75,0.77,2024-09-17,0115,N,VIIRS,n,2,264.39,5.74,N,0
40.84892,-7.9028,307.73,0.75,0.77,2024-09-17,0115,N,VIIRS,n,2,262.57,20.1,N,0
40.89708,-7.82262,324.21,0.74,0.76,2024-09-17,0115,N,VIIRS,n,2,274.88,6.62,N,0
40.89002,-7.85348,343.49,0.74,0.76,2024-09-17,0115,N,VIIRS,n,2,268.41,20.09,N,0
40.88998,-7.84161,367,0.74,0.76,2024-09-17,0115,N,VIIRS,h,2,276.2,20.09,N,0
40.88994,-7.83179,325.16,0.74,0.76,2024-09-17,0115,N,VIIRS,n,2,276.46,6.62,N,0
40.89019,-7.90537,300.27,0.74,0.76,2024-09-17,0115,N,VIIRS,n,2,264.83,2.15,N,0
40.89016,-7.89608,301.81,0.74,0.76,2024-09-17,0115,N,VIIRS,n,2,264.78,3.22,N,0
40.89006,-7.86581,313.29,0.74,0.76,2024-09-17,0115,N,VIIRS,n,2,269.8,8.84,N,0
40.8899,-7.82196,311.37,0.74,0.76,2024-09-17,0115,N,VIIRS,n,2,275.31,6.62,N,0
40.88296,-7.89538,350.42,0.74,0.76,2024-09-17,0115,N,VIIRS,n,2,270.85,24.73,N,0
40.88293,-7.88644,367,0.74,0.76,2024-09-17,0115,N,VIIRS,h,2,281.85,24.73,N,0
40.8829,-7.87734,341.23,0.74,0.76,2024-09-17,0115,N,VIIRS,n,2,278.94,10.76,N,0
40.88287,-7.86715,338.22,0.74,0.76,2024-09-17,0115,N,VIIRS,n,2,274.65,10.76,N,0
40.88269,-7.81342,338.12,0.74,0.76,2024-09-17,0115,N,VIIRS,n,2,282.45,12.62,N,0
40.88308,-7.93995,300.53,0.75,0.77,2024-09-17,0115,N,VIIRS,n,2,267.32,3.14,N,0
40.88306,-7.93228,303.45,0.75,0.77,2024-09-17,0115,N,VIIRS,n,2,266.3,3.9,N,0
40.88303,-7.92394,306.19,0.75,0.77,2024-09-17,0115,N,VIIRS,n,2,264.93,3.9,N,0
40.88301,-7.91449,308.41,0.75,0.77,2024-09-17,0115,N,VIIRS,n,2,265.13,17.07,N,0
40.88298,-7.90519,314.59,0.74,0.76,2024-09-17,0115,N,VIIRS,n,2,267.05,17.07,N,0
40.88284,-7.85506,314.58,0.74,0.76,2024-09-17,0115,N,VIIRS,n,2,267.12,2.85,N,0
40.88279,-7.84194,300.72,0.74,0.76,2024-09-17,0115,N,VIIRS,n,2,272.25,2.85,N,0
40.88272,-7.82198,309.35,0.74,0.76,2024-09-17,0115,N,VIIRS,n,2,281.85,9.79,N,0
40.8758,-7.91361,339.28,0.75,0.77,2024-09-17,0115,N,VIIRS,n,2,265.27,17.07,N,0
40.87577,-7.90415,367,0.74,0.76,2024-09-17,0115,N,VIIRS,h,2,271.62,17.07,N,0
40.87575,-7.89397,345.28,0.74,0.76,2024-09-17,0115,N,VIIRS,n,2,273.06,24.73,N,0
40.87573,-7.88518,367,0.74,0.76,2024-09-17,0115,N,VIIRS,h,2,278.47,24.73,N,0
40.87558,-7.83274,328.09,0.74,0.76,2024-09-17,0115,N,VIIRS,n,2,279.84,9.79,N,0
40.87555,-7.82284,351.71,0.74,0.76,2024-09-17,0115,N,VIIRS,n,2,284.13,9.79,N,0
40.8759,-7.95814,301.29,0.75,0.77,2024-09-17,0115,N,VIIRS,n,2,266.86,5.18,N,0
40.87588,-7.94833,305.65,0.75,0.77,2024-09-17,0115,N,VIIRS,n,2,266.64,3.14,N,0
40.87586,-7.94021,309.19,0.75,0.77,2024-09-17,0115,N,VIIRS,n,2,267.18,3.14,N,0
40.87584,-7.93249,312.64,0.75,0.77,2024-09-17,0115,N,VIIRS,n,2,268.26,3.9,N,0
40.87582,-7.92308,318.14,0.75,0.77,2024-09-17,0115,N,VIIRS,n,2,267.7,3.9,N,0
40.87571,-7.87647,319.84,0.74,0.76,2024-09-17,0115,N,VIIRS,n,2,276.3,10.76,N,0
40.87568,-7.86715,311.72,0.74,0.76,2024-09-17,0115,N,VIIRS,n,2,273.1,10.76,N,0
40.87565,-7.85726,305.92,0.74,0.76,2024-09-17,0115,N,VIIRS,n,2,268,2.85,N,0
40.87561,-7.8443,303.31,0.74,0.76,2024-09-17,0115,N,VIIRS,n,2,273.77,2.85,N,0
40.86863,-7.93317,328.97,0.75,0.77,2024-09-17,0115,N,VIIRS,n,2,268.57,30.28,N,0
40.86859,-7.91417,367,0.75,0.77,2024-09-17,0115,N,VIIRS,h,2,274,53.38,N,0
40.86857,-7.90403,356.13,0.74,0.76,2024-09-17,0115,N,VIIRS,n,2,263.67,53.38,N,0
40.86855,-7.89315,327.14,0.74,0.76,2024-09-17,0115,N,VIIRS,n,2,267.37,16.27,N,0
40.86843,-7.84697,348.97,0.74,0.76,2024-09-17,0115,N,VIIRS,n,2,273.14,11.21,N,0
40.8684,-7.83433,325.51,0.74,0.76,2024-09-17,0115,N,VIIRS,n,2,278.86,6.94,N,0
40.86869,-7.96856,301.66,0.75,0.77,2024-09-17,0115,N,VIIRS,n,2,267.5,2.18,N,0
40.86867,-7.95872,306.5,0.75,0.77,2024-09-17,0115,N,VIIRS,n,2,266.69,2.18,N,0
40.86866,-7.94877,310.68,0.75,0.77,2024-09-17,0115,N,VIIRS,n,2,267.84,4.58,N,0
40.86864,-7.94085,316.1,0.75,0.77,2024-09-17,0115,N,VIIRS,n,2,267.89,4.58,N,0
40.86853,-7.88382,317.97,0.74,0.76,2024-09-17,0115,N,VIIRS,n,2,267.43,16.27,N,0
40.8685,-7.87468,315.04,0.74,0.76,2024-09-17,0115,N,VIIRS,n,2,270.42,7.25,N,0
40.86848,-7.86607,309.95,0.74,0.76,2024-09-17,0115,N,VIIRS,n,2,270.65,7.25,N,0
40.86847,-7.85791,309.98,0.74,0.76,2024-09-17,0115,N,VIIRS,n,2,268.31,11.21,N,0
40.86142,-7.93384,329.52,0.75,0.77,2024-09-17,0115,N,VIIRS,n,2,270.23,30.28,N,0
40.8614,-7.92388,367,0.75,0.77,2024-09-17,0115,N,VIIRS,h,2,272.94,30.28,N,0
40.86139,-7.91473,338.48,0.75,0.77,2024-09-17,0115,N,VIIRS,n,2,263.48,53.38,N,0
40.86136,-7.90341,367,0.74,0.76,2024-09-17,0115,N,VIIRS,h,2,266.66,53.38,N,0
40.86134,-7.89309,356.38,0.74,0.76,2024-09-17,0115,N,VIIRS,n,2,270.48,16.27,N,0
40.86132,-7.88355,322.37,0.74,0.76,2024-09-17,0115,N,VIIRS,n,2,265.32,16.27,N,0
40.86131,-7.87379,347.6,0.74,0.76,2024-09-17,0115,N,VIIRS,n,2,270.72,7.25,N,0
40.86129,-7.86589,322.37,0.74,0.76,2024-09-17,0115,N,VIIRS,n,2,272.16,7.25,N,0
40.86127,-7.8572,352.4,0.74,0.76,2024-09-17,0115,N,VIIRS,n,2,271.93,11.21,N,0
40.86124,-7.84657,356,0.74,0.76,2024-09-17,0115,N,VIIRS,n,2,267.42,11.21,N,0
40.86148,-7.97818,298.12,0.75,0.77,2024-09-17,0115,N,VIIRS,n,2,265.32,3.49,N,0
40.86147,-7.9692,302.69,0.75,0.77,2024-09-17,0115,N,VIIRS,n,2,266.51,2.18,N,0
40.86145,-7.95935,306.95,0.75,0.77,2024-09-17,0115,N,VIIRS,n,2,267.36,2.18,N,0
40.86144,-7.94956,311.46,0.75,0.77,2024-09-17,0115,N,VIIRS,n,2,268.45,4.58,N,0
40.86143,-7.94168,315.31,0.75,0.77,2024-09-17,0115,N,VIIRS,n,2,268.74,4.58,N,0
40.86122,-7.83575,300.15,0.74,0.76,2024-09-17,0115,N,VIIRS,n,2,274.24,6.94,N,0
40.8542,-7.93475,348.91,0.75,0.77,2024-09-17,0115,N,VIIRS,n,2,268.69,15.18,N,0
40.85419,-7.9251,367,0.75,0.77,2024-09-17,0115,N,VIIRS,h,2,273,15.18,N,0
40.85418,-7.91467,352.83,0.75,0.77,2024-09-17,0115,N,VIIRS,n,2,265.14,13.42,N,0
40.85416,-7.90275,367,0.74,0.76,2024-09-17,0115,N,VIIRS,h,2,261.64,13.42,N,0
40.85425,-7.97975,296.63,0.75,0.77,2024-09-17,0115,N,VIIRS,n,2,264.89,2.47,N,0
40.85424,-7.96999,301.1,0.75,0.77,2024-09-17,0115,N,VIIRS,n,2,264.51,2.62,N,0
40.85423,-7.95985,308.59,0.75,0.77,2024-09-17,0115,N,VIIRS,n,2,265.65,2.62,N,0
40.85422,-7.95083,317.85,0.75,0.77,2024-09-17,0115,N,VIIRS,n,2,269.76,7.19,N,0
40.85421,-7.94297,319.11,0.75,0.77,2024-09-17,0115,N,VIIRS,n,2,268.76,7.19,N,0
40.85415,-7.89411,316.91,0.74,0.76,2024-09-17,0115,N,VIIRS,n,2,265.14,4.71,N,0
40.85413,-7.88363,308.97,0.74,0.76,2024-09-17,0115,N,VIIRS,n,2,266.27,4.71,N,0
40.85411,-7.87251,305.23,0.74,0.76,2024-09-17,0115,N,VIIRS,n,2,269.23,3.72,N,0
40.85409,-7.86523,312.82,0.74,0.76,2024-09-17,0115,N,VIIRS,n,2,272.87,3.72,N,0
40.85408,-7.85714,313.67,0.74,0.76,2024-09-17,0115,N,VIIRS,n,2,272.12,2.01,N,0
40.85406,-7.84774,297.55,0.74,0.76,2024-09-17,0115,N,VIIRS,n,2,267.69,2.01,N,0
40.847,-7.95133,321.04,0.75,0.77,2024-09-17,0115,N,VIIRS,n,2,265.74,7.19,N,0
40.84699,-7.9439,334.29,0.75,0.77,2024-09-17,0115,N,VIIRS,n,2,270.15,7.19,N,0
40.84702,-7.97028,297.71,0.75,0.77,2024-09-17,0115,N,VIIRS,n,2,265.15,2.62,N,0
40.84701,-7.9594,306.59,0.75,0.77,2024-09-17,0115,N,VIIRS,n,2,262.19,2.62,N,0
40.84698,-7.93562,314.02,0.75,0.77,2024-09-17,0115,N,VIIRS,n,2,270.75,15.18,N,0
40.84698,-7.92599,319.19,0.75,0.77,2024-09-17,0115,N,VIIRS,n,2,270.83,15.18,N,0
40.84697,-7.91411,318.56,0.75,0.77,2024-09-17,0115,N,VIIRS,n,2,266.71,13.42,N,0
40.84695,-7.90387,303.93,0.74,0.76,2024-09-17,0115,N,VIIRS,n,2,266.51,13.42,N,0
40.84695,-7.89529,301.21,0.74,0.76,2024-09-17,0115,N,VIIRS,n,2,271.56,4.71,N,0
40.83976,-7.91385,340.03,0.75,0.77,2024-09-17,0115,N,VIIRS,n,2,272.97,9.09,N,0
40.83977,-7.92429,311.77,0.75,0.77,2024-09-17,0115,N,VIIRS,n,2,272.43,9.07,N,0
40.82419,-8.44407,319.96,0.79,0.78,2024-09-17,0115,N,VIIRS,n,2,288.75,3.48,N,0
40.81681,-8.4446,315.75,0.79,0.78,2024-09-17,0115,N,VIIRS,n,2,288.47,3.48,N,0
40.80205,-8.44452,306.57,0.79,0.78,2024-09-17,0115,N,VIIRS,n,2,289.33,2.55,N,0
40.80213,-8.43038,306.94,0.79,0.78,2024-09-17,0115,N,VIIRS,n,2,289.96,2.55,N,0
40.78743,-8.42234,327.13,0.79,0.78,2024-09-17,0115,N,VIIRS,n,2,292.77,7.97,N,0
40.78005,-8.4235,329.39,0.79,0.78,2024-09-17,0115,N,VIIRS,n,2,292.67,5.85,N,0
40.77984,-8.45568,304.05,0.79,0.78,2024-09-17,0115,N,VIIRS,n,2,285.27,4.74,N,0
40.77991,-8.44483,308.56,0.79,0.78,2024-09-17,0115,N,VIIRS,n,2,289.53,12.58,N,0
40.77267,-8.42346,324.42,0.79,0.78,2024-09-17,0115,N,VIIRS,n,2,292.09,5.85,N,0
40.76495,-8.47381,337.67,0.79,0.78,2024-09-17,0115,N,VIIRS,n,2,289.09,17.3,N,0
40.76502,-8.46416,321.39,0.79,0.78,2024-09-17,0115,N,VIIRS,n,2,286.63,10.6,N,0
40.76523,-8.43406,321.02,0.79,0.78,2024-09-17,0115,N,VIIRS,n,2,293.61,17.93,N,0
40.76485,-8.48669,302.94,0.8,0.78,2024-09-17,0115,N,VIIRS,n,2,286.05,17.3,N,0
40.76507,-8.45633,308.67,0.79,0.78,2024-09-17,0115,N,VIIRS,n,2,286.58,10.6,N,0
40.7653,-8.42435,316.52,0.79,0.78,2024-09-17,0115,N,VIIRS,n,2,292.12,9.15,N,0
40.75756,-8.4741,367,0.79,0.78,2024-09-17,0115,N,VIIRS,h,2,298.4,17.3,N,0
40.75763,-8.46459,343.54,0.79,0.78,2024-09-17,0115,N,VIIRS,n,2,289.77,10.6,N,0
40.75769,-8.45662,331.14,0.79,0.78,2024-09-17,0115,N,VIIRS,n,2,289.84,10.6,N,0
40.75776,-8.44708,320.39,0.79,0.78,2024-09-17,0115,N,VIIRS,n,2,289.86,17.93,N,0
40.75785,-8.43435,367,0.79,0.78,2024-09-17,0115,N,VIIRS,h,2,299.66,17.93,N,0
40.75792,-8.42504,320.9,0.79,0.78,2024-09-17,0115,N,VIIRS,n,2,291.64,9.15,N,0
40.75746,-8.48653,313.31,0.8,0.78,2024-09-17,0115,N,VIIRS,n,2,288.26,17.3,N,0
40.75006,-8.48647,336.93,0.8,0.78,2024-09-17,0115,N,VIIRS,n,2,291.1,28.79,N,0
40.75016,-8.47454,335.42,0.79,0.78,2024-09-17,0115,N,VIIRS,n,2,292.46,28.79,N,0
40.75024,-8.46535,336.84,0.79,0.78,2024-09-17,0115,N,VIIRS,n,2,292.94,28.18,N,0
40.7503,-8.45711,329.29,0.79,0.78,2024-09-17,0115,N,VIIRS,n,2,290.92,28.18,N,0
40.75037,-8.44767,342.15,0.79,0.78,2024-09-17,0115,N,VIIRS,n,2,292.8,32.41,N,0
40.75046,-8.43586,367,0.79,0.78,2024-09-17,0115,N,VIIRS,h,2,303.55,32.41,N,0
40.75055,-8.42533,314.96,0.79,0.78,2024-09-17,0115,N,VIIRS,n,2,290.9,25.91,N,0
40.74267,-8.48666,367,0.8,0.78,2024-09-17,0115,N,VIIRS,h,2,294.25,28.79,N,0
40.74277,-8.47542,367,0.79,0.78,2024-09-17,0115,N,VIIRS,h,2,301.06,28.79,N,0
40.74284,-8.46617,367,0.79,0.78,2024-09-17,0115,N,VIIRS,h,2,301.42,28.18,N,0
40.74291,-8.45755,367,0.79,0.78,2024-09-17,0115,N,VIIRS,h,2,295.29,28.18,N,0
40.74299,-8.4483,349.88,0.79,0.78,2024-09-17,0115,N,VIIRS,n,2,291.84,32.41,N,0
40.74308,-8.43706,367,0.79,0.78,2024-09-17,0115,N,VIIRS,h,2,294.96,32.41,N,0
40.74318,-8.42466,352.57,0.79,0.78,2024-09-17,0115,N,VIIRS,n,2,293.73,25.91,N,0
40.74328,-8.41214,367,0.79,0.78,2024-09-17,0115,N,VIIRS,h,2,295.28,25.91,N,0
40.74334,-8.40433,337.56,0.79,0.78,2024-09-17,0115,N,VIIRS,n,2,292.98,13.44,N,0
40.74341,-8.39406,339.72,0.79,0.78,2024-09-17,0115,N,VIIRS,n,2,293.88,13.44,N,0
40.74352,-8.38083,325.35,0.79,0.78,2024-09-17,0115,N,VIIRS,n,2,291.08,5.76,N,0
40.74378,-8.34437,325.21,0.78,0.78,2024-09-17,0115,N,VIIRS,n,2,289.3,5.77,N,0
40.7436,-8.36953,311.22,0.79,0.78,2024-09-17,0115,N,VIIRS,n,2,288.84,5.76,N,0
40.80337,-8.43538,317.48,0.79,0.78,2024-09-17,0115,N,VIIRS,n,2,290.05,5.42,N,0
40.78864,-8.42721,314.48,0.79,0.78,2024-09-17,0115,N,VIIRS,n,2,291.76,3.98,N,0
40.78865,-8.41117,310.88,0.79,0.78,2024-09-17,0115,N,VIIRS,n,2,290.19,3.98,N,0
40.78127,-8.4277,320.51,0.79,0.78,2024-09-17,0115,N,VIIRS,n,2,292.64,3.82,N,0
40.78123,-8.44876,311.99,0.79,0.78,2024-09-17,0115,N,VIIRS,n,2,288.12,10.06,N,0
40.78128,-8.41405,307.4,0.79,0.78,2024-09-17,0115,N,VIIRS,n,2,290.27,3.82,N,0
40.7739,-8.42746,328.62,0.79,0.78,2024-09-17,0115,N,VIIRS,n,2,293.79,3.82,N,0
40.77391,-8.41619,306.88,0.79,0.78,2024-09-17,0115,N,VIIRS,n,2,290.78,3.82,N,0
40.76653,-8.42723,324.13,0.79,0.78,2024-09-17,0115,N,VIIRS,n,2,293.69,12.28,N,0
40.76638,-8.49054,305.8,0.8,0.78,2024-09-17,0115,N,VIIRS,n,2,287.3,17.41,N,0
40.76641,-8.47884,305.55,0.79,0.78,2024-09-17,0115,N,VIIRS,n,2,286.41,17.41,N,0
40.76644,-8.46696,310.36,0.79,0.78,2024-09-17,0115,N,VIIRS,n,2,286.57,12.61,N,0
40.76646,-8.45899,305.96,0.79,0.78,2024-09-17,0115,N,VIIRS,n,2,286.07,12.61,N,0
40.7665,-8.43853,308.7,0.79,0.78,2024-09-17,0115,N,VIIRS,n,2,291.69,12.54,N,0
40.75902,-8.47882,367,0.79,0.78,2024-09-17,0115,N,VIIRS,h,2,293.91,17.41,N,0
40.75905,-8.46721,354.76,0.79,0.78,2024-09-17,0115,N,VIIRS,n,2,293.97,12.61,N,0
40.75907,-8.45931,327.44,0.79,0.78,2024-09-17,0115,N,VIIRS,n,2,289.34,12.61,N,0
40.75909,-8.45071,324.29,0.79,0.78,2024-09-17,0115,N,VIIRS,n,2,288.91,12.54,N,0
40.75912,-8.438,354.3,0.79,0.78,2024-09-17,0115,N,VIIRS,n,2,295.2,12.54,N,0
40.75915,-8.42805,352.4,0.79,0.78,2024-09-17,0115,N,VIIRS,n,2,294.81,12.28,N,0
40.7516,-8.4901,336.32,0.8,0.78,2024-09-17,0115,N,VIIRS,n,2,291.37,19.88,N,0
40.75163,-8.47883,324.89,0.79,0.78,2024-09-17,0115,N,VIIRS,n,2,291.21,19.88,N,0
40.75167,-8.46784,343.39,0.79,0.78,2024-09-17,0115,N,VIIRS,n,2,293.76,26.28,N,0
40.75169,-8.45985,327.56,0.79,0.78,2024-09-17,0115,N,VIIRS,n,2,291.75,26.28,N,0
40.75172,-8.45102,335.74,0.79,0.78,2024-09-17,0115,N,VIIRS,n,2,292.14,32.33,N,0
40.75175,-8.43903,367,0.79,0.78,2024-09-17,0115,N,VIIRS,h,2,299.84,32.33,N,0
40.75178,-8.42906,348.82,0.79,0.78,2024-09-17,0115,N,VIIRS,n,2,293.7,28.59,N,0
40.74421,-8.49017,342.66,0.8,0.78,2024-09-17,0115,N,VIIRS,n,2,291.66,19.88,N,0
40.74425,-8.47908,367,0.79,0.78,2024-09-17,0115,N,VIIRS,h,2,295.49,19.88,N,0
40.74428,-8.46869,367,0.79,0.78,2024-09-17,0115,N,VIIRS,h,2,299.6,26.28,N,0
40.74431,-8.46045,367,0.79,0.78,2024-09-17,0115,N,VIIRS,h,2,296.98,26.28,N,0
40.74434,-8.45137,367,0.79,0.78,2024-09-17,0115,N,VIIRS,h,2,293.71,32.33,N,0
40.74437,-8.441,354.38,0.79,0.78,2024-09-17,0115,N,VIIRS,n,2,293.61,32.33,N,0
40.7444,-8.42946,339.42,0.79,0.78,2024-09-17,0115,N,VIIRS,n,2,291.4,28.59,N,0
40.74445,-8.41569,367,0.79,0.78,2024-09-17,0115,N,VIIRS,h,2,295.48,28.59,N,0
40.74447,-8.4068,337,0.79,0.78,2024-09-17,0115,N,VIIRS,n,2,292.69,12.09,N,0
40.74449,-8.39778,329.21,0.79,0.78,2024-09-17,0115,N,VIIRS,n,2,292.85,12.09,N,0
40.74453,-8.38525,328.47,0.79,0.78,2024-09-17,0115,N,VIIRS,n,2,292.22,6.28,N,0
40.74456,-8.37265,320.86,0.79,0.78,2024-09-17,0115,N,VIIRS,n,2,290.25,6.28,N,0
40.74462,-8.34688,324.13,0.78,0.78,2024-09-17,0115,N,VIIRS,n,2,289.79,5.92,N,0
40.73681,-8.49037,367,0.8,0.78,2024-09-17,0115,N,VIIRS,h,2,292.72,100.91,N,0
40.73686,-8.47958,367,0.79,0.78,2024-09-17,0115,N,VIIRS,h,2,299.05,100.91,N,0
40.73689,-8.46971,367,0.79,0.78,2024-09-17,0115,N,VIIRS,h,2,297.95,57.52,N,0
40.73692,-8.46124,367,0.79,0.78,2024-09-17,0115,N,VIIRS,h,2,296.09,57.52,N,0
40.73696,-8.45128,336.88,0.79,0.78,2024-09-17,0115,N,VIIRS,n,2,292.13,9.54,N,0
40.73699,-8.44117,323.53,0.79,0.78,2024-09-17,0115,N,VIIRS,n,2,290.26,9.54,N,0
40.73703,-8.42893,326.75,0.79,0.78,2024-09-17,0115,N,VIIRS,n,2,290.78,13.41,N,0
40.73708,-8.41533,367,0.79,0.78,2024-09-17,0115,N,VIIRS,h,2,293.52,13.41,N,0
40.73711,-8.4071,329.24,0.79,0.78,2024-09-17,0115,N,VIIRS,n,2,292.19,14.59,N,0
40.73713,-8.39837,328.1,0.79,0.78,2024-09-17,0115,N,VIIRS,n,2,294.21,14.59,N,0
40.73717,-8.38645,323.18,0.79,0.78,2024-09-17,0115,N,VIIRS,n,2,291.22,6.68,N,0
40.7372,-8.37542,310.04,0.79,0.78,2024-09-17,0115,N,VIIRS,n,2,289.71,6.68,N,0
40.73727,-8.34897,306.64,0.78,0.78,2024-09-17,0115,N,VIIRS,n,2,288.98,2.84,N,0
40.73729,-8.34118,307.83,0.78,0.78,2024-09-17,0115,N,VIIRS,n,2,288.39,2.84,N,0
40.72942,-8.49017,346.29,0.8,0.78,2024-09-17,0115,N,VIIRS,n,2,303.69,100.91,N,0
40.72947,-8.4797,340.34,0.79,0.78,2024-09-17,0115,N,VIIRS,n,2,306.01,100.91,N,0
40.7295,-8.47049,350.92,0.79,0.78,2024-09-17,0115,N,VIIRS,n,2,302.48,57.52,N,0
40.72954,-8.46163,367,0.79,0.78,2024-09-17,0115,N,VIIRS,h,2,294.42,57.52,N,0
40.72958,-8.45113,320.34,0.79,0.78,2024-09-17,0115,N,VIIRS,n,2,291.79,9.54,N,0
40.72977,-8.39885,367,0.79,0.78,2024-09-17,0115,N,VIIRS,h,2,294.72,14.59,N,0
40.72961,-8.44173,313.91,0.79,0.78,2024-09-17,0115,N,VIIRS,n,2,289.8,9.54,N,0
40.72966,-8.42895,310.36,0.79,0.78,2024-09-17,0115,N,VIIRS,n,2,289.02,13.41,N,0
40.72984,-8.37654,319.72,0.79,0.78,2024-09-17,0115,N,VIIRS,n,2,289.33,6.68,N,0
40.72208,-8.47978,356.66,0.79,0.78,2024-09-17,0115,N,VIIRS,n,2,300.13,136.87,N,0
40.72212,-8.47041,345.99,0.79,0.78,2024-09-17,0115,N,VIIRS,n,2,302.42,32.7,N,0
40.72215,-8.46193,367,0.79,0.78,2024-09-17,0115,N,VIIRS,h,2,294.09,32.7,N,0
40.72219,-8.45225,313.53,0.79,0.78,2024-09-17,0115,N,VIIRS,n,2,289.12,5.9,N,0
40.72224,-8.4421,305.39,0.79,0.78,2024-09-17,0115,N,VIIRS,n,2,288.26,5.9,N,0
40.72245,-8.38762,313.77,0.79,0.78,2024-09-17,0115,N,VIIRS,n,2,290.53,4.14,N,0
40.72248,-8.37728,314.55,0.79,0.78,2024-09-17,0115,N,VIIRS,n,2,290.29,4.14,N,0
40.72259,-8.34353,303.91,0.78,0.78,2024-09-17,0115,N,VIIRS,n,2,288.94,14.49,N,0
40.71464,-8.49038,367,0.8,0.78,2024-09-17,0115,N,VIIRS,h,2,290.57,136.87,N,0
40.71469,-8.48001,349.11,0.79,0.78,2024-09-17,0115,N,VIIRS,n,2,290.98,136.87,N,0
40.71473,-8.47044,322.23,0.79,0.78,2024-09-17,0115,N,VIIRS,n,2,288.21,32.7,N,0
40.71521,-8.35355,367,0.78,0.78,2024-09-17,0115,N,VIIRS,h,2,292.98,14.49,N,0
40.71526,-8.34178,354.99,0.78,0.78,2024-09-17,0115,N,VIIRS,n,2,290.46,14.49,N,0
40.71477,-8.46213,309.23,0.79,0.78,2024-09-17,0115,N,VIIRS,n,2,287.93,32.7,N,0
40.7073,-8.48048,339.88,0.79,0.78,2024-09-17,0115,N,VIIRS,n,2,287.22,4.49,N,0
40.70782,-8.36399,326.93,0.78,0.78,2024-09-17,0115,N,VIIRS,n,2,291.74,26.93,N,0
40.70787,-8.35302,353.79,0.78,0.78,2024-09-17,0115,N,VIIRS,n,2,293.48,16.47,N,0
40.70725,-8.4906,301.98,0.8,0.78,2024-09-17,0115,N,VIIRS,n,2,284.98,4.49,N,0
40.70734,-8.47131,302.15,0.79,0.78,2024-09-17,0115,N,VIIRS,n,2,285.73,5.6,N,0
40.70776,-8.3802,315.67,0.79,0.78,2024-09-17,0115,N,VIIRS,n,2,292.5,30.02,N,0
40.7085,-7.66591,305.9,0.72,0.76,2024-09-17,0115,N,VIIRS,n,2,287.25,1.41,N,0
40.70039,-8.38202,367,0.79,0.78,2024-09-17,0115,N,VIIRS,h,2,296.92,30.02,N,0
40.70043,-8.3732,350.34,0.78,0.78,2024-09-17,0115,N,VIIRS,n,2,296.3,26.93,N,0
40.70048,-8.3633,345.96,0.78,0.78,2024-09-17,0115,N,VIIRS,n,2,292.64,26.93,N,0
40.70053,-8.35127,346.54,0.78,0.78,2024-09-17,0115,N,VIIRS,n,2,290.71,16.47,N,0
40.69985,-8.4909,316.15,0.8,0.78,2024-09-17,0115,N,VIIRS,n,2,284.75,4.49,N,0
40.70137,-7.66549,299.14,0.72,0.76,2024-09-17,0115,N,VIIRS,n,2,286.05,1.41,N,0
40.69304,-8.3827,329.28,0.79,0.78,2024-09-17,0115,N,VIIRS,n,2,292.31,6,N,0
40.69308,-8.37221,308.82,0.78,0.78,2024-09-17,0115,N,VIIRS,n,2,290.42,4.85,N,0
40.69431,-7.72156,309.37,0.73,0.76,2024-09-17,0115,N,VIIRS,n,2,287.29,4.37,N,0
40.68563,-8.39233,314.83,0.79,0.78,2024-09-17,0115,N,VIIRS,n,2,290.97,6,N,0
40.67827,-8.39163,367,0.79,0.78,2024-09-17,0115,N,VIIRS,h,2,297.89,21.18,N,0
40.68,-7.66505,367,0.72,0.76,2024-09-17,0115,N,VIIRS,h,2,291.1,11.61,N,0
40.67821,-8.40207,313.51,0.79,0.78,2024-09-17,0115,N,VIIRS,n,2,291.19,21.76,N,0
40.68002,-7.72353,300.95,0.73,0.76,2024-09-17,0115,N,VIIRS,n,2,287.57,1.13,N,0
40.68002,-7.7139,300.27,0.73,0.76,2024-09-17,0115,N,VIIRS,n,2,287.13,1.13,N,0
40.68,-7.67469,303.66,0.72,0.76,2024-09-17,0115,N,VIIRS,n,2,287.99,7.84,N,0
40.67072,-8.42209,367,0.79,0.78,2024-09-17,0115,N,VIIRS,h,2,293.66,27.79,N,0
40.67079,-8.41153,347.14,0.79,0.78,2024-09-17,0115,N,VIIRS,n,2,292.94,21.76,N,0
40.67085,-8.40147,367,0.79,0.78,2024-09-17,0115,N,VIIRS,h,2,296.38,21.76,N,0
40.67287,-7.67649,326.42,0.72,0.76,2024-09-17,0115,N,VIIRS,n,2,290.97,7.84,N,0
40.67286,-7.66742,340.38,0.72,0.76,2024-09-17,0115,N,VIIRS,n,2,288.89,11.61,N,0
40.67282,-7.60267,320.76,0.72,0.75,2024-09-17,0115,N,VIIRS,n,2,287.72,5.9,N,0
40.67281,-7.59307,327.96,0.72,0.75,2024-09-17,0115,N,VIIRS,n,2,288.24,5.13,N,0
40.67092,-8.39069,311.65,0.79,0.78,2024-09-17,0115,N,VIIRS,n,2,290.99,21.18,N,0
40.67287,-7.6853,304.19,0.72,0.76,2024-09-17,0115,N,VIIRS,n,2,288.39,7.84,N,0
40.66335,-8.42254,331.18,0.79,0.78,2024-09-17,0115,N,VIIRS,n,2,293.79,36.27,N,0
40.66342,-8.41197,367,0.79,0.78,2024-09-17,0115,N,VIIRS,h,2,295.4,15.54,N,0
40.66349,-8.40144,324.4,0.79,0.78,2024-09-17,0115,N,VIIRS,n,2,290.69,15.54,N,0
40.66573,-7.7133,367,0.73,0.76,2024-09-17,0115,N,VIIRS,h,2,293.42,19.52,N,0
40.66573,-7.70486,356.7,0.73,0.76,2024-09-17,0115,N,VIIRS,n,2,292.26,16.85,N,0
40.66574,-7.69593,367,0.73,0.76,2024-09-17,0115,N,VIIRS,h,2,293.02,16.85,N,0
40.66574,-7.68662,338.54,0.72,0.76,2024-09-17,0115,N,VIIRS,n,2,290.52,15.49,N,0
40.66574,-7.67732,353.95,0.72,0.76,2024-09-17,0115,N,VIIRS,n,2,291.65,15.49,N,0
40.66574,-7.66827,324.32,0.72,0.76,2024-09-17,0115,N,VIIRS,n,2,287.21,8.32,N,0
40.66328,-8.4338,315.63,0.79,0.78,2024-09-17,0115,N,VIIRS,n,2,291.1,36.27,N,0
40.6639,-8.33345,305.98,0.78,0.78,2024-09-17,0115,N,VIIRS,n,2,289.08,240.72,N,0
40.66573,-7.72312,298.29,0.73,0.76,2024-09-17,0115,N,VIIRS,n,2,286.63,19.52,N,0
40.66572,-7.61963,316.09,0.72,0.76,2024-09-17,0115,N,VIIRS,n,2,288.18,3.65,N,0
40.66572,-7.61004,304.62,0.72,0.75,2024-09-17,0115,N,VIIRS,n,2,286.95,2.24,N,0
40.66571,-7.60094,300.6,0.72,0.75,2024-09-17,0115,N,VIIRS,n,2,285.74,2.24,N,0
40.6657,-7.59144,317.5,0.72,0.75,2024-09-17,0115,N,VIIRS,n,2,286.41,2.96,N,0
40.65584,-8.44351,344.29,0.79,0.78,2024-09-17,0115,N,VIIRS,n,2,291.92,38.07,N,0
40.65591,-8.43363,353.38,0.79,0.78,2024-09-17,0115,N,VIIRS,n,2,308.48,36.27,N,0
40.65598,-8.4226,347.43,0.79,0.78,2024-09-17,0115,N,VIIRS,n,2,292.92,36.27,N,0
40.65642,-8.35691,323.08,0.78,0.78,2024-09-17,0115,N,VIIRS,n,2,292.06,63.45,N,0
40.65648,-8.34677,367,0.78,0.78,2024-09-17,0115,N,VIIRS,h,2,305.33,240.72,N,0
40.6566,-8.32603,334.39,0.78,0.78,2024-09-17,0115,N,VIIRS,n,2,298.41,54.66,N,0
40.65859,-7.71427,367,0.73,0.76,2024-09-17,0115,N,VIIRS,h,2,290.75,19.52,N,0
40.6586,-7.70536,340.38,0.73,0.76,2024-09-17,0115,N,VIIRS,n,2,287.67,16.85,N,0
40.65549,-8.4926,307.27,0.8,0.78,2024-09-17,0115,N,VIIRS,n,2,288.23,3.31,N,0
40.65556,-8.48254,314.73,0.79,0.78,2024-09-17,0115,N,VIIRS,n,2,288.71,3.31,N,0
40.65576,-8.45419,307.31,0.79,0.78,2024-09-17,0115,N,VIIRS,n,2,289.94,38.07,N,0
40.65666,-8.31674,304.71,0.78,0.78,2024-09-17,0115,N,VIIRS,n,2,290.18,54.66,N,0
40.65858,-7.72306,301.97,0.73,0.76,2024-09-17,0115,N,VIIRS,n,2,287.23,19.52,N,0
40.6586,-7.69516,307.11,0.73,0.76,2024-09-17,0115,N,VIIRS,n,2,286.77,16.85,N,0
40.65862,-7.62786,300.91,0.72,0.76,2024-09-17,0115,N,VIIRS,n,2,286.88,3.65,N,0
40.65861,-7.60926,301.45,0.72,0.75,2024-09-17,0115,N,VIIRS,n,2,286.18,2.24,N,0
40.64809,-8.49291,322.25,0.8,0.78,2024-09-17,0115,N,VIIRS,n,2,288.53,9.54,N,0
40.64817,-8.4829,343.44,0.79,0.78,2024-09-17,0115,N,VIIRS,n,2,288.86,9.54,N,0
40.64899,-8.36785,344.36,0.78,0.78,2024-09-17,0115,N,VIIRS,n,2,292.93,86.19,N,0
40.64906,-8.35855,335.62,0.78,0.78,2024-09-17,0115,N,VIIRS,n,2,293.92,86.19,N,0
40.64912,-8.34804,356.68,0.78,0.78,2024-09-17,0115,N,VIIRS,n,2,314.72,557.64,N,0
40.64925,-8.32879,339.99,0.78,0.78,2024-09-17,0115,N,VIIRS,n,2,290.42,75.68,N,0
40.64846,-8.44401,306.88,0.79,0.78,2024-09-17,0115,N,VIIRS,n,2,289.22,6.09,N,0
40.64853,-8.43393,313.75,0.79,0.78,2024-09-17,0115,N,VIIRS,n,2,289.25,6.29,N,0
40.64891,-8.37959,310.99,0.79,0.78,2024-09-17,0115,N,VIIRS,n,2,290.88,10.77,N,0
40.7081,-8.47609,331.88,0.79,0.78,2024-09-17,0115,N,VIIRS,n,2,286.34,8.92,N,0
40.70806,-8.35949,347.65,0.78,0.78,2024-09-17,0115,N,VIIRS,n,2,294.54,12.21,N,0
40.70805,-8.34692,329.66,0.78,0.78,2024-09-17,0115,N,VIIRS,n,2,290.33,12.21,N,0
40.70811,-8.48592,315.87,0.79,0.78,2024-09-17,0115,N,VIIRS,n,2,285.41,3.89,N,0
40.70808,-8.37659,309.17,0.78,0.78,2024-09-17,0115,N,VIIRS,n,2,291.63,30.85,N,0
40.70539,-7.67199,303.67,0.72,0.76,2024-09-17,0115,N,VIIRS,n,2,287.01,1.4,N,0
40.70533,-7.66194,315.09,0.72,0.76,2024-09-17,0115,N,VIIRS,n,2,286.87,1.4,N,0
40.70073,-8.37821,367,0.78,0.78,2024-09-17,0115,N,VIIRS,h,2,303.5,30.85,N,0
40.70072,-8.36897,331.79,0.78,0.78,2024-09-17,0115,N,VIIRS,n,2,292.14,30.85,N,0
40.70071,-8.3583,367,0.78,0.78,2024-09-17,0115,N,VIIRS,h,2,293.89,12.21,N,0
40.70071,-8.49627,302.09,0.8,0.78,2024-09-17,0115,N,VIIRS,n,2,284.17,3.89,N,0
40.70072,-8.48631,313.51,0.79,0.78,2024-09-17,0115,N,VIIRS,n,2,284.05,3.89,N,0
40.70073,-8.38662,311.46,0.79,0.78,2024-09-17,0115,N,VIIRS,n,2,291.78,33.46,N,0
40.7007,-8.34507,303.73,0.78,0.78,2024-09-17,0115,N,VIIRS,n,2,289.3,12.21,N,0
40.69337,-8.37839,341.15,0.78,0.78,2024-09-17,0115,N,VIIRS,n,2,292.17,9.58,N,0
40.69141,-7.71812,311.46,0.73,0.76,2024-09-17,0115,N,VIIRS,n,2,288.14,4.01,N,0
40.68401,-7.67085,323.19,0.72,0.76,2024-09-17,0115,N,VIIRS,n,2,287.19,4.37,N,0
40.68395,-7.66094,321.48,0.72,0.76,2024-09-17,0115,N,VIIRS,n,2,287.38,4.37,N,0
40.68601,-8.38743,312.21,0.79,0.78,2024-09-17,0115,N,VIIRS,n,2,290.5,9.47,N,0
40.67865,-8.39723,346.77,0.79,0.78,2024-09-17,0115,N,VIIRS,n,2,293.16,20.54,N,0
40.67866,-8.38685,356.54,0.79,0.78,2024-09-17,0115,N,VIIRS,n,2,294.4,20.54,N,0
40.67688,-7.67196,330.44,0.72,0.76,2024-09-17,0115,N,VIIRS,n,2,289.47,9.42,N,0
40.67683,-7.66215,330.36,0.72,0.76,2024-09-17,0115,N,VIIRS,n,2,287.86,9.42,N,0
40.67714,-7.71985,302.81,0.73,0.76,2024-09-17,0115,N,VIIRS,n,2,286.86,1.95,N,0
40.67693,-7.68058,301.34,0.72,0.76,2024-09-17,0115,N,VIIRS,n,2,288.24,7,N,0
40.67126,-8.42837,323.3,0.79,0.78,2024-09-17,0115,N,VIIRS,n,2,290.93,16.88,N,0
40.67127,-8.41705,367,0.79,0.78,2024-09-17,0115,N,VIIRS,h,2,293.23,26.14,N,0
40.67128,-8.40685,355.36,0.79,0.78,2024-09-17,0115,N,VIIRS,n,2,294.73,26.14,N,0
40.6713,-8.39659,352.51,0.79,0.78,2024-09-17,0115,N,VIIRS,n,2,293.43,20.54,N,0
40.66981,-7.68241,325.97,0.72,0.76,2024-09-17,0115,N,VIIRS,n,2,290.81,7,N,0
40.66977,-7.67361,367,0.72,0.76,2024-09-17,0115,N,VIIRS,h,2,294.68,9.42,N,0
40.66934,-7.5978,330.82,0.72,0.75,2024-09-17,0115,N,VIIRS,n,2,287.64,5.94,N,0
40.66929,-7.58906,325.54,0.72,0.75,2024-09-17,0115,N,VIIRS,n,2,287.42,5.94,N,0
40.6699,-7.70023,318.47,0.73,0.76,2024-09-17,0115,N,VIIRS,n,2,288.33,5.18,N,0
40.66986,-7.69145,310.75,0.72,0.76,2024-09-17,0115,N,VIIRS,n,2,288.33,7,N,0
40.66972,-7.66434,305.79,0.72,0.76,2024-09-17,0115,N,VIIRS,n,2,287.48,9.42,N,0
40.6639,-8.41742,341.66,0.79,0.78,2024-09-17,0115,N,VIIRS,n,2,293.98,18.09,N,0
40.66392,-8.40695,367,0.79,0.78,2024-09-17,0115,N,VIIRS,h,2,293.15,18.09,N,0
40.66285,-7.71862,347.86,0.73,0.76,2024-09-17,0115,N,VIIRS,n,2,288.68,46.1,N,0
40.66282,-7.7102,354.32,0.73,0.76,2024-09-17,0115,N,VIIRS,n,2,297.65,27.36,N,0
40.66277,-7.70195,367,0.73,0.76,2024-09-17,0115,N,VIIRS,h,2,292.35,27.36,N,0
40.66272,-7.6924,350.9,0.72,0.76,2024-09-17,0115,N,VIIRS,n,2,290.45,12.85,N,0
40.66268,-7.68287,327.77,0.72,0.76,2024-09-17,0115,N,VIIRS,n,2,287.8,12.85,N,0
40.66233,-7.61465,329.99,0.72,0.75,2024-09-17,0115,N,VIIRS,n,2,289.03,3.11,N,0
40.66389,-8.42835,316.81,0.79,0.78,2024-09-17,0115,N,VIIRS,n,2,291.45,51.06,N,0
40.66393,-8.39643,307.71,0.79,0.78,2024-09-17,0115,N,VIIRS,n,2,290.57,9.76,N,0
40.66399,-8.33955,302.16,0.78,0.78,2024-09-17,0115,N,VIIRS,n,2,288.74,128.06,N,0
40.66401,-8.32838,302.62,0.78,0.78,2024-09-17,0115,N,VIIRS,n,2,288.71,145.13,N,0
40.66264,-7.67357,316.81,0.72,0.76,2024-09-17,0115,N,VIIRS,n,2,287.04,4.52,N,0
40.66239,-7.62489,301.26,0.72,0.76,2024-09-17,0115,N,VIIRS,n,2,287.3,4.3,N,0
40.66228,-7.60602,301.04,0.72,0.75,2024-09-17,0115,N,VIIRS,n,2,286.19,3.11,N,0
40.6565,-8.43893,367,0.79,0.78,2024-09-17,0115,N,VIIRS,h,2,297.64,51.06,N,0
40.65652,-8.42843,334.57,0.79,0.78,2024-09-17,0115,N,VIIRS,n,2,302.91,51.06,N,0
40.65664,-8.35232,367,0.78,0.78,2024-09-17,0115,N,VIIRS,h,2,293.86,128.06,N,0
40.65666,-8.34011,344.73,0.78,0.78,2024-09-17,0115,N,VIIRS,n,2,314.92,128.06,N,0
40.65668,-8.32204,348.04,0.78,0.78,2024-09-17,0115,N,VIIRS,n,2,293.03,145.13,N,0
40.65648,-8.44881,314.08,0.79,0.78,2024-09-17,0115,N,VIIRS,n,2,290.31,28.35,N,0
40.65654,-8.41738,316.74,0.79,0.78,2024-09-17,0115,N,VIIRS,n,2,291.52,18.09,N,0
40.65663,-8.3617,304.72,0.78,0.78,2024-09-17,0115,N,VIIRS,n,2,290.92,15.08,N,0
40.65567,-7.71107,301.6,0.73,0.76,2024-09-17,0115,N,VIIRS,n,2,286.75,27.36,N,0
40.649,-8.48794,352.68,0.79,0.78,2024-09-17,0115,N,VIIRS,n,2,290.13,10.58,N,0
40.64926,-8.37346,323.78,0.78,0.78,2024-09-17,0115,N,VIIRS,n,2,291.59,23.84,N,0
40.64928,-8.36314,341.3,0.78,0.78,2024-09-17,0115,N,VIIRS,n,2,293.04,23.84,N,0
40.64929,-8.35395,367,0.78,0.78,2024-09-17,0115,N,VIIRS,h,2,297.52,601.59,N,0
40.64933,-8.33287,331.54,0.78,0.78,2024-09-17,0115,N,VIIRS,n,2,293.1,104.19,N,0
40.64897,-8.49795,307.27,0.8,0.78,2024-09-17,0115,N,VIIRS,n,2,288.46,10.58,N,0
40.64902,-8.47808,313.12,0.79,0.78,2024-09-17,0115,N,VIIRS,n,2,288.18,10.93,N,0
40.64907,-8.46024,302.72,0.79,0.78,2024-09-17,0115,N,VIIRS,n,2,288.29,3.21,N,0
40.6491,-8.44946,305.33,0.79,0.78,2024-09-17,0115,N,VIIRS,n,2,289.14,3.21,N,0
40.64912,-8.43929,319.44,0.79,0.78,2024-09-17,0115,N,VIIRS,n,2,289.24,4.64,N,0
40.64915,-8.42859,307.69,0.79,0.78,2024-09-17,0115,N,VIIRS,n,2,289.19,4.64,N,0
40.64934,-8.32503,309.68,0.78,0.78,2024-09-17,0115,N,VIIRS,n,2,289.52,104.19,N,0
40.63401,-7.64473,356.13,0.72,0.76,2024-09-17,0115,N,VIIRS,n,2,291.87,12.85,N,0
40.63405,-7.65358,300.62,0.72,0.76,2024-09-17,0115,N,VIIRS,n,2,287.27,12.85,N,0
40.63398,-7.63522,302.75,0.72,0.76,2024-09-17,0115,N,VIIRS,n,2,286.77,9.28,N,0
40.62708,-7.69982,328.91,0.73,0.76,2024-09-17,0115,N,VIIRS,n,2,288.04,8.71,N,0
40.62706,-7.69069,328.88,0.72,0.76,2024-09-17,0115,N,VIIRS,n,2,287.18,4.66,N,0
40.62693,-7.65189,344.95,0.72,0.76,2024-09-17,0115,N,VIIRS,n,2,288.01,12.85,N,0
40.6269,-7.64301,367,0.72,0.76,2024-09-17,0115,N,VIIRS,h,2,287.88,12.85,N,0
40.62702,-7.68152,307.61,0.72,0.76,2024-09-17,0115,N,VIIRS,n,2,286.94,4.66,N,0
40.62696,-7.66183,299.54,0.72,0.76,2024-09-17,0115,N,VIIRS,n,2,287.04,9.12,N,0
40.61989,-7.68121,321.59,0.72,0.76,2024-09-17,0115,N,VIIRS,n,2,286.42,7.18,N,0
40.61986,-7.67111,367,0.72,0.76,2024-09-17,0115,N,VIIRS,h,2,296.54,31.98,N,0
40.61983,-7.66169,352.8,0.72,0.76,2024-09-17,0115,N,VIIRS,n,2,288.41,31.98,N,0
40.61997,-7.70916,303.45,0.73,0.76,2024-09-17,0115,N,VIIRS,n,2,287,2.67,N,0
40.61995,-7.6999,310.1,0.73,0.76,2024-09-17,0115,N,VIIRS,n,2,286.48,2.67,N,0
40.61992,-7.69064,301.01,0.72,0.76,2024-09-17,0115,N,VIIRS,n,2,285.38,7.18,N,0
40.61287,-7.72588,304.73,0.73,0.76,2024-09-17,0115,N,VIIRS,n,2,288.46,3.42,N,0
40.61285,-7.71744,314.04,0.73,0.76,2024-09-17,0115,N,VIIRS,n,2,288.43,3.42,N,0
40.61283,-7.70826,311.52,0.73,0.76,2024-09-17,0115,N,VIIRS,n,2,287.24,2.67,N,0
40.61281,-7.69897,311.28,0.73,0.76,2024-09-17,0115,N,VIIRS,n,2,287.27,2.67,N,0
40.61279,-7.69028,304.57,0.72,0.76,2024-09-17,0115,N,VIIRS,n,2,286.07,7.18,N,0
40.61276,-7.68095,299.75,0.72,0.76,2024-09-17,0115,N,VIIRS,n,2,284.79,7.18,N,0
40.60573,-7.72526,323.2,0.73,0.76,2024-09-17,0115,N,VIIRS,n,2,291.63,20.06,N,0
40.60571,-7.71567,328.57,0.73,0.76,2024-09-17,0115,N,VIIRS,n,2,289.61,20.06,N,0
40.60569,-7.70564,337.46,0.73,0.76,2024-09-17,0115,N,VIIRS,n,2,287.9,8.91,N,0
40.60574,-7.73461,301.78,0.73,0.76,2024-09-17,0115,N,VIIRS,n,2,288.07,16.96,N,0
40.59858,-7.72578,367,0.73,0.76,2024-09-17,0115,N,VIIRS,h,2,292.45,20.06,N,0
40.59856,-7.71497,354.04,0.73,0.76,2024-09-17,0115,N,VIIRS,n,2,291.54,20.06,N,0
40.59855,-7.70482,307.3,0.73,0.76,2024-09-17,0115,N,VIIRS,n,2,286.87,8.91,N,0
40.59144,-7.72607,304.37,0.73,0.76,2024-09-17,0115,N,VIIRS,n,2,287.06,2.01,N,0
40.59143,-7.71523,300.22,0.73,0.76,2024-09-17,0115,N,VIIRS,n,2,286.9,2.01,N,0
40.55564,-7.82141,367,0.74,0.76,2024-09-17,0115,N,VIIRS,h,2,291.4,16.75,N,0
40.55566,-7.81269,350.68,0.73,0.76,2024-09-17,0115,N,VIIRS,n,2,290.76,16.75,N,0
40.55566,-7.80351,343.3,0.73,0.76,2024-09-17,0115,N,VIIRS,n,2,289.58,10.94,N,0
40.55563,-7.83018,313.27,0.74,0.76,2024-09-17,0115,N,VIIRS,n,2,288.08,10.8,N,0
40.54846,-7.83031,367,0.74,0.76,2024-09-17,0115,N,VIIRS,h,2,291.02,22.21,N,0
40.54847,-7.82191,341.45,0.74,0.76,2024-09-17,0115,N,VIIRS,n,2,288.84,8.09,N,0
40.54848,-7.81316,306.93,0.73,0.76,2024-09-17,0115,N,VIIRS,n,2,287.57,8.09,N,0
40.54849,-7.80421,306.78,0.73,0.76,2024-09-17,0115,N,VIIRS,n,2,287.29,3.25,N,0
40.60345,-7.72916,324.87,0.73,0.76,2024-09-17,0115,N,VIIRS,n,2,290.93,20.11,N,0
40.60338,-7.71917,347,0.73,0.76,2024-09-17,0115,N,VIIRS,n,2,292.66,20.11,N,0
40.60331,-7.7089,367,0.73,0.76,2024-09-17,0115,N,VIIRS,h,2,290.6,15.45,N,0
40.59624,-7.71935,367,0.73,0.76,2024-09-17,0115,N,VIIRS,h,2,293.62,20.11,N,0
40.59631,-7.7301,310.02,0.73,0.76,2024-09-17,0115,N,VIIRS,n,2,288.07,20.11,N,0
40.59617,-7.70835,307.02,0.73,0.76,2024-09-17,0115,N,VIIRS,n,2,287.01,15.45,N,0
40.55384,-7.82462,367,0.74,0.76,2024-09-17,0115,N,VIIRS,h,2,291.93,20.89,N,0
40.55381,-7.81597,367,0.73,0.76,2024-09-17,0115,N,VIIRS,h,2,291.92,20.89,N,0
40.55377,-7.80698,350.72,0.73,0.76,2024-09-17,0115,N,VIIRS,n,2,290.61,9.78,N,0
40.55374,-7.79806,318.64,0.73,0.76,2024-09-17,0115,N,VIIRS,n,2,288.22,9.78,N,0
40.5467,-7.83342,345.68,0.74,0.76,2024-09-17,0115,N,VIIRS,n,2,289.72,13.52,N,0
40.54667,-7.82499,320.38,0.74,0.76,2024-09-17,0115,N,VIIRS,n,2,289.07,8.63,N,0
40.51808,-7.88082,309.44,0.74,0.76,2024-09-17,0115,N,VIIRS,n,2,287.97,12.94,N,0
40.5109,-7.89092,367,0.74,0.76,2024-09-17,0115,N,VIIRS,h,2,294.62,43.45,N,0
40.51089,-7.88171,367,0.74,0.76,2024-09-17,0115,N,VIIRS,h,2,292.98,12.94,N,0
40.51087,-7.87216,314.13,0.74,0.76,2024-09-17,0115,N,VIIRS,n,2,288.56,12.94,N,0
40.5037,-7.8913,335.93,0.74,0.76,2024-09-17,0115,N,VIIRS,n,2,289.01,7.82,N,0
40.4821,-7.94801,337.07,0.75,0.77,2024-09-17,0115,N,VIIRS,n,2,290.94,14.49,N,0
40.48211,-7.93913,345.54,0.75,0.77,2024-09-17,0115,N,VIIRS,n,2,292.01,17.35,N,0
40.48211,-7.92994,354.07,0.74,0.76,2024-09-17,0115,N,VIIRS,n,2,291.54,17.35,N,0
40.48211,-7.92026,323.5,0.74,0.76,2024-09-17,0115,N,VIIRS,n,2,289.26,15.96,N,0
40.48211,-7.91056,331.67,0.74,0.76,2024-09-17,0115,N,VIIRS,n,2,289.48,15.96,N,0
40.48212,-7.90112,367,0.74,0.76,2024-09-17,0115,N,VIIRS,h,2,293.09,28.97,N,0
40.48212,-7.87649,330.19,0.74,0.76,2024-09-17,0115,N,VIIRS,n,2,290.34,4.89,N,0
40.48212,-7.8841,313.51,0.74,0.76,2024-09-17,0115,N,VIIRS,n,2,289.16,4.89,N,0
40.47488,-7.95834,346.58,0.75,0.77,2024-09-17,0115,N,VIIRS,n,2,288.87,7.12,N,0
40.47488,-7.949,326.08,0.75,0.77,2024-09-17,0115,N,VIIRS,n,2,289.51,7.12,N,0
40.47491,-7.91083,345.06,0.74,0.76,2024-09-17,0115,N,VIIRS,n,2,291.88,9.51,N,0
40.47491,-7.90181,351.16,0.74,0.76,2024-09-17,0115,N,VIIRS,n,2,290.47,25.18,N,0
40.47492,-7.8937,367,0.74,0.76,2024-09-17,0115,N,VIIRS,h,2,292.46,25.18,N,0
40.47492,-7.88562,351.05,0.74,0.76,2024-09-17,0115,N,VIIRS,n,2,300.73,43.56,N,0
40.47493,-7.87689,351.53,0.74,0.76,2024-09-17,0115,N,VIIRS,n,2,293.96,43.56,N,0
40.47487,-7.9677,315.97,0.75,0.77,2024-09-17,0115,N,VIIRS,n,2,284.68,5.68,N,0
40.46764,-7.96851,330.73,0.75,0.77,2024-09-17,0115,N,VIIRS,n,2,287,5.68,N,0
40.46772,-7.9032,348.42,0.74,0.76,2024-09-17,0115,N,VIIRS,n,2,291.51,25.18,N,0
40.46772,-7.89527,335.73,0.74,0.76,2024-09-17,0115,N,VIIRS,n,2,290.02,25.18,N,0
40.46762,-7.98638,302.2,0.75,0.77,2024-09-17,0115,N,VIIRS,n,2,283.42,1.69,N,0
40.46764,-7.97757,298.34,0.75,0.77,2024-09-17,0115,N,VIIRS,n,2,282.98,5.68,N,0
40.46766,-7.95899,306.92,0.75,0.77,2024-09-17,0115,N,VIIRS,n,2,286.86,7.12,N,0
40.4677,-7.92034,305.07,0.74,0.76,2024-09-17,0115,N,VIIRS,n,2,288.53,9.51,N,0
40.46771,-7.91153,309.8,0.74,0.76,2024-09-17,0115,N,VIIRS,n,2,288.77,9.51,N,0
40.46773,-7.88643,308.03,0.74,0.76,2024-09-17,0115,N,VIIRS,n,2,289.38,43.56,N,0
40.46038,-7.9959,320.54,0.75,0.77,2024-09-17,0115,N,VIIRS,n,2,283.48,34.66,N,0
40.46039,-7.98705,336.09,0.75,0.77,2024-09-17,0115,N,VIIRS,n,2,285.13,34.66,N,0
40.46047,-7.93912,331.66,0.75,0.77,2024-09-17,0115,N,VIIRS,n,2,290.19,21.34,N,0
40.46049,-7.92982,367,0.74,0.76,2024-09-17,0115,N,VIIRS,h,2,292.69,21.34,N,0
40.4605,-7.92096,367,0.74,0.76,2024-09-17,0115,N,VIIRS,h,2,292.35,25.51,N,0
40.46051,-7.91254,367,0.74,0.76,2024-09-17,0115,N,VIIRS,h,2,292.59,25.51,N,0
40.46051,-7.90483,335.17,0.74,0.76,2024-09-17,0115,N,VIIRS,n,2,289.73,11.18,N,0
40.46036,-8.00539,298.75,0.75,0.77,2024-09-17,0115,N,VIIRS,n,2,283.23,23.89,N,0
40.46041,-7.9782,309.63,0.75,0.77,2024-09-17,0115,N,VIIRS,n,2,285.55,4.72,N,0
40.46043,-7.96861,302.58,0.75,0.77,2024-09-17,0115,N,VIIRS,n,2,287.05,4.72,N,0
40.46044,-7.95884,302.26,0.75,0.77,2024-09-17,0115,N,VIIRS,n,2,287.68,5.6,N,0
40.45312,-8.00615,320.84,0.75,0.77,2024-09-17,0115,N,VIIRS,n,2,285.35,23.89,N,0
40.45314,-7.99706,367,0.75,0.77,2024-09-17,0115,N,VIIRS,h,2,297.02,34.66,N,0
40.45316,-7.98754,351.1,0.75,0.77,2024-09-17,0115,N,VIIRS,n,2,289.77,34.66,N,0
40.45325,-7.94888,333.08,0.75,0.77,2024-09-17,0115,N,VIIRS,n,2,290.45,5.6,N,0
40.45326,-7.93938,326.83,0.75,0.77,2024-09-17,0115,N,VIIRS,n,2,291.01,21.34,N,0
40.45328,-7.93028,367,0.74,0.76,2024-09-17,0115,N,VIIRS,h,2,295.71,21.34,N,0
40.45329,-7.92199,356.53,0.74,0.76,2024-09-17,0115,N,VIIRS,n,2,295.31,25.51,N,0
40.45319,-7.97796,316.32,0.75,0.77,2024-09-17,0115,N,VIIRS,n,2,285.95,4.72,N,0
40.45323,-7.95841,311.08,0.75,0.77,2024-09-17,0115,N,VIIRS,n,2,287.89,5.6,N,0
40.4533,-7.91395,316.36,0.74,0.76,2024-09-17,0115,N,VIIRS,n,2,289.82,25.51,N,0
40.44592,-7.99703,367,0.75,0.77,2024-09-17,0115,N,VIIRS,h,2,285.04,7.67,N,0
40.44599,-7.9679,320.68,0.75,0.77,2024-09-17,0115,N,VIIRS,n,2,289.1,16.09,N,0
40.44601,-7.9588,344.6,0.75,0.77,2024-09-17,0115,N,VIIRS,n,2,292.54,70.97,N,0
40.44603,-7.94939,354.3,0.75,0.77,2024-09-17,0115,N,VIIRS,n,2,294.99,70.97,N,0
40.44606,-7.93981,367,0.75,0.77,2024-09-17,0115,N,VIIRS,h,2,306.54,75.11,N,0
40.44607,-7.9309,344.03,0.74,0.76,2024-09-17,0115,N,VIIRS,n,2,301.86,75.11,N,0
40.44589,-8.00694,309.72,0.75,0.77,2024-09-17,0115,N,VIIRS,n,2,285.79,7.8,N,0
40.44594,-7.98705,306.25,0.75,0.77,2024-09-17,0115,N,VIIRS,n,2,284.52,7.67,N,0
40.44608,-7.92325,312.84,0.74,0.76,2024-09-17,0115,N,VIIRS,n,2,289.77,29.73,N,0
40.43877,-7.96853,322.52,0.75,0.77,2024-09-17,0115,N,VIIRS,n,2,289.7,16.09,N,0
40.43879,-7.9594,367,0.75,0.77,2024-09-17,0115,N,VIIRS,h,2,295.2,70.97,N,0
40.43882,-7.94972,354.15,0.75,0.77,2024-09-17,0115,N,VIIRS,n,2,305.39,70.97,N,0
40.43884,-7.94044,344.3,0.75,0.77,2024-09-17,0115,N,VIIRS,n,2,293.98,75.11,N,0
40.43866,-8.0059,297.25,0.75,0.77,2024-09-17,0115,N,VIIRS,n,2,282.84,7.8,N,0
40.43869,-7.99615,299.16,0.75,0.77,2024-09-17,0115,N,VIIRS,n,2,282.78,7.67,N,0
40.43885,-7.93253,308.94,0.74,0.76,2024-09-17,0115,N,VIIRS,n,2,290.04,75.11,N,0
40.48731,-7.93078,349.74,0.74,0.76,2024-09-17,0115,N,VIIRS,n,2,291.38,9.68,N,0
40.48735,-7.93968,313.4,0.74,0.76,2024-09-17,0115,N,VIIRS,n,2,288.76,10.32,N,0
40.48019,-7.94968,341.64,0.75,0.77,2024-09-17,0115,N,VIIRS,n,2,290.51,10.32,N,0
40.48015,-7.94079,335.8,0.74,0.76,2024-09-17,0115,N,VIIRS,n,2,291.46,10.32,N,0
40.48011,-7.9316,329.57,0.74,0.76,2024-09-17,0115,N,VIIRS,n,2,289.67,9.68,N,0
40.48006,-7.92179,333.84,0.74,0.76,2024-09-17,0115,N,VIIRS,n,2,289.54,9.68,N,0
40.48002,-7.91209,325.03,0.74,0.76,2024-09-17,0115,N,VIIRS,n,2,289.67,29.28,N,0
40.47997,-7.90263,367,0.74,0.76,2024-09-17,0115,N,VIIRS,h,2,297.2,29.28,N,0
40.4799,-7.88567,321.28,0.74,0.76,2024-09-17,0115,N,VIIRS,n,2,290.16,20.13,N,0
40.47986,-7.87824,367,0.74,0.76,2024-09-17,0115,N,VIIRS,h,2,296.76,36.79,N,0
40.48022,-7.95892,300.74,0.75,0.77,2024-09-17,0115,N,VIIRS,n,2,286.13,5.41,N,0
40.47993,-7.89389,312.57,0.74,0.76,2024-09-17,0115,N,VIIRS,n,2,289.31,20.13,N,0
40.47302,-7.96,349.08,0.75,0.77,2024-09-17,0115,N,VIIRS,n,2,288.97,6.07,N,0
40.47282,-7.91236,330.9,0.74,0.76,2024-09-17,0115,N,VIIRS,n,2,290.56,9.66,N,0
40.47275,-7.89539,350.81,0.74,0.76,2024-09-17,0115,N,VIIRS,n,2,291.65,40.21,N,0
40.47271,-7.88764,356.85,0.74,0.76,2024-09-17,0115,N,VIIRS,n,2,300.11,40.21,N,0
40.47267,-7.87802,367,0.74,0.76,2024-09-17,0115,N,VIIRS,h,2,290.07,41.16,N,0
40.47305,-7.96932,319.26,0.75,0.77,2024-09-17,0115,N,VIIRS,n,2,284.69,6.07,N,0
40.47298,-7.95063,316.64,0.75,0.77,2024-09-17,0115,N,VIIRS,n,2,288.69,9.64,N,0
40.47279,-7.90336,313.33,0.74,0.76,2024-09-17,0115,N,VIIRS,n,2,289.24,9.66,N,0
40.46584,-7.96994,321.14,0.75,0.77,2024-09-17,0115,N,VIIRS,n,2,287.17,6.07,N,0
40.46569,-7.93106,324.31,0.74,0.76,2024-09-17,0115,N,VIIRS,n,2,289.55,5.84,N,0
40.46559,-7.90491,367,0.74,0.76,2024-09-17,0115,N,VIIRS,h,2,291.9,9.66,N,0
40.46556,-7.89699,324.6,0.74,0.76,2024-09-17,0115,N,VIIRS,n,2,289.87,40.21,N,0
40.4659,-7.98775,309.34,0.75,0.77,2024-09-17,0115,N,VIIRS,n,2,282.91,3.07,N,0
40.46587,-7.97903,297.78,0.75,0.77,2024-09-17,0115,N,VIIRS,n,2,283.36,3.07,N,0
40.4658,-7.96036,304.37,0.75,0.77,2024-09-17,0115,N,VIIRS,n,2,287.63,6.07,N,0
40.46566,-7.92178,313.01,0.74,0.76,2024-09-17,0115,N,VIIRS,n,2,289.23,5.84,N,0
40.46563,-7.91303,316.23,0.74,0.76,2024-09-17,0115,N,VIIRS,n,2,289.24,9.66,N,0
40.4587,-7.99741,336.28,0.75,0.77,2024-09-17,0115,N,VIIRS,n,2,284.77,32.68,N,0
40.45867,-7.98841,367,0.75,0.77,2024-09-17,0115,N,VIIRS,h,2,289.77,22.48,N,0
40.45849,-7.9312,354.92,0.74,0.76,2024-09-17,0115,N,VIIRS,n,2,292.42,33.09,N,0
40.45846,-7.92243,367,0.74,0.76,2024-09-17,0115,N,VIIRS,h,2,292.34,33.09,N,0
40.45843,-7.91409,355.15,0.74,0.76,2024-09-17,0115,N,VIIRS,n,2,294.38,16.9,N,0
40.45873,-8.00681,299.62,0.75,0.77,2024-09-17,0115,N,VIIRS,n,2,283.94,32.68,N,0
40.45864,-7.9794,313.93,0.75,0.77,2024-09-17,0115,N,VIIRS,n,2,285.39,22.48,N,0
40.45862,-7.96981,304.38,0.75,0.77,2024-09-17,0115,N,VIIRS,n,2,287.39,7.03,N,0
40.45855,-7.95029,302.01,0.75,0.77,2024-09-17,0115,N,VIIRS,n,2,288.23,11.15,N,0
40.45852,-7.9405,318.15,0.74,0.76,2024-09-17,0115,N,VIIRS,n,2,289.22,11.15,N,0
40.4584,-7.90629,308.17,0.74,0.76,2024-09-17,0115,N,VIIRS,n,2,289,16.9,N,0
40.45148,-7.99825,367,0.75,0.77,2024-09-17,0115,N,VIIRS,h,2,295.24,32.68,N,0
40.45145,-7.98872,350.49,0.75,0.77,2024-09-17,0115,N,VIIRS,n,2,289.01,22.48,N,0
40.45134,-7.95028,339.81,0.75,0.77,2024-09-17,0115,N,VIIRS,n,2,291.4,11.15,N,0
40.45131,-7.94074,333.22,0.74,0.76,2024-09-17,0115,N,VIIRS,n,2,292.42,11.15,N,0
40.45129,-7.93161,367,0.74,0.76,2024-09-17,0115,N,VIIRS,h,2,298.28,33.09,N,0
40.45126,-7.92341,367,0.74,0.76,2024-09-17,0115,N,VIIRS,h,2,296.26,33.09,N,0
40.4515,-8.00748,313.29,0.75,0.77,2024-09-17,0115,N,VIIRS,n,2,285.95,32.68,N,0
40.45143,-7.97908,319.01,0.75,0.77,2024-09-17,0115,N,VIIRS,n,2,286.63,22.48,N,0
40.45137,-7.95974,313.96,0.75,0.77,2024-09-17,0115,N,VIIRS,n,2,288.4,7.03,N,0
40.45124,-7.91539,304.41,0.74,0.76,2024-09-17,0115,N,VIIRS,n,2,290.03,16.9,N,0
40.44425,-7.99809,321.03,0.75,0.77,2024-09-17,0115,N,VIIRS,n,2,282.64,3.68,N,0
40.44416,-7.96007,351.54,0.75,0.77,2024-09-17,0115,N,VIIRS,n,2,293.01,28.41,N,0
40.44413,-7.95081,367,0.75,0.77,2024-09-17,0115,N,VIIRS,h,2,297.08,94.17,N,0
40.44411,-7.94114,350.95,0.74,0.76,2024-09-17,0115,N,VIIRS,n,2,309.25,94.17,N,0
40.44408,-7.93242,343.3,0.74,0.76,2024-09-17,0115,N,VIIRS,n,2,300.21,59.43,N,0
40.44427,-8.008,299.85,0.75,0.77,2024-09-17,0115,N,VIIRS,n,2,284.38,3.68,N,0
40.44423,-7.98816,300.89,0.75,0.77,2024-09-17,0115,N,VIIRS,n,2,283.81,3.65,N,0
40.44418,-7.96915,316.26,0.75,0.77,2024-09-17,0115,N,VIIRS,n,2,288.42,28.41,N,0
40.44406,-7.92458,309.36,0.74,0.76,2024-09-17,0115,N,VIIRS,n,2,289.6,59.43,N,0
40.43694,-7.96075,367,0.75,0.77,2024-09-17,0115,N,VIIRS,h,2,294.48,28.41,N,0
40.43692,-7.95126,348.18,0.75,0.77,2024-09-17,0115,N,VIIRS,n,2,302.46,94.17,N,0
40.4369,-7.94179,353.83,0.74,0.76,2024-09-17,0115,N,VIIRS,n,2,290.59,94.17,N,0
40.437,-7.98781,303.31,0.75,0.77,2024-09-17,0115,N,VIIRS,n,2,286.18,3.65,N,0
40.43696,-7.96987,311.94,0.75,0.77,2024-09-17,0115,N,VIIRS,n,2,289.3,28.41,N,0
40.42979,-7.99725,322.01,0.75,0.77,2024-09-17,0115,N,VIIRS,n,2,286.44,10.31,N,0
40.42978,-7.98809,339.53,0.75,0.77,2024-09-17,0115,N,VIIRS,n,2,288.61,11.81,N,0
40.42973,-7.96188,334.41,0.75,0.77,2024-09-17,0115,N,VIIRS,n,2,290.49,14.57,N,0
40.42971,-7.95268,329.85,0.75,0.77,2024-09-17,0115,N,VIIRS,n,2,289.48,9.99,N,0
41.55145,-8.16567,313.67,0.4,0.44,2024-09-17,0255,N,VIIRS,n,2,290.96,2.76,N,0
41.45299,-7.73052,300.73,0.42,0.45,2024-09-17,0255,N,VIIRS,n,2,285.04,1.33,N,0
41.45183,-7.72544,306.58,0.42,0.45,2024-09-17,0255,N,VIIRS,n,2,286.68,1.19,N,0
41.45061,-7.72014,300.59,0.42,0.45,2024-09-17,0255,N,VIIRS,n,2,284.27,1.19,N,0
41.44798,-7.70865,312.35,0.42,0.45,2024-09-17,0255,N,VIIRS,n,2,285.92,10.2,N,0
41.43671,-7.65944,310.1,0.42,0.45,2024-09-17,0255,N,VIIRS,n,2,289.01,1.53,N,0
41.43575,-7.65524,314.62,0.42,0.45,2024-09-17,0255,N,VIIRS,n,2,287.83,14.8,N,0
41.43133,-7.63599,301.53,0.42,0.45,2024-09-17,0255,N,VIIRS,n,2,284.02,14.68,N,0
41.44664,-7.7028,348.76,0.42,0.45,2024-09-17,0255,N,VIIRS,n,2,296.33,20.85,N,0
41.43766,-7.6636,320.42,0.42,0.45,2024-09-17,0255,N,VIIRS,n,2,292.98,1.53,N,0
41.43472,-7.65077,353.1,0.42,0.45,2024-09-17,0255,N,VIIRS,n,2,300.47,14.8,N,0
41.43364,-7.64607,329.68,0.42,0.45,2024-09-17,0255,N,VIIRS,n,2,285.19,17.51,N,0
41.43251,-7.64115,344.34,0.42,0.45,2024-09-17,0255,N,VIIRS,n,2,285.04,17.51,N,0
41.54778,-8.14925,325.65,0.4,0.44,2024-09-17,0255,N,VIIRS,n,2,289.2,2.85,N,0
41.5487,-8.1534,367,0.4,0.44,2024-09-17,0255,N,VIIRS,h,2,293.66,7.8,N,0
41.54961,-8.15743,345.59,0.4,0.44,2024-09-17,0255,N,VIIRS,n,2,291.19,7.8,N,0
41.55051,-8.16149,336.13,0.4,0.44,2024-09-17,0255,N,VIIRS,n,2,290.68,2.76,N,0
41.55239,-8.16993,345.84,0.4,0.44,2024-09-17,0255,N,VIIRS,n,2,296.21,13.89,N,0
41.55339,-8.17437,354.71,0.4,0.44,2024-09-17,0255,N,VIIRS,n,2,306.46,13.89,N,0
41.55441,-8.17893,325.41,0.4,0.44,2024-09-17,0255,N,VIIRS,n,2,291.1,12.44,N,0
41.43409,-7.62877,297.63,0.42,0.45,2024-09-17,0255,N,VIIRS,n,2,284.14,14.68,N,0
41.43978,-7.6536,299.41,0.42,0.45,2024-09-17,0255,N,VIIRS,n,2,284.97,14.8,N,0
41.44073,-7.65775,303,0.42,0.45,2024-09-17,0255,N,VIIRS,n,2,287.32,1.53,N,0
41.44168,-7.66188,306.18,0.42,0.45,2024-09-17,0255,N,VIIRS,n,2,287.87,1.53,N,0
41.45576,-7.72342,303.04,0.42,0.45,2024-09-17,0255,N,VIIRS,n,2,286.3,1.19,N,0
41.45695,-7.7286,306.6,0.42,0.45,2024-09-17,0255,N,VIIRS,n,2,287.62,1.33,N,0
41.55724,-8.17239,300.03,0.4,0.44,2024-09-17,0255,N,VIIRS,n,2,288.83,13.89,N,0
41.43535,-7.63426,355.6,0.42,0.45,2024-09-17,0255,N,VIIRS,n,2,304.61,14.68,N,0
41.43656,-7.63951,353.72,0.42,0.45,2024-09-17,0255,N,VIIRS,n,2,306.76,17.51,N,0
41.43769,-7.64445,344.45,0.42,0.45,2024-09-17,0255,N,VIIRS,n,2,291.05,17.51,N,0
41.43877,-7.64916,340.42,0.42,0.45,2024-09-17,0255,N,VIIRS,n,2,289.47,14.8,N,0
41.4507,-7.70132,346.66,0.42,0.45,2024-09-17,0255,N,VIIRS,n,2,287.42,20.85,N,0
41.43813,-7.62709,296.99,0.42,0.45,2024-09-17,0255,N,VIIRS,n,2,284.55,1.07,N,0
41.43939,-7.63259,315.87,0.42,0.45,2024-09-17,0255,N,VIIRS,n,2,289.52,1.07,N,0
41.44061,-7.63792,301.2,0.42,0.45,2024-09-17,0255,N,VIIRS,n,2,285.63,1.08,N,0
41.44475,-7.65599,316.24,0.42,0.45,2024-09-17,0255,N,VIIRS,n,2,289.56,2.53,N,0
41.44569,-7.66013,303.37,0.42,0.45,2024-09-17,0255,N,VIIRS,n,2,286.26,2.53,N,0
41.4548,-7.69995,313.39,0.42,0.45,2024-09-17,0255,N,VIIRS,n,2,286.17,5.16,N,0
41.46206,-7.73172,316.48,0.42,0.45,2024-09-17,0255,N,VIIRS,n,2,285.87,6.17,N,0
41.45733,-7.71103,331.82,0.42,0.45,2024-09-17,0255,N,VIIRS,n,2,290.03,16.94,N,0
41.45852,-7.71625,336.32,0.42,0.45,2024-09-17,0255,N,VIIRS,n,2,292.36,12,N,0
41.45969,-7.72138,350.21,0.42,0.45,2024-09-17,0255,N,VIIRS,n,2,293.83,12,N,0
41.46088,-7.72656,347.53,0.42,0.45,2024-09-17,0255,N,VIIRS,n,2,294.51,6.17,N,0
41.44344,-7.63098,296.14,0.42,0.45,2024-09-17,0255,N,VIIRS,n,2,284.38,1.07,N,0
41.44469,-7.63643,296.36,0.42,0.45,2024-09-17,0255,N,VIIRS,n,2,284.43,1.08,N,0
41.46599,-7.72972,309.17,0.42,0.45,2024-09-17,0255,N,VIIRS,n,2,285.05,6.17,N,0
41.44877,-7.65428,327.78,0.42,0.45,2024-09-17,0255,N,VIIRS,n,2,293.24,2.53,N,0
41.44974,-7.65855,328.57,0.42,0.45,2024-09-17,0255,N,VIIRS,n,2,292.09,2.53,N,0
41.45895,-7.69885,348.23,0.42,0.45,2024-09-17,0255,N,VIIRS,n,2,288.08,5.16,N,0
41.46017,-7.70421,351.32,0.42,0.45,2024-09-17,0255,N,VIIRS,n,2,291.32,16.94,N,0
41.46136,-7.70939,367,0.42,0.45,2024-09-17,0255,N,VIIRS,h,2,300.11,16.94,N,0
41.46251,-7.71442,367,0.42,0.45,2024-09-17,0255,N,VIIRS,h,2,295.93,12,N,0
41.46365,-7.71943,355.69,0.42,0.45,2024-09-17,0255,N,VIIRS,n,2,292.23,12,N,0
41.46482,-7.72457,348.38,0.42,0.45,2024-09-17,0255,N,VIIRS,n,2,292.19,6.17,N,0
41.4462,-7.62372,315.55,0.42,0.45,2024-09-17,0255,N,VIIRS,n,2,284.7,14.94,N,0
41.4528,-7.6526,319.31,0.42,0.45,2024-09-17,0255,N,VIIRS,n,2,287.7,6.79,N,0
41.44748,-7.62933,342.89,0.42,0.45,2024-09-17,0255,N,VIIRS,n,2,287.13,14.94,N,0
41.44873,-7.63478,332.1,0.42,0.45,2024-09-17,0255,N,VIIRS,n,2,287.8,44.54,N,0
41.44987,-7.63977,337.19,0.42,0.45,2024-09-17,0255,N,VIIRS,n,2,289.64,44.54,N,0
41.45089,-7.64421,333.64,0.42,0.45,2024-09-17,0255,N,VIIRS,n,2,295.1,36.89,N,0
41.45185,-7.64843,367,0.42,0.45,2024-09-17,0255,N,VIIRS,h,2,290.72,36.89,N,0
41.45026,-7.62213,295.53,0.42,0.45,2024-09-17,0255,N,VIIRS,n,2,283.16,14.94,N,0
41.45153,-7.62769,345.15,0.42,0.45,2024-09-17,0255,N,VIIRS,n,2,302.77,14.94,N,0
41.45277,-7.63312,354.37,0.42,0.45,2024-09-17,0255,N,VIIRS,n,2,301.08,44.54,N,0
41.45391,-7.63811,367,0.42,0.45,2024-09-17,0255,N,VIIRS,h,2,329.55,44.54,N,0
41.45493,-7.64257,338.35,0.42,0.45,2024-09-17,0255,N,VIIRS,n,2,328.22,36.89,N,0
41.45589,-7.64678,367,0.42,0.45,2024-09-17,0255,N,VIIRS,h,2,294.8,36.89,N,0
41.45685,-7.65099,337.44,0.42,0.45,2024-09-17,0255,N,VIIRS,n,2,287.88,6.79,N,0
41.45683,-7.63151,296.99,0.42,0.45,2024-09-17,0255,N,VIIRS,n,2,283.5,1.04,N,0
41.45798,-7.63658,310.41,0.42,0.45,2024-09-17,0255,N,VIIRS,n,2,283.96,1.04,N,0
41.45898,-7.64099,307.75,0.42,0.45,2024-09-17,0255,N,VIIRS,n,2,284.21,0.96,N,0
41.45993,-7.64518,295.35,0.42,0.45,2024-09-17,0255,N,VIIRS,n,2,283.71,0.96,N,0
41.52721,-7.90366,301.84,0.41,0.45,2024-09-17,0255,N,VIIRS,n,2,291.08,4.43,N,0
41.53895,-7.93656,300,0.41,0.45,2024-09-17,0255,N,VIIRS,n,2,289.67,0.41,N,0
41.53006,-7.89697,347,0.41,0.45,2024-09-17,0255,N,VIIRS,n,2,293.53,11.78,N,0
41.53128,-7.90239,338.28,0.41,0.45,2024-09-17,0255,N,VIIRS,n,2,292.25,4.43,N,0
41.53191,-7.88584,306.51,0.41,0.45,2024-09-17,0255,N,VIIRS,n,2,290.89,41.87,N,0
41.61823,-8.27371,301.42,0.39,0.44,2024-09-17,0255,N,VIIRS,n,2,290.07,72.22,N,0
41.61915,-8.27793,313.6,0.39,0.44,2024-09-17,0255,N,VIIRS,n,2,290.94,72.22,N,0
41.53299,-7.89066,338.74,0.41,0.45,2024-09-17,0255,N,VIIRS,n,2,293.95,38.58,N,0
41.53412,-7.89569,356.91,0.41,0.45,2024-09-17,0255,N,VIIRS,n,2,310.84,38.58,N,0
41.53535,-7.90113,327.08,0.41,0.45,2024-09-17,0255,N,VIIRS,n,2,291.66,8.72,N,0
41.62008,-8.28212,339.37,0.39,0.44,2024-09-17,0255,N,VIIRS,n,2,291.33,17.37,N,0
41.62492,-8.28476,303.2,0.39,0.44,2024-09-17,0255,N,VIIRS,n,2,292.22,17.37,N,0
41.53395,-7.87551,332.27,0.41,0.45,2024-09-17,0255,N,VIIRS,n,2,296.98,41.34,N,0
41.53498,-7.88012,356.99,0.41,0.45,2024-09-17,0255,N,VIIRS,n,2,311.2,41.87,N,0
41.53601,-7.8847,334.01,0.41,0.45,2024-09-17,0255,N,VIIRS,n,2,308.74,41.87,N,0
41.53708,-7.88946,355.06,0.41,0.45,2024-09-17,0255,N,VIIRS,n,2,320.75,38.58,N,0
41.53822,-7.89453,348.95,0.41,0.45,2024-09-17,0255,N,VIIRS,n,2,301.76,38.58,N,0
41.53943,-7.89995,342.92,0.41,0.45,2024-09-17,0255,N,VIIRS,n,2,296.37,8.72,N,0
41.54059,-7.90513,346,0.41,0.45,2024-09-17,0255,N,VIIRS,n,2,297.18,8.72,N,0
41.54161,-7.90966,339.81,0.41,0.45,2024-09-17,0255,N,VIIRS,n,2,291.32,8.73,N,0
41.54257,-7.91397,334.31,0.41,0.45,2024-09-17,0255,N,VIIRS,n,2,290.85,8.73,N,0
41.61821,-8.25431,338.32,0.39,0.44,2024-09-17,0255,N,VIIRS,n,2,292.17,7.21,N,0
41.61919,-8.25878,338.93,0.39,0.44,2024-09-17,0255,N,VIIRS,n,2,293.41,7.21,N,0
41.6212,-8.26789,333.27,0.39,0.44,2024-09-17,0255,N,VIIRS,n,2,291.59,37.04,N,0
41.62217,-8.27229,367,0.39,0.44,2024-09-17,0255,N,VIIRS,h,2,325.81,72.22,N,0
41.62309,-8.27648,367,0.39,0.44,2024-09-17,0255,N,VIIRS,h,2,334.43,72.22,N,0
41.624,-8.28063,342.68,0.39,0.44,2024-09-17,0255,N,VIIRS,n,2,299.27,17.37,N,0
41.62032,-8.24456,300.83,0.39,0.44,2024-09-17,0255,N,VIIRS,n,2,288.4,1.04,N,0
41.53706,-7.86993,334.24,0.41,0.45,2024-09-17,0255,N,VIIRS,n,2,290.28,68.6,N,0
41.53812,-7.87467,367,0.41,0.45,2024-09-17,0255,N,VIIRS,h,2,307.33,68.6,N,0
41.53911,-7.87908,367,0.41,0.45,2024-09-17,0255,N,VIIRS,h,2,318.15,22.56,N,0
41.54012,-7.88362,352.89,0.41,0.45,2024-09-17,0255,N,VIIRS,n,2,310.38,22.56,N,0
41.54118,-7.88834,350.74,0.41,0.45,2024-09-17,0255,N,VIIRS,n,2,300.97,5.98,N,0
41.54233,-7.89347,328.99,0.41,0.45,2024-09-17,0255,N,VIIRS,n,2,296.36,5.98,N,0
41.54353,-7.89883,347.83,0.41,0.45,2024-09-17,0255,N,VIIRS,n,2,300.13,6.93,N,0
41.54471,-7.9041,367,0.41,0.45,2024-09-17,0255,N,VIIRS,h,2,312.61,6.93,N,0
41.54572,-7.90861,349.86,0.41,0.45,2024-09-17,0255,N,VIIRS,n,2,318.32,30.69,N,0
41.54666,-7.91283,355.37,0.41,0.45,2024-09-17,0255,N,VIIRS,n,2,301.98,30.69,N,0
41.62321,-8.25767,328.02,0.39,0.44,2024-09-17,0255,N,VIIRS,n,2,292.03,2.14,N,0
41.62418,-8.26207,325.34,0.39,0.44,2024-09-17,0255,N,VIIRS,n,2,292.22,12.13,N,0
41.62514,-8.26646,324.25,0.39,0.44,2024-09-17,0255,N,VIIRS,n,2,306.4,12.13,N,0
41.62611,-8.27083,342.47,0.39,0.44,2024-09-17,0255,N,VIIRS,n,2,337.58,53.55,N,0
41.62703,-8.27502,367,0.39,0.44,2024-09-17,0255,N,VIIRS,h,2,343.01,53.55,N,0
41.62795,-8.27917,328.19,0.39,0.44,2024-09-17,0255,N,VIIRS,n,2,293.46,28.86,N,0
41.53997,-7.8635,305.84,0.41,0.45,2024-09-17,0255,N,VIIRS,n,2,288.94,2.49,N,0
41.54645,-7.89245,318.94,0.41,0.45,2024-09-17,0255,N,VIIRS,n,2,294.76,5.98,N,0
41.54763,-7.89773,319.65,0.41,0.45,2024-09-17,0255,N,VIIRS,n,2,295.8,6.93,N,0
41.54879,-7.90292,319.6,0.41,0.45,2024-09-17,0255,N,VIIRS,n,2,295.34,6.93,N,0
41.62532,-8.2479,309.47,0.39,0.44,2024-09-17,0255,N,VIIRS,n,2,291.06,1.04,N,0
41.62631,-8.25238,305.84,0.39,0.44,2024-09-17,0255,N,VIIRS,n,2,290.31,2.14,N,0
41.62818,-8.26088,317.07,0.39,0.44,2024-09-17,0255,N,VIIRS,n,2,291.81,12.13,N,0
41.63095,-8.27348,309.84,0.39,0.44,2024-09-17,0255,N,VIIRS,n,2,291.6,53.55,N,0
41.54111,-7.86858,367,0.41,0.45,2024-09-17,0255,N,VIIRS,h,2,338.51,68.6,N,0
41.54217,-7.87332,351.77,0.41,0.45,2024-09-17,0255,N,VIIRS,n,2,310.29,68.6,N,0
41.54317,-7.8778,335.87,0.41,0.45,2024-09-17,0255,N,VIIRS,n,2,299.62,22.56,N,0
41.54421,-7.88246,325.84,0.41,0.45,2024-09-17,0255,N,VIIRS,n,2,297.45,22.56,N,0
41.54531,-7.88734,323.67,0.41,0.45,2024-09-17,0255,N,VIIRS,n,2,297.45,5.98,N,0
41.54981,-7.90749,344.71,0.41,0.45,2024-09-17,0255,N,VIIRS,n,2,295.96,30.69,N,0
41.55075,-7.9117,341.7,0.41,0.45,2024-09-17,0255,N,VIIRS,n,2,303.34,30.69,N,0
41.62727,-8.25672,329.62,0.39,0.44,2024-09-17,0255,N,VIIRS,n,2,293.83,2.14,N,0
41.62909,-8.26505,352.21,0.39,0.44,2024-09-17,0255,N,VIIRS,n,2,301.22,12.13,N,0
41.63002,-8.26928,324.47,0.39,0.44,2024-09-17,0255,N,VIIRS,n,2,293.67,53.55,N,0
41.54729,-7.87676,312.23,0.41,0.45,2024-09-17,0255,N,VIIRS,n,2,293.92,2.47,N,0
41.54836,-7.88153,306.51,0.41,0.45,2024-09-17,0255,N,VIIRS,n,2,292.37,2.47,N,0
41.54947,-7.8865,316.44,0.41,0.45,2024-09-17,0255,N,VIIRS,n,2,294.16,31.45,N,0
41.5664,-7.96236,299.84,0.4,0.45,2024-09-17,0255,N,VIIRS,n,2,288.9,2.26,N,0
41.62929,-8.24654,301.85,0.39,0.44,2024-09-17,0255,N,VIIRS,n,2,290.3,2.2,N,0
41.63391,-8.26758,303.25,0.39,0.44,2024-09-17,0255,N,VIIRS,n,2,291.34,4.56,N,0
41.54515,-7.86719,347.69,0.41,0.45,2024-09-17,0255,N,VIIRS,n,2,335.49,25.92,N,0
41.54623,-7.87202,342.13,0.41,0.45,2024-09-17,0255,N,VIIRS,n,2,299.35,25.92,N,0
41.5506,-7.89157,339.52,0.41,0.45,2024-09-17,0255,N,VIIRS,n,2,295.31,31.45,N,0
41.55175,-7.89672,343.41,0.41,0.45,2024-09-17,0255,N,VIIRS,n,2,297.96,12.68,N,0
41.55291,-7.90192,321.95,0.41,0.45,2024-09-17,0255,N,VIIRS,n,2,292.37,12.68,N,0
41.55392,-7.90644,354.85,0.41,0.45,2024-09-17,0255,N,VIIRS,n,2,302.91,18.32,N,0
41.55486,-7.91062,334.64,0.41,0.45,2024-09-17,0255,N,VIIRS,n,2,289.05,18.32,N,0
41.63027,-8.25101,352.38,0.39,0.44,2024-09-17,0255,N,VIIRS,n,2,299.95,19.43,N,0
41.63123,-8.25535,349.1,0.39,0.44,2024-09-17,0255,N,VIIRS,n,2,303.63,19.43,N,0
41.63211,-8.2594,351.91,0.39,0.44,2024-09-17,0255,N,VIIRS,n,2,308.64,24.46,N,0
41.633,-8.26345,350.89,0.39,0.44,2024-09-17,0255,N,VIIRS,n,2,306.81,24.46,N,0
41.54562,-7.84981,317.3,0.41,0.45,2024-09-17,0255,N,VIIRS,n,2,288.66,5.68,N,0
41.54809,-7.86085,317.15,0.41,0.45,2024-09-17,0255,N,VIIRS,n,2,291.71,27.12,N,0
41.55042,-7.8713,303.48,0.41,0.45,2024-09-17,0255,N,VIIRS,n,2,290.56,25.92,N,0
41.55148,-7.87605,308.82,0.41,0.45,2024-09-17,0255,N,VIIRS,n,2,292.17,2.47,N,0
41.55256,-7.88086,317.43,0.41,0.45,2024-09-17,0255,N,VIIRS,n,2,290.4,2.47,N,0
41.56944,-7.95661,317.66,0.41,0.45,2024-09-17,0255,N,VIIRS,n,2,290.61,2.89,N,0
41.63406,-8.24886,310.62,0.39,0.44,2024-09-17,0255,N,VIIRS,n,2,289.67,19.43,N,0
41.636,-8.2577,315.96,0.39,0.44,2024-09-17,0255,N,VIIRS,n,2,290.77,24.46,N,0
41.6369,-8.26179,307.18,0.39,0.44,2024-09-17,0255,N,VIIRS,n,2,290.82,24.46,N,0
41.54687,-7.85539,349.43,0.41,0.45,2024-09-17,0255,N,VIIRS,n,2,296.93,27.12,N,0
41.54927,-7.86616,337.51,0.41,0.45,2024-09-17,0255,N,VIIRS,n,2,294.42,25.92,N,0
41.55365,-7.88576,340.47,0.41,0.45,2024-09-17,0255,N,VIIRS,n,2,311.74,31.45,N,0
41.55476,-7.89075,367,0.41,0.45,2024-09-17,0255,N,VIIRS,h,2,301.48,31.45,N,0
41.5559,-7.89582,367,0.41,0.45,2024-09-17,0255,N,VIIRS,h,2,292.59,12.68,N,0
41.557,-7.90078,338.51,0.41,0.45,2024-09-17,0255,N,VIIRS,n,2,296.19,12.68,N,0
41.55804,-7.90544,341.72,0.41,0.45,2024-09-17,0255,N,VIIRS,n,2,293.15,18.32,N,0
41.57045,-7.96114,332.15,0.4,0.45,2024-09-17,0255,N,VIIRS,n,2,290.98,2.26,N,0
41.55225,-7.85999,303.71,0.41,0.45,2024-09-17,0255,N,VIIRS,n,2,288.13,9.69,N,0
41.55457,-7.87041,310.59,0.41,0.45,2024-09-17,0255,N,VIIRS,n,2,287.72,18.22,N,0
41.55566,-7.87528,310.4,0.41,0.45,2024-09-17,0255,N,VIIRS,n,2,289.81,25.71,N,0
41.55893,-7.88997,299.06,0.41,0.45,2024-09-17,0255,N,VIIRS,n,2,286.63,39.68,N,0
41.57348,-7.95527,315.15,0.41,0.45,2024-09-17,0255,N,VIIRS,n,2,289.91,1.58,N,0
41.5497,-7.84856,325.81,0.41,0.45,2024-09-17,0255,N,VIIRS,n,2,296.35,20.29,N,0
41.551,-7.85438,340.83,0.41,0.45,2024-09-17,0255,N,VIIRS,n,2,296.54,9.69,N,0
41.55342,-7.86527,342.33,0.41,0.45,2024-09-17,0255,N,VIIRS,n,2,289.4,18.22,N,0
41.55675,-7.88017,328.08,0.41,0.45,2024-09-17,0255,N,VIIRS,n,2,315.56,25.71,N,0
41.55783,-7.885,367,0.41,0.45,2024-09-17,0255,N,VIIRS,h,2,302.85,39.68,N,0
41.55509,-7.85321,303.98,0.41,0.45,2024-09-17,0255,N,VIIRS,n,2,288.45,9.69,N,0
41.70106,-8.51733,312.36,0.57,0.43,2024-09-17,0255,N,VIIRS,n,2,290.13,1.96,N,0
41.70246,-8.52379,305.5,0.57,0.43,2024-09-17,0255,N,VIIRS,n,2,290.52,1.96,N,0
41.55375,-7.8472,341.77,0.41,0.45,2024-09-17,0255,N,VIIRS,n,2,299.93,20.29,N,0
41.5575,-7.86402,353.9,0.41,0.45,2024-09-17,0255,N,VIIRS,n,2,293.63,18.22,N,0
41.55864,-7.86918,351.69,0.41,0.45,2024-09-17,0255,N,VIIRS,n,2,299.19,18.22,N,0
41.55979,-7.87431,367,0.41,0.45,2024-09-17,0255,N,VIIRS,h,2,293.68,25.71,N,0
41.56092,-7.87937,345.27,0.41,0.45,2024-09-17,0255,N,VIIRS,n,2,292.59,25.71,N,0
41.5757,-7.94577,338.68,0.41,0.45,2024-09-17,0255,N,VIIRS,n,2,286.82,4.84,N,0
41.55651,-7.84001,304.03,0.41,0.45,2024-09-17,0255,N,VIIRS,n,2,287.68,2.92,N,0
41.70505,-8.51638,307.58,0.57,0.43,2024-09-17,0255,N,VIIRS,n,2,291.12,1.97,N,0
41.70642,-8.5227,311.35,0.57,0.43,2024-09-17,0255,N,VIIRS,n,2,291.74,1.97,N,0
41.55779,-7.84577,340.39,0.41,0.45,2024-09-17,0255,N,VIIRS,n,2,294.82,2.92,N,0
41.56056,-7.83862,309.08,0.41,0.45,2024-09-17,0255,N,VIIRS,n,2,288.81,2.92,N,0
41.56181,-7.84427,317.83,0.41,0.45,2024-09-17,0255,N,VIIRS,n,2,289.13,2.92,N,0
41.52028,-7.59968,302.87,0.42,0.45,2024-09-17,0255,N,VIIRS,n,2,283.26,2.71,N,0
41.52129,-7.60417,367,0.42,0.45,2024-09-17,0255,N,VIIRS,h,2,289.57,8.56,N,0
41.52225,-7.60848,328.32,0.42,0.45,2024-09-17,0255,N,VIIRS,n,2,285.55,8.56,N,0
41.52429,-7.5979,320.89,0.42,0.45,2024-09-17,0255,N,VIIRS,n,2,285.1,2.71,N,0
41.52528,-7.6023,351.02,0.42,0.45,2024-09-17,0255,N,VIIRS,n,2,297.45,8.56,N,0
41.52624,-7.60656,332.21,0.42,0.45,2024-09-17,0255,N,VIIRS,n,2,288.05,8.56,N,0
41.52724,-7.59139,303.07,0.42,0.45,2024-09-17,0255,N,VIIRS,n,2,285.49,10.64,N,0
41.52616,-7.58655,354.51,0.42,0.45,2024-09-17,0255,N,VIIRS,n,2,297.15,25.26,N,0
41.52808,-7.57541,305.54,0.42,0.45,2024-09-17,0255,N,VIIRS,n,2,283.28,3.99,N,0
41.53018,-7.58479,301.43,0.42,0.45,2024-09-17,0255,N,VIIRS,n,2,286.96,25.26,N,0
41.52915,-7.58018,348.02,0.42,0.45,2024-09-17,0255,N,VIIRS,n,2,300.36,25.26,N,0
41.53215,-7.57385,329.23,0.42,0.45,2024-09-17,0255,N,VIIRS,n,2,320.62,34.55,N,0
41.53318,-7.57847,340.5,0.42,0.45,2024-09-17,0255,N,VIIRS,n,2,292.48,23.43,N,0
41.53722,-7.57679,303.46,0.42,0.45,2024-09-17,0255,N,VIIRS,n,2,284.78,23.43,N,0
41.53623,-7.57235,322.3,0.42,0.45,2024-09-17,0255,N,VIIRS,n,2,286.43,34.55,N,0
41.52872,-7.57351,328.01,0.42,0.45,2024-09-17,0255,N,VIIRS,n,2,284.78,33.11,N,0
41.52982,-7.5783,354.36,0.42,0.45,2024-09-17,0255,N,VIIRS,n,2,305.19,33.11,N,0
41.53088,-7.5829,325.26,0.42,0.45,2024-09-17,0255,N,VIIRS,n,2,288.9,17.48,N,0
41.5328,-7.57201,312.69,0.42,0.45,2024-09-17,0255,N,VIIRS,n,2,294.88,33.11,N,0
41.53386,-7.57664,342.14,0.42,0.45,2024-09-17,0255,N,VIIRS,n,2,319.06,33.11,N,0
41.53791,-7.57499,295.49,0.42,0.45,2024-09-17,0255,N,VIIRS,n,2,284.37,0.59,N,0
41.57628,-7.5882,323.84,0.42,0.45,2024-09-17,0255,N,VIIRS,n,2,286.3,2.39,N,0
41.58034,-7.58662,308.28,0.42,0.45,2024-09-17,0255,N,VIIRS,n,2,286.74,2.39,N,0
41.58149,-7.59169,299.32,0.42,0.45,2024-09-17,0255,N,VIIRS,n,2,284.65,0.78,N,0
41.57925,-7.58181,324.89,0.42,0.45,2024-09-17,0255,N,VIIRS,n,2,285.43,2.39,N,0
41.58332,-7.58031,311.9,0.42,0.45,2024-09-17,0255,N,VIIRS,n,2,286.81,2.27,N,0
41.58441,-7.5851,319.4,0.42,0.45,2024-09-17,0255,N,VIIRS,n,2,285.98,2.27,N,0
41.77202,-8.38982,323.08,0.38,0.43,2024-09-17,0255,N,VIIRS,n,2,288.99,4.44,N,0
41.775,-8.38415,323.84,0.38,0.43,2024-09-17,0255,N,VIIRS,n,2,290.38,4.44,N,0
41.77587,-8.38815,347.94,0.38,0.43,2024-09-17,0255,N,VIIRS,n,2,296.73,4.44,N,0
41.77695,-8.37374,300.48,0.38,0.44,2024-09-17,0255,N,VIIRS,n,2,290.23,1.3,N,0
41.77794,-8.37824,323.78,0.38,0.43,2024-09-17,0255,N,VIIRS,n,2,295.71,1.3,N,0
41.77884,-8.3824,322.25,0.38,0.43,2024-09-17,0255,N,VIIRS,n,2,295.75,13.92,N,0
41.77973,-8.38649,367,0.38,0.43,2024-09-17,0255,N,VIIRS,h,2,298.29,13.92,N,0
41.78167,-8.37602,303.22,0.38,0.43,2024-09-17,0255,N,VIIRS,n,2,292.13,1.3,N,0
41.78262,-8.38038,316.39,0.38,0.43,2024-09-17,0255,N,VIIRS,n,2,293.53,13.92,N,0
41.78355,-8.38466,347.47,0.38,0.43,2024-09-17,0255,N,VIIRS,n,2,308.92,13.92,N,0
41.64901,-7.57813,300.82,0.42,0.45,2024-09-17,0255,N,VIIRS,n,2,285.75,7.37,N,0
41.64794,-7.57334,367,0.42,0.45,2024-09-17,0255,N,VIIRS,h,2,290.74,7.37,N,0
41.64829,-7.57183,347.37,0.42,0.45,2024-09-17,0255,N,VIIRS,n,2,292.1,12.04,N,0
41.64938,-7.5766,328.57,0.42,0.45,2024-09-17,0255,N,VIIRS,n,2,288.73,7.12,N,0
41.65126,-7.56552,302.1,0.42,0.45,2024-09-17,0255,N,VIIRS,n,2,286.52,12.04,N,0
41.65237,-7.57034,355.57,0.42,0.45,2024-09-17,0255,N,VIIRS,n,2,293.86,12.04,N,0
41.65345,-7.57508,321.31,0.42,0.45,2024-09-17,0255,N,VIIRS,n,2,288.37,7.12,N,0
41.65425,-7.55925,315.96,0.42,0.45,2024-09-17,0255,N,VIIRS,n,2,291.84,1.75,N,0
41.65532,-7.56392,311.15,0.42,0.45,2024-09-17,0255,N,VIIRS,n,2,286.71,1.1,N,0
41.65639,-7.56861,298.83,0.42,0.45,2024-09-17,0255,N,VIIRS,n,2,285.3,1.1,N,0
41.65726,-7.5531,304.34,0.42,0.45,2024-09-17,0255,N,VIIRS,n,2,289.68,1.75,N,0
41.65829,-7.55764,310.53,0.42,0.45,2024-09-17,0255,N,VIIRS,n,2,292.12,1.75,N,0
41.94078,-8.48346,297.98,0.57,0.43,2024-09-17,0255,N,VIIRS,n,2,277.85,0.98,N,0
41.94238,-8.49093,303.84,0.57,0.43,2024-09-17,0255,N,VIIRS,n,2,279.53,0.98,N,0
41.94539,-8.50497,296.84,0.56,0.43,2024-09-17,0255,N,VIIRS,n,2,280.35,3.25,N,0
41.94393,-8.49815,330.93,0.57,0.43,2024-09-17,0255,N,VIIRS,n,2,281.23,3.25,N,0
41.9447,-8.48224,310.07,0.57,0.43,2024-09-17,0255,N,VIIRS,n,2,279.71,29.12,N,0
41.94629,-8.48969,352.06,0.57,0.43,2024-09-17,0255,N,VIIRS,n,2,293.8,29.12,N,0
41.94783,-8.49685,348.47,0.57,0.43,2024-09-17,0255,N,VIIRS,n,2,293.63,21.16,N,0
41.94925,-8.50346,330.47,0.56,0.43,2024-09-17,0255,N,VIIRS,n,2,284.99,21.16,N,0
41.9486,-8.48094,333.81,0.57,0.43,2024-09-17,0255,N,VIIRS,n,2,282.79,29.12,N,0
41.95024,-8.4886,353.18,0.57,0.43,2024-09-17,0255,N,VIIRS,n,2,298.18,29.12,N,0
41.95176,-8.49571,345.35,0.57,0.43,2024-09-17,0255,N,VIIRS,n,2,292.14,21.16,N,0
41.95313,-8.50211,324.43,0.56,0.43,2024-09-17,0255,N,VIIRS,n,2,287.56,21.16,N,0
41.9508,-8.47164,295.11,0.57,0.43,2024-09-17,0255,N,VIIRS,n,2,278.19,1.19,N,0
41.95248,-8.47951,303.26,0.57,0.43,2024-09-17,0255,N,VIIRS,n,2,279.65,1.52,N,0
41.95415,-8.48735,310.17,0.57,0.43,2024-09-17,0255,N,VIIRS,n,2,281.46,1.52,N,0
41.95835,-8.50698,296.88,0.56,0.43,2024-09-17,0255,N,VIIRS,n,2,282.78,1.75,N,0
41.95567,-8.49449,331.33,0.57,0.43,2024-09-17,0255,N,VIIRS,n,2,288.83,19.28,N,0
41.95702,-8.50074,349.57,0.56,0.43,2024-09-17,0255,N,VIIRS,n,2,293.63,19.28,N,0
41.95181,-8.4568,312.31,0.57,0.43,2024-09-17,0255,N,VIIRS,n,2,279.32,2.52,N,0
41.95312,-8.46292,312.98,0.57,0.43,2024-09-17,0255,N,VIIRS,n,2,278.19,1.19,N,0
41.95464,-8.47002,295.95,0.57,0.43,2024-09-17,0255,N,VIIRS,n,2,277.38,1.19,N,0
41.95628,-8.47776,307.44,0.57,0.43,2024-09-17,0255,N,VIIRS,n,2,278.43,1.52,N,0
41.95797,-8.48567,311.4,0.57,0.43,2024-09-17,0255,N,VIIRS,n,2,280.69,1.52,N,0
41.96223,-8.5056,299.27,0.56,0.43,2024-09-17,0255,N,VIIRS,n,2,283.62,1.75,N,0
41.95949,-8.49279,325.97,0.57,0.43,2024-09-17,0255,N,VIIRS,n,2,286.25,19.28,N,0
41.96087,-8.49927,355.31,0.56,0.43,2024-09-17,0255,N,VIIRS,n,2,305.38,19.28,N,0
41.95443,-8.44953,300.35,0.57,0.43,2024-09-17,0255,N,VIIRS,n,2,279.6,5.41,N,0
41.95579,-8.45586,313.48,0.57,0.43,2024-09-17,0255,N,VIIRS,n,2,279.84,5.41,N,0
41.95851,-8.46856,296.87,0.57,0.43,2024-09-17,0255,N,VIIRS,n,2,277.45,12.21,N,0
41.95709,-8.46192,346.17,0.57,0.43,2024-09-17,0255,N,VIIRS,n,2,281.48,12.21,N,0
41.96008,-8.47595,344.91,0.57,0.43,2024-09-17,0255,N,VIIRS,n,2,280.66,12.65,N,0
41.96173,-8.48374,355.99,0.57,0.43,2024-09-17,0255,N,VIIRS,n,2,289.85,12.65,N,0
41.9633,-8.49107,355.34,0.57,0.43,2024-09-17,0255,N,VIIRS,n,2,294.28,18.97,N,0
41.96471,-8.49767,330.61,0.56,0.43,2024-09-17,0255,N,VIIRS,n,2,285.32,18.97,N,0
41.96544,-8.48149,297.75,0.57,0.43,2024-09-17,0255,N,VIIRS,n,2,279.62,12.65,N,0
41.96703,-8.48895,298.47,0.57,0.43,2024-09-17,0255,N,VIIRS,n,2,280.88,18.97,N,0
41.9597,-8.4546,325.18,0.57,0.43,2024-09-17,0255,N,VIIRS,n,2,282.98,5.41,N,0
41.96104,-8.46083,332.44,0.57,0.43,2024-09-17,0255,N,VIIRS,n,2,284.54,12.21,N,0
41.9468,-8.48045,314.17,0.57,0.43,2024-09-17,0255,N,VIIRS,n,2,280.17,3.17,N,0
41.94846,-8.48799,347.17,0.57,0.43,2024-09-17,0255,N,VIIRS,n,2,302.23,29.11,N,0
41.95005,-8.49518,351.06,0.56,0.43,2024-09-17,0255,N,VIIRS,n,2,297.4,29.11,N,0
41.95148,-8.50172,337.19,0.56,0.43,2024-09-17,0255,N,VIIRS,n,2,292.13,8.26,N,0
41.95067,-8.47903,305.18,0.57,0.43,2024-09-17,0255,N,VIIRS,n,2,278.84,3.17,N,0
41.95674,-8.50659,297.18,0.56,0.43,2024-09-17,0255,N,VIIRS,n,2,282.38,8.26,N,0
41.9524,-8.48686,331.12,0.57,0.43,2024-09-17,0255,N,VIIRS,n,2,282.84,29.11,N,0
41.954,-8.49412,329.76,0.56,0.43,2024-09-17,0255,N,VIIRS,n,2,287.56,29.11,N,0
41.95538,-8.5004,336.94,0.56,0.43,2024-09-17,0255,N,VIIRS,n,2,290.06,8.26,N,0
41.95123,-8.46253,302.49,0.57,0.43,2024-09-17,0255,N,VIIRS,n,2,277.64,2.69,N,0
41.95451,-8.47742,300.09,0.57,0.43,2024-09-17,0255,N,VIIRS,n,2,278.2,2.48,N,0
41.95625,-8.48531,306.68,0.57,0.43,2024-09-17,0255,N,VIIRS,n,2,280.47,19.28,N,0
41.95784,-8.49251,317.2,0.56,0.43,2024-09-17,0255,N,VIIRS,n,2,285.06,19.28,N,0
41.96062,-8.50523,311.01,0.56,0.43,2024-09-17,0255,N,VIIRS,n,2,285.01,19.22,N,0
41.95925,-8.49898,353.98,0.56,0.43,2024-09-17,0255,N,VIIRS,n,2,307.2,19.22,N,0
41.95387,-8.45547,304.47,0.57,0.43,2024-09-17,0255,N,VIIRS,n,2,280,2.69,N,0
41.95667,-8.4682,295.99,0.57,0.43,2024-09-17,0255,N,VIIRS,n,2,277.6,2.48,N,0
41.96449,-8.50381,300.24,0.56,0.43,2024-09-17,0255,N,VIIRS,n,2,284.13,19.22,N,0
41.9552,-8.46151,334.05,0.57,0.43,2024-09-17,0255,N,VIIRS,n,2,280.47,2.69,N,0
41.9583,-8.47563,334.13,0.57,0.43,2024-09-17,0255,N,VIIRS,n,2,279.99,2.48,N,0
41.96003,-8.48348,367,0.57,0.43,2024-09-17,0255,N,VIIRS,h,2,288.23,19.28,N,0
41.96165,-8.49083,367,0.56,0.43,2024-09-17,0255,N,VIIRS,h,2,290.47,19.28,N,0
41.96309,-8.49741,347.5,0.56,0.43,2024-09-17,0255,N,VIIRS,n,2,288.88,19.22,N,0
41.95783,-8.45437,315.85,0.57,0.43,2024-09-17,0255,N,VIIRS,n,2,280.6,9.91,N,0
41.96058,-8.46695,296.42,0.57,0.43,2024-09-17,0255,N,VIIRS,n,2,278.21,0.87,N,0
41.96211,-8.47387,296.9,0.57,0.43,2024-09-17,0255,N,VIIRS,n,2,278.04,0.87,N,0
41.96376,-8.48139,312.95,0.57,0.43,2024-09-17,0255,N,VIIRS,n,2,279.88,4.97,N,0
41.95916,-8.46046,342.37,0.57,0.43,2024-09-17,0255,N,VIIRS,n,2,290.8,9.91,N,0
41.9654,-8.48884,345.52,0.56,0.43,2024-09-17,0255,N,VIIRS,n,2,282.96,4.97,N,0
41.9669,-8.4957,331.4,0.56,0.43,2024-09-17,0255,N,VIIRS,n,2,282.98,5.01,N,0
41.96173,-8.45305,299.19,0.57,0.43,2024-09-17,0255,N,VIIRS,n,2,280.4,9.91,N,0
41.96311,-8.45933,300.68,0.57,0.43,2024-09-17,0255,N,VIIRS,n,2,279.14,9.91,N,0
41.7929,-7.63891,295.36,0.41,0.45,2024-09-17,0255,N,VIIRS,n,2,280.65,1.11,N,0
41.79693,-7.63736,310.09,0.41,0.45,2024-09-17,0255,N,VIIRS,n,2,279.57,1.11,N,0
41.79799,-7.64203,295.13,0.41,0.45,2024-09-17,0255,N,VIIRS,n,2,280.3,1.51,N,0
41.80415,-7.64986,317.29,0.41,0.45,2024-09-17,0255,N,VIIRS,n,2,279.22,2.78,N,0
41.80093,-7.63569,339.38,0.41,0.45,2024-09-17,0255,N,VIIRS,n,2,281.81,3.63,N,0
41.802,-7.64039,347.65,0.41,0.45,2024-09-17,0255,N,VIIRS,n,2,285.56,6.55,N,0
41.80307,-7.64511,330.38,0.41,0.45,2024-09-17,0255,N,VIIRS,n,2,282.43,6.55,N,0
41.75625,-7.36159,317.34,0.43,0.46,2024-09-17,0255,N,VIIRS,n,2,292.88,11.98,N,0
41.76051,-7.38026,295.98,0.43,0.46,2024-09-17,0255,N,VIIRS,n,2,285.51,41.98,N,0
41.75731,-7.36627,341.8,0.43,0.46,2024-09-17,0255,N,VIIRS,n,2,292.29,28.41,N,0
41.75837,-7.3709,341.45,0.43,0.46,2024-09-17,0255,N,VIIRS,n,2,286.76,28.41,N,0
41.75944,-7.37558,346.55,0.43,0.46,2024-09-17,0255,N,VIIRS,n,2,286.4,41.98,N,0
41.75919,-7.35498,297.94,0.43,0.46,2024-09-17,0255,N,VIIRS,n,2,285.3,11.98,N,0
41.76026,-7.35967,316.83,0.43,0.46,2024-09-17,0255,N,VIIRS,n,2,288.31,11.98,N,0
41.76448,-7.37819,301.98,0.43,0.46,2024-09-17,0255,N,VIIRS,n,2,286.42,41.98,N,0
41.7613,-7.36425,334.88,0.43,0.46,2024-09-17,0255,N,VIIRS,n,2,292,28.41,N,0
41.76233,-7.36878,333.6,0.43,0.46,2024-09-17,0255,N,VIIRS,n,2,304.51,28.41,N,0
41.7634,-7.37345,334.1,0.43,0.46,2024-09-17,0255,N,VIIRS,n,2,321.68,41.98,N,0
41.76426,-7.3577,304.36,0.43,0.46,2024-09-17,0255,N,VIIRS,n,2,285.77,1.66,N,0
41.76529,-7.36224,296.73,0.43,0.46,2024-09-17,0255,N,VIIRS,n,2,285.77,0.66,N,0
41.76633,-7.3668,297.64,0.43,0.46,2024-09-17,0255,N,VIIRS,n,2,285.3,0.66,N,0
41.76289,-7.33218,304.62,0.43,0.46,2024-09-17,0255,N,VIIRS,n,2,283.89,9.93,N,0
41.76511,-7.34193,310.68,0.43,0.46,2024-09-17,0255,N,VIIRS,n,2,285.16,3.55,N,0
41.76616,-7.34653,314.59,0.43,0.46,2024-09-17,0255,N,VIIRS,n,2,284.39,3.55,N,0
41.76402,-7.33715,367,0.43,0.46,2024-09-17,0255,N,VIIRS,h,2,288.89,9.93,N,0
41.76698,-7.33059,298.06,0.43,0.46,2024-09-17,0255,N,VIIRS,n,2,284.83,33.33,N,0
41.76809,-7.33548,341,0.43,0.46,2024-09-17,0255,N,VIIRS,n,2,303.7,33.33,N,0
41.76915,-7.34012,350.86,0.43,0.46,2024-09-17,0255,N,VIIRS,n,2,307.54,37.31,N,0
41.77016,-7.34458,367,0.43,0.46,2024-09-17,0255,N,VIIRS,h,2,297.1,37.31,N,0
41.19794,-7.98018,308.39,0.41,0.45,2024-09-17,0256,N,VIIRS,n,2,288.52,2.55,N,0
41.1959,-7.9711,313.25,0.41,0.45,2024-09-17,0256,N,VIIRS,n,2,289.88,1.72,N,0
41.19493,-7.96679,316.37,0.41,0.45,2024-09-17,0256,N,VIIRS,n,2,290.23,1.72,N,0
41.21091,-8.05704,333.66,0.41,0.45,2024-09-17,0256,N,VIIRS,n,2,321.73,45.8,N,0
41.21,-8.05295,367,0.41,0.45,2024-09-17,0256,N,VIIRS,h,2,316.16,45.8,N,0
41.18552,-7.94456,330.2,0.41,0.45,2024-09-17,0256,N,VIIRS,n,2,287.84,3.28,N,0
41.21182,-8.06106,300.84,0.41,0.45,2024-09-17,0256,N,VIIRS,n,2,290.35,4.01,N,0
41.19093,-7.96845,305.44,0.41,0.45,2024-09-17,0256,N,VIIRS,n,2,287.7,1.72,N,0
41.18998,-7.96425,301.1,0.41,0.45,2024-09-17,0256,N,VIIRS,n,2,286.31,1.65,N,0
41.2061,-8.05493,327.8,0.41,0.45,2024-09-17,0256,N,VIIRS,n,2,292.16,2.96,N,0
41.18889,-7.97877,323.99,0.41,0.45,2024-09-17,0256,N,VIIRS,n,2,291,2.11,N,0
41.1879,-7.97436,347.33,0.41,0.45,2024-09-17,0256,N,VIIRS,n,2,291.87,4.36,N,0
41.18691,-7.97,327.84,0.41,0.45,2024-09-17,0256,N,VIIRS,n,2,288.29,4.36,N,0
41.21065,-8.07522,312.63,0.41,0.45,2024-09-17,0256,N,VIIRS,n,2,291.83,2.44,N,0
41.207,-8.05898,302.89,0.41,0.45,2024-09-17,0256,N,VIIRS,n,2,290.85,2.96,N,0
41.19093,-7.98777,307.44,0.41,0.45,2024-09-17,0256,N,VIIRS,n,2,289.58,1.28,N,0
41.1899,-7.98322,304.76,0.41,0.45,2024-09-17,0256,N,VIIRS,n,2,289.73,2.11,N,0
41.20671,-8.07698,336.35,0.41,0.45,2024-09-17,0256,N,VIIRS,n,2,293.75,2.44,N,0
41.20308,-8.06084,331.43,0.41,0.45,2024-09-17,0256,N,VIIRS,n,2,295.74,2.96,N,0
41.20216,-8.05676,338.18,0.41,0.45,2024-09-17,0256,N,VIIRS,n,2,292.46,2.96,N,0
41.18084,-7.96248,339.73,0.41,0.45,2024-09-17,0256,N,VIIRS,n,2,293.34,16.6,N,0
41.17973,-7.95759,354.65,0.41,0.45,2024-09-17,0256,N,VIIRS,n,2,306.41,18.49,N,0
41.17857,-7.95249,333.36,0.41,0.45,2024-09-17,0256,N,VIIRS,n,2,289.7,18.49,N,0
41.20576,-8.07279,319.05,0.41,0.45,2024-09-17,0256,N,VIIRS,n,2,293.11,2.44,N,0
41.18692,-7.98935,303.9,0.41,0.45,2024-09-17,0256,N,VIIRS,n,2,290.27,1.28,N,0
41.18592,-7.98495,310.43,0.41,0.45,2024-09-17,0256,N,VIIRS,n,2,290.6,2.11,N,0
41.17742,-7.9474,311.97,0.41,0.45,2024-09-17,0256,N,VIIRS,n,2,286.25,0.97,N,0
41.20474,-8.08752,338.72,0.41,0.45,2024-09-17,0256,N,VIIRS,n,2,294.52,5.21,N,0
41.19913,-8.06263,367,0.41,0.45,2024-09-17,0256,N,VIIRS,h,2,306.21,15.92,N,0
41.1982,-8.05849,322.52,0.41,0.45,2024-09-17,0256,N,VIIRS,n,2,288.14,15.92,N,0
41.17669,-7.96344,335,0.41,0.45,2024-09-17,0256,N,VIIRS,n,2,288.54,15.04,N,0
41.17554,-7.95838,356.63,0.41,0.45,2024-09-17,0256,N,VIIRS,n,2,306.38,33.99,N,0
41.17442,-7.95345,332.05,0.41,0.45,2024-09-17,0256,N,VIIRS,n,2,290.14,33.99,N,0
41.20185,-8.07469,313.24,0.41,0.45,2024-09-17,0256,N,VIIRS,n,2,293.51,3.06,N,0
41.20094,-8.07064,303.85,0.41,0.45,2024-09-17,0256,N,VIIRS,n,2,292.1,7.59,N,0
41.20004,-8.06665,313.51,0.41,0.45,2024-09-17,0256,N,VIIRS,n,2,295.71,7.59,N,0
41.18717,-8.00973,304.1,0.41,0.45,2024-09-17,0256,N,VIIRS,n,2,288.99,2.13,N,0
41.185,-8.00013,306.52,0.41,0.45,2024-09-17,0256,N,VIIRS,n,2,288.79,2.31,N,0
41.18401,-7.99575,305.79,0.41,0.45,2024-09-17,0256,N,VIIRS,n,2,289.29,1.03,N,0
41.20086,-8.08955,345.2,0.41,0.45,2024-09-17,0256,N,VIIRS,n,2,296.18,5.21,N,0
41.19986,-8.08515,328.58,0.41,0.45,2024-09-17,0256,N,VIIRS,n,2,297.02,5.21,N,0
41.19889,-8.08083,337.72,0.41,0.45,2024-09-17,0256,N,VIIRS,n,2,295.83,3.06,N,0
41.19795,-8.07665,328.88,0.41,0.45,2024-09-17,0256,N,VIIRS,n,2,296.45,3.06,N,0
41.19611,-8.06851,344.39,0.41,0.45,2024-09-17,0256,N,VIIRS,n,2,308.11,7.59,N,0
41.19519,-8.06441,343.99,0.41,0.45,2024-09-17,0256,N,VIIRS,n,2,301.47,15.92,N,0
41.1831,-8.01101,322.79,0.41,0.45,2024-09-17,0256,N,VIIRS,n,2,289.63,2.13,N,0
41.18201,-8.00623,333.46,0.41,0.45,2024-09-17,0256,N,VIIRS,n,2,290.56,2.31,N,0
41.19704,-8.0726,315.63,0.41,0.45,2024-09-17,0256,N,VIIRS,n,2,294.39,7.59,N,0
41.18102,-8.00182,317.26,0.41,0.45,2024-09-17,0256,N,VIIRS,n,2,289.35,2.31,N,0
41.18007,-7.99763,304.53,0.41,0.45,2024-09-17,0256,N,VIIRS,n,2,289.96,1.03,N,0
41.17487,-7.9747,301.78,0.41,0.45,2024-09-17,0256,N,VIIRS,n,2,288.22,1.36,N,0
41.20087,-8.06348,325.44,0.41,0.45,2024-09-17,0256,N,VIIRS,n,2,297.5,14.67,N,0
41.19997,-8.0594,352.41,0.41,0.45,2024-09-17,0256,N,VIIRS,n,2,299.34,9.92,N,0
41.17803,-7.95983,334.47,0.41,0.45,2024-09-17,0256,N,VIIRS,n,2,317.75,29.06,N,0
41.17691,-7.95475,354.81,0.41,0.45,2024-09-17,0256,N,VIIRS,n,2,308.54,15.56,N,0
41.23324,-8.21114,300.53,0.4,0.44,2024-09-17,0256,N,VIIRS,n,2,289.27,0.37,N,0
41.20263,-8.07147,303.8,0.41,0.45,2024-09-17,0256,N,VIIRS,n,2,291.66,2.54,N,0
41.20175,-8.06747,304,0.41,0.45,2024-09-17,0256,N,VIIRS,n,2,292.47,14.67,N,0
41.18613,-7.99651,305.85,0.41,0.45,2024-09-17,0256,N,VIIRS,n,2,289.43,1.68,N,0
41.18515,-7.99206,301.98,0.41,0.45,2024-09-17,0256,N,VIIRS,n,2,289.93,1.78,N,0
41.17911,-7.96474,314.14,0.41,0.45,2024-09-17,0256,N,VIIRS,n,2,287.94,29.06,N,0
41.17581,-7.94978,300.26,0.41,0.45,2024-09-17,0256,N,VIIRS,n,2,285.76,15.56,N,0
41.2025,-8.09056,327.73,0.41,0.45,2024-09-17,0256,N,VIIRS,n,2,292.17,5.35,N,0
41.20152,-8.08611,342.73,0.41,0.45,2024-09-17,0256,N,VIIRS,n,2,299.73,4.87,N,0
41.20056,-8.08176,322.17,0.41,0.45,2024-09-17,0256,N,VIIRS,n,2,294.03,4.87,N,0
41.19963,-8.07751,325.23,0.41,0.45,2024-09-17,0256,N,VIIRS,n,2,295.71,2.54,N,0
41.19873,-8.07344,326.71,0.41,0.45,2024-09-17,0256,N,VIIRS,n,2,295.86,2.54,N,0
41.19693,-8.06531,352.69,0.41,0.45,2024-09-17,0256,N,VIIRS,n,2,318.96,14.67,N,0
41.19602,-8.0612,328.5,0.41,0.45,2024-09-17,0256,N,VIIRS,n,2,290.34,9.92,N,0
41.18416,-8.00732,323.77,0.41,0.45,2024-09-17,0256,N,VIIRS,n,2,290.18,2.59,N,0
41.18314,-8.0027,327.12,0.41,0.45,2024-09-17,0256,N,VIIRS,n,2,289.98,1.68,N,0
41.17273,-7.95558,340.42,0.41,0.45,2024-09-17,0256,N,VIIRS,n,2,287.53,15.56,N,0
41.19783,-8.06939,315.66,0.41,0.45,2024-09-17,0256,N,VIIRS,n,2,295.86,14.67,N,0
41.18526,-8.01232,318.6,0.41,0.45,2024-09-17,0256,N,VIIRS,n,2,289.04,2.59,N,0
41.18219,-7.99839,306.03,0.41,0.45,2024-09-17,0256,N,VIIRS,n,2,289.3,1.68,N,0
41.17382,-7.96052,311.34,0.41,0.45,2024-09-17,0256,N,VIIRS,n,2,287.06,29.06,N,0
41.19764,-8.08816,333.67,0.41,0.45,2024-09-17,0256,N,VIIRS,n,2,296.19,11.72,N,0
41.19667,-8.08376,322.58,0.41,0.45,2024-09-17,0256,N,VIIRS,n,2,292.43,11.72,N,0
41.19572,-8.0795,332.56,0.41,0.45,2024-09-17,0256,N,VIIRS,n,2,295.64,7.21,N,0
41.1948,-8.07533,327.96,0.41,0.45,2024-09-17,0256,N,VIIRS,n,2,296.35,7.21,N,0
41.19389,-8.07121,344.95,0.41,0.45,2024-09-17,0256,N,VIIRS,n,2,304.56,17.21,N,0
41.19297,-8.06704,342.02,0.41,0.45,2024-09-17,0256,N,VIIRS,n,2,300,17.21,N,0
41.17821,-8.00009,320.91,0.41,0.45,2024-09-17,0256,N,VIIRS,n,2,289.89,3.91,N,0
41.17319,-7.97741,367,0.41,0.45,2024-09-17,0256,N,VIIRS,h,2,297.21,5.69,N,0
41.22109,-8.19496,311.67,0.4,0.44,2024-09-17,0256,N,VIIRS,n,2,292.06,1.84,N,0
41.19961,-8.09713,317.13,0.41,0.45,2024-09-17,0256,N,VIIRS,n,2,291.91,5.14,N,0
41.19863,-8.09268,306,0.41,0.45,2024-09-17,0256,N,VIIRS,n,2,291.54,5.14,N,0
41.18013,-8.00878,302.09,0.41,0.45,2024-09-17,0256,N,VIIRS,n,2,288.76,4.22,N,0
41.17913,-8.00427,300.9,0.41,0.45,2024-09-17,0256,N,VIIRS,n,2,288.92,3.91,N,0
41.17728,-7.99594,312.32,0.41,0.45,2024-09-17,0256,N,VIIRS,n,2,289.94,2.63,N,0
41.17429,-7.98241,305.39,0.41,0.45,2024-09-17,0256,N,VIIRS,n,2,289.94,8.89,N,0
41.17201,-7.97208,301.87,0.41,0.45,2024-09-17,0256,N,VIIRS,n,2,287.68,5.69,N,0
41.19668,-8.1035,324.17,0.41,0.45,2024-09-17,0256,N,VIIRS,n,2,291.96,6.74,N,0
41.19572,-8.09914,367,0.41,0.45,2024-09-17,0256,N,VIIRS,h,2,298.67,5.14,N,0
41.19474,-8.09469,324.52,0.41,0.45,2024-09-17,0256,N,VIIRS,n,2,294.95,5.14,N,0
41.19373,-8.09012,352.09,0.41,0.45,2024-09-17,0256,N,VIIRS,n,2,305.31,11.72,N,0
41.19274,-8.08562,350.89,0.41,0.45,2024-09-17,0256,N,VIIRS,n,2,307.88,11.72,N,0
41.19178,-8.08128,367,0.41,0.45,2024-09-17,0256,N,VIIRS,h,2,307.66,7.21,N,0
41.19085,-8.07707,331.82,0.41,0.45,2024-09-17,0256,N,VIIRS,n,2,297.44,7.21,N,0
41.18993,-8.0729,346.95,0.41,0.45,2024-09-17,0256,N,VIIRS,n,2,307.31,17.21,N,0
41.17611,-8.01026,347.98,0.41,0.45,2024-09-17,0256,N,VIIRS,n,2,294.32,4.22,N,0
41.17515,-8.00595,328.4,0.41,0.45,2024-09-17,0256,N,VIIRS,n,2,296.3,3.91,N,0
41.17421,-8.00174,341.68,0.41,0.45,2024-09-17,0256,N,VIIRS,n,2,297.15,3.91,N,0
41.17329,-7.99757,338.85,0.41,0.45,2024-09-17,0256,N,VIIRS,n,2,291.46,2.63,N,0
41.17135,-7.98882,323.07,0.41,0.45,2024-09-17,0256,N,VIIRS,n,2,295.77,8.89,N,0
41.17031,-7.98414,352.49,0.41,0.45,2024-09-17,0256,N,VIIRS,n,2,305.22,8.89,N,0
41.18899,-8.06868,315.37,0.41,0.45,2024-09-17,0256,N,VIIRS,n,2,289.91,17.21,N,0
41.17939,-8.02514,307.36,0.41,0.45,2024-09-17,0256,N,VIIRS,n,2,288.33,1.32,N,0
41.17712,-8.01485,314.55,0.41,0.45,2024-09-17,0256,N,VIIRS,n,2,290.06,4.22,N,0
41.17233,-7.99326,301.93,0.41,0.45,2024-09-17,0256,N,VIIRS,n,2,288.69,2.63,N,0
41.16923,-7.97925,312.44,0.41,0.45,2024-09-17,0256,N,VIIRS,n,2,287.56,5.69,N,0
41.19363,-8.10935,330.75,0.41,0.45,2024-09-17,0256,N,VIIRS,n,2,292.46,27.43,N,0
41.19271,-8.10517,345.32,0.41,0.45,2024-09-17,0256,N,VIIRS,n,2,296.06,27.43,N,0
41.19176,-8.10085,333.91,0.41,0.45,2024-09-17,0256,N,VIIRS,n,2,295.8,81.39,N,0
41.19078,-8.09644,345.99,0.41,0.45,2024-09-17,0256,N,VIIRS,n,2,307.95,81.39,N,0
41.18979,-8.09191,333.9,0.41,0.45,2024-09-17,0256,N,VIIRS,n,2,322.41,54.36,N,0
41.18878,-8.08736,347.96,0.41,0.45,2024-09-17,0256,N,VIIRS,n,2,298.2,54.36,N,0
41.18782,-8.083,335.59,0.41,0.45,2024-09-17,0256,N,VIIRS,n,2,309.22,84.54,N,0
41.18687,-8.07869,367,0.41,0.45,2024-09-17,0256,N,VIIRS,h,2,326.09,84.54,N,0
41.18592,-8.07443,337.47,0.41,0.45,2024-09-17,0256,N,VIIRS,n,2,293.25,13.44,N,0
41.18008,-8.048,339.43,0.41,0.45,2024-09-17,0256,N,VIIRS,n,2,289.78,28.84,N,0
41.17901,-8.04316,352.3,0.41,0.45,2024-09-17,0256,N,VIIRS,n,2,292.46,28.84,N,0
41.17783,-8.03781,367,0.41,0.45,2024-09-17,0256,N,VIIRS,h,2,303.36,26.79,N,0
41.17655,-8.03199,342.52,0.41,0.45,2024-09-17,0256,N,VIIRS,n,2,295.13,26.79,N,0
41.17115,-8.00757,342.9,0.41,0.45,2024-09-17,0256,N,VIIRS,n,2,299.66,14.43,N,0
41.17022,-8.00336,367,0.41,0.45,2024-09-17,0256,N,VIIRS,h,2,306.68,14.43,N,0
41.16928,-7.99912,355.6,0.41,0.45,2024-09-17,0256,N,VIIRS,n,2,319.39,48.44,N,0
41.16832,-7.99482,333.91,0.41,0.45,2024-09-17,0256,N,VIIRS,n,2,322.46,48.44,N,0
41.16734,-7.99042,346.35,0.41,0.45,2024-09-17,0256,N,VIIRS,n,2,305.01,28.26,N,0
41.16632,-7.98583,356.89,0.41,0.45,2024-09-17,0256,N,VIIRS,n,2,289.72,28.26,N,0
41.17531,-8.02639,319.83,0.41,0.45,2024-09-17,0256,N,VIIRS,n,2,289.24,8.63,N,0
41.1721,-8.01184,317.49,0.41,0.45,2024-09-17,0256,N,VIIRS,n,2,290.37,3.63,N,0
41.19058,-8.11514,329.75,0.41,0.45,2024-09-17,0256,N,VIIRS,n,2,292.02,12.59,N,0
41.18965,-8.1109,354.9,0.41,0.45,2024-09-17,0256,N,VIIRS,n,2,309.22,27.43,N,0
41.1335,-8.07312,351.84,0.41,0.45,2024-09-17,0256,N,VIIRS,n,2,323.72,70.91,N,0
41.13452,-8.07768,311.53,0.41,0.45,2024-09-17,0256,N,VIIRS,n,2,289.58,10.67,N,0
41.08781,-7.88921,331.62,0.42,0.45,2024-09-17,0256,N,VIIRS,n,2,287.94,6.4,N,0
41.08693,-7.88528,346.64,0.42,0.45,2024-09-17,0256,N,VIIRS,n,2,294.13,9.77,N,0
41.08602,-7.88128,367,0.42,0.45,2024-09-17,0256,N,VIIRS,h,2,292.23,9.77,N,0
41.08509,-7.87715,346.71,0.42,0.45,2024-09-17,0256,N,VIIRS,n,2,292.71,11.28,N,0
41.0841,-7.87276,334.16,0.42,0.45,2024-09-17,0256,N,VIIRS,n,2,289.03,11.28,N,0
41.1295,-8.07466,300.65,0.41,0.45,2024-09-17,0256,N,VIIRS,n,2,287.14,70.91,N,0
41.08378,-7.89082,335.41,0.42,0.45,2024-09-17,0256,N,VIIRS,n,2,289.94,4.74,N,0
41.08289,-7.8869,328.06,0.42,0.45,2024-09-17,0256,N,VIIRS,n,2,289.2,2.3,N,0
41.0811,-7.87893,323.17,0.42,0.45,2024-09-17,0256,N,VIIRS,n,2,286.17,5.14,N,0
41.08003,-7.87423,338.03,0.42,0.45,2024-09-17,0256,N,VIIRS,n,2,285.36,5.14,N,0
41.08201,-7.88297,298.45,0.42,0.45,2024-09-17,0256,N,VIIRS,n,2,285.47,2.3,N,0
41.14352,-8.1762,347.08,0.4,0.45,2024-09-17,0256,N,VIIRS,n,2,293.44,11.71,N,0
41.14252,-8.17169,355.07,0.4,0.45,2024-09-17,0256,N,VIIRS,n,2,301.23,12.41,N,0
41.14149,-8.16709,344.07,0.4,0.45,2024-09-17,0256,N,VIIRS,n,2,294.1,12.41,N,0
41.1102,-8.02748,305.5,0.41,0.45,2024-09-17,0256,N,VIIRS,n,2,291.49,1.01,N,0
41.13966,-8.17828,339.35,0.4,0.45,2024-09-17,0256,N,VIIRS,n,2,292.55,24.07,N,0
41.13865,-8.17375,336.4,0.4,0.45,2024-09-17,0256,N,VIIRS,n,2,298,29.29,N,0
41.13761,-8.1691,346.85,0.4,0.45,2024-09-17,0256,N,VIIRS,n,2,307.01,29.29,N,0
41.0948,-7.97849,340.8,0.41,0.45,2024-09-17,0256,N,VIIRS,n,2,294.24,5.16,N,0
41.09374,-7.9738,340.06,0.41,0.45,2024-09-17,0256,N,VIIRS,n,2,295.33,4.07,N,0
41.16623,-8.29748,305.36,0.4,0.44,2024-09-17,0256,N,VIIRS,n,2,289.39,0.52,N,0
41.14066,-8.18271,306.08,0.4,0.45,2024-09-17,0256,N,VIIRS,n,2,290.01,24.07,N,0
41.13656,-8.1644,305.62,0.4,0.45,2024-09-17,0256,N,VIIRS,n,2,289.13,7.45,N,0
41.10503,-8.02391,308.25,0.41,0.45,2024-09-17,0256,N,VIIRS,n,2,291.69,1.86,N,0
41.0958,-7.98294,303.73,0.41,0.45,2024-09-17,0256,N,VIIRS,n,2,289.18,5.16,N,0
41.09266,-7.969,303.44,0.41,0.45,2024-09-17,0256,N,VIIRS,n,2,289.75,4.07,N,0
41.07306,-7.88231,306.64,0.42,0.45,2024-09-17,0256,N,VIIRS,n,2,289.75,1.91,N,0
41.13674,-8.18456,336.99,0.4,0.45,2024-09-17,0256,N,VIIRS,n,2,291.82,24.07,N,0
41.13577,-8.1802,342.78,0.4,0.45,2024-09-17,0256,N,VIIRS,n,2,324.48,24.07,N,0
41.13474,-8.17562,348.38,0.4,0.45,2024-09-17,0256,N,VIIRS,n,2,333.16,29.29,N,0
41.13369,-8.1709,331.67,0.4,0.45,2024-09-17,0256,N,VIIRS,n,2,292.1,29.29,N,0
41.09283,-7.98917,338.02,0.41,0.45,2024-09-17,0256,N,VIIRS,n,2,291.82,7.63,N,0
41.09188,-7.98494,350.54,0.41,0.45,2024-09-17,0256,N,VIIRS,n,2,293.18,5.16,N,0
41.13771,-8.1889,303.21,0.4,0.44,2024-09-17,0256,N,VIIRS,n,2,289.96,1.03,N,0
41.09093,-7.98072,315.81,0.41,0.45,2024-09-17,0256,N,VIIRS,n,2,290.39,5.16,N,0
41.08884,-7.97147,299.76,0.41,0.45,2024-09-17,0256,N,VIIRS,n,2,288.71,4.07,N,0
41.08775,-7.96667,299.47,0.41,0.45,2024-09-17,0256,N,VIIRS,n,2,288.03,0.59,N,0
41.07171,-7.89576,308.02,0.42,0.45,2024-09-17,0256,N,VIIRS,n,2,287.64,1.03,N,0
41.06905,-7.884,317.72,0.42,0.45,2024-09-17,0256,N,VIIRS,n,2,292.76,1.91,N,0
41.13371,-8.19039,342.98,0.4,0.44,2024-09-17,0256,N,VIIRS,n,2,295.65,35.84,N,0
41.10999,-8.0847,331.28,0.41,0.45,2024-09-17,0256,N,VIIRS,n,2,292.06,2.23,N,0
41.09084,-7.99971,367,0.41,0.45,2024-09-17,0256,N,VIIRS,h,2,297.22,8.48,N,0
41.08981,-7.99517,323.68,0.41,0.45,2024-09-17,0256,N,VIIRS,n,2,291.77,2.42,N,0
41.08391,-7.96902,326.11,0.41,0.45,2024-09-17,0256,N,VIIRS,n,2,288.62,4.28,N,0
41.13465,-8.19458,302.86,0.4,0.44,2024-09-17,0256,N,VIIRS,n,2,290.58,35.84,N,0
41.12974,-8.1726,311.11,0.4,0.45,2024-09-17,0256,N,VIIRS,n,2,289.43,59.64,N,0
41.11103,-8.08933,301.09,0.41,0.45,2024-09-17,0256,N,VIIRS,n,2,290.18,2.23,N,0
41.1016,-8.04744,302.99,0.41,0.45,2024-09-17,0256,N,VIIRS,n,2,290.23,2.09,N,0
41.09185,-8.00421,311.86,0.41,0.45,2024-09-17,0256,N,VIIRS,n,2,291.23,8.48,N,0
41.08887,-7.99098,303.73,0.41,0.45,2024-09-17,0256,N,VIIRS,n,2,289.13,2.42,N,0
41.06776,-7.89774,299.71,0.42,0.45,2024-09-17,0256,N,VIIRS,n,2,285.96,1.56,N,0
41.06689,-7.89389,301.17,0.42,0.45,2024-09-17,0256,N,VIIRS,n,2,286.32,1.49,N,0
41.06506,-7.88579,314.29,0.42,0.45,2024-09-17,0256,N,VIIRS,n,2,292.11,1.96,N,0
41.12971,-8.19181,342.08,0.4,0.44,2024-09-17,0256,N,VIIRS,n,2,293.12,35.84,N,0
41.12875,-8.18752,323.98,0.4,0.45,2024-09-17,0256,N,VIIRS,n,2,302.66,464.74,N,0
41.12778,-8.18319,345.09,0.4,0.45,2024-09-17,0256,N,VIIRS,n,2,292.8,464.74,N,0
41.09741,-8.04819,329.37,0.41,0.45,2024-09-17,0256,N,VIIRS,n,2,293.9,2.09,N,0
41.08899,-8.01087,333.85,0.41,0.45,2024-09-17,0256,N,VIIRS,n,2,292.71,5.56,N,0
41.08802,-8.00659,367,0.41,0.45,2024-09-17,0256,N,VIIRS,h,2,302.44,8.48,N,0
41.087,-8.00209,367,0.41,0.45,2024-09-17,0256,N,VIIRS,h,2,295.65,8.48,N,0
41.08494,-7.99298,328.74,0.41,0.45,2024-09-17,0256,N,VIIRS,n,2,292.44,2.42,N,0
41.08002,-7.9712,345.73,0.41,0.45,2024-09-17,0256,N,VIIRS,n,2,291.98,4.28,N,0
41.06383,-7.89978,320.72,0.42,0.45,2024-09-17,0256,N,VIIRS,n,2,288.95,1.56,N,0
41.13065,-8.19598,302.87,0.4,0.44,2024-09-17,0256,N,VIIRS,n,2,291.05,35.84,N,0
41.12675,-8.1786,308.51,0.4,0.45,2024-09-17,0256,N,VIIRS,n,2,290.5,59.64,N,0
41.10486,-8.08123,304.95,0.41,0.45,2024-09-17,0256,N,VIIRS,n,2,291.05,0.75,N,0
41.09622,-8.04292,312.65,0.41,0.45,2024-09-17,0256,N,VIIRS,n,2,293.81,2.12,N,0
41.08595,-7.9974,316.2,0.41,0.45,2024-09-17,0256,N,VIIRS,n,2,293.12,2.42,N,0
41.08401,-7.98883,303.93,0.41,0.45,2024-09-17,0256,N,VIIRS,n,2,288.95,1.68,N,0
41.06295,-7.89589,310.91,0.42,0.45,2024-09-17,0256,N,VIIRS,n,2,288.52,1.49,N,0
41.06203,-7.89185,298.67,0.42,0.45,2024-09-17,0256,N,VIIRS,n,2,286.99,1.49,N,0
41.06107,-7.88758,319.04,0.42,0.45,2024-09-17,0256,N,VIIRS,n,2,294.57,1.96,N,0
41.08506,-8.01284,353.97,0.41,0.45,2024-09-17,0256,N,VIIRS,n,2,304.31,12.24,N,0
41.08111,-7.99536,337.28,0.41,0.45,2024-09-17,0256,N,VIIRS,n,2,299.03,22.44,N,0
41.08013,-7.991,351.81,0.41,0.45,2024-09-17,0256,N,VIIRS,n,2,295.23,73.67,N,0
41.0772,-7.97806,320.92,0.41,0.45,2024-09-17,0256,N,VIIRS,n,2,292.43,5.78,N,0
41.07615,-7.97343,327.58,0.41,0.45,2024-09-17,0256,N,VIIRS,n,2,286.92,2.84,N,0
41.12467,-8.18863,301.34,0.4,0.45,2024-09-17,0256,N,VIIRS,n,2,290.35,0.95,N,0
41.09332,-8.04941,304.94,0.41,0.45,2024-09-17,0256,N,VIIRS,n,2,291.61,1,N,0
41.08599,-8.01693,308.19,0.41,0.45,2024-09-17,0256,N,VIIRS,n,2,290.44,12.24,N,0
41.08411,-8.00864,316.9,0.41,0.45,2024-09-17,0256,N,VIIRS,n,2,292.24,2.54,N,0
41.08315,-8.00434,307.57,0.41,0.45,2024-09-17,0256,N,VIIRS,n,2,291.03,2.54,N,0
41.08213,-7.99985,306.83,0.41,0.45,2024-09-17,0256,N,VIIRS,n,2,292,22.44,N,0
41.07819,-7.98243,304.01,0.41,0.45,2024-09-17,0256,N,VIIRS,n,2,289.17,5.78,N,0
41.0599,-7.90181,299.8,0.42,0.45,2024-09-17,0256,N,VIIRS,n,2,285.86,0.58,N,0
41.05899,-7.89784,303.93,0.42,0.45,2024-09-17,0256,N,VIIRS,n,2,285.86,1.29,N,0
41.05701,-7.8891,303.09,0.42,0.45,2024-09-17,0256,N,VIIRS,n,2,285.61,0.66,N,0
41.08411,-8.02795,347.36,0.41,0.45,2024-09-17,0256,N,VIIRS,n,2,307.53,42.97,N,0
41.083,-8.02306,351.57,0.41,0.45,2024-09-17,0256,N,VIIRS,n,2,302.39,42.97,N,0
41.08201,-8.01867,333.71,0.41,0.45,2024-09-17,0256,N,VIIRS,n,2,292.33,12.24,N,0
41.08109,-8.01459,348.66,0.41,0.45,2024-09-17,0256,N,VIIRS,n,2,293.57,12.24,N,0
41.07924,-8.0064,325.71,0.41,0.45,2024-09-17,0256,N,VIIRS,n,2,293.2,2.54,N,0
41.07822,-8.0019,322.09,0.41,0.45,2024-09-17,0256,N,VIIRS,n,2,295.11,22.44,N,0
41.07719,-7.99738,345.25,0.41,0.45,2024-09-17,0256,N,VIIRS,n,2,306.62,22.44,N,0
41.07521,-7.98859,367,0.41,0.45,2024-09-17,0256,N,VIIRS,h,2,300.28,73.67,N,0
41.07425,-7.98436,324.96,0.41,0.45,2024-09-17,0256,N,VIIRS,n,2,294.75,5.78,N,0
41.07328,-7.98007,367,0.41,0.45,2024-09-17,0256,N,VIIRS,h,2,301.36,5.78,N,0
41.08016,-8.01049,312.99,0.41,0.45,2024-09-17,0256,N,VIIRS,n,2,292.84,2.54,N,0
41.07227,-7.97561,301.52,0.41,0.45,2024-09-17,0256,N,VIIRS,n,2,287.15,2.84,N,0
41.08136,-8.0351,341.16,0.41,0.45,2024-09-17,0256,N,VIIRS,n,2,295.39,40.74,N,0
41.08023,-8.0301,356.85,0.41,0.45,2024-09-17,0256,N,VIIRS,n,2,306.16,53.36,N,0
41.07908,-8.02505,367,0.41,0.45,2024-09-17,0256,N,VIIRS,h,2,313.8,53.36,N,0
41.078,-8.02028,367,0.41,0.45,2024-09-17,0256,N,VIIRS,h,2,302.04,9.81,N,0
41.07611,-8.01193,333.25,0.41,0.45,2024-09-17,0256,N,VIIRS,n,2,298.39,11.53,N,0
41.07516,-8.00768,333.7,0.41,0.45,2024-09-17,0256,N,VIIRS,n,2,299.9,11.53,N,0
41.07418,-8.00336,336.64,0.41,0.45,2024-09-17,0256,N,VIIRS,n,2,299.4,23.1,N,0
41.07316,-7.99888,346.79,0.41,0.45,2024-09-17,0256,N,VIIRS,n,2,309.61,23.1,N,0
41.07217,-7.99453,350.48,0.41,0.45,2024-09-17,0256,N,VIIRS,n,2,291.59,10.71,N,0
41.07122,-7.99033,357.02,0.41,0.45,2024-09-17,0256,N,VIIRS,n,2,298.89,10.71,N,0
41.07024,-7.98601,343.9,0.41,0.45,2024-09-17,0256,N,VIIRS,n,2,297.64,26.22,N,0
41.06927,-7.98171,354.67,0.41,0.45,2024-09-17,0256,N,VIIRS,n,2,303.16,26.22,N,0
41.07751,-8.03738,333.92,0.41,0.45,2024-09-17,0256,N,VIIRS,n,2,326.73,40.74,N,0
41.07639,-8.03239,351.91,0.41,0.45,2024-09-17,0256,N,VIIRS,n,2,302.15,53.36,N,0
41.0752,-8.02721,341.82,0.41,0.45,2024-09-17,0256,N,VIIRS,n,2,296.18,53.36,N,0
41.07106,-8.00893,353.05,0.41,0.45,2024-09-17,0256,N,VIIRS,n,2,303.79,11.53,N,0
41.07008,-8.00457,333.27,0.41,0.45,2024-09-17,0256,N,VIIRS,n,2,300.96,23.1,N,0
41.06711,-7.99148,329.5,0.41,0.45,2024-09-17,0256,N,VIIRS,n,2,290.61,10.71,N,0
41.06612,-7.98712,367,0.41,0.45,2024-09-17,0256,N,VIIRS,h,2,300.83,26.22,N,0
41.06512,-7.98272,320.88,0.41,0.45,2024-09-17,0256,N,VIIRS,n,2,291.39,26.22,N,0
41.07852,-8.0418,308.74,0.41,0.45,2024-09-17,0256,N,VIIRS,n,2,289.86,40.74,N,0
41.07407,-8.02219,309.42,0.41,0.45,2024-09-17,0256,N,VIIRS,n,2,290.84,9.81,N,0
41.07203,-8.01323,317.48,0.41,0.45,2024-09-17,0256,N,VIIRS,n,2,291.35,11.53,N,0
41.06907,-8.00016,304.58,0.41,0.45,2024-09-17,0256,N,VIIRS,n,2,289.11,23.1,N,0
41.08292,-8.03036,342.89,0.41,0.45,2024-09-17,0256,N,VIIRS,n,2,300.45,40.12,N,0
41.08183,-8.02538,367,0.41,0.45,2024-09-17,0256,N,VIIRS,h,2,329.55,54.17,N,0
41.08078,-8.02065,335.22,0.41,0.45,2024-09-17,0256,N,VIIRS,n,2,298.68,54.17,N,0
41.07895,-8.01239,320.04,0.41,0.45,2024-09-17,0256,N,VIIRS,n,2,293.74,3.55,N,0
41.07804,-8.00826,331,0.41,0.45,2024-09-17,0256,N,VIIRS,n,2,296.98,5.75,N,0
41.07707,-8.0039,329.29,0.41,0.45,2024-09-17,0256,N,VIIRS,n,2,298.57,5.75,N,0
41.07608,-7.99938,343.26,0.41,0.45,2024-09-17,0256,N,VIIRS,n,2,299.24,55.4,N,0
41.07508,-7.99489,330.7,0.41,0.45,2024-09-17,0256,N,VIIRS,n,2,327.05,55.4,N,0
41.07412,-7.99056,356.26,0.41,0.45,2024-09-17,0256,N,VIIRS,n,2,307.41,22.03,N,0
41.07319,-7.98634,342.66,0.41,0.45,2024-09-17,0256,N,VIIRS,n,2,297.09,22.03,N,0
41.07223,-7.98203,345.2,0.41,0.45,2024-09-17,0256,N,VIIRS,n,2,305.05,28.23,N,0
41.07127,-7.9777,337.71,0.41,0.45,2024-09-17,0256,N,VIIRS,n,2,291.55,28.23,N,0
41.07986,-8.01648,318.33,0.41,0.45,2024-09-17,0256,N,VIIRS,n,2,290.95,3.55,N,0
41.08015,-8.03757,340.15,0.41,0.45,2024-09-17,0256,N,VIIRS,n,2,292.05,40.12,N,0
41.07906,-8.03264,347.48,0.41,0.45,2024-09-17,0256,N,VIIRS,n,2,314.36,40.12,N,0
41.07793,-8.02751,350.45,0.41,0.45,2024-09-17,0256,N,VIIRS,n,2,307.9,54.17,N,0
41.07682,-8.02249,348.43,0.41,0.45,2024-09-17,0256,N,VIIRS,n,2,296.69,54.17,N,0
41.07583,-8.01798,327.9,0.41,0.45,2024-09-17,0256,N,VIIRS,n,2,292.76,3.55,N,0
41.07395,-8.0095,339.36,0.41,0.45,2024-09-17,0256,N,VIIRS,n,2,299.45,5.75,N,0
41.073,-8.00521,352.87,0.41,0.45,2024-09-17,0256,N,VIIRS,n,2,301.35,5.75,N,0
41.07202,-8.00079,346.19,0.41,0.45,2024-09-17,0256,N,VIIRS,n,2,301.45,55.4,N,0
41.07104,-7.99638,334.34,0.41,0.45,2024-09-17,0256,N,VIIRS,n,2,290.88,55.4,N,0
41.0701,-7.99213,341.9,0.41,0.45,2024-09-17,0256,N,VIIRS,n,2,291.65,22.03,N,0
41.06914,-7.9878,353.78,0.41,0.45,2024-09-17,0256,N,VIIRS,n,2,298.92,22.03,N,0
41.06818,-7.98345,344.91,0.41,0.45,2024-09-17,0256,N,VIIRS,n,2,313.11,28.23,N,0
41.07489,-8.01375,315.15,0.41,0.45,2024-09-17,0256,N,VIIRS,n,2,291.95,3.55,N,0
41.07627,-8.03974,350.76,0.41,0.45,2024-09-17,0256,N,VIIRS,n,2,310.1,41.45,N,0
41.07523,-8.03503,327.5,0.41,0.45,2024-09-17,0256,N,VIIRS,n,2,306.84,41.45,N,0
41.07406,-8.02975,350.6,0.41,0.45,2024-09-17,0256,N,VIIRS,n,2,293.55,8.72,N,0
41.06987,-8.01077,339.81,0.41,0.45,2024-09-17,0256,N,VIIRS,n,2,292.71,24.34,N,0
41.0689,-8.00639,352.7,0.41,0.45,2024-09-17,0256,N,VIIRS,n,2,302.49,24.34,N,0
41.06501,-7.98885,336.95,0.41,0.45,2024-09-17,0256,N,VIIRS,n,2,288.39,6.35,N,0
41.06403,-7.98445,326.64,0.41,0.45,2024-09-17,0256,N,VIIRS,n,2,287.79,3.29,N,0
41.1051,-8.17067,302.65,0.41,0.45,2024-09-17,0256,N,VIIRS,n,2,291.5,0.54,N,0
41.07722,-8.04406,304.84,0.41,0.45,2024-09-17,0256,N,VIIRS,n,2,289.74,20.36,N,0
41.07433,-8.05067,367,0.41,0.45,2024-09-17,0256,N,VIIRS,h,2,299.39,20.36,N,0
41.07334,-8.04624,353.5,0.41,0.45,2024-09-17,0256,N,VIIRS,n,2,303.14,20.36,N,0
41.07238,-8.04188,340.03,0.41,0.45,2024-09-17,0256,N,VIIRS,n,2,293.69,41.45,N,0
41.07138,-8.03737,343.45,0.41,0.45,2024-09-17,0256,N,VIIRS,n,2,295.2,41.45,N,0
41.07023,-8.03216,336.3,0.41,0.45,2024-09-17,0256,N,VIIRS,n,2,294.03,8.72,N,0
41.07531,-8.05513,311.54,0.41,0.45,2024-09-17,0256,N,VIIRS,n,2,289.85,3.15,N,0
41.07219,-8.0607,334.11,0.41,0.45,2024-09-17,0256,N,VIIRS,n,2,292.04,66.99,N,0
41.07128,-8.05658,367,0.41,0.45,2024-09-17,0256,N,VIIRS,h,2,336.03,66.99,N,0
41.07035,-8.05242,349.93,0.41,0.45,2024-09-17,0256,N,VIIRS,n,2,307.02,27.81,N,0
41.0694,-8.04812,326.9,0.41,0.45,2024-09-17,0256,N,VIIRS,n,2,293.26,27.81,N,0
41.06745,-8.03931,325.29,0.41,0.45,2024-09-17,0256,N,VIIRS,n,2,292.41,24.45,N,0
41.06638,-8.03449,348,0.41,0.45,2024-09-17,0256,N,VIIRS,n,2,307.68,28,N,0
41.06844,-8.04377,315.64,0.41,0.45,2024-09-17,0256,N,VIIRS,n,2,291.35,24.45,N,0
41.06524,-8.02934,300.48,0.41,0.45,2024-09-17,0256,N,VIIRS,n,2,288.75,28,N,0
41.0681,-8.06187,341.72,0.41,0.45,2024-09-17,0256,N,VIIRS,n,2,293.05,66.99,N,0
41.0672,-8.05783,328.36,0.41,0.45,2024-09-17,0256,N,VIIRS,n,2,316.55,66.99,N,0
41.0663,-8.05377,346.82,0.41,0.45,2024-09-17,0256,N,VIIRS,n,2,297.13,27.81,N,0
41.06537,-8.04961,367,0.41,0.45,2024-09-17,0256,N,VIIRS,h,2,308.04,27.81,N,0
41.06443,-8.04538,353.57,0.41,0.45,2024-09-17,0256,N,VIIRS,n,2,304.7,24.45,N,0
41.06348,-8.04108,356.96,0.41,0.45,2024-09-17,0256,N,VIIRS,n,2,309.45,24.45,N,0
41.06246,-8.0365,326.99,0.41,0.45,2024-09-17,0256,N,VIIRS,n,2,322.9,28,N,0
41.06137,-8.03159,302.75,0.41,0.45,2024-09-17,0256,N,VIIRS,n,2,289.29,28,N,0
41.06133,-8.05102,342.68,0.41,0.45,2024-09-17,0256,N,VIIRS,n,2,293.19,14.52,N,0
40.6532,-8.38912,354.77,0.4,0.45,2024-09-17,0256,N,VIIRS,n,2,310.86,37.58,N,0
40.65221,-8.38469,355.68,0.4,0.45,2024-09-17,0256,N,VIIRS,n,2,303.15,133.64,N,0
40.65124,-8.3803,351.94,0.4,0.45,2024-09-17,0256,N,VIIRS,n,2,328.57,133.64,N,0
40.65025,-8.37585,355.74,0.41,0.45,2024-09-17,0256,N,VIIRS,n,2,313.04,30.48,N,0
40.64926,-8.37137,353.6,0.41,0.45,2024-09-17,0256,N,VIIRS,n,2,304.15,30.48,N,0
40.64822,-8.36666,345.99,0.41,0.45,2024-09-17,0256,N,VIIRS,n,2,303.2,9.57,N,0
40.64714,-8.36181,351.12,0.41,0.45,2024-09-17,0256,N,VIIRS,n,2,306.39,9.57,N,0
40.64606,-8.35695,353.73,0.41,0.45,2024-09-17,0256,N,VIIRS,n,2,329.3,50.99,N,0
40.64505,-8.35241,367,0.41,0.45,2024-09-17,0256,N,VIIRS,h,2,342.21,50.99,N,0
40.64405,-8.34789,367,0.41,0.45,2024-09-17,0256,N,VIIRS,h,2,335.8,58.09,N,0
40.64299,-8.34314,332.95,0.41,0.45,2024-09-17,0256,N,VIIRS,n,2,295.46,58.09,N,0
40.6633,-8.43474,307.3,0.4,0.44,2024-09-17,0256,N,VIIRS,n,2,293.08,2.04,N,0
40.6623,-8.43024,313.54,0.4,0.44,2024-09-17,0256,N,VIIRS,n,2,293.47,2.47,N,0
40.65932,-8.43625,367,0.4,0.44,2024-09-17,0256,N,VIIRS,h,2,297.15,13.44,N,0
40.65831,-8.4317,367,0.4,0.44,2024-09-17,0256,N,VIIRS,h,2,296.84,15.04,N,0
40.65731,-8.4272,351.57,0.4,0.44,2024-09-17,0256,N,VIIRS,n,2,298.05,15.04,N,0
40.65632,-8.4227,367,0.4,0.44,2024-09-17,0256,N,VIIRS,h,2,299.58,40.07,N,0
40.65532,-8.41819,367,0.4,0.44,2024-09-17,0256,N,VIIRS,h,2,302.99,40.07,N,0
40.6543,-8.41361,350.18,0.4,0.44,2024-09-17,0256,N,VIIRS,n,2,318.44,127.28,N,0
40.65327,-8.40898,367,0.4,0.44,2024-09-17,0256,N,VIIRS,h,2,320.07,127.28,N,0
40.65224,-8.40432,332.22,0.4,0.45,2024-09-17,0256,N,VIIRS,n,2,305.32,50.03,N,0
40.65122,-8.39972,356.12,0.4,0.45,2024-09-17,0256,N,VIIRS,n,2,302.84,50.03,N,0
40.65021,-8.39514,367,0.4,0.45,2024-09-17,0256,N,VIIRS,h,2,299.24,21.41,N,0
40.64919,-8.39056,367,0.4,0.45,2024-09-17,0256,N,VIIRS,h,2,301.3,21.41,N,0
40.64818,-8.38603,367,0.4,0.45,2024-09-17,0256,N,VIIRS,h,2,302.61,30.41,N,0
40.64718,-8.38149,356.17,0.4,0.45,2024-09-17,0256,N,VIIRS,n,2,318.4,30.41,N,0
40.64619,-8.37704,355.73,0.41,0.45,2024-09-17,0256,N,VIIRS,n,2,311.51,32.29,N,0
40.6452,-8.37258,367,0.41,0.45,2024-09-17,0256,N,VIIRS,h,2,313.44,32.29,N,0
40.64416,-8.36791,367,0.41,0.45,2024-09-17,0256,N,VIIRS,h,2,309.88,69.68,N,0
40.6431,-8.36312,354.25,0.41,0.45,2024-09-17,0256,N,VIIRS,n,2,322.86,69.68,N,0
40.64206,-8.35847,343.03,0.41,0.45,2024-09-17,0256,N,VIIRS,n,2,320.5,198.61,N,0
40.64106,-8.35394,367,0.41,0.45,2024-09-17,0256,N,VIIRS,h,2,357.38,198.61,N,0
40.6614,-8.44564,313.2,0.4,0.44,2024-09-17,0256,N,VIIRS,n,2,293.79,2.97,N,0
40.66035,-8.44089,316.5,0.4,0.44,2024-09-17,0256,N,VIIRS,n,2,293.79,13.44,N,0
40.63894,-8.34441,306.14,0.41,0.45,2024-09-17,0256,N,VIIRS,n,2,291.76,46.17,N,0
40.65742,-8.44715,329.75,0.4,0.44,2024-09-17,0256,N,VIIRS,n,2,294.41,2.97,N,0
40.65639,-8.4425,346.26,0.4,0.44,2024-09-17,0256,N,VIIRS,n,2,294.6,13.44,N,0
40.65536,-8.43784,352.05,0.4,0.44,2024-09-17,0256,N,VIIRS,n,2,299.22,13.44,N,0
40.65434,-8.43323,354.52,0.4,0.44,2024-09-17,0256,N,VIIRS,n,2,298.22,15.04,N,0
40.65332,-8.42863,367,0.4,0.44,2024-09-17,0256,N,VIIRS,h,2,301.51,15.04,N,0
40.65232,-8.42413,367,0.4,0.44,2024-09-17,0256,N,VIIRS,h,2,303.28,40.07,N,0
40.65132,-8.41964,355.84,0.4,0.44,2024-09-17,0256,N,VIIRS,n,2,304.85,40.07,N,0
40.65031,-8.41509,367,0.4,0.44,2024-09-17,0256,N,VIIRS,h,2,320.87,127.28,N,0
40.64928,-8.41045,321.41,0.4,0.44,2024-09-17,0256,N,VIIRS,n,2,315.64,127.28,N,0
40.64824,-8.40576,348.33,0.4,0.45,2024-09-17,0256,N,VIIRS,n,2,305.85,50.03,N,0
40.64721,-8.4011,367,0.4,0.45,2024-09-17,0256,N,VIIRS,h,2,300.75,50.03,N,0
40.64619,-8.39654,367,0.4,0.45,2024-09-17,0256,N,VIIRS,h,2,298.72,21.41,N,0
40.64518,-8.39196,367,0.4,0.45,2024-09-17,0256,N,VIIRS,h,2,299.53,21.41,N,0
40.64415,-8.38737,367,0.4,0.45,2024-09-17,0256,N,VIIRS,h,2,303.63,30.41,N,0
40.64315,-8.38283,367,0.4,0.45,2024-09-17,0256,N,VIIRS,h,2,313.65,30.41,N,0
40.64215,-8.37832,367,0.41,0.45,2024-09-17,0256,N,VIIRS,h,2,316.21,32.29,N,0
40.64112,-8.3737,352.59,0.41,0.45,2024-09-17,0256,N,VIIRS,n,2,317.96,32.29,N,0
40.6401,-8.36911,347.24,0.41,0.45,2024-09-17,0256,N,VIIRS,n,2,322.19,69.68,N,0
40.63906,-8.36443,340.45,0.41,0.45,2024-09-17,0256,N,VIIRS,n,2,316.61,69.68,N,0
40.63704,-8.35534,329.88,0.41,0.45,2024-09-17,0256,N,VIIRS,n,2,326.57,198.61,N,0
40.63599,-8.35067,312.16,0.41,0.45,2024-09-17,0256,N,VIIRS,n,2,293.99,46.17,N,0
40.65341,-8.44853,333.42,0.4,0.44,2024-09-17,0256,N,VIIRS,n,2,294.48,15.76,N,0
40.65241,-8.444,348.2,0.4,0.44,2024-09-17,0256,N,VIIRS,n,2,294.53,33.95,N,0
40.65137,-8.43933,348.24,0.4,0.44,2024-09-17,0256,N,VIIRS,n,2,293.97,33.95,N,0
40.65034,-8.43468,367,0.4,0.44,2024-09-17,0256,N,VIIRS,h,2,303.48,58,N,0
40.64933,-8.43015,357.31,0.4,0.44,2024-09-17,0256,N,VIIRS,n,2,311.78,58,N,0
40.64833,-8.42565,367,0.4,0.44,2024-09-17,0256,N,VIIRS,h,2,336.66,110.4,N,0
40.64732,-8.42108,337.46,0.4,0.44,2024-09-17,0256,N,VIIRS,n,2,315.36,110.4,N,0
40.64631,-8.41653,330.94,0.4,0.44,2024-09-17,0256,N,VIIRS,n,2,312.75,51.56,N,0
40.64528,-8.4119,356.55,0.4,0.44,2024-09-17,0256,N,VIIRS,n,2,303.38,51.56,N,0
40.64424,-8.40721,367,0.4,0.45,2024-09-17,0256,N,VIIRS,h,2,302.15,49.27,N,0
40.6432,-8.40254,367,0.4,0.45,2024-09-17,0256,N,VIIRS,h,2,299.47,49.27,N,0
40.64219,-8.39795,367,0.4,0.45,2024-09-17,0256,N,VIIRS,h,2,308.46,74.91,N,0
40.64116,-8.39333,367,0.4,0.45,2024-09-17,0256,N,VIIRS,h,2,307.19,74.91,N,0
40.64013,-8.38871,357.28,0.4,0.45,2024-09-17,0256,N,VIIRS,n,2,315.88,197.06,N,0
40.63912,-8.38417,349.06,0.4,0.45,2024-09-17,0256,N,VIIRS,n,2,333.13,197.06,N,0
40.6381,-8.3796,367,0.41,0.45,2024-09-17,0256,N,VIIRS,h,2,340.52,106,N,0
40.63707,-8.37499,367,0.41,0.45,2024-09-17,0256,N,VIIRS,h,2,352.62,106,N,0
40.63605,-8.37038,367,0.41,0.45,2024-09-17,0256,N,VIIRS,h,2,318.61,52.61,N,0
40.635,-8.36566,351.59,0.41,0.45,2024-09-17,0256,N,VIIRS,n,2,297.22,52.61,N,0
40.65443,-8.45312,314.62,0.4,0.44,2024-09-17,0256,N,VIIRS,n,2,293.37,15.76,N,0
40.63293,-8.35637,314.96,0.41,0.45,2024-09-17,0256,N,VIIRS,n,2,292.24,55.05,N,0
40.65041,-8.45444,329.53,0.4,0.44,2024-09-17,0256,N,VIIRS,n,2,294.33,15.76,N,0
40.64942,-8.44998,352.6,0.4,0.44,2024-09-17,0256,N,VIIRS,n,2,310.17,15.76,N,0
40.64841,-8.44542,350.24,0.4,0.44,2024-09-17,0256,N,VIIRS,n,2,319.02,33.95,N,0
40.64737,-8.44076,347.36,0.4,0.44,2024-09-17,0256,N,VIIRS,n,2,304.82,33.95,N,0
40.64633,-8.43606,367,0.4,0.44,2024-09-17,0256,N,VIIRS,h,2,299.39,58,N,0
40.64534,-8.43158,345.36,0.4,0.44,2024-09-17,0256,N,VIIRS,n,2,320.35,58,N,0
40.64434,-8.42708,367,0.4,0.44,2024-09-17,0256,N,VIIRS,h,2,328.02,110.4,N,0
40.64333,-8.42257,353.22,0.4,0.44,2024-09-17,0256,N,VIIRS,n,2,305.86,110.4,N,0
40.64231,-8.418,355.83,0.4,0.44,2024-09-17,0256,N,VIIRS,n,2,301.76,51.56,N,0
40.64127,-8.41328,355.2,0.4,0.44,2024-09-17,0256,N,VIIRS,n,2,312.77,51.56,N,0
40.64023,-8.40862,347.48,0.4,0.45,2024-09-17,0256,N,VIIRS,n,2,323.62,49.27,N,0
40.63919,-8.40391,341.22,0.4,0.45,2024-09-17,0256,N,VIIRS,n,2,324.04,49.27,N,0
40.63816,-8.39934,367,0.4,0.45,2024-09-17,0256,N,VIIRS,h,2,344.38,74.91,N,0
40.63715,-8.39475,326.58,0.4,0.45,2024-09-17,0256,N,VIIRS,n,2,319.88,74.91,N,0
40.63612,-8.39018,367,0.4,0.45,2024-09-17,0256,N,VIIRS,h,2,350.68,197.06,N,0
40.63408,-8.38098,335.03,0.41,0.45,2024-09-17,0256,N,VIIRS,n,2,300.51,106,N,0
40.63306,-8.37638,347.12,0.41,0.45,2024-09-17,0256,N,VIIRS,n,2,294.57,106,N,0
40.63202,-8.37175,331.52,0.41,0.45,2024-09-17,0256,N,VIIRS,n,2,293.15,52.61,N,0
40.65568,-8.47815,307.71,0.4,0.44,2024-09-17,0256,N,VIIRS,n,2,291.96,1.63,N,0
40.65354,-8.46854,314.09,0.4,0.44,2024-09-17,0256,N,VIIRS,n,2,293.01,2.45,N,0
40.65247,-8.4637,309.18,0.4,0.44,2024-09-17,0256,N,VIIRS,n,2,293.06,1.9,N,0
40.65143,-8.45901,312.72,0.4,0.44,2024-09-17,0256,N,VIIRS,n,2,293.35,1.9,N,0
40.63096,-8.36698,318.68,0.41,0.45,2024-09-17,0256,N,VIIRS,n,2,292.59,52.61,N,0
40.6299,-8.36225,307.18,0.41,0.45,2024-09-17,0256,N,VIIRS,n,2,292.82,55.05,N,0
40.65273,-8.48427,343.32,0.4,0.44,2024-09-17,0256,N,VIIRS,n,2,297.87,7.6,N,0
40.6517,-8.47963,337.58,0.4,0.44,2024-09-17,0256,N,VIIRS,n,2,293.46,7.6,N,0
40.64957,-8.47006,353.82,0.4,0.44,2024-09-17,0256,N,VIIRS,n,2,298.4,6.4,N,0
40.64641,-8.45582,339.05,0.4,0.44,2024-09-17,0256,N,VIIRS,n,2,295.59,42.11,N,0
40.6454,-8.45129,353.34,0.4,0.44,2024-09-17,0256,N,VIIRS,n,2,319.28,42.11,N,0
40.64441,-8.44683,367,0.4,0.44,2024-09-17,0256,N,VIIRS,h,2,339.54,95.41,N,0
40.64338,-8.44221,333.96,0.4,0.44,2024-09-17,0256,N,VIIRS,n,2,311.03,95.41,N,0
40.64236,-8.43761,347.79,0.4,0.44,2024-09-17,0256,N,VIIRS,n,2,314.78,283.35,N,0
40.64135,-8.43309,367,0.4,0.44,2024-09-17,0256,N,VIIRS,h,2,338.69,283.35,N,0
40.64034,-8.42856,367,0.4,0.44,2024-09-17,0256,N,VIIRS,h,2,322.59,563.64,N,0
40.63934,-8.42404,331.96,0.4,0.44,2024-09-17,0256,N,VIIRS,n,2,327.31,563.64,N,0
40.6352,-8.40543,322.3,0.4,0.45,2024-09-17,0256,N,VIIRS,n,2,313.84,125.56,N,0
41.06041,-8.04687,367,0.41,0.45,2024-09-17,0256,N,VIIRS,h,2,350.67,154.89,N,0
41.05851,-8.03834,325.72,0.41,0.45,2024-09-17,0256,N,VIIRS,n,2,289.62,36,N,0
41.0631,-8.05899,302.58,0.41,0.45,2024-09-17,0256,N,VIIRS,n,2,290.78,1.9,N,0
41.06223,-8.05509,302.07,0.41,0.45,2024-09-17,0256,N,VIIRS,n,2,290.36,14.52,N,0
41.11301,-8.30497,338.76,0.4,0.44,2024-09-17,0256,N,VIIRS,n,2,292.42,2.49,N,0
41.05637,-8.04834,329.73,0.41,0.45,2024-09-17,0256,N,VIIRS,n,2,289.23,154.89,N,0
41.11414,-8.31015,301.63,0.4,0.44,2024-09-17,0256,N,VIIRS,n,2,291.46,2.49,N,0
41.07285,-8.12264,299.82,0.41,0.45,2024-09-17,0256,N,VIIRS,n,2,289.38,0.6,N,0
41.07183,-8.1181,301.94,0.41,0.45,2024-09-17,0256,N,VIIRS,n,2,289.84,0.6,N,0
41.07081,-8.11346,303.66,0.41,0.45,2024-09-17,0256,N,VIIRS,n,2,290.15,0.61,N,0
41.05727,-8.05239,303.33,0.41,0.45,2024-09-17,0256,N,VIIRS,n,2,289.48,14.52,N,0
41.05545,-8.04421,303.54,0.41,0.45,2024-09-17,0256,N,VIIRS,n,2,287.78,154.89,N,0
41.11137,-8.31711,308.8,0.4,0.44,2024-09-17,0256,N,VIIRS,n,2,291.13,10.64,N,0
41.10908,-8.30664,313.54,0.4,0.44,2024-09-17,0256,N,VIIRS,n,2,289.5,2.17,N,0
41.06796,-8.1202,314.47,0.41,0.45,2024-09-17,0256,N,VIIRS,n,2,291.13,1.34,N,0
41.10849,-8.32356,367,0.4,0.44,2024-09-17,0256,N,VIIRS,h,2,300.26,10.64,N,0
41.10742,-8.31869,342.53,0.4,0.44,2024-09-17,0256,N,VIIRS,n,2,296.46,10.64,N,0
41.06405,-8.12219,319.68,0.41,0.45,2024-09-17,0256,N,VIIRS,n,2,290.09,1.34,N,0
41.1373,-8.51352,323.67,0.39,0.44,2024-09-17,0256,N,VIIRS,n,2,294.43,6.96,N,0
41.13625,-8.5087,309.69,0.39,0.44,2024-09-17,0256,N,VIIRS,n,2,293.41,2.71,N,0
41.1334,-8.51512,340.42,0.39,0.44,2024-09-17,0256,N,VIIRS,n,2,294.24,6.96,N,0
41.13236,-8.51037,307.02,0.39,0.44,2024-09-17,0256,N,VIIRS,n,2,291.56,2.71,N,0
41.12337,-8.48878,341.04,0.39,0.44,2024-09-17,0256,N,VIIRS,n,2,293.7,24,N,0
41.02993,-8.06663,311.6,0.41,0.45,2024-09-17,0256,N,VIIRS,n,2,286.76,1.26,N,0
41.02867,-8.06103,304.17,0.41,0.45,2024-09-17,0256,N,VIIRS,n,2,287.27,7.54,N,0
41.12041,-8.49468,340.73,0.39,0.44,2024-09-17,0256,N,VIIRS,n,2,297.97,24,N,0
41.11945,-8.49028,347.35,0.39,0.44,2024-09-17,0256,N,VIIRS,n,2,317.37,24,N,0
41.02481,-8.06327,326.82,0.41,0.45,2024-09-17,0256,N,VIIRS,n,2,287.73,7.54,N,0
41.02358,-8.05776,367,0.41,0.45,2024-09-17,0256,N,VIIRS,h,2,298.35,7.54,N,0
41.12141,-8.49924,302.05,0.39,0.44,2024-09-17,0256,N,VIIRS,n,2,291.47,0.67,N,0
41.11848,-8.4859,311.06,0.39,0.44,2024-09-17,0256,N,VIIRS,n,2,293.2,7.91,N,0
41.02237,-8.05233,312,0.41,0.45,2024-09-17,0256,N,VIIRS,n,2,288.24,4.15,N,0
41.11647,-8.49613,339.92,0.39,0.44,2024-09-17,0256,N,VIIRS,n,2,293.61,23.97,N,0
41.1155,-8.49171,352.8,0.39,0.44,2024-09-17,0256,N,VIIRS,n,2,298.57,23.97,N,0
41.01967,-8.05978,336.85,0.41,0.45,2024-09-17,0256,N,VIIRS,n,2,288.22,6.15,N,0
41.01844,-8.05431,330.29,0.41,0.45,2024-09-17,0256,N,VIIRS,n,2,286.31,3.63,N,0
41.1175,-8.5008,313.5,0.39,0.44,2024-09-17,0256,N,VIIRS,n,2,292.26,1.33,N,0
41.11761,-8.54005,314.23,0.39,0.44,2024-09-17,0256,N,VIIRS,n,2,292.81,1.33,N,0
41.01026,-8.07614,320.35,0.41,0.45,2024-09-17,0256,N,VIIRS,n,2,286.96,2.11,N,0
41.00898,-8.07044,296.11,0.41,0.45,2024-09-17,0256,N,VIIRS,n,2,285.15,0.95,N,0
41.0075,-8.08327,297.92,0.41,0.45,2024-09-17,0256,N,VIIRS,n,2,284.27,1.43,N,0
41.00629,-8.07787,312.87,0.41,0.45,2024-09-17,0256,N,VIIRS,n,2,285.13,1.43,N,0
41.005,-8.07215,311.73,0.41,0.45,2024-09-17,0256,N,VIIRS,n,2,286.25,1.73,N,0
40.89839,-7.81981,332.45,0.43,0.46,2024-09-17,0256,N,VIIRS,n,2,286.31,19.12,N,0
40.8973,-7.81496,349.55,0.43,0.46,2024-09-17,0256,N,VIIRS,n,2,293.12,5.26,N,0
40.89647,-7.83097,322.59,0.42,0.46,2024-09-17,0256,N,VIIRS,n,2,286.48,20.68,N,0
40.8954,-7.8262,345.99,0.42,0.46,2024-09-17,0256,N,VIIRS,n,2,307.95,19.12,N,0
40.89432,-7.8214,340.27,0.43,0.46,2024-09-17,0256,N,VIIRS,n,2,293.39,19.12,N,0
40.89323,-7.81657,297.32,0.43,0.46,2024-09-17,0256,N,VIIRS,n,2,285.9,5.26,N,0
40.89458,-7.84225,367,0.42,0.46,2024-09-17,0256,N,VIIRS,h,2,295.5,30.68,N,0
40.89351,-7.83746,350.4,0.42,0.46,2024-09-17,0256,N,VIIRS,n,2,308.3,16.44,N,0
40.89243,-7.83269,336.11,0.42,0.46,2024-09-17,0256,N,VIIRS,n,2,289.78,16.44,N,0
40.89136,-7.82792,339.11,0.42,0.46,2024-09-17,0256,N,VIIRS,n,2,288.72,9.9,N,0
40.8926,-7.85315,323.73,0.42,0.45,2024-09-17,0256,N,VIIRS,n,2,288.05,9.93,N,0
40.89159,-7.84859,355.3,0.42,0.45,2024-09-17,0256,N,VIIRS,n,2,303.65,30.68,N,0
40.89055,-7.84399,354.5,0.42,0.46,2024-09-17,0256,N,VIIRS,n,2,304.63,30.68,N,0
40.88947,-7.8392,338.07,0.42,0.46,2024-09-17,0256,N,VIIRS,n,2,291.08,16.44,N,0
41.02996,-8.4729,307.31,0.39,0.44,2024-09-17,0256,N,VIIRS,n,2,291.96,0.95,N,0
40.88839,-7.83441,304.71,0.42,0.46,2024-09-17,0256,N,VIIRS,n,2,286.18,16.44,N,0
40.88399,-7.81484,306.59,0.43,0.46,2024-09-17,0256,N,VIIRS,n,2,288.16,1.55,N,0
40.88952,-7.85907,345.51,0.42,0.45,2024-09-17,0256,N,VIIRS,n,2,310.15,33.32,N,0
40.88849,-7.85451,340.48,0.42,0.45,2024-09-17,0256,N,VIIRS,n,2,301.61,33.32,N,0
40.8799,-7.81635,333.54,0.43,0.46,2024-09-17,0256,N,VIIRS,n,2,293.32,20.93,N,0
40.89056,-7.86367,303.47,0.42,0.45,2024-09-17,0256,N,VIIRS,n,2,287.47,23.82,N,0
40.88749,-7.85007,313.12,0.42,0.45,2024-09-17,0256,N,VIIRS,n,2,289.79,4.7,N,0
40.88104,-7.82142,310.13,0.43,0.46,2024-09-17,0256,N,VIIRS,n,2,290.48,20.93,N,0
40.88855,-7.8744,348.79,0.42,0.45,2024-09-17,0256,N,VIIRS,n,2,304.34,25.62,N,0
40.8875,-7.86972,367,0.42,0.45,2024-09-17,0256,N,VIIRS,h,2,301.28,23.82,N,0
40.88644,-7.865,367,0.42,0.45,2024-09-17,0256,N,VIIRS,h,2,300.36,23.82,N,0
40.88538,-7.8603,339.56,0.42,0.45,2024-09-17,0256,N,VIIRS,n,2,299.24,33.32,N,0
40.88436,-7.85578,337.01,0.42,0.45,2024-09-17,0256,N,VIIRS,n,2,291.01,33.32,N,0
40.87695,-7.82289,348.82,0.43,0.46,2024-09-17,0256,N,VIIRS,n,2,308.39,20.93,N,0
40.88962,-7.87913,310.08,0.42,0.45,2024-09-17,0256,N,VIIRS,n,2,287.46,25.62,N,0
40.87806,-7.82785,307.67,0.43,0.46,2024-09-17,0256,N,VIIRS,n,2,287.4,4.73,N,0
40.8758,-7.81782,319.14,0.43,0.46,2024-09-17,0256,N,VIIRS,n,2,291.91,20.93,N,0
40.88665,-7.88556,346.43,0.42,0.45,2024-09-17,0256,N,VIIRS,n,2,312.92,32.34,N,0
40.88554,-7.88063,352.24,0.42,0.45,2024-09-17,0256,N,VIIRS,n,2,298.52,16,N,0
40.88446,-7.87585,354.92,0.42,0.45,2024-09-17,0256,N,VIIRS,n,2,296.79,16,N,0
40.88773,-7.89038,297.94,0.42,0.45,2024-09-17,0256,N,VIIRS,n,2,286.88,32.34,N,0
40.8834,-7.87112,319.98,0.42,0.45,2024-09-17,0256,N,VIIRS,n,2,293,2.53,N,0
40.8823,-7.86625,310.66,0.42,0.45,2024-09-17,0256,N,VIIRS,n,2,291.86,2.53,N,0
40.88123,-7.86149,302.25,0.42,0.45,2024-09-17,0256,N,VIIRS,n,2,290.14,1.43,N,0
40.87502,-7.83395,305.38,0.42,0.46,2024-09-17,0256,N,VIIRS,n,2,286.83,3.98,N,0
40.87395,-7.82921,301.21,0.43,0.46,2024-09-17,0256,N,VIIRS,n,2,287.42,3.98,N,0
40.87283,-7.8243,302.96,0.43,0.46,2024-09-17,0256,N,VIIRS,n,2,286.34,1.36,N,0
40.88478,-7.89688,338.95,0.42,0.45,2024-09-17,0256,N,VIIRS,n,2,294.59,16.85,N,0
40.88371,-7.89213,355.31,0.42,0.45,2024-09-17,0256,N,VIIRS,n,2,298,32.34,N,0
40.88261,-7.88725,354.49,0.42,0.45,2024-09-17,0256,N,VIIRS,n,2,301.54,32.34,N,0
40.87088,-7.83523,339.24,0.42,0.46,2024-09-17,0256,N,VIIRS,n,2,296.26,3.98,N,0
40.88149,-7.88228,316.3,0.42,0.45,2024-09-17,0256,N,VIIRS,n,2,293.92,16,N,0
40.88039,-7.87739,308.46,0.42,0.45,2024-09-17,0256,N,VIIRS,n,2,291.09,16,N,0
40.87931,-7.87261,311.4,0.42,0.45,2024-09-17,0256,N,VIIRS,n,2,292.36,2.53,N,0
40.87821,-7.86773,305.05,0.42,0.45,2024-09-17,0256,N,VIIRS,n,2,291.38,2.53,N,0
40.87713,-7.86292,308.94,0.42,0.45,2024-09-17,0256,N,VIIRS,n,2,293.19,1.43,N,0
40.87399,-7.849,299.11,0.42,0.46,2024-09-17,0256,N,VIIRS,n,2,287.84,1.54,N,0
40.87294,-7.8444,300.5,0.42,0.46,2024-09-17,0256,N,VIIRS,n,2,289.15,4.4,N,0
40.87191,-7.83982,309.04,0.42,0.46,2024-09-17,0256,N,VIIRS,n,2,288.95,4.4,N,0
40.88081,-7.89886,351.39,0.42,0.45,2024-09-17,0256,N,VIIRS,n,2,302.21,25.21,N,0
40.87862,-7.8891,349.35,0.42,0.45,2024-09-17,0256,N,VIIRS,n,2,294.5,5.22,N,0
40.87638,-7.8792,329.83,0.42,0.45,2024-09-17,0256,N,VIIRS,n,2,294.71,2.86,N,0
40.87532,-7.87447,324.12,0.42,0.45,2024-09-17,0256,N,VIIRS,n,2,296.63,3.22,N,0
40.86779,-7.84114,353.84,0.42,0.46,2024-09-17,0256,N,VIIRS,n,2,309.78,26.24,N,0
40.86674,-7.83656,347.14,0.42,0.46,2024-09-17,0256,N,VIIRS,n,2,308.23,31.5,N,0
40.88187,-7.90352,298.8,0.42,0.45,2024-09-17,0256,N,VIIRS,n,2,287.29,25.21,N,0
40.87975,-7.89414,316.36,0.42,0.45,2024-09-17,0256,N,VIIRS,n,2,288.07,5.22,N,0
40.87749,-7.88412,315.6,0.42,0.45,2024-09-17,0256,N,VIIRS,n,2,292.29,2.86,N,0
40.87312,-7.86473,301.14,0.42,0.45,2024-09-17,0256,N,VIIRS,n,2,289.43,2.13,N,0
40.8688,-7.84564,300.96,0.42,0.46,2024-09-17,0256,N,VIIRS,n,2,289.71,26.24,N,0
40.87785,-7.90527,357.58,0.42,0.45,2024-09-17,0256,N,VIIRS,n,2,297.42,25.21,N,0
40.87679,-7.90058,332.5,0.42,0.45,2024-09-17,0256,N,VIIRS,n,2,296.62,25.21,N,0
40.87464,-7.89105,325.65,0.42,0.45,2024-09-17,0256,N,VIIRS,n,2,293.37,5.22,N,0
40.87355,-7.8862,320.04,0.42,0.45,2024-09-17,0256,N,VIIRS,n,2,291.3,2.86,N,0
40.86473,-7.84722,341.04,0.42,0.46,2024-09-17,0256,N,VIIRS,n,2,294.83,26.24,N,0
40.86369,-7.84261,355.25,0.42,0.46,2024-09-17,0256,N,VIIRS,n,2,306.94,26.24,N,0
40.86263,-7.83795,333.45,0.42,0.46,2024-09-17,0256,N,VIIRS,n,2,287.5,31.5,N,0
40.87572,-7.89586,305.25,0.42,0.45,2024-09-17,0256,N,VIIRS,n,2,289.19,5.22,N,0
40.87242,-7.88122,309.11,0.42,0.45,2024-09-17,0256,N,VIIRS,n,2,290.35,2.86,N,0
40.87132,-7.87637,315,0.42,0.45,2024-09-17,0256,N,VIIRS,n,2,293.47,3.22,N,0
40.86682,-7.85646,303.04,0.42,0.45,2024-09-17,0256,N,VIIRS,n,2,290.9,1.45,N,0
40.86576,-7.85178,302.38,0.42,0.46,2024-09-17,0256,N,VIIRS,n,2,289.74,1.45,N,0
40.87489,-7.91171,356.89,0.42,0.45,2024-09-17,0256,N,VIIRS,n,2,293.79,33.85,N,0
40.87379,-7.90686,349.53,0.42,0.45,2024-09-17,0256,N,VIIRS,n,2,305.79,16.23,N,0
40.87273,-7.90212,333.66,0.42,0.45,2024-09-17,0256,N,VIIRS,n,2,291.35,16.23,N,0
40.87168,-7.89747,326.75,0.42,0.45,2024-09-17,0256,N,VIIRS,n,2,291.09,2.09,N,0
40.86622,-7.87334,321.52,0.42,0.45,2024-09-17,0256,N,VIIRS,n,2,291.98,3.22,N,0
40.86508,-7.86832,324.28,0.42,0.45,2024-09-17,0256,N,VIIRS,n,2,293.79,3.22,N,0
40.8628,-7.85822,323.9,0.42,0.45,2024-09-17,0256,N,VIIRS,n,2,291.35,16.88,N,0
40.86172,-7.85346,336.68,0.42,0.46,2024-09-17,0256,N,VIIRS,n,2,290.24,16.88,N,0
40.86065,-7.84874,367,0.42,0.46,2024-09-17,0256,N,VIIRS,h,2,294.97,12.79,N,0
40.87062,-7.8928,301.48,0.42,0.45,2024-09-17,0256,N,VIIRS,n,2,288.48,2.09,N,0
40.86954,-7.88806,318.87,0.42,0.45,2024-09-17,0256,N,VIIRS,n,2,292.45,3.82,N,0
40.86731,-7.87814,304.6,0.42,0.45,2024-09-17,0256,N,VIIRS,n,2,289.76,3.22,N,0
40.8639,-7.86309,304.36,0.42,0.45,2024-09-17,0256,N,VIIRS,n,2,290.51,3.22,N,0
40.85957,-7.84398,314.99,0.42,0.46,2024-09-17,0256,N,VIIRS,n,2,286.14,12.79,N,0
40.87304,-7.92305,329.59,0.42,0.45,2024-09-17,0256,N,VIIRS,n,2,289.24,6.45,N,0
40.87195,-7.91822,353.75,0.42,0.45,2024-09-17,0256,N,VIIRS,n,2,303.84,33.85,N,0
40.87082,-7.91321,356.16,0.42,0.45,2024-09-17,0256,N,VIIRS,n,2,305.75,33.85,N,0
40.86973,-7.90838,331.54,0.42,0.45,2024-09-17,0256,N,VIIRS,n,2,292.77,16.23,N,0
40.86549,-7.88964,340.3,0.42,0.45,2024-09-17,0256,N,VIIRS,n,2,291.76,3.82,N,0
40.86219,-7.87509,345.49,0.42,0.45,2024-09-17,0256,N,VIIRS,n,2,292.91,3.22,N,0
40.86108,-7.87017,342.3,0.42,0.45,2024-09-17,0256,N,VIIRS,n,2,293.91,3.22,N,0
40.85873,-7.8598,348.78,0.42,0.45,2024-09-17,0256,N,VIIRS,n,2,304.67,16.88,N,0
40.85764,-7.85499,323.98,0.42,0.46,2024-09-17,0256,N,VIIRS,n,2,289,16.88,N,0
40.86867,-7.90371,300.08,0.42,0.45,2024-09-17,0256,N,VIIRS,n,2,288.11,16.23,N,0
40.86762,-7.89909,301.18,0.42,0.45,2024-09-17,0256,N,VIIRS,n,2,288.01,2.09,N,0
40.86657,-7.89443,308.58,0.42,0.45,2024-09-17,0256,N,VIIRS,n,2,288.16,2.09,N,0
40.86329,-7.87989,307.52,0.42,0.45,2024-09-17,0256,N,VIIRS,n,2,288.8,3.22,N,0
40.85989,-7.8649,301.84,0.42,0.45,2024-09-17,0256,N,VIIRS,n,2,288.8,3.22,N,0
40.86897,-7.92452,344.35,0.42,0.45,2024-09-17,0256,N,VIIRS,n,2,301.66,19.06,N,0
40.8679,-7.9198,340.96,0.42,0.45,2024-09-17,0256,N,VIIRS,n,2,295.53,5.21,N,0
40.86252,-7.89603,336.72,0.42,0.45,2024-09-17,0256,N,VIIRS,n,2,294.43,15.27,N,0
40.86142,-7.89118,367,0.42,0.45,2024-09-17,0256,N,VIIRS,h,2,297.66,13.44,N,0
40.85818,-7.87691,348.65,0.42,0.45,2024-09-17,0256,N,VIIRS,n,2,294.88,21.59,N,0
40.8571,-7.87211,338.78,0.42,0.45,2024-09-17,0256,N,VIIRS,n,2,289.45,10.31,N,0
40.8547,-7.86156,348.55,0.42,0.45,2024-09-17,0256,N,VIIRS,n,2,291.79,15.81,N,0
40.86675,-7.91473,313.3,0.42,0.45,2024-09-17,0256,N,VIIRS,n,2,290.49,5.21,N,0
40.86566,-7.90989,304.6,0.42,0.45,2024-09-17,0256,N,VIIRS,n,2,288.77,0.97,N,0
40.86462,-7.90531,301.1,0.42,0.45,2024-09-17,0256,N,VIIRS,n,2,288.24,0.97,N,0
40.86358,-7.90073,308.26,0.42,0.45,2024-09-17,0256,N,VIIRS,n,2,289.87,15.27,N,0
40.86489,-7.92599,356.64,0.42,0.45,2024-09-17,0256,N,VIIRS,n,2,300.17,19.06,N,0
40.85954,-7.90235,321.38,0.42,0.45,2024-09-17,0256,N,VIIRS,n,2,292.85,15.27,N,0
40.85845,-7.89757,354.11,0.42,0.45,2024-09-17,0256,N,VIIRS,n,2,309.17,15.27,N,0
40.85732,-7.89259,334.69,0.42,0.45,2024-09-17,0256,N,VIIRS,n,2,290.55,13.44,N,0
40.86596,-7.93071,318.13,0.42,0.45,2024-09-17,0256,N,VIIRS,n,2,288.8,19.06,N,0
40.86381,-7.92124,316.33,0.42,0.45,2024-09-17,0256,N,VIIRS,n,2,292.75,5.21,N,0
40.86269,-7.91626,315.58,0.42,0.45,2024-09-17,0256,N,VIIRS,n,2,291.85,5.21,N,0
40.86158,-7.91138,311.59,0.42,0.45,2024-09-17,0256,N,VIIRS,n,2,290.16,0.97,N,0
40.86057,-7.90689,305.3,0.42,0.45,2024-09-17,0256,N,VIIRS,n,2,289.73,0.97,N,0
40.8619,-7.93225,346.98,0.42,0.45,2024-09-17,0256,N,VIIRS,n,2,293.45,7.71,N,0
40.85973,-7.92269,334.71,0.42,0.45,2024-09-17,0256,N,VIIRS,n,2,296.99,13.96,N,0
40.85862,-7.91779,352.39,0.42,0.45,2024-09-17,0256,N,VIIRS,n,2,302.59,13.96,N,0
40.85753,-7.913,324.47,0.42,0.45,2024-09-17,0256,N,VIIRS,n,2,292.95,5.01,N,0
40.85551,-7.90406,354.87,0.42,0.45,2024-09-17,0256,N,VIIRS,n,2,306.89,19.74,N,0
40.85438,-7.8991,344.08,0.42,0.45,2024-09-17,0256,N,VIIRS,n,2,290.78,19.74,N,0
40.86081,-7.92743,318.03,0.42,0.45,2024-09-17,0256,N,VIIRS,n,2,291.23,7.71,N,0
40.85651,-7.9085,319.97,0.42,0.45,2024-09-17,0256,N,VIIRS,n,2,293.55,5.01,N,0
40.85781,-7.93369,356,0.42,0.45,2024-09-17,0256,N,VIIRS,n,2,296.51,7.71,N,0
40.85672,-7.92885,347.2,0.42,0.45,2024-09-17,0256,N,VIIRS,n,2,306.28,7.71,N,0
40.85563,-7.92403,345.64,0.42,0.45,2024-09-17,0256,N,VIIRS,n,2,308.25,13.96,N,0
40.85453,-7.91923,335.11,0.42,0.45,2024-09-17,0256,N,VIIRS,n,2,293.94,13.96,N,0
40.85347,-7.91457,325.95,0.42,0.45,2024-09-17,0256,N,VIIRS,n,2,292.68,5.01,N,0
40.85245,-7.91005,325.13,0.42,0.45,2024-09-17,0256,N,VIIRS,n,2,291.6,5.01,N,0
40.85141,-7.90549,340.86,0.42,0.45,2024-09-17,0256,N,VIIRS,n,2,293.15,19.74,N,0
40.85263,-7.93025,350.86,0.42,0.45,2024-09-17,0256,N,VIIRS,n,2,300.74,9.6,N,0
40.85153,-7.92543,353.87,0.42,0.45,2024-09-17,0256,N,VIIRS,n,2,300.88,5.24,N,0
40.85045,-7.92069,340.49,0.42,0.45,2024-09-17,0256,N,VIIRS,n,2,293.05,5.24,N,0
40.85838,-7.9556,299.94,0.42,0.45,2024-09-17,0256,N,VIIRS,n,2,287.88,14.96,N,0
40.85609,-7.94551,300.31,0.42,0.45,2024-09-17,0256,N,VIIRS,n,2,288.18,16.5,N,0
40.85373,-7.93512,314.91,0.42,0.45,2024-09-17,0256,N,VIIRS,n,2,290.25,9.6,N,0
40.84941,-7.91614,312.34,0.42,0.45,2024-09-17,0256,N,VIIRS,n,2,289.19,2.09,N,0
40.8484,-7.91164,303.44,0.42,0.45,2024-09-17,0256,N,VIIRS,n,2,288.03,2.09,N,0
40.84732,-7.90691,303.56,0.42,0.45,2024-09-17,0256,N,VIIRS,n,2,287.47,2.95,N,0
40.85432,-7.9571,339.53,0.42,0.45,2024-09-17,0256,N,VIIRS,n,2,290.62,14.96,N,0
40.85319,-7.95214,355.62,0.42,0.45,2024-09-17,0256,N,VIIRS,n,2,306.36,14.96,N,0
40.85201,-7.94693,353.22,0.42,0.45,2024-09-17,0256,N,VIIRS,n,2,312.8,16.5,N,0
40.85081,-7.94168,339.38,0.42,0.45,2024-09-17,0256,N,VIIRS,n,2,292.79,16.5,N,0
40.84854,-7.93167,343.54,0.42,0.45,2024-09-17,0256,N,VIIRS,n,2,294.34,9.6,N,0
40.84433,-7.91318,321.34,0.42,0.45,2024-09-17,0256,N,VIIRS,n,2,289.41,2.09,N,0
40.84324,-7.90841,338.11,0.42,0.45,2024-09-17,0256,N,VIIRS,n,2,291.23,2.95,N,0
40.84744,-7.92685,306.13,0.42,0.45,2024-09-17,0256,N,VIIRS,n,2,289.55,5.24,N,0
40.84635,-7.92207,301.47,0.42,0.45,2024-09-17,0256,N,VIIRS,n,2,288.32,5.24,N,0
40.84535,-7.91766,314.29,0.42,0.45,2024-09-17,0256,N,VIIRS,n,2,289.55,2.09,N,0
40.85136,-7.96346,330.13,0.42,0.45,2024-09-17,0256,N,VIIRS,n,2,289.73,47.3,N,0
40.85028,-7.9587,356.01,0.42,0.45,2024-09-17,0256,N,VIIRS,n,2,321.37,384.3,N,0
40.84915,-7.95375,367,0.42,0.45,2024-09-17,0256,N,VIIRS,h,2,349.97,384.3,N,0
40.84675,-7.9432,328.25,0.42,0.45,2024-09-17,0256,N,VIIRS,n,2,294.26,152.71,N,0
40.84236,-7.92391,339.9,0.42,0.45,2024-09-17,0256,N,VIIRS,n,2,295.86,32.85,N,0
40.84131,-7.91932,367,0.42,0.45,2024-09-17,0256,N,VIIRS,h,2,300.77,36.12,N,0
40.84027,-7.91474,356.28,0.42,0.45,2024-09-17,0256,N,VIIRS,n,2,307.49,36.12,N,0
40.83916,-7.90988,337.27,0.42,0.45,2024-09-17,0256,N,VIIRS,n,2,288.69,11.37,N,0
40.84733,-7.9651,346.92,0.42,0.45,2024-09-17,0256,N,VIIRS,n,2,318.57,47.3,N,0
40.83838,-7.9258,341.35,0.42,0.45,2024-09-17,0256,N,VIIRS,n,2,299.25,32.85,N,0
40.8373,-7.9211,322.15,0.42,0.45,2024-09-17,0256,N,VIIRS,n,2,314.05,36.12,N,0
40.83621,-7.91632,338.71,0.42,0.45,2024-09-17,0256,N,VIIRS,n,2,290.3,36.12,N,0
40.84836,-7.96965,303.5,0.42,0.45,2024-09-17,0256,N,VIIRS,n,2,289.12,47.3,N,0
40.84269,-7.94475,309.31,0.42,0.45,2024-09-17,0256,N,VIIRS,n,2,290.72,152.71,N,0
40.84328,-7.96665,348.35,0.42,0.45,2024-09-17,0256,N,VIIRS,n,2,304.07,35.87,N,0
40.84106,-7.95692,343.13,0.42,0.45,2024-09-17,0256,N,VIIRS,n,2,290.88,110.65,N,0
40.83431,-7.92735,339.24,0.42,0.45,2024-09-17,0256,N,VIIRS,n,2,289.5,9.75,N,0
40.83325,-7.9227,325.68,0.42,0.45,2024-09-17,0256,N,VIIRS,n,2,288.1,6.14,N,0
40.8443,-7.97116,306.74,0.42,0.45,2024-09-17,0256,N,VIIRS,n,2,289.15,35.87,N,0
40.83986,-7.95164,305.53,0.42,0.45,2024-09-17,0256,N,VIIRS,n,2,289.7,2.63,N,0
40.84027,-7.97277,300.95,0.42,0.45,2024-09-17,0256,N,VIIRS,n,2,287.93,35.87,N,0
40.83923,-7.96824,304.87,0.42,0.45,2024-09-17,0256,N,VIIRS,n,2,289.2,35.87,N,0
40.83816,-7.96352,304.9,0.42,0.45,2024-09-17,0256,N,VIIRS,n,2,289.16,110.65,N,0
40.84613,-7.96322,367,0.42,0.45,2024-09-17,0256,N,VIIRS,h,2,358.64,117.04,N,0
40.8439,-7.95314,326.32,0.42,0.45,2024-09-17,0256,N,VIIRS,n,2,308.44,175.02,N,0
40.84272,-7.94778,335.6,0.42,0.45,2024-09-17,0256,N,VIIRS,n,2,290.64,16.94,N,0
40.83738,-7.92376,333.58,0.42,0.45,2024-09-17,0256,N,VIIRS,n,2,309.57,31.01,N,0
40.83633,-7.91901,350.06,0.42,0.45,2024-09-17,0256,N,VIIRS,n,2,299.06,43.37,N,0
40.84715,-7.96779,317.22,0.42,0.45,2024-09-17,0256,N,VIIRS,n,2,290.09,117.04,N,0
40.83842,-7.92841,302.38,0.42,0.45,2024-09-17,0256,N,VIIRS,n,2,289.16,31.01,N,0
40.8431,-7.96936,320.66,0.42,0.45,2024-09-17,0256,N,VIIRS,n,2,289.31,117.04,N,0
40.84208,-7.96476,339.58,0.42,0.45,2024-09-17,0256,N,VIIRS,n,2,299.38,117.04,N,0
40.841,-7.95989,334.04,0.42,0.45,2024-09-17,0256,N,VIIRS,n,2,292.14,175.02,N,0
40.8441,-7.97388,301.74,0.42,0.45,2024-09-17,0256,N,VIIRS,n,2,288.22,1.46,N,0
40.83985,-7.95471,308.9,0.42,0.45,2024-09-17,0256,N,VIIRS,n,2,289.93,175.02,N,0
40.83332,-7.9253,312.22,0.42,0.45,2024-09-17,0256,N,VIIRS,n,2,288.74,31.01,N,0
40.83906,-7.97097,299.76,0.42,0.45,2024-09-17,0256,N,VIIRS,n,2,288.75,1.4,N,0
40.60144,-6.92494,295.45,0.48,0.48,2024-09-17,0256,N,VIIRS,n,2,284.62,0.59,N,0
40.7112,-7.65958,350.94,0.44,0.46,2024-09-17,0256,N,VIIRS,n,2,292.96,4.87,N,0
40.71232,-7.6645,317.39,0.44,0.46,2024-09-17,0256,N,VIIRS,n,2,288.75,4.87,N,0
40.71009,-7.65476,298.13,0.44,0.46,2024-09-17,0256,N,VIIRS,n,2,287.63,1.2,N,0
40.70824,-7.66626,336.77,0.44,0.46,2024-09-17,0256,N,VIIRS,n,2,290.79,5.21,N,0
40.70712,-7.66137,336.95,0.44,0.46,2024-09-17,0256,N,VIIRS,n,2,290.26,5.21,N,0
40.706,-7.65647,316.72,0.44,0.46,2024-09-17,0256,N,VIIRS,n,2,288.17,2.06,N,0
40.70635,-7.67763,339.42,0.44,0.46,2024-09-17,0256,N,VIIRS,n,2,289.89,6.73,N,0
40.70523,-7.67275,341.37,0.44,0.46,2024-09-17,0256,N,VIIRS,n,2,292.31,6.73,N,0
40.67212,-7.58733,337.81,0.44,0.46,2024-09-17,0256,N,VIIRS,n,2,288.87,3.67,N,0
40.67331,-7.59247,312.22,0.44,0.46,2024-09-17,0256,N,VIIRS,n,2,287.26,3.67,N,0
40.69797,-7.71925,325.08,0.43,0.46,2024-09-17,0256,N,VIIRS,n,2,289.88,2.4,N,0
40.68547,-7.66484,367,0.44,0.46,2024-09-17,0256,N,VIIRS,h,2,295.83,6.52,N,0
40.67039,-7.59935,323.27,0.44,0.46,2024-09-17,0256,N,VIIRS,n,2,289.21,2.67,N,0
40.66809,-7.58937,338.07,0.44,0.46,2024-09-17,0256,N,VIIRS,n,2,287.8,3.67,N,0
40.69683,-7.71428,308.79,0.43,0.46,2024-09-17,0256,N,VIIRS,n,2,288.77,1.48,N,0
40.6945,-7.70413,303.64,0.43,0.46,2024-09-17,0256,N,VIIRS,n,2,290.69,1.58,N,0
40.68659,-7.6697,304.75,0.44,0.46,2024-09-17,0256,N,VIIRS,n,2,288.19,3.29,N,0
40.68435,-7.65996,316.91,0.44,0.46,2024-09-17,0256,N,VIIRS,n,2,288.62,6.52,N,0
40.66927,-7.59452,304.04,0.44,0.46,2024-09-17,0256,N,VIIRS,n,2,287.65,3.67,N,0
40.69383,-7.72075,367,0.43,0.46,2024-09-17,0256,N,VIIRS,h,2,307.34,25.41,N,0
40.69269,-7.71577,324.65,0.43,0.46,2024-09-17,0256,N,VIIRS,n,2,292.01,3.24,N,0
40.68133,-7.66636,342.65,0.44,0.46,2024-09-17,0256,N,VIIRS,n,2,292.35,16.97,N,0
40.68021,-7.66149,355.81,0.44,0.46,2024-09-17,0256,N,VIIRS,n,2,297.78,16.97,N,0
40.6897,-7.72226,340.98,0.43,0.46,2024-09-17,0256,N,VIIRS,n,2,289.56,25.41,N,0
40.67714,-7.66767,339.15,0.44,0.46,2024-09-17,0256,N,VIIRS,n,2,294.32,16.97,N,0
40.67601,-7.66276,355.49,0.44,0.46,2024-09-17,0256,N,VIIRS,n,2,298.29,16.97,N,0
40.66566,-7.61791,347.22,0.44,0.46,2024-09-17,0256,N,VIIRS,n,2,290.5,11.22,N,0
40.66456,-7.61313,353.32,0.44,0.46,2024-09-17,0256,N,VIIRS,n,2,295.49,11.22,N,0
40.68856,-7.71727,308.94,0.43,0.46,2024-09-17,0256,N,VIIRS,n,2,290.5,3.24,N,0
40.6795,-7.67792,303.66,0.44,0.46,2024-09-17,0256,N,VIIRS,n,2,289.24,2.51,N,0
40.66674,-7.62258,302.24,0.44,0.46,2024-09-17,0256,N,VIIRS,n,2,286.9,1.14,N,0
40.66339,-7.60808,318.68,0.44,0.46,2024-09-17,0256,N,VIIRS,n,2,288.33,1.24,N,0
40.66221,-7.60299,301.2,0.44,0.46,2024-09-17,0256,N,VIIRS,n,2,287.04,1.24,N,0
40.68668,-7.72855,331.04,0.43,0.46,2024-09-17,0256,N,VIIRS,n,2,293.26,2.39,N,0
40.67531,-7.6792,326.13,0.44,0.46,2024-09-17,0256,N,VIIRS,n,2,292.64,2.13,N,0
40.67292,-7.66886,341.14,0.44,0.46,2024-09-17,0256,N,VIIRS,n,2,300.23,17.22,N,0
40.67176,-7.66384,336.23,0.44,0.46,2024-09-17,0256,N,VIIRS,n,2,290.51,17.22,N,0
40.6616,-7.61982,322.52,0.44,0.46,2024-09-17,0256,N,VIIRS,n,2,289.08,2.58,N,0
40.68555,-7.72368,307.35,0.43,0.46,2024-09-17,0256,N,VIIRS,n,2,289.03,2.39,N,0
40.6741,-7.67397,304.93,0.44,0.46,2024-09-17,0256,N,VIIRS,n,2,291.72,2.13,N,0
40.66269,-7.62455,306.9,0.44,0.46,2024-09-17,0256,N,VIIRS,n,2,289.03,6.84,N,0
40.66047,-7.61495,305.61,0.44,0.46,2024-09-17,0256,N,VIIRS,n,2,288.29,2.58,N,0
40.66875,-7.67028,355.7,0.44,0.46,2024-09-17,0256,N,VIIRS,n,2,298.22,17.22,N,0
40.65973,-7.63123,345.51,0.44,0.46,2024-09-17,0256,N,VIIRS,n,2,295.68,6.84,N,0
40.68254,-7.73004,310.58,0.43,0.46,2024-09-17,0256,N,VIIRS,n,2,292.36,2.39,N,0
40.68025,-7.72011,311.97,0.43,0.46,2024-09-17,0256,N,VIIRS,n,2,292.27,1.16,N,0
40.67911,-7.71515,300.06,0.43,0.46,2024-09-17,0256,N,VIIRS,n,2,288.9,1.16,N,0
40.67111,-7.68047,313.06,0.44,0.46,2024-09-17,0256,N,VIIRS,n,2,292.78,2.13,N,0
40.66993,-7.67536,312.06,0.44,0.46,2024-09-17,0256,N,VIIRS,n,2,293.87,2.13,N,0
40.65863,-7.62645,316.33,0.44,0.46,2024-09-17,0256,N,VIIRS,n,2,289.13,6.84,N,0
40.67048,-7.69716,309.67,0.44,0.46,2024-09-17,0256,N,VIIRS,n,2,288.7,2.13,N,0
40.66929,-7.69204,302.89,0.44,0.46,2024-09-17,0256,N,VIIRS,n,2,289.1,4.6,N,0
40.66812,-7.68698,309.5,0.44,0.46,2024-09-17,0256,N,VIIRS,n,2,291.43,4.6,N,0
40.66696,-7.68195,313.83,0.44,0.46,2024-09-17,0256,N,VIIRS,n,2,290.64,2.21,N,0
40.6658,-7.67693,318.68,0.44,0.46,2024-09-17,0256,N,VIIRS,n,2,290.35,2.21,N,0
40.66464,-7.67191,310.76,0.44,0.46,2024-09-17,0256,N,VIIRS,n,2,288.46,1.19,N,0
40.66629,-7.69848,326.4,0.44,0.46,2024-09-17,0256,N,VIIRS,n,2,291.81,2.13,N,0
40.66512,-7.69342,351.44,0.44,0.46,2024-09-17,0256,N,VIIRS,n,2,298.08,4.6,N,0
40.66397,-7.68842,324.83,0.44,0.46,2024-09-17,0256,N,VIIRS,n,2,290.84,4.6,N,0
40.66748,-7.70362,313.26,0.44,0.46,2024-09-17,0256,N,VIIRS,n,2,288.93,2.13,N,0
40.66976,-7.6715,341.3,0.44,0.46,2024-09-17,0256,N,VIIRS,n,2,298.59,5.49,N,0
40.66863,-7.66649,334.94,0.44,0.46,2024-09-17,0256,N,VIIRS,n,2,291.41,9.84,N,0
40.6609,-7.63218,334.13,0.44,0.46,2024-09-17,0256,N,VIIRS,n,2,288.95,5.13,N,0
40.65983,-7.6274,339.57,0.44,0.46,2024-09-17,0256,N,VIIRS,n,2,296.48,11.29,N,0
40.68322,-7.73148,303.3,0.43,0.46,2024-09-17,0256,N,VIIRS,n,2,290.81,1.46,N,0
40.68209,-7.72644,311.74,0.43,0.46,2024-09-17,0256,N,VIIRS,n,2,291.89,1.03,N,0
40.68098,-7.72148,308.24,0.43,0.46,2024-09-17,0256,N,VIIRS,n,2,292.16,1.03,N,0
40.67986,-7.7165,301.27,0.43,0.46,2024-09-17,0256,N,VIIRS,n,2,289.34,0.83,N,0
40.67207,-7.68179,316.57,0.44,0.46,2024-09-17,0256,N,VIIRS,n,2,291.3,1.67,N,0
40.67091,-7.67665,308.92,0.44,0.46,2024-09-17,0256,N,VIIRS,n,2,292.96,5.49,N,0
40.66677,-7.67818,327.32,0.44,0.46,2024-09-17,0256,N,VIIRS,n,2,291.98,5.49,N,0
40.66564,-7.67313,329.19,0.44,0.46,2024-09-17,0256,N,VIIRS,n,2,289.89,5.49,N,0
40.67685,-7.72299,303.4,0.43,0.46,2024-09-17,0256,N,VIIRS,n,2,287.97,1.03,N,0
40.67135,-7.69854,305.02,0.44,0.46,2024-09-17,0256,N,VIIRS,n,2,287.91,1.13,N,0
40.66905,-7.68828,308.82,0.44,0.46,2024-09-17,0256,N,VIIRS,n,2,290.71,1.67,N,0
40.66791,-7.68322,313.07,0.44,0.46,2024-09-17,0256,N,VIIRS,n,2,291.93,1.67,N,0
40.65688,-7.63427,304.26,0.44,0.46,2024-09-17,0256,N,VIIRS,n,2,288.49,5.13,N,0
40.66718,-7.69987,320.8,0.44,0.46,2024-09-17,0256,N,VIIRS,n,2,290.32,14.11,N,0
40.66603,-7.69476,342.93,0.44,0.46,2024-09-17,0256,N,VIIRS,n,2,294.92,14.11,N,0
40.66489,-7.68971,342.42,0.44,0.46,2024-09-17,0256,N,VIIRS,n,2,295.34,9.62,N,0
40.66417,-7.70639,347.51,0.44,0.46,2024-09-17,0256,N,VIIRS,n,2,294.77,7.19,N,0
40.663,-7.70119,355.43,0.44,0.46,2024-09-17,0256,N,VIIRS,n,2,303.53,14.11,N,0
40.6619,-7.69631,336.61,0.44,0.46,2024-09-17,0256,N,VIIRS,n,2,290.93,14.11,N,0
40.66535,-7.71164,315.91,0.44,0.46,2024-09-17,0256,N,VIIRS,n,2,290.03,7.19,N,0
40.66122,-7.71316,348.38,0.44,0.46,2024-09-17,0256,N,VIIRS,n,2,293.58,5.98,N,0
40.66005,-7.70795,330.38,0.44,0.46,2024-09-17,0256,N,VIIRS,n,2,290.34,5.98,N,0
40.65892,-7.70298,334.97,0.44,0.46,2024-09-17,0256,N,VIIRS,n,2,288.93,3.87,N,0
40.63495,-7.63666,337.59,0.44,0.46,2024-09-17,0256,N,VIIRS,n,2,305.9,35.13,N,0
40.65522,-7.72628,317.49,0.43,0.46,2024-09-17,0256,N,VIIRS,n,2,289.82,1.96,N,0
40.64065,-7.66183,298.76,0.44,0.46,2024-09-17,0256,N,VIIRS,n,2,287.24,0.83,N,0
40.63605,-7.64155,314.56,0.44,0.46,2024-09-17,0256,N,VIIRS,n,2,291.14,17.27,N,0
40.8093,-8.43886,320.56,0.4,0.44,2024-09-17,0256,N,VIIRS,n,2,292.68,2.36,N,0
40.80553,-8.42167,328.02,0.4,0.44,2024-09-17,0256,N,VIIRS,n,2,292.48,2.04,N,0
40.63201,-7.64354,350.33,0.44,0.46,2024-09-17,0256,N,VIIRS,n,2,309.46,17.27,N,0
40.63089,-7.63861,344.07,0.44,0.46,2024-09-17,0256,N,VIIRS,n,2,294.01,35.13,N,0
40.80651,-8.42614,305.43,0.4,0.44,2024-09-17,0256,N,VIIRS,n,2,292.13,2.01,N,0
40.8046,-8.41743,304.97,0.4,0.44,2024-09-17,0256,N,VIIRS,n,2,292.18,2.04,N,0
40.63647,-7.6632,303.61,0.44,0.46,2024-09-17,0256,N,VIIRS,n,2,287.38,0.83,N,0
40.63536,-7.65832,308.11,0.44,0.46,2024-09-17,0256,N,VIIRS,n,2,289.03,1.05,N,0
40.63426,-7.65346,303.11,0.44,0.46,2024-09-17,0256,N,VIIRS,n,2,288.98,1.05,N,0
40.63314,-7.64851,304.61,0.44,0.46,2024-09-17,0256,N,VIIRS,n,2,289.44,17.27,N,0
40.80257,-8.42779,353.58,0.4,0.44,2024-09-17,0256,N,VIIRS,n,2,318.19,121.19,N,0
40.63024,-7.65553,339.6,0.44,0.46,2024-09-17,0256,N,VIIRS,n,2,291.74,96.16,N,0
40.62913,-7.65064,355.9,0.44,0.46,2024-09-17,0256,N,VIIRS,n,2,304.43,45.18,N,0
40.62796,-7.64551,355.15,0.44,0.46,2024-09-17,0256,N,VIIRS,n,2,299.25,45.18,N,0
40.80632,-8.44486,316.09,0.4,0.44,2024-09-17,0256,N,VIIRS,n,2,294.36,1.87,N,0
40.80354,-8.43222,314.11,0.4,0.44,2024-09-17,0256,N,VIIRS,n,2,292.62,121.19,N,0
40.80056,-8.41861,319.16,0.4,0.44,2024-09-17,0256,N,VIIRS,n,2,293.9,329.66,N,0
40.79772,-8.40573,304.29,0.4,0.44,2024-09-17,0256,N,VIIRS,n,2,291.74,0.94,N,0
40.63132,-7.66029,301.19,0.44,0.46,2024-09-17,0256,N,VIIRS,n,2,289.49,96.16,N,0
40.62683,-7.64052,298.4,0.44,0.46,2024-09-17,0256,N,VIIRS,n,2,287.29,4.17,N,0
40.79953,-8.43355,330.51,0.4,0.44,2024-09-17,0256,N,VIIRS,n,2,294.2,121.19,N,0
40.79852,-8.42894,355.86,0.4,0.44,2024-09-17,0256,N,VIIRS,n,2,317.5,121.19,N,0
40.79648,-8.41963,327.33,0.4,0.44,2024-09-17,0256,N,VIIRS,n,2,295.58,329.66,N,0
40.62723,-7.66206,340.98,0.44,0.46,2024-09-17,0256,N,VIIRS,n,2,297.4,96.16,N,0
40.625,-7.65227,367,0.44,0.46,2024-09-17,0256,N,VIIRS,h,2,329.91,45.18,N,0
40.62387,-7.64728,327.02,0.44,0.46,2024-09-17,0256,N,VIIRS,n,2,296.56,45.18,N,0
40.8005,-8.43795,306.93,0.4,0.44,2024-09-17,0256,N,VIIRS,n,2,292.27,2.31,N,0
40.79554,-8.41535,315.26,0.4,0.44,2024-09-17,0256,N,VIIRS,n,2,294.62,7.55,N,0
40.7937,-8.40703,305.11,0.4,0.44,2024-09-17,0256,N,VIIRS,n,2,291.98,0.94,N,0
40.63167,-7.68161,314.71,0.44,0.46,2024-09-17,0256,N,VIIRS,n,2,288.32,1.69,N,0
40.63053,-7.67659,316.04,0.44,0.46,2024-09-17,0256,N,VIIRS,n,2,288.87,1.69,N,0
40.62831,-7.66685,300.88,0.44,0.46,2024-09-17,0256,N,VIIRS,n,2,288.72,1.89,N,0
40.79346,-8.42547,321.95,0.4,0.44,2024-09-17,0256,N,VIIRS,n,2,294.69,2.24,N,0
40.79248,-8.421,329.52,0.4,0.44,2024-09-17,0256,N,VIIRS,n,2,298.29,2.24,N,0
40.79156,-8.41681,330.75,0.4,0.44,2024-09-17,0256,N,VIIRS,n,2,299.23,19.77,N,0
40.79065,-8.41272,367,0.4,0.44,2024-09-17,0256,N,VIIRS,h,2,309.29,19.77,N,0
40.78975,-8.4086,367,0.4,0.44,2024-09-17,0256,N,VIIRS,h,2,336.63,57.36,N,0
40.62983,-7.69329,347.26,0.44,0.46,2024-09-17,0256,N,VIIRS,n,2,298.93,9.05,N,0
40.62871,-7.68833,367,0.44,0.46,2024-09-17,0256,N,VIIRS,h,2,293.4,9.05,N,0
40.62311,-7.66372,343.83,0.44,0.46,2024-09-17,0256,N,VIIRS,n,2,303.42,68.96,N,0
40.62085,-7.65377,339.61,0.44,0.46,2024-09-17,0256,N,VIIRS,n,2,288.75,12.77,N,0
40.79655,-8.43952,309.23,0.4,0.44,2024-09-17,0256,N,VIIRS,n,2,292.26,2.29,N,0
40.79557,-8.43508,316.97,0.4,0.44,2024-09-17,0256,N,VIIRS,n,2,292.36,1.69,N,0
40.79449,-8.43016,314.13,0.4,0.44,2024-09-17,0256,N,VIIRS,n,2,293.41,1.69,N,0
40.78883,-8.40442,309.56,0.4,0.44,2024-09-17,0256,N,VIIRS,n,2,291.95,57.36,N,0
40.62757,-7.68331,318.45,0.44,0.46,2024-09-17,0256,N,VIIRS,n,2,290.63,4.34,N,0
40.62423,-7.66861,304.93,0.44,0.46,2024-09-17,0256,N,VIIRS,n,2,290.68,10,N,0
40.78757,-8.41825,326.3,0.4,0.44,2024-09-17,0256,N,VIIRS,n,2,297.9,19.77,N,0
40.78666,-8.41413,346.94,0.4,0.44,2024-09-17,0256,N,VIIRS,n,2,303.69,19.77,N,0
40.78574,-8.40993,347.56,0.4,0.44,2024-09-17,0256,N,VIIRS,n,2,303.55,57.36,N,0
40.62687,-7.69997,338.95,0.44,0.46,2024-09-17,0256,N,VIIRS,n,2,292.98,8.21,N,0
40.62572,-7.69491,342.42,0.44,0.46,2024-09-17,0256,N,VIIRS,n,2,297.42,9.05,N,0
40.62013,-7.67035,347.04,0.44,0.46,2024-09-17,0256,N,VIIRS,n,2,306.42,10,N,0
40.619,-7.66539,353.4,0.44,0.46,2024-09-17,0256,N,VIIRS,n,2,298.42,68.96,N,0
40.61786,-7.6604,326.08,0.44,0.46,2024-09-17,0256,N,VIIRS,n,2,288.47,68.96,N,0
40.79156,-8.43638,306.28,0.4,0.44,2024-09-17,0256,N,VIIRS,n,2,292.88,1.69,N,0
40.78944,-8.42678,309.73,0.4,0.44,2024-09-17,0256,N,VIIRS,n,2,295.51,2.24,N,0
40.78849,-8.42244,310.73,0.4,0.44,2024-09-17,0256,N,VIIRS,n,2,295.56,2.24,N,0
40.62459,-7.68995,301.64,0.44,0.46,2024-09-17,0256,N,VIIRS,n,2,288.47,9.05,N,0
40.62122,-7.67518,307.65,0.44,0.46,2024-09-17,0256,N,VIIRS,n,2,291.74,10,N,0
40.7826,-8.41523,343.32,0.4,0.44,2024-09-17,0256,N,VIIRS,n,2,304.31,4.96,N,0
40.6171,-7.67678,343.7,0.44,0.46,2024-09-17,0256,N,VIIRS,n,2,296.96,11.67,N,0
40.616,-7.67193,350.93,0.44,0.46,2024-09-17,0256,N,VIIRS,n,2,290.96,11.67,N,0
40.78756,-8.43778,307.42,0.4,0.44,2024-09-17,0256,N,VIIRS,n,2,294.15,2.09,N,0
40.78448,-8.42375,309.31,0.4,0.44,2024-09-17,0256,N,VIIRS,n,2,294.71,2.69,N,0
40.78354,-8.41948,318.89,0.4,0.44,2024-09-17,0256,N,VIIRS,n,2,296.12,4.96,N,0
40.78164,-8.41089,319.44,0.4,0.44,2024-09-17,0256,N,VIIRS,n,2,293.9,3.99,N,0
40.62275,-7.70156,311.02,0.44,0.46,2024-09-17,0256,N,VIIRS,n,2,290.12,1.31,N,0
40.6216,-7.69655,309.54,0.44,0.46,2024-09-17,0256,N,VIIRS,n,2,291.11,1.24,N,0
40.62047,-7.69159,301.94,0.44,0.46,2024-09-17,0256,N,VIIRS,n,2,289.91,1.24,N,0
40.61822,-7.68169,300.63,0.44,0.46,2024-09-17,0256,N,VIIRS,n,2,288.27,2.06,N,0
40.78046,-8.42508,323.96,0.4,0.44,2024-09-17,0256,N,VIIRS,n,2,298.18,2.69,N,0
40.77951,-8.42072,332.44,0.4,0.44,2024-09-17,0256,N,VIIRS,n,2,299.52,4.96,N,0
40.77855,-8.41638,353.3,0.4,0.44,2024-09-17,0256,N,VIIRS,n,2,304.24,4.96,N,0
40.61977,-7.70819,302.59,0.44,0.46,2024-09-17,0256,N,VIIRS,n,2,289.88,1.31,N,0
40.61864,-7.70325,309.18,0.44,0.46,2024-09-17,0256,N,VIIRS,n,2,293.13,1.31,N,0
40.61751,-7.69829,301.35,0.44,0.46,2024-09-17,0256,N,VIIRS,n,2,289.93,1.24,N,0
40.61638,-7.6933,313.57,0.44,0.46,2024-09-17,0256,N,VIIRS,n,2,291.81,1.24,N,0
40.7825,-8.4538,325.25,0.4,0.44,2024-09-17,0256,N,VIIRS,n,2,294.03,4.09,N,0
40.77649,-8.42657,328.84,0.4,0.44,2024-09-17,0256,N,VIIRS,n,2,299.68,3.3,N,0
40.77552,-8.42214,336.78,0.4,0.44,2024-09-17,0256,N,VIIRS,n,2,302.8,3.72,N,0
40.77452,-8.41765,333.64,0.4,0.44,2024-09-17,0256,N,VIIRS,n,2,298.67,3.72,N,0
40.61345,-7.70012,339.7,0.44,0.46,2024-09-17,0256,N,VIIRS,n,2,293.77,6.84,N,0
40.6123,-7.69511,333.93,0.44,0.46,2024-09-17,0256,N,VIIRS,n,2,291.32,6.84,N,0
40.61681,-7.71488,300.92,0.44,0.46,2024-09-17,0256,N,VIIRS,n,2,287.78,0.8,N,0
40.61568,-7.70993,309.8,0.44,0.46,2024-09-17,0256,N,VIIRS,n,2,288.94,1.98,N,0
40.61457,-7.70505,300.88,0.44,0.46,2024-09-17,0256,N,VIIRS,n,2,290.08,1.98,N,0
40.60942,-7.70216,347.49,0.44,0.46,2024-09-17,0256,N,VIIRS,n,2,291.23,6.84,N,0
40.77253,-8.42811,312.88,0.4,0.44,2024-09-17,0256,N,VIIRS,n,2,294.77,3.3,N,0
40.77154,-8.42363,319.58,0.4,0.44,2024-09-17,0256,N,VIIRS,n,2,295.2,3.72,N,0
40.6139,-7.72178,300.39,0.44,0.46,2024-09-17,0256,N,VIIRS,n,2,289.07,0.8,N,0
40.61275,-7.71672,302.5,0.44,0.46,2024-09-17,0256,N,VIIRS,n,2,289.77,0.8,N,0
40.60827,-7.69711,305.52,0.44,0.46,2024-09-17,0256,N,VIIRS,n,2,288.05,6.84,N,0
40.76856,-8.42965,323.32,0.4,0.44,2024-09-17,0256,N,VIIRS,n,2,297.79,2.15,N,0
40.60542,-7.70426,345.02,0.44,0.46,2024-09-17,0256,N,VIIRS,n,2,291.6,26.16,N,0
40.76954,-8.43406,310.7,0.4,0.44,2024-09-17,0256,N,VIIRS,n,2,295.88,2.15,N,0
40.76754,-8.42503,312.46,0.4,0.44,2024-09-17,0256,N,VIIRS,n,2,295.52,2.61,N,0
40.60985,-7.72368,303.2,0.44,0.46,2024-09-17,0256,N,VIIRS,n,2,289.91,1.75,N,0
40.7646,-8.43119,321.52,0.4,0.44,2024-09-17,0256,N,VIIRS,n,2,297.82,2.15,N,0
40.76356,-8.4265,333.34,0.4,0.44,2024-09-17,0256,N,VIIRS,n,2,298.1,2.61,N,0
40.74503,-8.34299,351.03,0.4,0.45,2024-09-17,0256,N,VIIRS,n,2,296.81,9.97,N,0
40.60135,-7.7061,345.27,0.44,0.46,2024-09-17,0256,N,VIIRS,n,2,303.59,26.16,N,0
40.77279,-8.4682,306.51,0.4,0.44,2024-09-17,0256,N,VIIRS,n,2,294.29,1.47,N,0
40.76956,-8.45359,314.13,0.4,0.44,2024-09-17,0256,N,VIIRS,n,2,295.23,2.2,N,0
40.76853,-8.44895,308.91,0.4,0.44,2024-09-17,0256,N,VIIRS,n,2,294.76,2.2,N,0
40.76751,-8.44435,312.69,0.4,0.44,2024-09-17,0256,N,VIIRS,n,2,296.39,2.25,N,0
40.76656,-8.44003,314.76,0.4,0.44,2024-09-17,0256,N,VIIRS,n,2,296.95,2.25,N,0
40.76559,-8.43566,317.42,0.4,0.44,2024-09-17,0256,N,VIIRS,n,2,297.64,2.15,N,0
40.60577,-7.72542,319.02,0.44,0.46,2024-09-17,0256,N,VIIRS,n,2,293.25,1.75,N,0
40.60466,-7.72056,309.89,0.44,0.46,2024-09-17,0256,N,VIIRS,n,2,292.25,1.75,N,0
40.60354,-7.71569,305.57,0.44,0.46,2024-09-17,0256,N,VIIRS,n,2,289.25,6.19,N,0
40.60245,-7.71091,311.89,0.44,0.46,2024-09-17,0256,N,VIIRS,n,2,290.23,6.19,N,0
40.76163,-8.43723,320.59,0.4,0.44,2024-09-17,0256,N,VIIRS,n,2,297.81,12.56,N,0
40.76062,-8.43268,328.88,0.4,0.44,2024-09-17,0256,N,VIIRS,n,2,299.85,12.56,N,0
40.75956,-8.42791,367,0.4,0.44,2024-09-17,0256,N,VIIRS,h,2,304.12,56.02,N,0
40.74856,-8.37835,335.08,0.4,0.44,2024-09-17,0256,N,VIIRS,n,2,293.78,5.07,N,0
40.7476,-8.374,367,0.4,0.44,2024-09-17,0256,N,VIIRS,h,2,300.43,13.74,N,0
40.74659,-8.36947,339.52,0.4,0.44,2024-09-17,0256,N,VIIRS,n,2,295.24,13.74,N,0
40.74097,-8.3442,335.43,0.4,0.45,2024-09-17,0256,N,VIIRS,n,2,294.53,4.54,N,0
40.73979,-8.33893,339.36,0.4,0.45,2024-09-17,0256,N,VIIRS,n,2,296.23,4.54,N,0
40.59834,-7.71256,356.13,0.44,0.46,2024-09-17,0256,N,VIIRS,n,2,294.73,13.54,N,0
40.59724,-7.70776,338.76,0.44,0.46,2024-09-17,0256,N,VIIRS,n,2,288.61,4.91,N,0
40.76886,-8.46985,311.85,0.4,0.44,2024-09-17,0256,N,VIIRS,n,2,295.29,4.35,N,0
40.76354,-8.44584,309.33,0.4,0.44,2024-09-17,0256,N,VIIRS,n,2,295.69,1.78,N,0
40.76258,-8.44152,314.95,0.4,0.44,2024-09-17,0256,N,VIIRS,n,2,296.93,1.78,N,0
40.74211,-8.34934,304.76,0.4,0.45,2024-09-17,0256,N,VIIRS,n,2,292,1.71,N,0
40.60276,-7.73188,306.76,0.44,0.46,2024-09-17,0256,N,VIIRS,n,2,290.13,1.42,N,0
40.60164,-7.72696,311.28,0.44,0.46,2024-09-17,0256,N,VIIRS,n,2,290.08,5,N,0
40.60053,-7.72211,316.52,0.44,0.46,2024-09-17,0256,N,VIIRS,n,2,291.17,5,N,0
40.59943,-7.71732,319.75,0.44,0.46,2024-09-17,0256,N,VIIRS,n,2,291.22,13.54,N,0
40.76487,-8.47126,343.82,0.4,0.44,2024-09-17,0256,N,VIIRS,n,2,299.8,4.35,N,0
40.76383,-8.46658,339.83,0.4,0.44,2024-09-17,0256,N,VIIRS,n,2,300.96,5.11,N,0
40.76274,-8.46162,329.52,0.4,0.44,2024-09-17,0256,N,VIIRS,n,2,298.45,5.11,N,0
40.76055,-8.45176,356.3,0.4,0.44,2024-09-17,0256,N,VIIRS,n,2,303.82,9.12,N,0
40.75763,-8.4386,322.36,0.4,0.44,2024-09-17,0256,N,VIIRS,n,2,297.21,12.56,N,0
40.75661,-8.43402,346.22,0.4,0.44,2024-09-17,0256,N,VIIRS,n,2,304.43,12.56,N,0
40.7455,-8.38399,348.18,0.4,0.44,2024-09-17,0256,N,VIIRS,n,2,297.85,5.07,N,0
40.74454,-8.37966,322.8,0.4,0.44,2024-09-17,0256,N,VIIRS,n,2,294.48,5.07,N,0
40.74353,-8.37514,320.7,0.4,0.44,2024-09-17,0256,N,VIIRS,n,2,294.25,13.74,N,0
40.74248,-8.37043,356.65,0.4,0.44,2024-09-17,0256,N,VIIRS,n,2,303.69,13.74,N,0
40.73695,-8.3456,322.54,0.4,0.45,2024-09-17,0256,N,VIIRS,n,2,294.06,4.54,N,0
40.73576,-8.34023,321.13,0.4,0.45,2024-09-17,0256,N,VIIRS,n,2,292.79,4.54,N,0
40.59638,-7.72357,335.62,0.44,0.46,2024-09-17,0256,N,VIIRS,n,2,289.95,5,N,0
40.59529,-7.71883,353.99,0.44,0.46,2024-09-17,0256,N,VIIRS,n,2,304.04,13.54,N,0
40.76874,-8.48872,307.19,0.4,0.44,2024-09-17,0256,N,VIIRS,n,2,292.74,1.24,N,0
40.76162,-8.45661,317.78,0.4,0.44,2024-09-17,0256,N,VIIRS,n,2,298.63,9.12,N,0
40.75953,-8.44715,315.34,0.4,0.44,2024-09-17,0256,N,VIIRS,n,2,294.72,1.78,N,0
40.75857,-8.44284,314.74,0.4,0.44,2024-09-17,0256,N,VIIRS,n,2,296.53,1.78,N,0
40.75169,-8.41181,305.38,0.4,0.44,2024-09-17,0256,N,VIIRS,n,2,292.07,2.2,N,0
40.74647,-8.38834,306.43,0.4,0.44,2024-09-17,0256,N,VIIRS,n,2,291.88,3.1,N,0
40.59421,-7.71411,309.16,0.44,0.46,2024-09-17,0256,N,VIIRS,n,2,287.84,13.54,N,0
40.76184,-8.47697,320.82,0.4,0.44,2024-09-17,0256,N,VIIRS,n,2,293.8,12.4,N,0
40.7609,-8.47273,350.14,0.4,0.44,2024-09-17,0256,N,VIIRS,n,2,312.86,12.4,N,0
40.75988,-8.46814,367,0.4,0.44,2024-09-17,0256,N,VIIRS,h,2,312.13,11.82,N,0
40.75878,-8.46318,329.86,0.4,0.44,2024-09-17,0256,N,VIIRS,n,2,295.87,11.82,N,0
40.75766,-8.45811,331.79,0.4,0.44,2024-09-17,0256,N,VIIRS,n,2,300.66,4.38,N,0
40.75658,-8.45328,347.94,0.4,0.44,2024-09-17,0256,N,VIIRS,n,2,302.44,4.38,N,0
40.75555,-8.44862,328.1,0.4,0.44,2024-09-17,0256,N,VIIRS,n,2,295.87,4.1,N,0
40.75456,-8.44415,344.25,0.4,0.44,2024-09-17,0256,N,VIIRS,n,2,300.85,4.1,N,0
40.75362,-8.43993,323.2,0.4,0.44,2024-09-17,0256,N,VIIRS,n,2,299.86,7.61,N,0
40.75262,-8.43543,334.55,0.4,0.44,2024-09-17,0256,N,VIIRS,n,2,299.58,7.61,N,0
40.75156,-8.43064,354.74,0.4,0.44,2024-09-17,0256,N,VIIRS,n,2,308.48,49.85,N,0
40.74864,-8.4175,351.67,0.4,0.44,2024-09-17,0256,N,VIIRS,n,2,313.25,50.16,N,0
40.74767,-8.41315,367,0.4,0.44,2024-09-17,0256,N,VIIRS,h,2,340.54,49.79,N,0
40.74659,-8.40831,332.27,0.4,0.44,2024-09-17,0256,N,VIIRS,n,2,305.66,49.79,N,0
40.74443,-8.3986,335.46,0.4,0.44,2024-09-17,0256,N,VIIRS,n,2,296.11,7.41,N,0
40.74342,-8.39405,356.85,0.4,0.44,2024-09-17,0256,N,VIIRS,n,2,304.84,8.37,N,0
40.74244,-8.38966,355,0.4,0.44,2024-09-17,0256,N,VIIRS,n,2,302.49,8.37,N,0
40.74147,-8.38528,344.19,0.4,0.44,2024-09-17,0256,N,VIIRS,n,2,303.74,3.21,N,0
40.73838,-8.37141,327.55,0.4,0.44,2024-09-17,0256,N,VIIRS,n,2,292.25,2.45,N,0
40.76576,-8.49465,309.54,0.4,0.44,2024-09-17,0256,N,VIIRS,n,2,293.5,1.27,N,0
40.75055,-8.42611,311.27,0.4,0.44,2024-09-17,0256,N,VIIRS,n,2,293.1,49.85,N,0
40.74957,-8.42168,311.77,0.4,0.44,2024-09-17,0256,N,VIIRS,n,2,293.3,50.16,N,0
40.74049,-8.3809,306.92,0.4,0.44,2024-09-17,0256,N,VIIRS,n,2,291.79,3.21,N,0
40.73946,-8.37628,304.03,0.4,0.44,2024-09-17,0256,N,VIIRS,n,2,291.85,2.45,N,0
40.59114,-7.72031,316.19,0.44,0.46,2024-09-17,0256,N,VIIRS,n,2,286.48,1.91,N,0
40.75691,-8.4741,340.26,0.4,0.44,2024-09-17,0256,N,VIIRS,n,2,299.73,12.4,N,0
40.75593,-8.46968,352.84,0.4,0.44,2024-09-17,0256,N,VIIRS,n,2,306.09,11.82,N,0
40.75482,-8.46469,329.63,0.4,0.44,2024-09-17,0256,N,VIIRS,n,2,299.78,11.82,N,0
40.7537,-8.45967,326.04,0.4,0.44,2024-09-17,0256,N,VIIRS,n,2,299.87,4.38,N,0
40.75262,-8.45481,329.24,0.4,0.44,2024-09-17,0256,N,VIIRS,n,2,301.45,4.38,N,0
40.75157,-8.45007,325.05,0.4,0.44,2024-09-17,0256,N,VIIRS,n,2,299.38,4.1,N,0
40.75057,-8.44558,324.96,0.4,0.44,2024-09-17,0256,N,VIIRS,n,2,298.67,4.1,N,0
40.74956,-8.44103,327.54,0.4,0.44,2024-09-17,0256,N,VIIRS,n,2,299.33,7.61,N,0
40.74858,-8.43665,334.89,0.4,0.44,2024-09-17,0256,N,VIIRS,n,2,301.01,7.61,N,0
40.74754,-8.43197,333.69,0.4,0.44,2024-09-17,0256,N,VIIRS,n,2,332.67,49.85,N,0
40.74656,-8.42755,333.69,0.4,0.44,2024-09-17,0256,N,VIIRS,n,2,314.07,49.85,N,0
40.74561,-8.42326,348.54,0.4,0.44,2024-09-17,0256,N,VIIRS,n,2,319.21,50.16,N,0
40.74467,-8.41902,338.59,0.4,0.44,2024-09-17,0256,N,VIIRS,n,2,330.87,50.16,N,0
40.74371,-8.41472,353.08,0.4,0.44,2024-09-17,0256,N,VIIRS,n,2,313.06,49.79,N,0
40.74263,-8.4099,347.03,0.4,0.44,2024-09-17,0256,N,VIIRS,n,2,299.55,49.79,N,0
40.7415,-8.40481,355.34,0.4,0.44,2024-09-17,0256,N,VIIRS,n,2,298.75,7.41,N,0
40.74043,-8.4,333.31,0.4,0.44,2024-09-17,0256,N,VIIRS,n,2,299.29,7.41,N,0
40.73941,-8.39544,338,0.4,0.44,2024-09-17,0256,N,VIIRS,n,2,301.97,8.37,N,0
40.73842,-8.39098,336.42,0.4,0.44,2024-09-17,0256,N,VIIRS,n,2,301.58,8.37,N,0
40.73744,-8.38658,324.16,0.4,0.44,2024-09-17,0256,N,VIIRS,n,2,296.73,3.21,N,0
40.73647,-8.38221,323.47,0.4,0.44,2024-09-17,0256,N,VIIRS,n,2,296.32,3.21,N,0
40.75291,-8.47546,323.16,0.4,0.44,2024-09-17,0256,N,VIIRS,n,2,299.23,2.5,N,0
40.74973,-8.46115,328.29,0.4,0.44,2024-09-17,0256,N,VIIRS,n,2,299.69,4.65,N,0
40.74865,-8.45631,333.48,0.4,0.44,2024-09-17,0256,N,VIIRS,n,2,301.52,4.65,N,0
40.74759,-8.45153,329.27,0.4,0.44,2024-09-17,0256,N,VIIRS,n,2,300.29,4.5,N,0
40.74655,-8.44687,337.87,0.4,0.44,2024-09-17,0256,N,VIIRS,n,2,299.74,4.5,N,0
40.74556,-8.44238,320.43,0.4,0.44,2024-09-17,0256,N,VIIRS,n,2,298.39,11.51,N,0
40.74456,-8.43791,346.89,0.4,0.44,2024-09-17,0256,N,VIIRS,n,2,304.37,11.51,N,0
40.74355,-8.43339,336.85,0.4,0.44,2024-09-17,0256,N,VIIRS,n,2,332.82,56.57,N,0
40.74255,-8.42889,367,0.4,0.44,2024-09-17,0256,N,VIIRS,h,2,336.49,56.57,N,0
40.74163,-8.42474,348.12,0.4,0.44,2024-09-17,0256,N,VIIRS,n,2,329.15,30.48,N,0
40.7407,-8.42057,345.79,0.4,0.44,2024-09-17,0256,N,VIIRS,n,2,320.07,30.48,N,0
40.73542,-8.39687,320.78,0.4,0.44,2024-09-17,0256,N,VIIRS,n,2,298.25,8.57,N,0
40.73442,-8.39242,350.57,0.4,0.44,2024-09-17,0256,N,VIIRS,n,2,304.5,8.57,N,0
40.75193,-8.47103,316.41,0.4,0.44,2024-09-17,0256,N,VIIRS,n,2,296.88,2.26,N,0
40.75084,-8.46614,319.84,0.4,0.44,2024-09-17,0256,N,VIIRS,n,2,297.97,2.26,N,0
40.73973,-8.41623,319.91,0.4,0.44,2024-09-17,0256,N,VIIRS,n,2,293.97,4.5,N,0
40.73871,-8.41162,309.49,0.4,0.44,2024-09-17,0256,N,VIIRS,n,2,293.34,4.5,N,0
40.73643,-8.40144,315.7,0.4,0.44,2024-09-17,0256,N,VIIRS,n,2,294.74,3.53,N,0
40.73033,-8.37407,308.75,0.4,0.44,2024-09-17,0256,N,VIIRS,n,2,291.23,4.61,N,0
40.7248,-8.34931,308.81,0.4,0.45,2024-09-17,0256,N,VIIRS,n,2,293.77,2.18,N,0
40.75089,-8.48573,324.39,0.4,0.44,2024-09-17,0256,N,VIIRS,n,2,296.88,2.02,N,0
40.74892,-8.47681,326.56,0.4,0.44,2024-09-17,0256,N,VIIRS,n,2,297.85,2.5,N,0
40.74577,-8.46268,367,0.4,0.44,2024-09-17,0256,N,VIIRS,h,2,302.82,4.65,N,0
40.74468,-8.45778,326.66,0.4,0.44,2024-09-17,0256,N,VIIRS,n,2,296.75,4.65,N,0
40.74361,-8.45303,330.01,0.4,0.44,2024-09-17,0256,N,VIIRS,n,2,297.63,4.5,N,0
40.74258,-8.44836,342.43,0.4,0.44,2024-09-17,0256,N,VIIRS,n,2,296.7,4.5,N,0
40.74155,-8.44376,329.57,0.4,0.44,2024-09-17,0256,N,VIIRS,n,2,299.51,11.51,N,0
40.74057,-8.43937,339.25,0.4,0.44,2024-09-17,0256,N,VIIRS,n,2,304.12,11.51,N,0
40.73959,-8.43495,328.53,0.4,0.44,2024-09-17,0256,N,VIIRS,n,2,298.73,56.57,N,0
40.73859,-8.43047,335.54,0.4,0.44,2024-09-17,0256,N,VIIRS,n,2,299.69,56.57,N,0
40.73763,-8.42615,355.36,0.4,0.44,2024-09-17,0256,N,VIIRS,n,2,304.5,30.48,N,0
40.73241,-8.40278,327.55,0.4,0.44,2024-09-17,0256,N,VIIRS,n,2,295.77,3.53,N,0
40.73141,-8.39827,339.3,0.4,0.44,2024-09-17,0256,N,VIIRS,n,2,300.42,8.57,N,0
40.73043,-8.39389,367,0.4,0.44,2024-09-17,0256,N,VIIRS,h,2,307.56,8.57,N,0
40.72633,-8.37554,352.08,0.4,0.44,2024-09-17,0256,N,VIIRS,n,2,298.64,4.61,N,0
40.71972,-8.34599,340.28,0.4,0.45,2024-09-17,0256,N,VIIRS,n,2,295.32,2.18,N,0
40.75189,-8.49022,306.98,0.4,0.44,2024-09-17,0256,N,VIIRS,n,2,294.1,2.02,N,0
40.7499,-8.48127,312.65,0.4,0.44,2024-09-17,0256,N,VIIRS,n,2,294.96,2.5,N,0
40.74795,-8.47248,314.89,0.4,0.44,2024-09-17,0256,N,VIIRS,n,2,296.35,2.26,N,0
40.74688,-8.46766,314.36,0.4,0.44,2024-09-17,0256,N,VIIRS,n,2,296.53,2.26,N,0
40.73672,-8.42209,317.86,0.4,0.44,2024-09-17,0256,N,VIIRS,n,2,296.48,30.48,N,0
40.72075,-8.35061,310.93,0.4,0.45,2024-09-17,0256,N,VIIRS,n,2,293.1,2.18,N,0
40.7187,-8.34142,303.86,0.41,0.45,2024-09-17,0256,N,VIIRS,n,2,292.23,1.54,N,0
40.74793,-8.49169,323.23,0.4,0.44,2024-09-17,0256,N,VIIRS,n,2,297.14,5.01,N,0
40.74692,-8.48717,331.28,0.4,0.44,2024-09-17,0256,N,VIIRS,n,2,297.28,5.01,N,0
40.74592,-8.48269,353.61,0.4,0.44,2024-09-17,0256,N,VIIRS,n,2,310.48,23.57,N,0
40.74493,-8.47825,355.05,0.4,0.44,2024-09-17,0256,N,VIIRS,n,2,306,23.57,N,0
40.7429,-8.46912,326.73,0.4,0.44,2024-09-17,0256,N,VIIRS,n,2,298.48,5.52,N,0
40.74178,-8.46411,342.13,0.4,0.44,2024-09-17,0256,N,VIIRS,n,2,300.25,6.39,N,0
40.74071,-8.45928,347.27,0.4,0.44,2024-09-17,0256,N,VIIRS,n,2,304.35,6.39,N,0
40.73967,-8.45465,344.64,0.4,0.44,2024-09-17,0256,N,VIIRS,n,2,304.04,3.61,N,0
40.7386,-8.44985,330.77,0.4,0.44,2024-09-17,0256,N,VIIRS,n,2,298.34,3.61,N,0
40.73656,-8.44072,321.12,0.4,0.44,2024-09-17,0256,N,VIIRS,n,2,298.75,2.02,N,0
40.72541,-8.39075,343.99,0.4,0.44,2024-09-17,0256,N,VIIRS,n,2,300.48,5.32,N,0
40.72443,-8.38633,345.92,0.4,0.44,2024-09-17,0256,N,VIIRS,n,2,300.07,5.32,N,0
40.71575,-8.3476,331.76,0.4,0.45,2024-09-17,0256,N,VIIRS,n,2,297.33,7.36,N,0
40.71476,-8.34318,327.53,0.41,0.45,2024-09-17,0256,N,VIIRS,n,2,293,6.03,N,0
40.74394,-8.4738,318.3,0.4,0.44,2024-09-17,0256,N,VIIRS,n,2,295.23,5.52,N,0
40.73758,-8.44524,318.53,0.4,0.44,2024-09-17,0256,N,VIIRS,n,2,296.77,2.02,N,0
40.7356,-8.43637,316.67,0.4,0.44,2024-09-17,0256,N,VIIRS,n,2,297.88,2.18,N,0
40.7346,-8.43189,313.9,0.4,0.44,2024-09-17,0256,N,VIIRS,n,2,297.83,2.18,N,0
40.73365,-8.42763,317.6,0.4,0.44,2024-09-17,0256,N,VIIRS,n,2,297.79,2.21,N,0
40.73271,-8.42343,312.17,0.4,0.44,2024-09-17,0256,N,VIIRS,n,2,294.9,2.21,N,0
40.72641,-8.39521,318.61,0.4,0.44,2024-09-17,0256,N,VIIRS,n,2,294.99,4.58,N,0
40.72234,-8.37702,315.51,0.4,0.44,2024-09-17,0256,N,VIIRS,n,2,294.8,3.59,N,0
40.71677,-8.35215,313.46,0.4,0.45,2024-09-17,0256,N,VIIRS,n,2,294.24,7.36,N,0
40.74194,-8.48411,351.97,0.4,0.44,2024-09-17,0256,N,VIIRS,n,2,302.15,23.57,N,0
40.74094,-8.47963,355.39,0.4,0.44,2024-09-17,0256,N,VIIRS,n,2,309.83,23.57,N,0
40.73994,-8.47514,354.62,0.4,0.44,2024-09-17,0256,N,VIIRS,n,2,306.65,5.52,N,0
40.73889,-8.47041,337.73,0.4,0.44,2024-09-17,0256,N,VIIRS,n,2,300.48,5.52,N,0
40.73778,-8.46546,337.71,0.4,0.44,2024-09-17,0256,N,VIIRS,n,2,299.62,6.39,N,0
40.73671,-8.46066,344.74,0.4,0.44,2024-09-17,0256,N,VIIRS,n,2,300.27,6.39,N,0
40.73571,-8.45619,323.98,0.4,0.44,2024-09-17,0256,N,VIIRS,n,2,298.96,3.61,N,0
40.72041,-8.3877,328.25,0.4,0.44,2024-09-17,0256,N,VIIRS,n,2,296.49,5.32,N,0
40.71273,-8.35347,338.53,0.4,0.45,2024-09-17,0256,N,VIIRS,n,2,298.26,7.36,N,0
40.71177,-8.34919,346.64,0.4,0.45,2024-09-17,0256,N,VIIRS,n,2,307.06,7.36,N,0
40.7108,-8.34483,336.89,0.41,0.45,2024-09-17,0256,N,VIIRS,n,2,295.28,6.03,N,0
40.73467,-8.4515,313.61,0.4,0.44,2024-09-17,0256,N,VIIRS,n,2,297.25,3.61,N,0
40.73359,-8.44669,309.76,0.4,0.44,2024-09-17,0256,N,VIIRS,n,2,295.51,2.02,N,0
40.73259,-8.44218,316.84,0.4,0.44,2024-09-17,0256,N,VIIRS,n,2,296.09,2.02,N,0
40.7306,-8.43329,314.41,0.4,0.44,2024-09-17,0256,N,VIIRS,n,2,296.22,2.18,N,0
40.72964,-8.42899,319.65,0.4,0.44,2024-09-17,0256,N,VIIRS,n,2,297.16,2.21,N,0
40.71379,-8.35821,313.34,0.4,0.45,2024-09-17,0256,N,VIIRS,n,2,293.97,2.69,N,0
40.73999,-8.49464,349.13,0.4,0.44,2024-09-17,0256,N,VIIRS,n,2,300.07,8.14,N,0
40.73696,-8.48106,332.04,0.4,0.44,2024-09-17,0256,N,VIIRS,n,2,299.01,4.9,N,0
40.73595,-8.47653,328.02,0.4,0.44,2024-09-17,0256,N,VIIRS,n,2,298.46,8.11,N,0
40.73491,-8.47187,340.39,0.4,0.44,2024-09-17,0256,N,VIIRS,n,2,296.41,8.11,N,0
40.73382,-8.467,341.55,0.4,0.44,2024-09-17,0256,N,VIIRS,n,2,298.18,14.57,N,0
40.73275,-8.4622,356.32,0.4,0.44,2024-09-17,0256,N,VIIRS,n,2,300.89,14.57,N,0
40.73174,-8.45769,322.23,0.4,0.44,2024-09-17,0256,N,VIIRS,n,2,297.07,1.99,N,0
40.70879,-8.35516,324.42,0.4,0.45,2024-09-17,0256,N,VIIRS,n,2,297.25,9.93,N,0
40.70782,-8.3509,348.94,0.4,0.45,2024-09-17,0256,N,VIIRS,n,2,299.89,9.93,N,0
40.741,-8.49917,317.3,0.4,0.44,2024-09-17,0256,N,VIIRS,n,2,294.8,5.83,N,0
40.73073,-8.45315,315.83,0.4,0.44,2024-09-17,0256,N,VIIRS,n,2,296.97,1.99,N,0
40.71432,-8.37982,307.83,0.4,0.44,2024-09-17,0256,N,VIIRS,n,2,293.79,2.79,N,0
40.73804,-8.5052,339.22,0.4,0.44,2024-09-17,0256,N,VIIRS,n,2,295.58,5.83,N,0
40.73704,-8.50068,344.83,0.4,0.44,2024-09-17,0256,N,VIIRS,n,2,296.51,5.83,N,0
40.73603,-8.49614,348.23,0.4,0.44,2024-09-17,0256,N,VIIRS,n,2,297.48,8.14,N,0
40.73501,-8.49158,342.69,0.4,0.44,2024-09-17,0256,N,VIIRS,n,2,297,8.14,N,0
40.734,-8.48706,345.93,0.4,0.44,2024-09-17,0256,N,VIIRS,n,2,298.22,4.9,N,0
40.73299,-8.48256,324.96,0.4,0.44,2024-09-17,0256,N,VIIRS,n,2,298.22,4.9,N,0
40.73198,-8.47799,349.66,0.4,0.44,2024-09-17,0256,N,VIIRS,n,2,305.38,8.11,N,0
40.73093,-8.4733,353.39,0.4,0.44,2024-09-17,0256,N,VIIRS,n,2,306,8.11,N,0
40.72985,-8.46851,356.05,0.4,0.44,2024-09-17,0256,N,VIIRS,n,2,306.57,14.57,N,0
40.72876,-8.4636,344.35,0.4,0.44,2024-09-17,0256,N,VIIRS,n,2,300.93,14.57,N,0
40.72775,-8.45907,323.26,0.4,0.44,2024-09-17,0256,N,VIIRS,n,2,296.03,1.99,N,0
40.7048,-8.35669,367,0.4,0.45,2024-09-17,0256,N,VIIRS,h,2,311.47,9.93,N,0
40.70385,-8.35246,367,0.4,0.45,2024-09-17,0256,N,VIIRS,h,2,299.52,9.93,N,0
40.72672,-8.45446,309.94,0.4,0.44,2024-09-17,0256,N,VIIRS,n,2,294.6,1.99,N,0
40.70578,-8.3611,309.07,0.4,0.45,2024-09-17,0256,N,VIIRS,n,2,293.16,3.8,N,0
40.74123,-8.49598,346.01,0.4,0.44,2024-09-17,0256,N,VIIRS,n,2,299.37,8.76,N,0
40.73827,-8.48233,326.46,0.4,0.44,2024-09-17,0256,N,VIIRS,n,2,297.27,4.01,N,0
40.73729,-8.47782,341.86,0.4,0.44,2024-09-17,0256,N,VIIRS,n,2,300.93,4.01,N,0
40.7363,-8.47326,347.95,0.4,0.44,2024-09-17,0256,N,VIIRS,n,2,298.05,5.76,N,0
40.73418,-8.46347,367,0.4,0.44,2024-09-17,0256,N,VIIRS,h,2,302.82,11.21,N,0
40.73317,-8.45882,321.77,0.4,0.44,2024-09-17,0256,N,VIIRS,n,2,296.76,11.21,N,0
40.7322,-8.45439,323.46,0.4,0.44,2024-09-17,0256,N,VIIRS,n,2,297.99,2.9,N,0
40.70981,-8.35163,347.64,0.41,0.45,2024-09-17,0256,N,VIIRS,n,2,301.63,13.7,N,0
40.70886,-8.34731,337.07,0.41,0.45,2024-09-17,0256,N,VIIRS,n,2,298.81,13.7,N,0
40.74024,-8.49142,309.75,0.4,0.44,2024-09-17,0256,N,VIIRS,n,2,293.72,3.05,N,0
40.73926,-8.48688,308.58,0.4,0.44,2024-09-17,0256,N,VIIRS,n,2,293.83,3.05,N,0
40.73524,-8.46836,319.7,0.4,0.44,2024-09-17,0256,N,VIIRS,n,2,295.93,5.76,N,0
40.72913,-8.44029,310.04,0.4,0.44,2024-09-17,0256,N,VIIRS,n,2,295.46,3.09,N,0
40.72818,-8.4359,309.18,0.4,0.44,2024-09-17,0256,N,VIIRS,n,2,295.62,1.61,N,0
40.7272,-8.43142,308.51,0.4,0.44,2024-09-17,0256,N,VIIRS,n,2,295.09,1.61,N,0
40.71619,-8.38093,310.78,0.4,0.45,2024-09-17,0256,N,VIIRS,n,2,294.09,2.86,N,0
40.71076,-8.35596,317.89,0.4,0.45,2024-09-17,0256,N,VIIRS,n,2,294.62,4.67,N,0
40.73825,-8.502,346.06,0.4,0.44,2024-09-17,0256,N,VIIRS,n,2,296.64,8.76,N,0
40.73727,-8.49745,355.97,0.4,0.44,2024-09-17,0256,N,VIIRS,n,2,300.35,8.76,N,0
40.73627,-8.49291,329.17,0.4,0.44,2024-09-17,0256,N,VIIRS,n,2,295.56,3.05,N,0
40.73331,-8.47929,326.61,0.4,0.44,2024-09-17,0256,N,VIIRS,n,2,299.2,4.01,N,0
40.73231,-8.47466,351.59,0.4,0.44,2024-09-17,0256,N,VIIRS,n,2,302.94,5.76,N,0
40.73126,-8.46984,330.86,0.4,0.44,2024-09-17,0256,N,VIIRS,n,2,297.17,5.76,N,0
40.7302,-8.46496,367,0.4,0.44,2024-09-17,0256,N,VIIRS,h,2,303.12,11.21,N,0
40.72919,-8.46032,322.93,0.4,0.44,2024-09-17,0256,N,VIIRS,n,2,295.51,11.21,N,0
40.70678,-8.35755,339.86,0.4,0.45,2024-09-17,0256,N,VIIRS,n,2,299.68,4.67,N,0
40.70583,-8.35322,367,0.41,0.45,2024-09-17,0256,N,VIIRS,h,2,304.47,13.7,N,0
40.70491,-8.34901,337.72,0.41,0.45,2024-09-17,0256,N,VIIRS,n,2,296.64,13.7,N,0
40.73431,-8.48385,319.16,0.4,0.44,2024-09-17,0256,N,VIIRS,n,2,296.59,4.01,N,0
40.72822,-8.45584,313.54,0.4,0.44,2024-09-17,0256,N,VIIRS,n,2,294.86,2.9,N,0
40.73331,-8.499,340.41,0.4,0.44,2024-09-17,0256,N,VIIRS,n,2,296.8,7.33,N,0
40.73232,-8.49444,355.63,0.4,0.44,2024-09-17,0256,N,VIIRS,n,2,302.06,10.22,N,0
40.73132,-8.48987,346.4,0.4,0.44,2024-09-17,0256,N,VIIRS,n,2,298.31,10.22,N,0
40.73034,-8.48534,352.62,0.4,0.44,2024-09-17,0256,N,VIIRS,n,2,303.41,8.67,N,0
40.72935,-8.48081,367,0.4,0.44,2024-09-17,0256,N,VIIRS,h,2,309.07,8.67,N,0
40.72834,-8.47614,367,0.4,0.44,2024-09-17,0256,N,VIIRS,h,2,310.18,14.4,N,0
40.72729,-8.47132,367,0.4,0.44,2024-09-17,0256,N,VIIRS,h,2,307.12,14.4,N,0
40.72626,-8.46658,351.41,0.4,0.44,2024-09-17,0256,N,VIIRS,n,2,308.33,12.25,N,0
40.7252,-8.46171,348.95,0.4,0.44,2024-09-17,0256,N,VIIRS,n,2,300.35,12.25,N,0
40.72421,-8.45714,331.52,0.4,0.44,2024-09-17,0256,N,VIIRS,n,2,298.06,3.52,N,0
40.70282,-8.35917,340.01,0.4,0.45,2024-09-17,0256,N,VIIRS,n,2,297.66,4.41,N,0
40.70185,-8.3548,341.53,0.41,0.45,2024-09-17,0256,N,VIIRS,n,2,294.91,6.53,N,0
40.7343,-8.50354,309.83,0.4,0.44,2024-09-17,0256,N,VIIRS,n,2,293.83,7.33,N,0
40.70706,-8.37858,311.59,0.4,0.45,2024-09-17,0256,N,VIIRS,n,2,295.58,3.52,N,0
40.72935,-8.5005,367,0.4,0.44,2024-09-17,0256,N,VIIRS,h,2,299.78,7.33,N,0
40.72836,-8.49597,367,0.4,0.44,2024-09-17,0256,N,VIIRS,h,2,304.23,10.22,N,0
40.72737,-8.49141,346.74,0.4,0.44,2024-09-17,0256,N,VIIRS,n,2,302.32,10.22,N,0
40.72637,-8.48683,346.49,0.4,0.44,2024-09-17,0256,N,VIIRS,n,2,302.73,8.67,N,0
40.72538,-8.48229,330.93,0.4,0.44,2024-09-17,0256,N,VIIRS,n,2,297.85,8.67,N,0
40.72336,-8.47298,335.81,0.4,0.44,2024-09-17,0256,N,VIIRS,n,2,301.26,14.4,N,0
40.7223,-8.46813,355.48,0.4,0.44,2024-09-17,0256,N,VIIRS,n,2,304.59,12.25,N,0
40.72123,-8.46322,338.39,0.4,0.44,2024-09-17,0256,N,VIIRS,n,2,296.13,12.25,N,0
40.703,-8.37977,324.38,0.4,0.45,2024-09-17,0256,N,VIIRS,n,2,297.8,3.52,N,0
40.70192,-8.37485,367,0.4,0.45,2024-09-17,0256,N,VIIRS,h,2,303.55,6.93,N,0
40.73524,-8.52758,312.89,0.4,0.44,2024-09-17,0256,N,VIIRS,n,2,292.62,0.95,N,0
40.72438,-8.47768,319.31,0.4,0.44,2024-09-17,0256,N,VIIRS,n,2,296.23,14.4,N,0
40.7202,-8.45851,317.24,0.4,0.44,2024-09-17,0256,N,VIIRS,n,2,296.56,3.52,N,0
40.70087,-8.37006,307.15,0.4,0.45,2024-09-17,0256,N,VIIRS,n,2,292.87,6.93,N,0
40.69988,-8.36551,317.24,0.4,0.45,2024-09-17,0256,N,VIIRS,n,2,293.07,4.41,N,0
40.72638,-8.50654,327.43,0.4,0.44,2024-09-17,0256,N,VIIRS,n,2,295.02,13.98,N,0
40.72538,-8.50199,357.06,0.4,0.44,2024-09-17,0256,N,VIIRS,n,2,308.78,13.98,N,0
40.7244,-8.49745,353.89,0.4,0.44,2024-09-17,0256,N,VIIRS,n,2,303.69,5.84,N,0
40.72241,-8.48835,351.36,0.4,0.44,2024-09-17,0256,N,VIIRS,n,2,299.6,5.39,N,0
40.7194,-8.47456,345.84,0.4,0.44,2024-09-17,0256,N,VIIRS,n,2,302.13,3.96,N,0
40.71836,-8.46977,334.15,0.4,0.44,2024-09-17,0256,N,VIIRS,n,2,295.69,3,N,0
40.7234,-8.4929,319.42,0.4,0.44,2024-09-17,0256,N,VIIRS,n,2,297.23,5.84,N,0
40.72142,-8.4838,319.33,0.4,0.44,2024-09-17,0256,N,VIIRS,n,2,296.3,5.39,N,0
40.72042,-8.47921,312.78,0.4,0.44,2024-09-17,0256,N,VIIRS,n,2,295.64,3.96,N,0
40.69897,-8.38107,312.87,0.4,0.45,2024-09-17,0256,N,VIIRS,n,2,295.07,1.39,N,0
40.72439,-8.5171,355.85,0.4,0.44,2024-09-17,0256,N,VIIRS,n,2,302.05,13.38,N,0
40.72341,-8.51261,356.71,0.4,0.44,2024-09-17,0256,N,VIIRS,n,2,304.33,13.38,N,0
40.72242,-8.50806,337.96,0.4,0.44,2024-09-17,0256,N,VIIRS,n,2,296.83,13.98,N,0
40.72143,-8.50352,367,0.4,0.44,2024-09-17,0256,N,VIIRS,h,2,304.83,13.98,N,0
40.72043,-8.49894,356.61,0.4,0.44,2024-09-17,0256,N,VIIRS,n,2,300.1,5.84,N,0
40.71943,-8.49438,326.56,0.4,0.44,2024-09-17,0256,N,VIIRS,n,2,295.34,5.84,N,0
40.71744,-8.48525,346.39,0.4,0.44,2024-09-17,0256,N,VIIRS,n,2,296.3,5.39,N,0
40.71644,-8.48067,337.44,0.4,0.44,2024-09-17,0256,N,VIIRS,n,2,299.44,3.96,N,0
40.71543,-8.47605,326.52,0.4,0.44,2024-09-17,0256,N,VIIRS,n,2,297.55,3.96,N,0
40.72636,-8.52611,304.09,0.4,0.44,2024-09-17,0256,N,VIIRS,n,2,293.38,2.3,N,0
40.71844,-8.48981,315.26,0.4,0.44,2024-09-17,0256,N,VIIRS,n,2,293.77,5.39,N,0
40.71441,-8.47139,312.5,0.4,0.44,2024-09-17,0256,N,VIIRS,n,2,293.92,3,N,0
40.69498,-8.3826,307.95,0.4,0.45,2024-09-17,0256,N,VIIRS,n,2,293.62,1.39,N,0
40.72044,-8.51865,354.84,0.4,0.44,2024-09-17,0256,N,VIIRS,n,2,296.76,5.5,N,0
40.71945,-8.5141,322.35,0.4,0.44,2024-09-17,0256,N,VIIRS,n,2,293.6,5.5,N,0
40.71146,-8.47753,345.82,0.4,0.44,2024-09-17,0256,N,VIIRS,n,2,300.91,3.13,N,0
40.69207,-8.38899,322.24,0.4,0.45,2024-09-17,0256,N,VIIRS,n,2,294.06,1.97,N,0
40.71247,-8.48213,311.43,0.4,0.44,2024-09-17,0256,N,VIIRS,n,2,293.08,3.13,N,0
40.71042,-8.47277,312.68,0.4,0.44,2024-09-17,0256,N,VIIRS,n,2,293.18,3.27,N,0
40.69103,-8.38429,306.4,0.4,0.45,2024-09-17,0256,N,VIIRS,n,2,293.34,1.97,N,0
40.68707,-8.38591,332.16,0.4,0.45,2024-09-17,0256,N,VIIRS,n,2,293.85,1.97,N,0
40.68607,-8.38137,324.71,0.4,0.45,2024-09-17,0256,N,VIIRS,n,2,292.76,2.84,N,0
40.55866,-7.80909,323,0.43,0.46,2024-09-17,0256,N,VIIRS,n,2,290.55,2.67,N,0
40.55754,-7.80413,345.08,0.43,0.46,2024-09-17,0256,N,VIIRS,n,2,291.91,4.09,N,0
40.70848,-8.48357,314.04,0.4,0.44,2024-09-17,0256,N,VIIRS,n,2,293.06,3.13,N,0
40.70748,-8.47898,312.42,0.4,0.44,2024-09-17,0256,N,VIIRS,n,2,293.16,3.13,N,0
40.68806,-8.39045,313.43,0.4,0.45,2024-09-17,0256,N,VIIRS,n,2,293.11,1.97,N,0
40.55639,-7.79902,314.67,0.43,0.46,2024-09-17,0256,N,VIIRS,n,2,288.86,4.09,N,0
40.68309,-8.38744,323.58,0.4,0.45,2024-09-17,0256,N,VIIRS,n,2,294.06,16.04,N,0
40.55682,-7.82075,346.22,0.43,0.46,2024-09-17,0256,N,VIIRS,n,2,294.77,21.47,N,0
40.55567,-7.81565,355.94,0.43,0.46,2024-09-17,0256,N,VIIRS,n,2,300.15,12.49,N,0
40.55453,-7.81061,348.72,0.43,0.46,2024-09-17,0256,N,VIIRS,n,2,294.57,12.49,N,0
40.55226,-7.80056,332.12,0.43,0.46,2024-09-17,0256,N,VIIRS,n,2,290.32,3.16,N,0
40.7014,-8.47085,316.88,0.4,0.44,2024-09-17,0256,N,VIIRS,n,2,294.27,1.78,N,0
40.68208,-8.38288,317.27,0.4,0.45,2024-09-17,0256,N,VIIRS,n,2,292.62,40.99,N,0
40.55341,-7.80562,310.92,0.43,0.46,2024-09-17,0256,N,VIIRS,n,2,289.16,3.16,N,0
40.70558,-8.50952,328.52,0.4,0.44,2024-09-17,0256,N,VIIRS,n,2,293.47,2.49,N,0
40.67912,-8.38907,367,0.4,0.45,2024-09-17,0256,N,VIIRS,h,2,304.22,16.04,N,0
40.55386,-7.8274,355.47,0.43,0.46,2024-09-17,0256,N,VIIRS,n,2,300.17,21.47,N,0
40.55272,-7.82233,351.25,0.43,0.46,2024-09-17,0256,N,VIIRS,n,2,300.35,21.47,N,0
40.70053,-8.48647,315.96,0.4,0.44,2024-09-17,0256,N,VIIRS,n,2,292.31,2.29,N,0
40.68013,-8.39362,314.71,0.4,0.45,2024-09-17,0256,N,VIIRS,n,2,293.95,16.04,N,0
40.67028,-8.34897,308.39,0.41,0.45,2024-09-17,0256,N,VIIRS,n,2,291.97,1.66,N,0
40.55156,-7.81723,314.09,0.43,0.46,2024-09-17,0256,N,VIIRS,n,2,290.54,12.49,N,0
40.67616,-8.39523,344.88,0.4,0.45,2024-09-17,0256,N,VIIRS,n,2,297.94,27.02,N,0
40.67517,-8.39073,344.91,0.4,0.45,2024-09-17,0256,N,VIIRS,n,2,312.54,27.02,N,0
40.66225,-8.33222,332.08,0.41,0.45,2024-09-17,0256,N,VIIRS,n,2,292.78,45.63,N,0
40.66119,-8.32747,344.48,0.41,0.45,2024-09-17,0256,N,VIIRS,n,2,296.89,45.63,N,0
40.54977,-7.82903,367,0.43,0.46,2024-09-17,0256,N,VIIRS,h,2,295.52,8.61,N,0
40.6996,-8.50182,307.86,0.4,0.44,2024-09-17,0256,N,VIIRS,n,2,292.42,0.9,N,0
40.69859,-8.49723,309.96,0.4,0.44,2024-09-17,0256,N,VIIRS,n,2,292.78,1.73,N,0
40.6945,-8.47861,309.31,0.4,0.44,2024-09-17,0256,N,VIIRS,n,2,292.31,0.81,N,0
40.66829,-8.35958,313.45,0.41,0.45,2024-09-17,0256,N,VIIRS,n,2,292.78,78.5,N,0
40.66733,-8.35525,319.76,0.41,0.45,2024-09-17,0256,N,VIIRS,n,2,292.31,78.5,N,0
40.66629,-8.35052,319.5,0.41,0.45,2024-09-17,0256,N,VIIRS,n,2,291.63,90.65,N,0
40.66524,-8.34576,307.12,0.41,0.45,2024-09-17,0256,N,VIIRS,n,2,291.37,90.65,N,0
40.66425,-8.34128,303.83,0.41,0.45,2024-09-17,0256,N,VIIRS,n,2,291.05,15.66,N,0
40.66327,-8.33685,304.38,0.41,0.45,2024-09-17,0256,N,VIIRS,n,2,290.73,15.66,N,0
40.54861,-7.8239,305.97,0.43,0.46,2024-09-17,0256,N,VIIRS,n,2,289.88,8.61,N,0
40.6722,-8.39685,353.73,0.4,0.45,2024-09-17,0256,N,VIIRS,n,2,305.93,27.02,N,0
40.67118,-8.39227,331.23,0.4,0.45,2024-09-17,0256,N,VIIRS,n,2,294.46,27.02,N,0
40.66523,-8.36533,320.19,0.41,0.45,2024-09-17,0256,N,VIIRS,n,2,293.29,3.21,N,0
40.66428,-8.361,351.85,0.41,0.45,2024-09-17,0256,N,VIIRS,n,2,299.67,78.5,N,0
40.66331,-8.35665,367,0.41,0.45,2024-09-17,0256,N,VIIRS,h,2,347.07,78.5,N,0
40.66121,-8.34711,329.68,0.41,0.45,2024-09-17,0256,N,VIIRS,n,2,296.2,90.65,N,0
40.66021,-8.34262,335.01,0.41,0.45,2024-09-17,0256,N,VIIRS,n,2,293.97,15.66,N,0
40.65924,-8.33823,367,0.41,0.45,2024-09-17,0256,N,VIIRS,h,2,306.64,15.66,N,0
40.65822,-8.33361,367,0.41,0.45,2024-09-17,0256,N,VIIRS,h,2,343.17,45.63,N,0
40.65713,-8.32869,348.02,0.41,0.45,2024-09-17,0256,N,VIIRS,n,2,324.79,45.63,N,0
40.65599,-8.32355,339.16,0.41,0.45,2024-09-17,0256,N,VIIRS,n,2,295,6.42,N,0
40.69258,-8.48943,309.77,0.4,0.44,2024-09-17,0256,N,VIIRS,n,2,293.29,0.65,N,0
40.67521,-8.41053,313.6,0.4,0.44,2024-09-17,0256,N,VIIRS,n,2,294.32,2.29,N,0
40.67422,-8.406,312.14,0.4,0.44,2024-09-17,0256,N,VIIRS,n,2,293.58,3.08,N,0
40.6732,-8.4014,315.81,0.4,0.44,2024-09-17,0256,N,VIIRS,n,2,294.56,3.08,N,0
40.66621,-8.36972,310.45,0.41,0.45,2024-09-17,0256,N,VIIRS,n,2,293.48,3.21,N,0
40.67329,-8.42138,339.26,0.4,0.44,2024-09-17,0256,N,VIIRS,n,2,294.91,22.91,N,0
40.67229,-8.41685,356.32,0.4,0.44,2024-09-17,0256,N,VIIRS,n,2,299.58,10.94,N,0
40.67127,-8.41223,320.42,0.4,0.44,2024-09-17,0256,N,VIIRS,n,2,294.25,10.94,N,0
40.66923,-8.40297,367,0.4,0.44,2024-09-17,0256,N,VIIRS,h,2,305.97,63.31,N,0
40.66821,-8.39837,332.29,0.4,0.45,2024-09-17,0256,N,VIIRS,n,2,324.18,134.99,N,0
40.6642,-8.38023,320.14,0.4,0.45,2024-09-17,0256,N,VIIRS,n,2,294.3,43.64,N,0
40.66321,-8.37573,347.25,0.4,0.45,2024-09-17,0256,N,VIIRS,n,2,296.62,43.64,N,0
40.66222,-8.37124,353.61,0.41,0.45,2024-09-17,0256,N,VIIRS,n,2,309.46,140.43,N,0
40.66124,-8.36686,367,0.41,0.45,2024-09-17,0256,N,VIIRS,h,2,331.75,140.43,N,0
40.65716,-8.34842,353.75,0.41,0.45,2024-09-17,0256,N,VIIRS,n,2,305.17,156.04,N,0
40.65617,-8.34393,351.13,0.41,0.45,2024-09-17,0256,N,VIIRS,n,2,319.5,38.49,N,0
40.65522,-8.33963,353.79,0.41,0.45,2024-09-17,0256,N,VIIRS,n,2,326.02,38.49,N,0
40.65418,-8.33494,348.63,0.41,0.45,2024-09-17,0256,N,VIIRS,n,2,325.33,27.81,N,0
40.65307,-8.32994,367,0.41,0.45,2024-09-17,0256,N,VIIRS,h,2,305.41,27.81,N,0
40.67025,-8.4076,316.41,0.4,0.44,2024-09-17,0256,N,VIIRS,n,2,294.91,63.31,N,0
40.66721,-8.39382,317.19,0.4,0.45,2024-09-17,0256,N,VIIRS,n,2,293.54,134.99,N,0
40.66621,-8.38934,309.41,0.4,0.45,2024-09-17,0256,N,VIIRS,n,2,293.03,4.35,N,0
40.66521,-8.38479,312.68,0.4,0.45,2024-09-17,0256,N,VIIRS,n,2,293.34,4.35,N,0
40.65189,-8.32458,315.95,0.41,0.45,2024-09-17,0256,N,VIIRS,n,2,292.05,8.01,N,0
40.66931,-8.42287,341.49,0.4,0.44,2024-09-17,0256,N,VIIRS,n,2,301.58,22.91,N,0
40.66626,-8.4091,347.96,0.4,0.44,2024-09-17,0256,N,VIIRS,n,2,301.9,63.31,N,0
40.66524,-8.40447,349.09,0.4,0.44,2024-09-17,0256,N,VIIRS,n,2,345.09,63.31,N,0
40.66321,-8.3953,354.32,0.4,0.45,2024-09-17,0256,N,VIIRS,n,2,298.12,134.99,N,0
40.66222,-8.3908,342.57,0.4,0.45,2024-09-17,0256,N,VIIRS,n,2,293.59,4.35,N,0
40.66122,-8.38631,340.98,0.4,0.45,2024-09-17,0256,N,VIIRS,n,2,293.74,4.35,N,0
40.66022,-8.38181,355.07,0.4,0.45,2024-09-17,0256,N,VIIRS,n,2,306.69,43.64,N,0
40.65924,-8.37735,338.85,0.4,0.45,2024-09-17,0256,N,VIIRS,n,2,320.62,43.64,N,0
40.65826,-8.37291,367,0.41,0.45,2024-09-17,0256,N,VIIRS,h,2,328.15,140.43,N,0
40.65728,-8.3685,367,0.41,0.45,2024-09-17,0256,N,VIIRS,h,2,323.43,140.43,N,0
40.6563,-8.36405,322.89,0.41,0.45,2024-09-17,0256,N,VIIRS,n,2,317.8,649.02,N,0
40.65524,-8.35928,367,0.41,0.45,2024-09-17,0256,N,VIIRS,h,2,344.64,649.02,N,0
40.65412,-8.35424,355.67,0.41,0.45,2024-09-17,0256,N,VIIRS,n,2,315.13,156.04,N,0
40.65311,-8.34969,354.55,0.41,0.45,2024-09-17,0256,N,VIIRS,n,2,317.1,156.04,N,0
40.65212,-8.34523,354.08,0.41,0.45,2024-09-17,0256,N,VIIRS,n,2,323.71,38.49,N,0
40.65113,-8.34077,367,0.41,0.45,2024-09-17,0256,N,VIIRS,h,2,313.46,38.49,N,0
40.65008,-8.33602,355.98,0.41,0.45,2024-09-17,0256,N,VIIRS,n,2,315.99,27.81,N,0
40.64895,-8.3309,345.46,0.41,0.45,2024-09-17,0256,N,VIIRS,n,2,299.98,27.81,N,0
40.6683,-8.41834,315.43,0.4,0.44,2024-09-17,0256,N,VIIRS,n,2,299.61,10.94,N,0
40.66728,-8.41372,318.84,0.4,0.44,2024-09-17,0256,N,VIIRS,n,2,295.8,10.94,N,0
40.66328,-8.41513,329.4,0.4,0.44,2024-09-17,0256,N,VIIRS,n,2,297.23,6.25,N,0
40.66227,-8.41056,367,0.4,0.44,2024-09-17,0256,N,VIIRS,h,2,306.15,67.06,N,0
40.66125,-8.40598,354.19,0.4,0.44,2024-09-17,0256,N,VIIRS,n,2,322.81,67.06,N,0
40.66024,-8.40139,367,0.4,0.45,2024-09-17,0256,N,VIIRS,h,2,324.3,60.94,N,0
40.65921,-8.39677,367,0.4,0.45,2024-09-17,0256,N,VIIRS,h,2,293.54,60.94,N,0
40.65821,-8.39224,350.99,0.4,0.45,2024-09-17,0256,N,VIIRS,n,2,292.05,37.58,N,0
40.65721,-8.38772,355.64,0.4,0.45,2024-09-17,0256,N,VIIRS,n,2,298.96,37.58,N,0
40.65624,-8.38334,334.02,0.4,0.45,2024-09-17,0256,N,VIIRS,n,2,328,133.64,N,0
40.6543,-8.37456,336.89,0.41,0.45,2024-09-17,0256,N,VIIRS,n,2,328.58,30.48,N,0
40.6533,-8.37005,367,0.41,0.45,2024-09-17,0256,N,VIIRS,h,2,308.53,30.48,N,0
40.65229,-8.36548,355.15,0.41,0.45,2024-09-17,0256,N,VIIRS,n,2,306.44,9.57,N,0
40.6512,-8.36061,343.17,0.41,0.45,2024-09-17,0256,N,VIIRS,n,2,302.51,9.57,N,0
40.6501,-8.35565,367,0.41,0.45,2024-09-17,0256,N,VIIRS,h,2,305.82,50.99,N,0
40.64907,-8.35101,367,0.41,0.45,2024-09-17,0256,N,VIIRS,h,2,311.28,50.99,N,0
40.64809,-8.34657,350.51,0.41,0.45,2024-09-17,0256,N,VIIRS,n,2,331.09,58.09,N,0
40.64705,-8.3419,332.29,0.41,0.45,2024-09-17,0256,N,VIIRS,n,2,320.82,58.09,N,0
40.64596,-8.33699,341.06,0.41,0.45,2024-09-17,0256,N,VIIRS,n,2,293.64,15.41,N,0
40.66529,-8.42424,308.57,0.4,0.44,2024-09-17,0256,N,VIIRS,n,2,294.07,2.47,N,0
40.66429,-8.41973,318.58,0.4,0.44,2024-09-17,0256,N,VIIRS,n,2,294.8,6.25,N,0
40.53096,-7.82486,300.8,0.43,0.46,2024-09-17,0256,N,VIIRS,n,2,288.75,0.56,N,0
40.66131,-8.42575,330.85,0.4,0.44,2024-09-17,0256,N,VIIRS,n,2,294.64,2.47,N,0
40.66031,-8.4212,352.56,0.4,0.44,2024-09-17,0256,N,VIIRS,n,2,298.28,6.25,N,0
40.65929,-8.41663,353.55,0.4,0.44,2024-09-17,0256,N,VIIRS,n,2,297.62,6.25,N,0
40.65829,-8.41208,367,0.4,0.44,2024-09-17,0256,N,VIIRS,h,2,303.74,67.06,N,0
40.65726,-8.40748,352.22,0.4,0.44,2024-09-17,0256,N,VIIRS,n,2,307.5,67.06,N,0
40.65625,-8.40288,354.03,0.4,0.45,2024-09-17,0256,N,VIIRS,n,2,294.64,60.94,N,0
40.65522,-8.39828,367,0.4,0.45,2024-09-17,0256,N,VIIRS,h,2,292.53,60.94,N,0
40.65421,-8.39371,357.18,0.4,0.45,2024-09-17,0256,N,VIIRS,n,2,299.04,37.58,N,0
41.18872,-8.1067,354.19,0.41,0.45,2024-09-17,0256,N,VIIRS,n,2,301.51,27.43,N,0
41.18776,-8.10235,367,0.41,0.45,2024-09-17,0256,N,VIIRS,h,2,358.18,81.39,N,0
41.18679,-8.09797,353.83,0.41,0.45,2024-09-17,0256,N,VIIRS,n,2,306.89,81.39,N,0
41.18576,-8.0933,340.42,0.41,0.45,2024-09-17,0256,N,VIIRS,n,2,293.21,54.36,N,0
41.17703,-8.05387,367,0.41,0.45,2024-09-17,0256,N,VIIRS,h,2,300.16,41.26,N,0
41.17603,-8.04933,350.77,0.41,0.45,2024-09-17,0256,N,VIIRS,n,2,316.83,28.84,N,0
41.17495,-8.04446,351.36,0.41,0.45,2024-09-17,0256,N,VIIRS,n,2,305.51,28.84,N,0
41.17377,-8.03911,347.32,0.41,0.45,2024-09-17,0256,N,VIIRS,n,2,299.79,26.79,N,0
41.17251,-8.03337,355.4,0.41,0.45,2024-09-17,0256,N,VIIRS,n,2,310.31,26.79,N,0
41.17127,-8.02779,322.44,0.41,0.45,2024-09-17,0256,N,VIIRS,n,2,289.76,8.63,N,0
41.16525,-8.00061,336.99,0.41,0.45,2024-09-17,0256,N,VIIRS,n,2,288.13,48.44,N,0
41.1643,-7.99634,337.78,0.41,0.45,2024-09-17,0256,N,VIIRS,n,2,287.82,48.44,N,0
41.18561,-8.11225,355.21,0.41,0.45,2024-09-17,0256,N,VIIRS,n,2,296.17,19.03,N,0
41.18464,-8.10787,367,0.41,0.45,2024-09-17,0256,N,VIIRS,h,2,299.85,19.03,N,0
41.18366,-8.10342,350.28,0.41,0.45,2024-09-17,0256,N,VIIRS,n,2,294.34,26.51,N,0
41.1769,-8.07289,339.47,0.41,0.45,2024-09-17,0256,N,VIIRS,n,2,294.24,46.52,N,0
41.17596,-8.06868,338.64,0.41,0.45,2024-09-17,0256,N,VIIRS,n,2,292.59,48.74,N,0
41.17299,-8.05522,349.31,0.41,0.45,2024-09-17,0256,N,VIIRS,n,2,295.97,6.81,N,0
41.17197,-8.05062,346.68,0.41,0.45,2024-09-17,0256,N,VIIRS,n,2,299.07,9.01,N,0
41.17091,-8.04586,349.61,0.41,0.45,2024-09-17,0256,N,VIIRS,n,2,295.87,9.01,N,0
41.18659,-8.11666,319.38,0.41,0.45,2024-09-17,0256,N,VIIRS,n,2,290.97,3.66,N,0
41.18266,-8.09889,306.28,0.41,0.45,2024-09-17,0256,N,VIIRS,n,2,291.75,26.51,N,0
41.16971,-8.04043,300.71,0.41,0.45,2024-09-17,0256,N,VIIRS,n,2,287.87,3.05,N,0
41.17286,-8.07424,339.3,0.41,0.45,2024-09-17,0256,N,VIIRS,n,2,312.43,46.52,N,0
41.16895,-8.05659,305.91,0.41,0.45,2024-09-17,0256,N,VIIRS,n,2,287.86,6.81,N,0
41.1679,-8.05188,318.55,0.41,0.45,2024-09-17,0256,N,VIIRS,n,2,287.39,9.01,N,0
41.19091,-8.17544,338.33,0.4,0.44,2024-09-17,0256,N,VIIRS,n,2,294.09,3.72,N,0
41.20593,-8.24368,303.24,0.4,0.44,2024-09-17,0256,N,VIIRS,n,2,289.84,1.5,N,0
41.20496,-8.23927,309.3,0.4,0.44,2024-09-17,0256,N,VIIRS,n,2,289.1,1.25,N,0
41.1869,-8.17686,304.8,0.4,0.44,2024-09-17,0256,N,VIIRS,n,2,291.65,3.72,N,0
41.19706,-8.2425,343.14,0.4,0.44,2024-09-17,0256,N,VIIRS,n,2,296.46,28.22,N,0
41.19607,-8.23799,353.21,0.4,0.44,2024-09-17,0256,N,VIIRS,n,2,302.16,28.22,N,0
41.19901,-8.25131,306.85,0.4,0.44,2024-09-17,0256,N,VIIRS,n,2,291.14,20.16,N,0
41.19804,-8.2469,317.23,0.4,0.44,2024-09-17,0256,N,VIIRS,n,2,293.08,20.16,N,0
41.19601,-8.2572,338.57,0.4,0.44,2024-09-17,0256,N,VIIRS,n,2,312.91,63.88,N,0
41.19504,-8.25282,342.49,0.4,0.44,2024-09-17,0256,N,VIIRS,n,2,317.06,20.16,N,0
41.19407,-8.24843,344.93,0.4,0.44,2024-09-17,0256,N,VIIRS,n,2,297.01,20.16,N,0
41.1931,-8.24405,348.06,0.4,0.44,2024-09-17,0256,N,VIIRS,n,2,314.64,28.22,N,0
41.19213,-8.23963,353.79,0.4,0.44,2024-09-17,0256,N,VIIRS,n,2,298.82,28.22,N,0
41.19204,-8.25873,323.85,0.4,0.44,2024-09-17,0256,N,VIIRS,n,2,290.49,3.85,N,0
41.14535,-8.04825,348.9,0.41,0.45,2024-09-17,0256,N,VIIRS,n,2,297.01,7.77,N,0
41.14424,-8.04324,343.94,0.41,0.45,2024-09-17,0256,N,VIIRS,n,2,295.26,7.77,N,0
41.19107,-8.25431,310.47,0.4,0.44,2024-09-17,0256,N,VIIRS,n,2,290.02,2.66,N,0
41.14232,-8.05416,335.85,0.41,0.45,2024-09-17,0256,N,VIIRS,n,2,291.08,7.84,N,0
41.14125,-8.04936,338.69,0.41,0.45,2024-09-17,0256,N,VIIRS,n,2,292.3,7.77,N,0
41.14016,-8.04446,335.94,0.41,0.45,2024-09-17,0256,N,VIIRS,n,2,292.98,7.77,N,0
41.13907,-8.03959,346.75,0.41,0.45,2024-09-17,0256,N,VIIRS,n,2,294.24,3.84,N,0
41.1361,-8.02632,332.51,0.41,0.45,2024-09-17,0256,N,VIIRS,n,2,290.03,5.12,N,0
41.13511,-8.02186,337.91,0.41,0.45,2024-09-17,0256,N,VIIRS,n,2,289.54,3.2,N,0
41.13805,-8.03505,311.92,0.41,0.45,2024-09-17,0256,N,VIIRS,n,2,289.89,3.84,N,0
41.14257,-8.07479,330.37,0.41,0.45,2024-09-17,0256,N,VIIRS,n,2,292.85,2.39,N,0
41.14146,-8.06981,314.1,0.41,0.45,2024-09-17,0256,N,VIIRS,n,2,291.46,3.83,N,0
41.13505,-8.04108,302.03,0.41,0.45,2024-09-17,0256,N,VIIRS,n,2,289.9,0.87,N,0
41.13404,-8.03657,303.97,0.41,0.45,2024-09-17,0256,N,VIIRS,n,2,288.97,0.87,N,0
41.13749,-8.07152,332.74,0.41,0.45,2024-09-17,0256,N,VIIRS,n,2,291.85,3.83,N,0
41.13637,-8.0665,347.08,0.41,0.45,2024-09-17,0256,N,VIIRS,n,2,295.56,3.83,N,0
41.12577,-8.01911,341.05,0.41,0.45,2024-09-17,0256,N,VIIRS,n,2,293.67,5.34,N,0
41.13853,-8.07617,308.59,0.41,0.45,2024-09-17,0256,N,VIIRS,n,2,290.05,2.39,N,0
41.13205,-8.04715,301.26,0.41,0.45,2024-09-17,0256,N,VIIRS,n,2,289.29,1.72,N,0
41.13102,-8.04257,311.03,0.41,0.45,2024-09-17,0256,N,VIIRS,n,2,289.74,0.87,N,0
41.12689,-8.02409,317.22,0.41,0.45,2024-09-17,0256,N,VIIRS,n,2,290.8,5.34,N,0
40.63418,-8.40085,332.36,0.4,0.45,2024-09-17,0256,N,VIIRS,n,2,301.67,34.02,N,0
40.63316,-8.3963,356.12,0.4,0.45,2024-09-17,0256,N,VIIRS,n,2,294.25,34.02,N,0
40.63214,-8.3917,367,0.4,0.45,2024-09-17,0256,N,VIIRS,h,2,293.51,8.76,N,0
40.6311,-8.38706,348.25,0.4,0.45,2024-09-17,0256,N,VIIRS,n,2,292.2,8.76,N,0
40.63007,-8.38242,330.08,0.41,0.45,2024-09-17,0256,N,VIIRS,n,2,292.15,3.04,N,0
40.62904,-8.3778,321.07,0.41,0.45,2024-09-17,0256,N,VIIRS,n,2,291.9,3.04,N,0
40.51663,-7.87947,353.32,0.43,0.46,2024-09-17,0256,N,VIIRS,n,2,295.87,11.63,N,0
40.5155,-7.87453,330.22,0.43,0.46,2024-09-17,0256,N,VIIRS,n,2,292.75,2.59,N,0
40.65682,-8.50274,311.27,0.4,0.44,2024-09-17,0256,N,VIIRS,n,2,291.95,26.92,N,0
40.6558,-8.49812,313.55,0.4,0.44,2024-09-17,0256,N,VIIRS,n,2,292.2,26.92,N,0
40.65478,-8.49351,308.14,0.4,0.44,2024-09-17,0256,N,VIIRS,n,2,292.31,3.28,N,0
40.65376,-8.48889,307.28,0.4,0.44,2024-09-17,0256,N,VIIRS,n,2,291.8,3.28,N,0
40.65066,-8.47494,312.05,0.4,0.44,2024-09-17,0256,N,VIIRS,n,2,291.95,6.4,N,0
40.64849,-8.46521,316.35,0.4,0.44,2024-09-17,0256,N,VIIRS,n,2,292.56,2.16,N,0
40.64745,-8.46049,314.53,0.4,0.44,2024-09-17,0256,N,VIIRS,n,2,293.06,2.16,N,0
40.628,-8.37315,314.53,0.41,0.45,2024-09-17,0256,N,VIIRS,n,2,291.55,1.96,N,0
40.62693,-8.36834,309.07,0.41,0.45,2024-09-17,0256,N,VIIRS,n,2,292.31,1.96,N,0
40.51324,-7.86463,300.33,0.43,0.46,2024-09-17,0256,N,VIIRS,n,2,289.5,0.78,N,0
40.65285,-8.50423,345.78,0.4,0.44,2024-09-17,0256,N,VIIRS,n,2,310.38,26.92,N,0
40.65183,-8.49962,351.58,0.4,0.44,2024-09-17,0256,N,VIIRS,n,2,305.45,26.92,N,0
40.6508,-8.49498,345.24,0.4,0.44,2024-09-17,0256,N,VIIRS,n,2,294.97,3.28,N,0
40.64977,-8.49035,328.95,0.4,0.44,2024-09-17,0256,N,VIIRS,n,2,292.83,3.28,N,0
40.64875,-8.48574,352.24,0.4,0.44,2024-09-17,0256,N,VIIRS,n,2,293.63,7.6,N,0
40.64243,-8.45734,351.49,0.4,0.44,2024-09-17,0256,N,VIIRS,n,2,296.21,42.11,N,0
40.64142,-8.4528,351.91,0.4,0.44,2024-09-17,0256,N,VIIRS,n,2,313.3,42.11,N,0
40.64039,-8.44816,367,0.4,0.44,2024-09-17,0256,N,VIIRS,h,2,321.18,95.41,N,0
40.63938,-8.44361,356.7,0.4,0.44,2024-09-17,0256,N,VIIRS,n,2,298.87,95.41,N,0
40.63836,-8.43904,333.73,0.4,0.44,2024-09-17,0256,N,VIIRS,n,2,322.36,283.35,N,0
40.63327,-8.4162,345.43,0.4,0.44,2024-09-17,0256,N,VIIRS,n,2,298.15,710.05,N,0
40.63224,-8.41158,355.54,0.4,0.45,2024-09-17,0256,N,VIIRS,n,2,292.93,125.56,N,0
40.63121,-8.40697,367,0.4,0.45,2024-09-17,0256,N,VIIRS,h,2,291.47,125.56,N,0
40.63019,-8.40238,348.66,0.4,0.45,2024-09-17,0256,N,VIIRS,n,2,291.37,34.02,N,0
40.62918,-8.39787,335.05,0.4,0.45,2024-09-17,0256,N,VIIRS,n,2,291.23,34.02,N,0
40.62816,-8.39327,325.97,0.4,0.45,2024-09-17,0256,N,VIIRS,n,2,291.32,8.76,N,0
40.62712,-8.38861,320.26,0.4,0.45,2024-09-17,0256,N,VIIRS,n,2,290.9,8.76,N,0
40.51476,-7.8908,338.34,0.43,0.46,2024-09-17,0256,N,VIIRS,n,2,293.81,15.9,N,0
40.51362,-7.88581,335.56,0.43,0.46,2024-09-17,0256,N,VIIRS,n,2,298.64,11.63,N,0
40.5125,-7.88091,356.19,0.43,0.46,2024-09-17,0256,N,VIIRS,n,2,294.88,11.63,N,0
40.65388,-8.50885,317.2,0.4,0.44,2024-09-17,0256,N,VIIRS,n,2,292.36,5.82,N,0
40.64771,-8.48107,315.56,0.4,0.44,2024-09-17,0256,N,VIIRS,n,2,291.13,7.6,N,0
40.64668,-8.47642,306.89,0.4,0.44,2024-09-17,0256,N,VIIRS,n,2,291.37,6.4,N,0
40.64558,-8.47151,308.34,0.4,0.44,2024-09-17,0256,N,VIIRS,n,2,291.75,6.4,N,0
40.64452,-8.46673,310.02,0.4,0.44,2024-09-17,0256,N,VIIRS,n,2,291.99,2.16,N,0
40.64346,-8.46198,318,0.4,0.44,2024-09-17,0256,N,VIIRS,n,2,292.93,2.16,N,0
40.62608,-8.38397,316.05,0.41,0.45,2024-09-17,0256,N,VIIRS,n,2,290.8,3.04,N,0
40.62504,-8.3793,314.25,0.41,0.45,2024-09-17,0256,N,VIIRS,n,2,290.23,3.04,N,0
40.62399,-8.37457,308.1,0.41,0.45,2024-09-17,0256,N,VIIRS,n,2,290.75,1.96,N,0
40.51138,-7.87598,302.46,0.43,0.46,2024-09-17,0256,N,VIIRS,n,2,289.31,2.59,N,0
40.6499,-8.5103,321.43,0.4,0.44,2024-09-17,0256,N,VIIRS,n,2,292.83,6.56,N,0
40.64888,-8.50568,333.86,0.4,0.44,2024-09-17,0256,N,VIIRS,n,2,313.08,34.93,N,0
40.64785,-8.50108,352.59,0.4,0.44,2024-09-17,0256,N,VIIRS,n,2,295.78,34.93,N,0
40.64682,-8.49643,333.77,0.4,0.44,2024-09-17,0256,N,VIIRS,n,2,292.39,2.08,N,0
40.6395,-8.46353,333.99,0.4,0.44,2024-09-17,0256,N,VIIRS,n,2,293.08,6.88,N,0
40.63846,-8.45888,356,0.4,0.44,2024-09-17,0256,N,VIIRS,n,2,297.81,20.16,N,0
40.63743,-8.45424,350.53,0.4,0.44,2024-09-17,0256,N,VIIRS,n,2,296.25,20.16,N,0
40.6364,-8.44963,351.7,0.4,0.44,2024-09-17,0256,N,VIIRS,n,2,295.15,6.97,N,0
40.63539,-8.44507,348.34,0.4,0.44,2024-09-17,0256,N,VIIRS,n,2,294.87,6.97,N,0
40.63435,-8.44042,355.28,0.4,0.44,2024-09-17,0256,N,VIIRS,n,2,295.3,18.39,N,0
40.63334,-8.43589,367,0.4,0.44,2024-09-17,0256,N,VIIRS,h,2,295.92,18.39,N,0
40.63233,-8.43135,350.94,0.4,0.44,2024-09-17,0256,N,VIIRS,n,2,296.78,24.36,N,0
40.6313,-8.42676,367,0.4,0.44,2024-09-17,0256,N,VIIRS,h,2,292.58,24.36,N,0
40.63029,-8.42222,355.91,0.4,0.44,2024-09-17,0256,N,VIIRS,n,2,290.91,7.45,N,0
40.62928,-8.41769,346.24,0.4,0.44,2024-09-17,0256,N,VIIRS,n,2,290.21,7.45,N,0
40.62825,-8.41308,335.19,0.4,0.45,2024-09-17,0256,N,VIIRS,n,2,290.66,4,N,0
40.62723,-8.40851,328.09,0.4,0.45,2024-09-17,0256,N,VIIRS,n,2,290.96,4,N,0
40.62621,-8.4039,322.65,0.4,0.45,2024-09-17,0256,N,VIIRS,n,2,290.16,2.51,N,0
40.6458,-8.49183,318.15,0.4,0.44,2024-09-17,0256,N,VIIRS,n,2,291.65,2.08,N,0
40.64476,-8.48719,309.41,0.4,0.44,2024-09-17,0256,N,VIIRS,n,2,291.35,1.46,N,0
40.64372,-8.48249,305.04,0.4,0.44,2024-09-17,0256,N,VIIRS,n,2,291.2,1.46,N,0
40.64159,-8.4729,306.3,0.4,0.44,2024-09-17,0256,N,VIIRS,n,2,291.7,2.74,N,0
40.64054,-8.46822,310.59,0.4,0.44,2024-09-17,0256,N,VIIRS,n,2,291.95,6.88,N,0
40.62519,-8.39938,316.83,0.4,0.45,2024-09-17,0256,N,VIIRS,n,2,290.16,2.51,N,0
40.62418,-8.39482,312.25,0.4,0.45,2024-09-17,0256,N,VIIRS,n,2,290.81,2.35,N,0
40.62315,-8.39019,310.33,0.4,0.45,2024-09-17,0256,N,VIIRS,n,2,290.81,2.35,N,0
40.62211,-8.38556,309.87,0.41,0.45,2024-09-17,0256,N,VIIRS,n,2,289.86,2.54,N,0
40.62106,-8.38088,308.04,0.41,0.45,2024-09-17,0256,N,VIIRS,n,2,290.11,2.54,N,0
40.51065,-7.89233,307.61,0.43,0.46,2024-09-17,0256,N,VIIRS,n,2,289.71,1.9,N,0
40.50951,-7.88731,318.67,0.43,0.46,2024-09-17,0256,N,VIIRS,n,2,290.71,2.34,N,0
40.64387,-8.50252,321.48,0.4,0.44,2024-09-17,0256,N,VIIRS,n,2,292.72,34.93,N,0
40.63553,-8.46507,333.91,0.4,0.44,2024-09-17,0256,N,VIIRS,n,2,292.39,6.88,N,0
40.63449,-8.46045,355.3,0.4,0.44,2024-09-17,0256,N,VIIRS,n,2,301.92,20.16,N,0
40.63346,-8.45579,327.07,0.4,0.44,2024-09-17,0256,N,VIIRS,n,2,292.48,20.16,N,0
40.63242,-8.45113,321.63,0.4,0.44,2024-09-17,0256,N,VIIRS,n,2,291.89,6.97,N,0
40.63138,-8.44647,320.86,0.4,0.44,2024-09-17,0256,N,VIIRS,n,2,292.02,6.97,N,0
40.63036,-8.44188,322.43,0.4,0.44,2024-09-17,0256,N,VIIRS,n,2,291.7,18.39,N,0
40.62934,-8.43734,325.75,0.4,0.44,2024-09-17,0256,N,VIIRS,n,2,290.96,18.39,N,0
40.6283,-8.43268,331.86,0.4,0.44,2024-09-17,0256,N,VIIRS,n,2,288.61,24.36,N,0
40.62729,-8.42814,332.27,0.4,0.44,2024-09-17,0256,N,VIIRS,n,2,286.25,24.36,N,0
40.62628,-8.4236,327.35,0.4,0.44,2024-09-17,0256,N,VIIRS,n,2,285.28,7.45,N,0
40.62528,-8.41912,321.36,0.4,0.44,2024-09-17,0256,N,VIIRS,n,2,287.17,7.45,N,0
40.66517,-8.59848,309.43,0.4,0.44,2024-09-17,0256,N,VIIRS,n,2,291.65,0.95,N,0
40.64592,-8.51174,309.2,0.4,0.44,2024-09-17,0256,N,VIIRS,n,2,292.67,6.56,N,0
40.64489,-8.50712,319.14,0.4,0.44,2024-09-17,0256,N,VIIRS,n,2,293.08,34.93,N,0
40.64284,-8.49788,315.83,0.4,0.44,2024-09-17,0256,N,VIIRS,n,2,292.39,2.08,N,0
40.64182,-8.49328,309.69,0.4,0.44,2024-09-17,0256,N,VIIRS,n,2,291.98,2.08,N,0
40.63655,-8.46967,307.12,0.4,0.44,2024-09-17,0256,N,VIIRS,n,2,291.75,6.88,N,0
40.62427,-8.41461,318.21,0.4,0.45,2024-09-17,0256,N,VIIRS,n,2,287.41,4,N,0
40.62325,-8.41005,314.51,0.4,0.45,2024-09-17,0256,N,VIIRS,n,2,288.98,4,N,0
40.62222,-8.40542,312.75,0.4,0.45,2024-09-17,0256,N,VIIRS,n,2,289.32,2.51,N,0
40.6212,-8.40088,310.34,0.4,0.45,2024-09-17,0256,N,VIIRS,n,2,289.74,2.51,N,0
40.62019,-8.39632,307.37,0.4,0.45,2024-09-17,0256,N,VIIRS,n,2,290.4,2.35,N,0
40.66123,-8.60001,321.5,0.4,0.44,2024-09-17,0256,N,VIIRS,n,2,291.14,1.81,N,0
40.63158,-8.46667,306.48,0.4,0.44,2024-09-17,0256,N,VIIRS,n,2,290.45,2.53,N,0
40.63053,-8.462,312.74,0.4,0.44,2024-09-17,0256,N,VIIRS,n,2,289.72,1.96,N,0
40.62949,-8.45733,310.04,0.4,0.44,2024-09-17,0256,N,VIIRS,n,2,289.86,1.96,N,0
40.62845,-8.45268,309.33,0.4,0.44,2024-09-17,0256,N,VIIRS,n,2,290.94,1.67,N,0
40.62741,-8.44801,308.28,0.4,0.44,2024-09-17,0256,N,VIIRS,n,2,290.11,1.67,N,0
40.62636,-8.44333,307.52,0.4,0.44,2024-09-17,0256,N,VIIRS,n,2,288.98,1.63,N,0
40.62533,-8.43872,308.17,0.4,0.44,2024-09-17,0256,N,VIIRS,n,2,287.48,1.63,N,0
40.62431,-8.43412,309.74,0.4,0.44,2024-09-17,0256,N,VIIRS,n,2,285.77,1.89,N,0
40.62329,-8.42958,309.6,0.4,0.44,2024-09-17,0256,N,VIIRS,n,2,284.38,1.89,N,0
40.62226,-8.42495,308.49,0.4,0.44,2024-09-17,0256,N,VIIRS,n,2,284.38,2.07,N,0
40.62127,-8.42054,308.81,0.4,0.44,2024-09-17,0256,N,VIIRS,n,2,284.95,2.07,N,0
40.62027,-8.41605,309.5,0.4,0.45,2024-09-17,0256,N,VIIRS,n,2,286.32,1.25,N,0
40.61926,-8.41154,309.4,0.4,0.45,2024-09-17,0256,N,VIIRS,n,2,287.48,1.25,N,0
40.61824,-8.40697,307.67,0.4,0.45,2024-09-17,0256,N,VIIRS,n,2,289.62,1.66,N,0
40.61723,-8.40244,306.14,0.4,0.45,2024-09-17,0256,N,VIIRS,n,2,290.06,1.66,N,0
40.61626,-8.41748,304.03,0.4,0.45,2024-09-17,0256,N,VIIRS,n,2,286.07,1.25,N,0
40.61526,-8.41302,304.78,0.4,0.45,2024-09-17,0256,N,VIIRS,n,2,288.39,1.25,N,0
40.61425,-8.40847,304.59,0.4,0.45,2024-09-17,0256,N,VIIRS,n,2,289.43,1.66,N,0
40.48428,-7.87456,332.82,0.43,0.46,2024-09-17,0256,N,VIIRS,n,2,291.28,3.6,N,0
40.48904,-7.89524,307.91,0.43,0.46,2024-09-17,0256,N,VIIRS,n,2,290.58,1.36,N,0
40.48466,-7.87615,334.81,0.43,0.46,2024-09-17,0256,N,VIIRS,n,2,291.94,3.54,N,0
40.48927,-7.89678,308.24,0.43,0.46,2024-09-17,0256,N,VIIRS,n,2,290.99,1.27,N,0
40.48049,-7.87741,341.2,0.43,0.46,2024-09-17,0256,N,VIIRS,n,2,293.47,3.54,N,0
40.48517,-7.89833,307.83,0.43,0.46,2024-09-17,0256,N,VIIRS,n,2,289.83,1.27,N,0
40.48172,-7.88287,301.64,0.43,0.46,2024-09-17,0256,N,VIIRS,n,2,290.14,3.54,N,0
40.48882,-7.93447,339.04,0.43,0.46,2024-09-17,0256,N,VIIRS,n,2,295.16,17.03,N,0
40.48769,-7.92942,328,0.43,0.46,2024-09-17,0256,N,VIIRS,n,2,291.79,17.03,N,0
40.48219,-7.90487,332.62,0.43,0.46,2024-09-17,0256,N,VIIRS,n,2,293.54,10.65,N,0
40.48107,-7.89988,348.3,0.43,0.46,2024-09-17,0256,N,VIIRS,n,2,304.91,10.65,N,0
40.47757,-7.88426,320.34,0.43,0.46,2024-09-17,0256,N,VIIRS,n,2,293.12,3.21,N,0
40.48547,-7.91949,303.67,0.43,0.46,2024-09-17,0256,N,VIIRS,n,2,290.19,2.85,N,0
40.47993,-7.89478,314.6,0.43,0.46,2024-09-17,0256,N,VIIRS,n,2,290.51,1.58,N,0
40.47877,-7.88963,311.53,0.43,0.46,2024-09-17,0256,N,VIIRS,n,2,290.24,1.58,N,0
40.47639,-7.879,317.58,0.43,0.46,2024-09-17,0256,N,VIIRS,n,2,291.53,3.21,N,0
40.48469,-7.9359,353.64,0.43,0.46,2024-09-17,0256,N,VIIRS,n,2,304.4,17.03,N,0
40.48357,-7.93088,321.56,0.43,0.46,2024-09-17,0256,N,VIIRS,n,2,292.83,17.03,N,0
40.48246,-7.92594,340.68,0.43,0.46,2024-09-17,0256,N,VIIRS,n,2,292.73,2.85,N,0
40.47809,-7.90644,349.88,0.43,0.46,2024-09-17,0256,N,VIIRS,n,2,299.33,10.65,N,0
40.47342,-7.8856,346.09,0.43,0.46,2024-09-17,0256,N,VIIRS,n,2,294.01,3.21,N,0
40.48583,-7.94096,314.68,0.43,0.46,2024-09-17,0256,N,VIIRS,n,2,290.54,5.18,N,0
40.48137,-7.92108,314.56,0.43,0.46,2024-09-17,0256,N,VIIRS,n,2,290.49,2.85,N,0
40.47696,-7.90139,317.71,0.43,0.46,2024-09-17,0256,N,VIIRS,n,2,290.79,10.65,N,0
40.47579,-7.89618,301.66,0.43,0.46,2024-09-17,0256,N,VIIRS,n,2,289.78,1.58,N,0
40.47459,-7.89084,308.47,0.43,0.46,2024-09-17,0256,N,VIIRS,n,2,290.89,1.58,N,0
40.4817,-7.94236,352.03,0.43,0.46,2024-09-17,0256,N,VIIRS,n,2,294.89,4.98,N,0
40.47398,-7.90793,325.56,0.43,0.46,2024-09-17,0256,N,VIIRS,n,2,291.58,1.93,N,0
40.47044,-7.89219,346.57,0.43,0.46,2024-09-17,0256,N,VIIRS,n,2,294.79,5.15,N,0
40.48057,-7.9373,303.59,0.43,0.46,2024-09-17,0256,N,VIIRS,n,2,291.63,2,N,0
40.47728,-7.92267,309.37,0.43,0.46,2024-09-17,0256,N,VIIRS,n,2,290.15,1.59,N,0
40.47509,-7.91287,309.17,0.43,0.46,2024-09-17,0256,N,VIIRS,n,2,290.63,2.3,N,0
40.47984,-7.95384,332.39,0.43,0.46,2024-09-17,0256,N,VIIRS,n,2,292.29,4.98,N,0
40.47871,-7.94883,340.88,0.43,0.46,2024-09-17,0256,N,VIIRS,n,2,294.42,4.98,N,0
40.4675,-7.89889,346,0.43,0.46,2024-09-17,0256,N,VIIRS,n,2,295.1,5.15,N,0
40.46632,-7.89367,327.68,0.43,0.46,2024-09-17,0256,N,VIIRS,n,2,291.79,5.15,N,0
40.47758,-7.9438,307.2,0.43,0.46,2024-09-17,0256,N,VIIRS,n,2,291.03,4.98,N,0
40.4687,-7.90425,303.5,0.43,0.46,2024-09-17,0256,N,VIIRS,n,2,290.22,1.93,N,0
40.47683,-7.96019,338.23,0.43,0.46,2024-09-17,0256,N,VIIRS,n,2,293.68,11.08,N,0
40.47572,-7.95526,352.37,0.43,0.46,2024-09-17,0256,N,VIIRS,n,2,300.4,11.08,N,0
40.46454,-7.90557,325.47,0.43,0.46,2024-09-17,0256,N,VIIRS,n,2,292.4,7.73,N,0
40.46334,-7.9002,352.12,0.43,0.46,2024-09-17,0256,N,VIIRS,n,2,295.11,10.39,N,0
40.4746,-7.95028,305.92,0.43,0.46,2024-09-17,0256,N,VIIRS,n,2,291.42,3.82,N,0
40.46801,-7.92099,304.44,0.43,0.46,2024-09-17,0256,N,VIIRS,n,2,289.21,1.81,N,0
40.46688,-7.91596,302.43,0.43,0.46,2024-09-17,0256,N,VIIRS,n,2,289.47,1.81,N,0
40.4727,-7.9616,367,0.43,0.46,2024-09-17,0256,N,VIIRS,h,2,296.41,11.08,N,0
40.46503,-7.92751,353.12,0.43,0.46,2024-09-17,0256,N,VIIRS,n,2,299.25,26.96,N,0
40.46392,-7.92254,327.18,0.43,0.46,2024-09-17,0256,N,VIIRS,n,2,291.86,1.81,N,0
40.46161,-7.91229,324.31,0.43,0.46,2024-09-17,0256,N,VIIRS,n,2,292.59,7.73,N,0
40.4604,-7.90694,344.29,0.43,0.46,2024-09-17,0256,N,VIIRS,n,2,297.34,7.73,N,0
40.47159,-7.95666,310.02,0.43,0.46,2024-09-17,0256,N,VIIRS,n,2,292.2,11.08,N,0
40.46278,-7.91748,301.97,0.43,0.46,2024-09-17,0256,N,VIIRS,n,2,290.49,1.81,N,0
40.46971,-7.96801,329.45,0.43,0.46,2024-09-17,0256,N,VIIRS,n,2,292.14,3.05,N,0
40.46206,-7.93403,352.57,0.43,0.46,2024-09-17,0256,N,VIIRS,n,2,296.92,8.48,N,0
40.46094,-7.92909,352.62,0.43,0.46,2024-09-17,0256,N,VIIRS,n,2,295.3,8.48,N,0
40.45747,-7.91368,355.15,0.43,0.46,2024-09-17,0256,N,VIIRS,n,2,302.99,22.69,N,0
40.45627,-7.90837,320.84,0.43,0.46,2024-09-17,0256,N,VIIRS,n,2,290.87,22.69,N,0
40.4686,-7.96309,313.14,0.43,0.46,2024-09-17,0256,N,VIIRS,n,2,292.61,2.45,N,0
40.46316,-7.93893,316.57,0.43,0.46,2024-09-17,0256,N,VIIRS,n,2,290.34,3.01,N,0
40.45981,-7.92405,310.85,0.43,0.46,2024-09-17,0256,N,VIIRS,n,2,290.72,13.49,N,0
40.45865,-7.91892,314.78,0.43,0.46,2024-09-17,0256,N,VIIRS,n,2,291.67,13.49,N,0
40.46233,-7.95496,323.19,0.43,0.46,2024-09-17,0256,N,VIIRS,n,2,290.93,3.63,N,0
40.45907,-7.94052,321.5,0.43,0.46,2024-09-17,0256,N,VIIRS,n,2,290.53,3.01,N,0
40.45452,-7.92035,342.83,0.43,0.46,2024-09-17,0256,N,VIIRS,n,2,302.09,13.49,N,0
40.45333,-7.91507,328.48,0.43,0.46,2024-09-17,0256,N,VIIRS,n,2,303.27,22.69,N,0
40.46561,-7.96953,317.73,0.43,0.46,2024-09-17,0256,N,VIIRS,n,2,291.33,3.05,N,0
40.46451,-7.96466,315.34,0.43,0.46,2024-09-17,0256,N,VIIRS,n,2,292.13,2.45,N,0
40.45797,-7.93562,314.17,0.43,0.46,2024-09-17,0256,N,VIIRS,n,2,291.53,8.48,N,0
40.45684,-7.93063,314.65,0.43,0.46,2024-09-17,0256,N,VIIRS,n,2,292.87,8.48,N,0
40.4557,-7.92556,312.48,0.43,0.46,2024-09-17,0256,N,VIIRS,n,2,291.58,13.49,N,0
40.45608,-7.94695,320.46,0.43,0.46,2024-09-17,0256,N,VIIRS,n,2,291.88,4.79,N,0
40.45387,-7.93716,332.96,0.43,0.46,2024-09-17,0256,N,VIIRS,n,2,293.48,2.65,N,0
40.4516,-7.92709,335.54,0.43,0.46,2024-09-17,0256,N,VIIRS,n,2,294.6,27.34,N,0
40.45039,-7.92178,343.01,0.43,0.46,2024-09-17,0256,N,VIIRS,n,2,313.22,27.34,N,0
40.46152,-7.9711,303.88,0.43,0.46,2024-09-17,0256,N,VIIRS,n,2,291.63,0.98,N,0
40.45274,-7.93219,316.64,0.43,0.46,2024-09-17,0256,N,VIIRS,n,2,292.4,2.65,N,0
40.4492,-7.91649,307.81,0.43,0.46,2024-09-17,0256,N,VIIRS,n,2,291.16,7.58,N,0
40.45967,-7.98253,321.79,0.43,0.46,2024-09-17,0256,N,VIIRS,n,2,291.18,2.57,N,0
40.45199,-7.94852,348.01,0.43,0.46,2024-09-17,0256,N,VIIRS,n,2,295.79,4.79,N,0
40.45088,-7.94363,330.7,0.43,0.46,2024-09-17,0256,N,VIIRS,n,2,294.88,4.79,N,0
40.44977,-7.9387,325.42,0.43,0.46,2024-09-17,0256,N,VIIRS,n,2,295.83,2.65,N,0
40.44864,-7.93371,321.88,0.43,0.46,2024-09-17,0256,N,VIIRS,n,2,292.26,2.65,N,0
40.44749,-7.92863,344.9,0.43,0.46,2024-09-17,0256,N,VIIRS,n,2,298.66,27.34,N,0
40.44627,-7.92322,330.9,0.43,0.46,2024-09-17,0256,N,VIIRS,n,2,292.89,27.34,N,0
40.4608,-7.98755,319.27,0.43,0.46,2024-09-17,0256,N,VIIRS,n,2,290.93,2.57,N,0
40.45855,-7.97759,309.62,0.43,0.46,2024-09-17,0256,N,VIIRS,n,2,291.03,0.98,N,0
40.45746,-7.97275,306.27,0.43,0.46,2024-09-17,0256,N,VIIRS,n,2,290.48,0.98,N,0
40.45782,-7.99402,348.86,0.43,0.46,2024-09-17,0256,N,VIIRS,n,2,304.52,28.01,N,0
40.4567,-7.98902,367,0.43,0.46,2024-09-17,0256,N,VIIRS,h,2,303.4,18.33,N,0
40.45558,-7.98409,322.33,0.43,0.46,2024-09-17,0256,N,VIIRS,n,2,297.36,18.33,N,0
40.44453,-7.93519,324.16,0.43,0.46,2024-09-17,0256,N,VIIRS,n,2,294.57,16.76,N,0
40.44335,-7.93,350.01,0.43,0.46,2024-09-17,0256,N,VIIRS,n,2,310.77,29,N,0
40.45448,-7.97921,306.07,0.43,0.46,2024-09-17,0256,N,VIIRS,n,2,290.91,2.41,N,0
40.45339,-7.97441,302.71,0.43,0.46,2024-09-17,0256,N,VIIRS,n,2,290.05,2.41,N,0
40.44788,-7.95002,307.55,0.43,0.46,2024-09-17,0256,N,VIIRS,n,2,291.77,1.39,N,0
40.44678,-7.94516,312.39,0.43,0.46,2024-09-17,0256,N,VIIRS,n,2,292.84,1.39,N,0
40.44567,-7.94023,318.32,0.43,0.46,2024-09-17,0256,N,VIIRS,n,2,292.89,16.76,N,0
40.44214,-7.92467,315.5,0.43,0.46,2024-09-17,0256,N,VIIRS,n,2,291.18,29,N,0
40.45371,-7.99543,346.72,0.43,0.46,2024-09-17,0256,N,VIIRS,n,2,294.72,28.01,N,0
40.45261,-7.99056,352.32,0.43,0.46,2024-09-17,0256,N,VIIRS,n,2,295.1,18.33,N,0
40.45151,-7.98571,327.57,0.43,0.46,2024-09-17,0256,N,VIIRS,n,2,291.57,18.33,N,0
40.45042,-7.9809,345.13,0.43,0.46,2024-09-17,0256,N,VIIRS,n,2,293.01,2.41,N,0
40.44602,-7.96144,326.68,0.43,0.46,2024-09-17,0256,N,VIIRS,n,2,292.47,2.43,N,0
40.4404,-7.93663,349.4,0.43,0.46,2024-09-17,0256,N,VIIRS,n,2,307.59,16.76,N,0
40.4392,-7.93132,327.69,0.43,0.46,2024-09-17,0256,N,VIIRS,n,2,296.83,29,N,0
40.44488,-7.95641,315.31,0.43,0.46,2024-09-17,0256,N,VIIRS,n,2,292.81,2.43,N,0
40.44378,-7.95152,309.91,0.43,0.46,2024-09-17,0256,N,VIIRS,n,2,291.82,1.39,N,0
40.44269,-7.94673,315.91,0.43,0.46,2024-09-17,0256,N,VIIRS,n,2,294.42,1.39,N,0
40.44157,-7.94176,318.7,0.43,0.46,2024-09-17,0256,N,VIIRS,n,2,293.64,16.76,N,0
40.45074,-8.0019,346.44,0.43,0.46,2024-09-17,0256,N,VIIRS,n,2,295.14,71.88,N,0
40.44964,-7.99702,347.83,0.43,0.46,2024-09-17,0256,N,VIIRS,n,2,295.49,71.88,N,0
40.44192,-7.96294,327.87,0.43,0.46,2024-09-17,0256,N,VIIRS,n,2,292.04,2.5,N,0
40.44078,-7.95795,321.44,0.43,0.46,2024-09-17,0256,N,VIIRS,n,2,292.2,2.5,N,0
40.43746,-7.94327,331.54,0.43,0.46,2024-09-17,0256,N,VIIRS,n,2,296,30.29,N,0
40.43628,-7.93807,351.33,0.43,0.46,2024-09-17,0256,N,VIIRS,n,2,298.66,30.29,N,0
40.43967,-7.95302,316.23,0.43,0.46,2024-09-17,0256,N,VIIRS,n,2,293.24,4.73,N,0
40.43859,-7.94824,312.53,0.43,0.46,2024-09-17,0256,N,VIIRS,n,2,292.72,4.73,N,0
40.44775,-8.00827,325.7,0.43,0.46,2024-09-17,0256,N,VIIRS,n,2,292.31,13.66,N,0
40.44665,-8.00342,345.11,0.43,0.46,2024-09-17,0256,N,VIIRS,n,2,332.15,71.88,N,0
40.43444,-7.94959,342.93,0.43,0.46,2024-09-17,0256,N,VIIRS,n,2,296.77,4.73,N,0
40.43331,-7.9446,341.54,0.43,0.46,2024-09-17,0256,N,VIIRS,n,2,317.45,30.29,N,0
40.4321,-7.93928,327.03,0.43,0.46,2024-09-17,0256,N,VIIRS,n,2,295.05,30.29,N,0
40.43668,-7.95943,316.06,0.43,0.46,2024-09-17,0256,N,VIIRS,n,2,291.21,2.5,N,0
40.43555,-7.95445,319.66,0.43,0.46,2024-09-17,0256,N,VIIRS,n,2,294.3,4.73,N,0
40.44367,-8.00984,342.75,0.43,0.46,2024-09-17,0256,N,VIIRS,n,2,327.23,71.06,N,0
40.4426,-8.00511,367,0.43,0.46,2024-09-17,0256,N,VIIRS,h,2,320.06,52.97,N,0
40.44152,-8.00035,320.64,0.43,0.46,2024-09-17,0256,N,VIIRS,n,2,291.4,52.97,N,0
40.43255,-7.96083,357.36,0.43,0.46,2024-09-17,0256,N,VIIRS,n,2,301.03,37.39,N,0
40.43141,-7.95582,355.11,0.43,0.46,2024-09-17,0256,N,VIIRS,n,2,301.65,56.24,N,0
40.43029,-7.95088,345.78,0.43,0.46,2024-09-17,0256,N,VIIRS,n,2,325.66,56.24,N,0
40.44475,-8.01461,304.74,0.43,0.46,2024-09-17,0256,N,VIIRS,n,2,291.4,71.06,N,0
40.4337,-7.96588,308.06,0.43,0.46,2024-09-17,0256,N,VIIRS,n,2,291.14,37.39,N,0
40.42916,-7.94592,318.02,0.43,0.46,2024-09-17,0256,N,VIIRS,n,2,296.06,41.02,N,0
40.44071,-8.01634,324.97,0.43,0.46,2024-09-17,0256,N,VIIRS,n,2,292.22,71.06,N,0
40.43963,-8.01158,367,0.43,0.46,2024-09-17,0256,N,VIIRS,h,2,326.65,71.06,N,0
40.43856,-8.00687,321.8,0.43,0.46,2024-09-17,0256,N,VIIRS,n,2,295.64,52.97,N,0
40.43415,-7.98744,328.17,0.43,0.46,2024-09-17,0256,N,VIIRS,n,2,292.17,4.02,N,0
40.433,-7.98238,333.98,0.43,0.46,2024-09-17,0256,N,VIIRS,n,2,293.21,4.02,N,0
40.43073,-7.97236,343.54,0.43,0.46,2024-09-17,0256,N,VIIRS,n,2,294.39,7.57,N,0
40.42958,-7.96733,354.66,0.43,0.46,2024-09-17,0256,N,VIIRS,n,2,305.23,37.39,N,0
40.42842,-7.96223,343.56,0.43,0.46,2024-09-17,0256,N,VIIRS,n,2,313.1,37.39,N,0
40.42728,-7.95718,338.06,0.43,0.46,2024-09-17,0256,N,VIIRS,n,2,314.64,56.24,N,0
40.42615,-7.95223,351.9,0.43,0.46,2024-09-17,0256,N,VIIRS,n,2,298.66,56.24,N,0
40.43186,-7.97736,309.44,0.43,0.46,2024-09-17,0256,N,VIIRS,n,2,291.83,7.57,N,0
40.43667,-8.01808,330.97,0.43,0.46,2024-09-17,0256,N,VIIRS,n,2,291.79,5.74,N,0
40.43559,-8.01329,340.23,0.43,0.46,2024-09-17,0256,N,VIIRS,n,2,292.19,5.74,N,0
40.43006,-7.98898,348.41,0.43,0.46,2024-09-17,0256,N,VIIRS,n,2,294.59,3.8,N,0
40.42662,-7.97386,340.8,0.43,0.46,2024-09-17,0256,N,VIIRS,n,2,295.32,31.61,N,0
40.42547,-7.9688,355.52,0.43,0.46,2024-09-17,0256,N,VIIRS,n,2,327.25,165.33,N,0
40.42313,-7.95852,321.73,0.43,0.46,2024-09-17,0256,N,VIIRS,n,2,299.62,26.51,N,0
40.43118,-7.99391,305.91,0.43,0.46,2024-09-17,0256,N,VIIRS,n,2,290.01,1.61,N,0
40.42892,-7.98398,302.58,0.43,0.46,2024-09-17,0256,N,VIIRS,n,2,290.83,3.8,N,0
40.42254,-7.97543,367,0.43,0.46,2024-09-17,0256,N,VIIRS,h,2,299.33,31.61,N,0
40.42137,-7.97029,327.14,0.43,0.46,2024-09-17,0256,N,VIIRS,n,2,324.32,165.33,N,0
40.42017,-7.96505,336.11,0.43,0.46,2024-09-17,0256,N,VIIRS,n,2,295.27,165.33,N,0
40.41906,-7.96014,304.71,0.43,0.46,2024-09-17,0256,N,VIIRS,n,2,290.88,26.51,N,0
40.41961,-7.98209,328.11,0.43,0.46,2024-09-17,0256,N,VIIRS,n,2,292.18,6.92,N,0
40.41844,-7.97697,349.74,0.43,0.46,2024-09-17,0256,N,VIIRS,n,2,292.67,6.92,N,0
40.41725,-7.97173,316.23,0.43,0.46,2024-09-17,0256,N,VIIRS,n,2,291.39,1.9,N,0
40.41607,-7.96659,305.01,0.43,0.46,2024-09-17,0256,N,VIIRS,n,2,290.54,1.9,N,0
40.20555,-7.37656,299.62,0.46,0.47,2024-09-17,0256,N,VIIRS,n,2,286.05,1.14,N,0
40.34434,-8.34203,314.16,0.41,0.45,2024-09-17,0256,N,VIIRS,n,2,288.89,0.92,N,0
40.18967,-8.37986,306.76,0.41,0.45,2024-09-17,0256,N,VIIRS,n,2,291.58,0.73,N,0
40.18662,-8.38579,328.39,0.41,0.45,2024-09-17,0256,N,VIIRS,n,2,293.01,2.6,N,0
40.18766,-8.39044,302.75,0.41,0.45,2024-09-17,0256,N,VIIRS,n,2,291.45,1.63,N,0
40.73528,-8.48834,329.6,0.4,0.44,2024-09-17,0256,N,VIIRS,n,2,295.95,3.05,N,0
41.45903,-7.72333,329.97,0.42,0.45,2024-09-17,0256,N,VIIRS,n,2,290.79,2.16,N,0
41.55815,-8.17364,300.41,0.4,0.44,2024-09-17,0256,N,VIIRS,n,2,289.2,12.52,N,0
41.46019,-7.72853,314.86,0.42,0.45,2024-09-17,0256,N,VIIRS,n,2,286.97,2.16,N,0
41.45788,-7.71813,317.33,0.42,0.45,2024-09-17,0256,N,VIIRS,n,2,288.98,1.76,N,0
41.45672,-7.71292,316.66,0.42,0.45,2024-09-17,0256,N,VIIRS,n,2,288.32,1.76,N,0
41.45425,-7.70176,312.05,0.42,0.45,2024-09-17,0256,N,VIIRS,n,2,286.01,9.88,N,0
41.4453,-7.6615,299.35,0.42,0.45,2024-09-17,0256,N,VIIRS,n,2,285.67,0.8,N,0
41.44437,-7.65735,307.15,0.42,0.45,2024-09-17,0256,N,VIIRS,n,2,288.15,1.06,N,0
41.44344,-7.65319,306.6,0.42,0.45,2024-09-17,0256,N,VIIRS,n,2,286.69,1.06,N,0
41.44147,-7.64442,297.25,0.42,0.45,2024-09-17,0256,N,VIIRS,n,2,284.82,8.5,N,0
41.44037,-7.6395,299.82,0.42,0.45,2024-09-17,0256,N,VIIRS,n,2,286.41,23.09,N,0
41.4392,-7.63422,311.56,0.42,0.45,2024-09-17,0256,N,VIIRS,n,2,289.59,23.09,N,0
41.43798,-7.62873,314.61,0.42,0.45,2024-09-17,0256,N,VIIRS,n,2,288.2,6.45,N,0
41.5543,-8.17567,340.31,0.4,0.44,2024-09-17,0256,N,VIIRS,n,2,304.29,12.52,N,0
41.55331,-8.17114,342.96,0.4,0.44,2024-09-17,0256,N,VIIRS,n,2,295.11,8.69,N,0
41.55237,-8.16683,339.64,0.4,0.44,2024-09-17,0256,N,VIIRS,n,2,294.21,8.69,N,0
41.45017,-7.70316,340.25,0.42,0.45,2024-09-17,0256,N,VIIRS,n,2,293.96,9.88,N,0
41.43845,-7.65062,337.08,0.42,0.45,2024-09-17,0256,N,VIIRS,n,2,287.75,8.5,N,0
41.4374,-7.64595,367,0.42,0.45,2024-09-17,0256,N,VIIRS,h,2,297.8,8.5,N,0
41.43631,-7.64105,343.05,0.42,0.45,2024-09-17,0256,N,VIIRS,n,2,295.5,23.09,N,0
41.43517,-7.63591,349.82,0.42,0.45,2024-09-17,0256,N,VIIRS,n,2,306.89,23.09,N,0
41.43394,-7.63042,332.66,0.42,0.45,2024-09-17,0256,N,VIIRS,n,2,287.12,6.45,N,0
41.5553,-8.18026,308.62,0.4,0.44,2024-09-17,0256,N,VIIRS,n,2,290.15,12.52,N,0
41.54966,-8.15443,303.87,0.4,0.44,2024-09-17,0256,N,VIIRS,n,2,289.48,3.09,N,0
41.45624,-7.73052,302.15,0.42,0.45,2024-09-17,0256,N,VIIRS,n,2,286.38,2.16,N,0
41.4551,-7.7254,304.2,0.42,0.45,2024-09-17,0256,N,VIIRS,n,2,286.8,2.16,N,0
41.45393,-7.72012,297.16,0.42,0.45,2024-09-17,0256,N,VIIRS,n,2,284.5,1.76,N,0
41.44895,-7.69767,310.21,0.42,0.45,2024-09-17,0256,N,VIIRS,n,2,286.38,7.34,N,0
41.44129,-7.66331,305.93,0.42,0.45,2024-09-17,0256,N,VIIRS,n,2,288.07,0.8,N,0
41.44035,-7.65911,305.54,0.42,0.45,2024-09-17,0256,N,VIIRS,n,2,288.28,1.06,N,0
41.43942,-7.65498,302.62,0.42,0.45,2024-09-17,0256,N,VIIRS,n,2,285.95,1.06,N,0
41.55139,-8.18196,348.92,0.4,0.44,2024-09-17,0256,N,VIIRS,n,2,312.38,295.91,N,0
41.54944,-8.17304,348.83,0.4,0.44,2024-09-17,0256,N,VIIRS,n,2,307.93,39.9,N,0
41.5485,-8.16874,352.6,0.4,0.44,2024-09-17,0256,N,VIIRS,n,2,305.25,39.9,N,0
41.54757,-8.16448,341.16,0.4,0.44,2024-09-17,0256,N,VIIRS,n,2,312.83,31.22,N,0
41.54667,-8.1604,356.63,0.4,0.44,2024-09-17,0256,N,VIIRS,n,2,301.79,31.22,N,0
41.5458,-8.1564,367,0.4,0.44,2024-09-17,0256,N,VIIRS,h,2,301.44,13.99,N,0
41.54487,-8.15216,367,0.4,0.44,2024-09-17,0256,N,VIIRS,h,2,298.38,13.99,N,0
41.54393,-8.14786,320.88,0.4,0.44,2024-09-17,0256,N,VIIRS,n,2,288.49,3.31,N,0
41.44875,-7.7166,324.88,0.42,0.45,2024-09-17,0256,N,VIIRS,n,2,285.63,3.29,N,0
41.44613,-7.70473,354.64,0.42,0.45,2024-09-17,0256,N,VIIRS,n,2,295.9,10.23,N,0
41.4344,-7.65223,346.71,0.42,0.45,2024-09-17,0256,N,VIIRS,n,2,296.97,23.27,N,0
41.43335,-7.64756,334.75,0.42,0.45,2024-09-17,0256,N,VIIRS,n,2,284.4,23.27,N,0
41.55238,-8.18649,306.23,0.4,0.44,2024-09-17,0256,N,VIIRS,n,2,290.27,11.23,N,0
41.45115,-7.72739,305.47,0.42,0.45,2024-09-17,0256,N,VIIRS,n,2,285.63,2.94,N,0
41.44998,-7.72214,318.02,0.42,0.45,2024-09-17,0256,N,VIIRS,n,2,285.63,3.29,N,0
41.44744,-7.71071,298.16,0.42,0.45,2024-09-17,0256,N,VIIRS,n,2,284.29,10.23,N,0
41.44489,-7.69919,317.86,0.42,0.45,2024-09-17,0256,N,VIIRS,n,2,284.97,6.28,N,0
41.43726,-7.66501,316.62,0.42,0.45,2024-09-17,0256,N,VIIRS,n,2,292.7,2.76,N,0
41.43632,-7.66081,316.59,0.42,0.45,2024-09-17,0256,N,VIIRS,n,2,291.8,2.54,N,0
41.43538,-7.65662,305.05,0.42,0.45,2024-09-17,0256,N,VIIRS,n,2,286.69,2.54,N,0
41.43227,-7.64269,303.73,0.42,0.45,2024-09-17,0256,N,VIIRS,n,2,284.01,1.17,N,0
41.43113,-7.63761,299.23,0.42,0.45,2024-09-17,0256,N,VIIRS,n,2,283.73,1.17,N,0
41.54839,-8.18781,323.61,0.4,0.44,2024-09-17,0256,N,VIIRS,n,2,293.74,11.23,N,0
41.54743,-8.18342,367,0.4,0.44,2024-09-17,0256,N,VIIRS,h,2,348.63,295.91,N,0
41.54648,-8.17907,367,0.4,0.44,2024-09-17,0256,N,VIIRS,h,2,338.49,295.91,N,0
41.54554,-8.1748,340.08,0.4,0.44,2024-09-17,0256,N,VIIRS,n,2,314.97,39.9,N,0
41.54461,-8.17056,355.38,0.4,0.44,2024-09-17,0256,N,VIIRS,n,2,295.88,39.9,N,0
41.54367,-8.16628,356.2,0.4,0.44,2024-09-17,0256,N,VIIRS,n,2,301.95,31.22,N,0
41.54273,-8.16198,340.93,0.4,0.44,2024-09-17,0256,N,VIIRS,n,2,296.17,31.22,N,0
41.4472,-7.72937,323.21,0.42,0.45,2024-09-17,0256,N,VIIRS,n,2,286.26,2.94,N,0
41.44603,-7.72409,342.32,0.42,0.45,2024-09-17,0256,N,VIIRS,n,2,287.51,3.29,N,0
41.44342,-7.71237,325.31,0.42,0.45,2024-09-17,0256,N,VIIRS,n,2,287.35,10.23,N,0
41.44212,-7.70649,349.08,0.42,0.45,2024-09-17,0256,N,VIIRS,n,2,289.2,10.23,N,0
41.43324,-7.66671,329,0.42,0.45,2024-09-17,0256,N,VIIRS,n,2,296.79,2.76,N,0
41.43229,-7.6625,323.61,0.42,0.45,2024-09-17,0256,N,VIIRS,n,2,293.5,2.54,N,0
41.43133,-7.65822,326.26,0.42,0.45,2024-09-17,0256,N,VIIRS,n,2,291.42,2.54,N,0
41.54182,-8.15782,300.17,0.4,0.44,2024-09-17,0256,N,VIIRS,n,2,288.9,13.99,N,0
41.44477,-7.71843,314.35,0.42,0.45,2024-09-17,0256,N,VIIRS,n,2,284.74,3.29,N,0
41.43421,-7.67106,308.23,0.42,0.45,2024-09-17,0256,N,VIIRS,n,2,288.59,2.76,N,0
41.54351,-8.1851,321.28,0.4,0.44,2024-09-17,0256,N,VIIRS,n,2,292.48,2.37,N,0
41.54071,-8.17229,334.02,0.4,0.44,2024-09-17,0256,N,VIIRS,n,2,317.89,47.01,N,0
41.53976,-8.16797,355.61,0.4,0.44,2024-09-17,0256,N,VIIRS,n,2,302.23,22.29,N,0
41.5388,-8.1636,341.98,0.4,0.44,2024-09-17,0256,N,VIIRS,n,2,293.8,22.29,N,0
41.53689,-8.15486,331.57,0.4,0.44,2024-09-17,0256,N,VIIRS,n,2,291.94,1.65,N,0
41.53492,-8.14588,320.98,0.4,0.44,2024-09-17,0256,N,VIIRS,n,2,292.74,2.63,N,0
41.53289,-8.13663,345.94,0.4,0.44,2024-09-17,0256,N,VIIRS,n,2,296.55,4.92,N,0
41.53192,-8.13221,342.16,0.4,0.44,2024-09-17,0256,N,VIIRS,n,2,292.58,9.27,N,0
41.442,-7.72572,346.2,0.42,0.45,2024-09-17,0256,N,VIIRS,n,2,288.09,4.28,N,0
41.43937,-7.71391,353.95,0.42,0.45,2024-09-17,0256,N,VIIRS,n,2,292.48,7.77,N,0
41.42919,-7.66832,367,0.42,0.45,2024-09-17,0256,N,VIIRS,h,2,315.44,29.45,N,0
41.42825,-7.66413,351.46,0.42,0.45,2024-09-17,0256,N,VIIRS,n,2,316.69,29.14,N,0
41.42728,-7.65982,356.95,0.42,0.45,2024-09-17,0256,N,VIIRS,n,2,296.65,29.14,N,0
41.54444,-8.18932,308.1,0.4,0.44,2024-09-17,0256,N,VIIRS,n,2,293.01,1.78,N,0
41.54257,-8.18081,313.71,0.4,0.44,2024-09-17,0256,N,VIIRS,n,2,291.84,2.37,N,0
41.54164,-8.17655,312.82,0.4,0.44,2024-09-17,0256,N,VIIRS,n,2,292.1,47.01,N,0
41.53785,-8.15925,300.98,0.4,0.44,2024-09-17,0256,N,VIIRS,n,2,289.36,1.65,N,0
41.53389,-8.14122,315.03,0.4,0.44,2024-09-17,0256,N,VIIRS,n,2,290.5,4.92,N,0
41.44071,-7.71993,316.23,0.42,0.45,2024-09-17,0256,N,VIIRS,n,2,287.82,4.28,N,0
41.43808,-7.70814,298.62,0.42,0.45,2024-09-17,0256,N,VIIRS,n,2,284.06,7.77,N,0
41.43017,-7.6727,319.95,0.42,0.45,2024-09-17,0256,N,VIIRS,n,2,290.17,29.45,N,0
41.5309,-8.14709,333.33,0.4,0.44,2024-09-17,0256,N,VIIRS,n,2,296.01,2.63,N,0
41.52791,-8.13351,342.23,0.4,0.44,2024-09-17,0256,N,VIIRS,n,2,296.78,9.27,N,0
41.43795,-7.72724,329.35,0.42,0.45,2024-09-17,0256,N,VIIRS,n,2,285.9,4.28,N,0
41.43665,-7.72143,329.09,0.42,0.45,2024-09-17,0256,N,VIIRS,n,2,290.58,4.28,N,0
41.43531,-7.71541,350.82,0.42,0.45,2024-09-17,0256,N,VIIRS,n,2,295.09,7.77,N,0
41.42515,-7.66999,367,0.42,0.45,2024-09-17,0256,N,VIIRS,h,2,294.8,29.45,N,0
41.42419,-7.66569,334.56,0.42,0.45,2024-09-17,0256,N,VIIRS,n,2,292.39,29.14,N,0
41.53191,-8.15171,301.08,0.4,0.44,2024-09-17,0256,N,VIIRS,n,2,289.83,2.63,N,0
41.52988,-8.14247,301.54,0.4,0.44,2024-09-17,0256,N,VIIRS,n,2,289.22,4.92,N,0
41.52889,-8.13795,307.23,0.4,0.44,2024-09-17,0256,N,VIIRS,n,2,289.88,4.92,N,0
41.43911,-7.73246,298.57,0.42,0.45,2024-09-17,0256,N,VIIRS,n,2,283.57,2.05,N,0
41.42615,-7.67442,303.46,0.42,0.45,2024-09-17,0256,N,VIIRS,n,2,286.38,29.45,N,0
41.42321,-7.66134,301.94,0.42,0.45,2024-09-17,0256,N,VIIRS,n,2,285.48,29.14,N,0
41.52687,-8.14833,322.65,0.4,0.44,2024-09-17,0256,N,VIIRS,n,2,291.93,2.4,N,0
41.52486,-8.13913,354.94,0.4,0.44,2024-09-17,0256,N,VIIRS,n,2,297.42,21.5,N,0
41.52386,-8.13461,331.32,0.4,0.44,2024-09-17,0256,N,VIIRS,n,2,291.72,13.15,N,0
41.43507,-7.73402,341.08,0.42,0.45,2024-09-17,0256,N,VIIRS,n,2,287.11,65.26,N,0
41.43394,-7.72894,339.77,0.42,0.45,2024-09-17,0256,N,VIIRS,n,2,312.98,44.02,N,0
41.43261,-7.72302,356.48,0.42,0.45,2024-09-17,0256,N,VIIRS,n,2,301.27,44.02,N,0
41.43127,-7.71698,352.19,0.42,0.45,2024-09-17,0256,N,VIIRS,n,2,291.82,8.7,N,0
41.43211,-7.74043,334.62,0.42,0.45,2024-09-17,0256,N,VIIRS,n,2,286.45,65.26,N,0
41.43104,-7.73564,367,0.42,0.45,2024-09-17,0256,N,VIIRS,h,2,331,65.26,N,0
41.42989,-7.73049,355.85,0.42,0.45,2024-09-17,0256,N,VIIRS,n,2,307.05,44.02,N,0
41.4286,-7.72473,343.21,0.42,0.45,2024-09-17,0256,N,VIIRS,n,2,294.22,44.02,N,0
41.42726,-7.71871,297.34,0.42,0.45,2024-09-17,0256,N,VIIRS,n,2,284.7,8.7,N,0
41.53749,-8.23573,323.01,0.39,0.44,2024-09-17,0256,N,VIIRS,n,2,290.69,4.09,N,0
41.53653,-8.23133,351.07,0.39,0.44,2024-09-17,0256,N,VIIRS,n,2,295.84,4.09,N,0
41.42587,-7.73217,340.82,0.42,0.45,2024-09-17,0256,N,VIIRS,n,2,288.89,21.15,N,0
41.42808,-7.74204,295.36,0.42,0.45,2024-09-17,0256,N,VIIRS,n,2,283.82,7.04,N,0
41.42702,-7.73729,318.58,0.42,0.45,2024-09-17,0256,N,VIIRS,n,2,284.21,7.04,N,0
41.53557,-8.24647,327.23,0.39,0.44,2024-09-17,0256,N,VIIRS,n,2,292.77,1.97,N,0
41.49853,-8.07821,325.24,0.4,0.44,2024-09-17,0256,N,VIIRS,n,2,289.54,2.57,N,0
41.53653,-8.25082,303.88,0.39,0.44,2024-09-17,0256,N,VIIRS,n,2,287.64,1.23,N,0
41.53462,-8.24212,318.55,0.39,0.44,2024-09-17,0256,N,VIIRS,n,2,292.39,1.97,N,0
41.5327,-8.2334,312.53,0.39,0.44,2024-09-17,0256,N,VIIRS,n,2,290.97,4.09,N,0
41.49749,-8.07349,315.97,0.4,0.44,2024-09-17,0256,N,VIIRS,n,2,289.79,2.1,N,0
41.52792,-8.23108,340.99,0.39,0.44,2024-09-17,0256,N,VIIRS,n,2,292.46,9.61,N,0
41.49455,-8.0797,353.41,0.4,0.44,2024-09-17,0256,N,VIIRS,n,2,293.71,5.59,N,0
41.49356,-8.07521,340.19,0.4,0.44,2024-09-17,0256,N,VIIRS,n,2,291.14,3.95,N,0
41.52888,-8.23546,309,0.39,0.44,2024-09-17,0256,N,VIIRS,n,2,290.56,2.5,N,0
41.52409,-8.23312,342.83,0.39,0.44,2024-09-17,0256,N,VIIRS,n,2,293.5,9.61,N,0
41.52309,-8.22859,355.6,0.39,0.44,2024-09-17,0256,N,VIIRS,n,2,296.79,9.61,N,0
41.49154,-8.08557,301.06,0.4,0.44,2024-09-17,0256,N,VIIRS,n,2,290.17,5.59,N,0
41.48861,-8.07235,299.04,0.4,0.44,2024-09-17,0256,N,VIIRS,n,2,287.68,3.95,N,0
41.5249,-8.25622,342.7,0.39,0.44,2024-09-17,0256,N,VIIRS,n,2,296.27,2.06,N,0
41.52394,-8.25187,330.19,0.39,0.44,2024-09-17,0256,N,VIIRS,n,2,296.23,3.75,N,0
41.52021,-8.23495,339.93,0.39,0.44,2024-09-17,0256,N,VIIRS,n,2,293.49,8.45,N,0
41.51921,-8.23038,346.53,0.39,0.44,2024-09-17,0256,N,VIIRS,n,2,290.28,8.45,N,0
41.52591,-8.2608,308.37,0.39,0.44,2024-09-17,0256,N,VIIRS,n,2,291.17,2.06,N,0
41.52304,-8.24776,310.59,0.39,0.44,2024-09-17,0256,N,VIIRS,n,2,292.47,3.75,N,0
41.52213,-8.24364,305.25,0.39,0.44,2024-09-17,0256,N,VIIRS,n,2,291.27,1.73,N,0
41.52119,-8.2394,309.15,0.39,0.44,2024-09-17,0256,N,VIIRS,n,2,292.05,1.73,N,0
41.48852,-8.09139,314,0.4,0.44,2024-09-17,0256,N,VIIRS,n,2,290.59,1.57,N,0
41.52397,-8.2714,338.26,0.39,0.44,2024-09-17,0256,N,VIIRS,n,2,293.34,5.36,N,0
41.52304,-8.26721,351.53,0.39,0.44,2024-09-17,0256,N,VIIRS,n,2,295.22,5.36,N,0
41.52006,-8.25365,328.01,0.39,0.44,2024-09-17,0256,N,VIIRS,n,2,296.74,3.75,N,0
41.51913,-8.24943,345.62,0.39,0.44,2024-09-17,0256,N,VIIRS,n,2,295.84,3.75,N,0
41.51723,-8.24084,325.36,0.39,0.44,2024-09-17,0256,N,VIIRS,n,2,294.35,1.73,N,0
41.51625,-8.23637,344.32,0.39,0.44,2024-09-17,0256,N,VIIRS,n,2,294.79,8.45,N,0
41.51522,-8.23171,335.15,0.39,0.44,2024-09-17,0256,N,VIIRS,n,2,289.59,8.45,N,0
41.57423,-8.50114,318.2,0.38,0.43,2024-09-17,0256,N,VIIRS,n,2,292.8,3.07,N,0
41.57325,-8.49663,300.36,0.38,0.43,2024-09-17,0256,N,VIIRS,n,2,289.39,0.82,N,0
41.52209,-8.2629,304.43,0.39,0.44,2024-09-17,0256,N,VIIRS,n,2,291.18,2.06,N,0
41.52108,-8.25831,308.34,0.39,0.44,2024-09-17,0256,N,VIIRS,n,2,294.31,2.06,N,0
41.57034,-8.50268,338.9,0.38,0.43,2024-09-17,0256,N,VIIRS,n,2,291.67,7.15,N,0
41.52011,-8.2733,347.24,0.39,0.44,2024-09-17,0256,N,VIIRS,n,2,295.93,2.81,N,0
41.51728,-8.26043,329.05,0.39,0.44,2024-09-17,0256,N,VIIRS,n,2,298.75,42.94,N,0
41.51622,-8.25566,344.94,0.39,0.44,2024-09-17,0256,N,VIIRS,n,2,326.67,59.12,N,0
41.51522,-8.25108,337.04,0.39,0.44,2024-09-17,0256,N,VIIRS,n,2,292.68,59.12,N,0
41.51424,-8.24664,332.03,0.39,0.44,2024-09-17,0256,N,VIIRS,n,2,293.42,4.72,N,0
41.51326,-8.24219,341.82,0.39,0.44,2024-09-17,0256,N,VIIRS,n,2,294.95,4.72,N,0
41.49587,-8.16344,325.66,0.4,0.44,2024-09-17,0256,N,VIIRS,n,2,292.79,3.36,N,0
41.52102,-8.27742,305.7,0.39,0.44,2024-09-17,0256,N,VIIRS,n,2,290.97,10.19,N,0
41.5192,-8.26918,307.16,0.39,0.44,2024-09-17,0256,N,VIIRS,n,2,293.16,2.81,N,0
41.51828,-8.26496,310.01,0.39,0.44,2024-09-17,0256,N,VIIRS,n,2,294.48,42.94,N,0
41.49685,-8.16789,311.28,0.4,0.44,2024-09-17,0256,N,VIIRS,n,2,291.18,12.85,N,0
41.51805,-8.2833,353.17,0.39,0.44,2024-09-17,0256,N,VIIRS,n,2,300.38,10.19,N,0
41.51713,-8.27914,345.05,0.39,0.44,2024-09-17,0256,N,VIIRS,n,2,300.42,10.19,N,0
41.51443,-8.26687,346.65,0.39,0.44,2024-09-17,0256,N,VIIRS,n,2,307.3,42.94,N,0
41.51347,-8.26255,367,0.39,0.44,2024-09-17,0256,N,VIIRS,h,2,336.24,42.94,N,0
41.49389,-8.1739,354.54,0.4,0.44,2024-09-17,0256,N,VIIRS,n,2,301.85,12.85,N,0
41.4929,-8.16943,367,0.4,0.44,2024-09-17,0256,N,VIIRS,h,2,308.57,12.85,N,0
41.4919,-8.16491,325.76,0.4,0.44,2024-09-17,0256,N,VIIRS,n,2,294.1,3.36,N,0
41.51625,-8.27513,305.75,0.39,0.44,2024-09-17,0256,N,VIIRS,n,2,293.61,2.81,N,0
41.51535,-8.27106,314.71,0.39,0.44,2024-09-17,0256,N,VIIRS,n,2,294.1,2.81,N,0
41.51133,-8.25283,313.27,0.39,0.44,2024-09-17,0256,N,VIIRS,n,2,291.24,59.12,N,0
41.49489,-8.17843,309.73,0.4,0.44,2024-09-17,0256,N,VIIRS,n,2,291.49,2.31,N,0
41.51506,-8.28912,320.58,0.39,0.44,2024-09-17,0256,N,VIIRS,n,2,292.06,3.81,N,0
41.51413,-8.28488,367,0.39,0.44,2024-09-17,0256,N,VIIRS,h,2,304.79,8.6,N,0
41.51324,-8.28087,334.74,0.39,0.44,2024-09-17,0256,N,VIIRS,n,2,301.33,8.6,N,0
41.51235,-8.27683,324.23,0.39,0.44,2024-09-17,0256,N,VIIRS,n,2,298.48,12.96,N,0
41.51145,-8.27273,346.39,0.39,0.44,2024-09-17,0256,N,VIIRS,n,2,301.96,12.96,N,0
41.51052,-8.2685,355.53,0.39,0.44,2024-09-17,0256,N,VIIRS,n,2,297.18,16.44,N,0
41.50953,-8.26401,346.98,0.39,0.44,2024-09-17,0256,N,VIIRS,n,2,292.16,16.44,N,0
41.49093,-8.17994,338.91,0.4,0.44,2024-09-17,0256,N,VIIRS,n,2,294.13,8.01,N,0
41.48995,-8.17549,356.48,0.4,0.44,2024-09-17,0256,N,VIIRS,n,2,300.8,10.97,N,0
41.48896,-8.17104,335.68,0.4,0.44,2024-09-17,0256,N,VIIRS,n,2,291.27,10.97,N,0
41.4737,-8.10228,342.73,0.4,0.44,2024-09-17,0256,N,VIIRS,n,2,296.68,6.43,N,0
41.47276,-8.09806,323.91,0.4,0.44,2024-09-17,0256,N,VIIRS,n,2,289.31,6.43,N,0
41.50848,-8.25928,305.02,0.39,0.44,2024-09-17,0256,N,VIIRS,n,2,290.16,2.47,N,0
41.47466,-8.10661,311.84,0.4,0.44,2024-09-17,0256,N,VIIRS,n,2,290.58,6.61,N,0
41.51019,-8.28636,335.94,0.39,0.44,2024-09-17,0256,N,VIIRS,n,2,296.78,8.6,N,0
41.5093,-8.28234,349.59,0.39,0.44,2024-09-17,0256,N,VIIRS,n,2,303.27,8.6,N,0
41.5084,-8.27825,351.72,0.39,0.44,2024-09-17,0256,N,VIIRS,n,2,298.62,12.96,N,0
41.50747,-8.27406,355.83,0.39,0.44,2024-09-17,0256,N,VIIRS,n,2,297.66,12.96,N,0
41.47168,-8.11259,342.27,0.4,0.44,2024-09-17,0256,N,VIIRS,n,2,297.47,6.61,N,0
41.4707,-8.10821,335.46,0.4,0.44,2024-09-17,0256,N,VIIRS,n,2,293.36,6.61,N,0
41.51116,-8.29075,316.12,0.39,0.44,2024-09-17,0256,N,VIIRS,n,2,290.67,3.81,N,0
41.50653,-8.26978,303.79,0.39,0.44,2024-09-17,0256,N,VIIRS,n,2,290.18,16.44,N,0
41.46881,-8.09971,300.36,0.4,0.44,2024-09-17,0256,N,VIIRS,n,2,288.01,6.43,N,0
41.46786,-8.09541,299.8,0.4,0.44,2024-09-17,0256,N,VIIRS,n,2,288.31,1.05,N,0
41.46771,-8.11413,325.57,0.4,0.44,2024-09-17,0256,N,VIIRS,n,2,293.96,1.47,N,0
41.4658,-8.10553,300.02,0.4,0.44,2024-09-17,0256,N,VIIRS,n,2,289.94,1.17,N,0
41.46484,-8.10125,303.96,0.4,0.44,2024-09-17,0256,N,VIIRS,n,2,290.73,1.17,N,0
41.46087,-8.10277,321.07,0.4,0.44,2024-09-17,0256,N,VIIRS,n,2,291.45,1.17,N,0
41.46377,-8.11577,301.95,0.4,0.44,2024-09-17,0256,N,VIIRS,n,2,290.92,1.47,N,0
41.46279,-8.11139,307.27,0.4,0.44,2024-09-17,0256,N,VIIRS,n,2,292.17,1.47,N,0
41.46184,-8.1071,309.57,0.4,0.44,2024-09-17,0256,N,VIIRS,n,2,291.21,1.17,N,0
41.4599,-8.09841,315.79,0.4,0.44,2024-09-17,0256,N,VIIRS,n,2,290.44,2.03,N,0
41.45784,-8.10853,352.88,0.4,0.44,2024-09-17,0256,N,VIIRS,n,2,298.39,6.9,N,0
41.45688,-8.1042,367,0.4,0.44,2024-09-17,0256,N,VIIRS,h,2,294.83,6.9,N,0
41.46079,-8.12172,309.2,0.4,0.44,2024-09-17,0256,N,VIIRS,n,2,291.43,2.56,N,0
41.45979,-8.11728,313.6,0.4,0.44,2024-09-17,0256,N,VIIRS,n,2,292.84,4.79,N,0
41.45881,-8.11288,318.82,0.4,0.44,2024-09-17,0256,N,VIIRS,n,2,293.99,4.79,N,0
41.47557,-8.20734,345.29,0.4,0.44,2024-09-17,0256,N,VIIRS,n,2,293.91,3.61,N,0
41.47445,-8.20231,332.56,0.4,0.44,2024-09-17,0256,N,VIIRS,n,2,292.69,1.92,N,0
41.45581,-8.11875,344.41,0.4,0.44,2024-09-17,0256,N,VIIRS,n,2,297.26,4.79,N,0
41.45386,-8.10998,333.76,0.4,0.44,2024-09-17,0256,N,VIIRS,n,2,289.5,6.9,N,0
41.47666,-8.21226,318.5,0.4,0.44,2024-09-17,0256,N,VIIRS,n,2,290.03,3.61,N,0
41.4733,-8.19718,301.35,0.4,0.44,2024-09-17,0256,N,VIIRS,n,2,290.85,1.92,N,0
41.45483,-8.11436,307.62,0.4,0.44,2024-09-17,0256,N,VIIRS,n,2,291.13,4.79,N,0
41.47052,-8.20393,346.7,0.4,0.44,2024-09-17,0256,N,VIIRS,n,2,297.68,8.12,N,0
41.46937,-8.19878,333.6,0.4,0.44,2024-09-17,0256,N,VIIRS,n,2,294.15,8.12,N,0
41.47376,-8.2185,304.61,0.4,0.44,2024-09-17,0256,N,VIIRS,n,2,292.24,5.16,N,0
41.47272,-8.21383,308.74,0.4,0.44,2024-09-17,0256,N,VIIRS,n,2,292.39,6.16,N,0
41.47164,-8.20897,306.75,0.4,0.44,2024-09-17,0256,N,VIIRS,n,2,292.1,6.16,N,0
41.47368,-8.23736,356.05,0.4,0.44,2024-09-17,0256,N,VIIRS,n,2,297.98,5.02,N,0
41.46977,-8.21984,367,0.4,0.44,2024-09-17,0256,N,VIIRS,h,2,299.56,5.16,N,0
41.46872,-8.21512,350.74,0.4,0.44,2024-09-17,0256,N,VIIRS,n,2,295.54,6.16,N,0
41.46764,-8.21026,367,0.4,0.44,2024-09-17,0256,N,VIIRS,h,2,297.23,6.16,N,0
41.46652,-8.20526,323.31,0.4,0.44,2024-09-17,0256,N,VIIRS,n,2,291.16,8.12,N,0
41.47462,-8.2416,305.53,0.39,0.44,2024-09-17,0256,N,VIIRS,n,2,291.44,5.02,N,0
41.47273,-8.23312,309.3,0.4,0.44,2024-09-17,0256,N,VIIRS,n,2,289.8,1.72,N,0
41.47079,-8.22442,303.33,0.4,0.44,2024-09-17,0256,N,VIIRS,n,2,290.88,5.16,N,0
41.4716,-8.2473,337.89,0.39,0.44,2024-09-17,0256,N,VIIRS,n,2,293.54,4.95,N,0
41.46572,-8.22093,348.11,0.4,0.44,2024-09-17,0256,N,VIIRS,n,2,289.66,6.24,N,0
41.47066,-8.24306,310.95,0.39,0.44,2024-09-17,0256,N,VIIRS,n,2,292.05,1.52,N,0
41.46973,-8.23889,315.38,0.4,0.44,2024-09-17,0256,N,VIIRS,n,2,291.91,1.52,N,0
41.43342,-8.19049,315.88,0.4,0.44,2024-09-17,0256,N,VIIRS,n,2,290.72,1.87,N,0
41.43146,-8.20115,342.03,0.4,0.44,2024-09-17,0256,N,VIIRS,n,2,293.17,6.64,N,0
41.43048,-8.19668,306.38,0.4,0.44,2024-09-17,0256,N,VIIRS,n,2,291.38,1.87,N,0
41.42751,-8.2027,310.46,0.4,0.44,2024-09-17,0256,N,VIIRS,n,2,291.65,2,N,0
41.42649,-8.19807,310.17,0.4,0.44,2024-09-17,0256,N,VIIRS,n,2,292.28,1.22,N,0
41.42545,-8.19328,314.9,0.4,0.44,2024-09-17,0256,N,VIIRS,n,2,288.14,1.22,N,0
41.47935,-8.45987,338.4,0.39,0.44,2024-09-17,0256,N,VIIRS,n,2,291.61,6.92,N,0
41.47842,-8.4556,318.57,0.39,0.44,2024-09-17,0256,N,VIIRS,n,2,288.82,3.61,N,0
41.42353,-8.20408,316.73,0.4,0.44,2024-09-17,0256,N,VIIRS,n,2,290.6,2,N,0
41.42249,-8.19933,318.7,0.4,0.44,2024-09-17,0256,N,VIIRS,n,2,290.9,1.22,N,0
41.47071,-8.43959,322.28,0.39,0.44,2024-09-17,0256,N,VIIRS,n,2,291.74,1.8,N,0
41.41954,-8.2055,337.72,0.4,0.44,2024-09-17,0256,N,VIIRS,n,2,292.99,4.1,N,0
41.46974,-8.43513,306.98,0.39,0.44,2024-09-17,0256,N,VIIRS,n,2,291.48,1.8,N,0
41.42053,-8.20997,307.01,0.4,0.44,2024-09-17,0256,N,VIIRS,n,2,290.17,4.1,N,0
41.46679,-8.44106,324.36,0.39,0.44,2024-09-17,0256,N,VIIRS,n,2,289.82,1.8,N,0
41.46584,-8.43669,318.42,0.39,0.44,2024-09-17,0256,N,VIIRS,n,2,290.51,1.8,N,0
41.42164,-8.23452,319.94,0.4,0.44,2024-09-17,0256,N,VIIRS,n,2,289.32,2,N,0
41.42065,-8.23007,310.34,0.4,0.44,2024-09-17,0256,N,VIIRS,n,2,290.31,1.6,N,0
41.35921,-8.01075,343.04,0.41,0.45,2024-09-17,0256,N,VIIRS,n,2,303.56,23.16,N,0
41.35807,-8.00566,313.47,0.41,0.45,2024-09-17,0256,N,VIIRS,n,2,291.49,23.16,N,0
41.35521,-8.01228,341.42,0.41,0.45,2024-09-17,0256,N,VIIRS,n,2,291.11,23.16,N,0
41.35405,-8.00707,322.35,0.41,0.45,2024-09-17,0256,N,VIIRS,n,2,289.62,23.16,N,0
41.35638,-8.01756,312.11,0.41,0.45,2024-09-17,0256,N,VIIRS,n,2,288.31,2.11,N,0
41.35116,-8.01359,342.97,0.41,0.45,2024-09-17,0256,N,VIIRS,n,2,296.31,10.95,N,0
41.34998,-8.00832,338.32,0.41,0.45,2024-09-17,0256,N,VIIRS,n,2,300.77,10.95,N,0
41.35236,-8.01899,305.51,0.41,0.45,2024-09-17,0256,N,VIIRS,n,2,290.67,7.62,N,0
41.35058,-8.03043,337.22,0.41,0.45,2024-09-17,0256,N,VIIRS,n,2,291.79,3.75,N,0
41.34944,-8.02534,345.16,0.41,0.45,2024-09-17,0256,N,VIIRS,n,2,299.82,7.62,N,0
41.34826,-8.02006,353.25,0.41,0.45,2024-09-17,0256,N,VIIRS,n,2,300.74,7.62,N,0
41.34707,-8.01472,353.89,0.41,0.45,2024-09-17,0256,N,VIIRS,n,2,294.68,10.95,N,0
41.34592,-8.00955,331.64,0.41,0.45,2024-09-17,0256,N,VIIRS,n,2,291.19,10.95,N,0
41.34647,-8.03147,343.33,0.41,0.45,2024-09-17,0256,N,VIIRS,n,2,293.86,12.78,N,0
41.34533,-8.02639,356.56,0.41,0.45,2024-09-17,0256,N,VIIRS,n,2,302.32,21.23,N,0
41.34416,-8.02116,345.56,0.41,0.45,2024-09-17,0256,N,VIIRS,n,2,296.51,21.23,N,0
41.34301,-8.01597,324.77,0.41,0.45,2024-09-17,0256,N,VIIRS,n,2,290.25,6.75,N,0
41.36356,-8.24341,341.65,0.4,0.44,2024-09-17,0256,N,VIIRS,n,2,292.56,4.23,N,0
41.3646,-8.24806,309.8,0.4,0.44,2024-09-17,0256,N,VIIRS,n,2,291.82,3.37,N,0
41.33105,-8.24809,306.24,0.4,0.44,2024-09-17,0256,N,VIIRS,n,2,289.31,0.95,N,0
41.3402,-8.34859,342.91,0.39,0.44,2024-09-17,0256,N,VIIRS,n,2,300.41,40.5,N,0
41.33926,-8.34431,341.5,0.39,0.44,2024-09-17,0256,N,VIIRS,n,2,326.22,40.5,N,0
41.33832,-8.33999,354.92,0.39,0.44,2024-09-17,0256,N,VIIRS,n,2,304.62,14.51,N,0
41.33736,-8.33562,345.59,0.39,0.44,2024-09-17,0256,N,VIIRS,n,2,296.47,14.51,N,0
41.30276,-8.17799,333.97,0.4,0.44,2024-09-17,0256,N,VIIRS,n,2,292.29,3.76,N,0
41.3364,-8.33119,314.62,0.39,0.44,2024-09-17,0256,N,VIIRS,n,2,291.41,1.86,N,0
41.39181,-8.60538,344.25,0.57,0.43,2024-09-17,0256,N,VIIRS,n,2,302.2,32.38,N,0
41.33634,-8.35046,351.42,0.39,0.44,2024-09-17,0256,N,VIIRS,n,2,305.34,40.5,N,0
41.33539,-8.3461,353.56,0.39,0.44,2024-09-17,0256,N,VIIRS,n,2,304.68,40.5,N,0
41.33442,-8.34166,350.3,0.39,0.44,2024-09-17,0256,N,VIIRS,n,2,296.83,14.51,N,0
41.29467,-8.16079,367,0.4,0.44,2024-09-17,0256,N,VIIRS,h,2,297.39,13.41,N,0
41.29367,-8.15629,324.9,0.4,0.44,2024-09-17,0256,N,VIIRS,n,2,293.36,3.02,N,0
41.39038,-8.59875,308.13,0.57,0.43,2024-09-17,0256,N,VIIRS,n,2,291.17,32.38,N,0
41.33728,-8.35477,317.96,0.39,0.44,2024-09-17,0256,N,VIIRS,n,2,290.93,4.99,N,0
41.33343,-8.33716,315.87,0.39,0.44,2024-09-17,0256,N,VIIRS,n,2,290.69,14.51,N,0
41.29152,-8.14657,307.39,0.4,0.44,2024-09-17,0256,N,VIIRS,n,2,290.64,0.83,N,0
41.33641,-8.37024,336.38,0.39,0.44,2024-09-17,0256,N,VIIRS,n,2,296.23,1.81,N,0
41.28861,-8.15292,338.13,0.4,0.44,2024-09-17,0256,N,VIIRS,n,2,294.28,6.79,N,0
41.33944,-8.38412,300.12,0.39,0.44,2024-09-17,0256,N,VIIRS,n,2,288.52,10.64,N,0
41.3354,-8.36564,307.33,0.39,0.44,2024-09-17,0256,N,VIIRS,n,2,292.09,1.81,N,0
41.33442,-8.36115,302.84,0.39,0.44,2024-09-17,0256,N,VIIRS,n,2,291.67,1.81,N,0
41.28748,-8.1478,307.93,0.4,0.44,2024-09-17,0256,N,VIIRS,n,2,290.29,2.95,N,0
41.33661,-8.39062,343.95,0.39,0.44,2024-09-17,0256,N,VIIRS,n,2,295.28,10.64,N,0
41.33562,-8.38615,353.35,0.39,0.44,2024-09-17,0256,N,VIIRS,n,2,302.89,10.64,N,0
41.33464,-8.38162,305.6,0.39,0.44,2024-09-17,0256,N,VIIRS,n,2,291.3,2.41,N,0
41.33363,-8.37703,303.44,0.39,0.44,2024-09-17,0256,N,VIIRS,n,2,291.05,2.41,N,0
41.3326,-8.37234,307,0.39,0.44,2024-09-17,0256,N,VIIRS,n,2,292.59,1.81,N,0
41.3316,-8.36776,304.48,0.39,0.44,2024-09-17,0256,N,VIIRS,n,2,291.25,1.81,N,0
41.32982,-8.3791,328.26,0.39,0.44,2024-09-17,0256,N,VIIRS,n,2,291.28,2.42,N,0
41.32671,-8.36491,325.87,0.39,0.44,2024-09-17,0256,N,VIIRS,n,2,292.78,4.24,N,0
41.32568,-8.36021,342.41,0.39,0.44,2024-09-17,0256,N,VIIRS,n,2,294.06,4.24,N,0
41.33275,-8.39248,319.29,0.39,0.44,2024-09-17,0256,N,VIIRS,n,2,292.1,2.01,N,0
41.3318,-8.38812,309.46,0.39,0.44,2024-09-17,0256,N,VIIRS,n,2,290.02,2.01,N,0
41.33081,-8.38364,307.76,0.39,0.44,2024-09-17,0256,N,VIIRS,n,2,291.12,2.42,N,0
41.32877,-8.3743,302.21,0.39,0.44,2024-09-17,0256,N,VIIRS,n,2,290.86,1.13,N,0
41.2776,-8.18111,323.31,0.4,0.44,2024-09-17,0256,N,VIIRS,n,2,290.8,1.68,N,0
41.27662,-8.17668,310.95,0.4,0.44,2024-09-17,0256,N,VIIRS,n,2,290.48,1.68,N,0
41.20989,-7.97508,321.55,0.41,0.45,2024-09-17,0256,N,VIIRS,n,2,290.25,7.67,N,0
41.20882,-7.97034,346.49,0.41,0.45,2024-09-17,0256,N,VIIRS,n,2,296.26,7.67,N,0
41.20779,-7.96574,338.53,0.41,0.45,2024-09-17,0256,N,VIIRS,n,2,291.07,6.48,N,0
41.20709,-7.98201,355.2,0.41,0.45,2024-09-17,0256,N,VIIRS,n,2,317.12,49.81,N,0
41.20599,-7.97714,367,0.41,0.45,2024-09-17,0256,N,VIIRS,h,2,335.96,53.42,N,0
41.2049,-7.97231,349.19,0.41,0.45,2024-09-17,0256,N,VIIRS,n,2,317.08,53.42,N,0
41.20384,-7.96761,356.49,0.41,0.45,2024-09-17,0256,N,VIIRS,n,2,306.14,30.54,N,0
41.20281,-7.96302,345.57,0.41,0.45,2024-09-17,0256,N,VIIRS,n,2,318.71,30.54,N,0
41.20179,-7.95849,355.09,0.41,0.45,2024-09-17,0256,N,VIIRS,n,2,297.68,12.54,N,0
41.20079,-7.95407,336.11,0.41,0.45,2024-09-17,0256,N,VIIRS,n,2,290.27,12.54,N,0
41.2104,-7.99671,304.5,0.41,0.45,2024-09-17,0256,N,VIIRS,n,2,288.62,1.83,N,0
41.20819,-7.98693,301.16,0.41,0.45,2024-09-17,0256,N,VIIRS,n,2,289.35,49.81,N,0
41.2065,-7.99877,326.31,0.41,0.45,2024-09-17,0256,N,VIIRS,n,2,288.5,1.83,N,0
41.20316,-7.98395,345.45,0.41,0.45,2024-09-17,0256,N,VIIRS,n,2,315.57,49.81,N,0
41.20201,-7.97886,335.72,0.41,0.45,2024-09-17,0256,N,VIIRS,n,2,311.35,53.42,N,0
41.20093,-7.97404,352.51,0.41,0.45,2024-09-17,0256,N,VIIRS,n,2,300.91,53.42,N,0
41.19988,-7.96942,339.86,0.41,0.45,2024-09-17,0256,N,VIIRS,n,2,293.54,30.54,N,0
41.19889,-7.96499,345.68,0.41,0.45,2024-09-17,0256,N,VIIRS,n,2,291.04,30.54,N,0
41.19583,-7.95144,333.62,0.41,0.45,2024-09-17,0256,N,VIIRS,n,2,287.82,3.1,N,0
41.20427,-7.98886,307.26,0.41,0.45,2024-09-17,0256,N,VIIRS,n,2,289.85,49.81,N,0
41.1979,-7.96061,317.87,0.41,0.45,2024-09-17,0256,N,VIIRS,n,2,288.69,12.54,N,0
41.1969,-7.95616,310.99,0.41,0.45,2024-09-17,0256,N,VIIRS,n,2,288.35,12.54,N,0
41.19466,-7.94628,317.99,0.41,0.45,2024-09-17,0256,N,VIIRS,n,2,287.47,3.1,N,0
41.21481,-8.05505,322.73,0.41,0.45,2024-09-17,0256,N,VIIRS,n,2,291.62,45.8,N,0
41.1969,-7.97555,322.2,0.41,0.45,2024-09-17,0256,N,VIIRS,n,2,288.12,2.55,N,0
41.21389,-8.05093,305.21,0.41,0.45,2024-09-17,0256,N,VIIRS,n,2,290.03,45.8,N,0
40.4129,-7.9951,329.58,0.36,0.58,2024-09-17,1238,N,VIIRS,n,2,296.39,25.98,D,0
40.24779,-7.9856,367,0.37,0.58,2024-09-17,1238,N,VIIRS,h,2,327.28,89.7,D,0
40.24559,-7.99386,345.8,0.37,0.58,2024-09-17,1238,N,VIIRS,n,2,299.58,17.21,D,0
40.24669,-7.98971,208,0.37,0.58,2024-09-17,1238,N,VIIRS,l,2,319.91,89.7,D,0
40.25279,-7.98833,367,0.37,0.58,2024-09-17,1238,N,VIIRS,h,2,316.66,89.7,D,0
40.25385,-7.98433,351.05,0.37,0.58,2024-09-17,1238,N,VIIRS,n,2,301.48,92.98,D,0
40.25054,-7.99677,346.01,0.37,0.58,2024-09-17,1238,N,VIIRS,n,2,298.48,17.21,D,0
40.25167,-7.99252,208,0.37,0.58,2024-09-17,1238,N,VIIRS,l,2,318.75,89.7,D,0
40.25782,-7.99095,367,0.37,0.58,2024-09-17,1238,N,VIIRS,h,2,300.01,8.32,D,0
40.24527,-7.9884,335.05,0.37,0.58,2024-09-17,1238,N,VIIRS,n,2,300.69,118.05,D,0
40.25136,-7.98707,367,0.37,0.58,2024-09-17,1238,N,VIIRS,h,2,321.23,118.05,D,0
40.24908,-7.99543,346.93,0.37,0.58,2024-09-17,1238,N,VIIRS,n,2,302.91,76.23,D,0
40.25024,-7.99121,367,0.37,0.58,2024-09-17,1238,N,VIIRS,l,2,352.31,118.05,D,0
40.25638,-7.98971,367,0.37,0.58,2024-09-17,1238,N,VIIRS,h,2,305.28,11.96,D,0
40.25523,-7.99394,367,0.37,0.58,2024-09-17,1238,N,VIIRS,h,2,302.66,11.96,D,0
40.25749,-7.98565,331.18,0.37,0.58,2024-09-17,1238,N,VIIRS,n,2,299.8,8.14,D,0
40.38269,-8.00114,333.93,0.36,0.58,2024-09-17,1238,N,VIIRS,n,2,301.14,4.22,D,0
40.38154,-8.00537,336.83,0.36,0.58,2024-09-17,1238,N,VIIRS,n,2,300.39,4.22,D,0
40.38042,-8.00949,329.1,0.36,0.58,2024-09-17,1238,N,VIIRS,n,2,299.59,5.16,D,0
40.39602,-7.97304,367,0.36,0.58,2024-09-17,1238,N,VIIRS,h,2,303.35,15.62,D,0
40.39245,-7.98623,367,0.36,0.58,2024-09-17,1238,N,VIIRS,h,2,309.33,42.05,D,0
40.38548,-8.01196,367,0.36,0.58,2024-09-17,1238,N,VIIRS,h,2,296.93,17.93,D,0
40.38433,-8.01617,367,0.36,0.58,2024-09-17,1238,N,VIIRS,h,2,296.04,17.93,D,0
40.39484,-7.9774,351.31,0.36,0.58,2024-09-17,1238,N,VIIRS,n,2,302.03,12.54,D,0
40.39365,-7.98181,345.99,0.36,0.58,2024-09-17,1238,N,VIIRS,n,2,301.72,12.54,D,0
40.39008,-7.99498,347.71,0.36,0.58,2024-09-17,1238,N,VIIRS,n,2,319.84,51.59,D,0
40.38891,-7.99928,355.17,0.36,0.58,2024-09-17,1238,N,VIIRS,n,2,302.25,51.59,D,0
40.38775,-8.00357,367,0.36,0.58,2024-09-17,1238,N,VIIRS,l,2,330.73,69.51,D,0
40.38661,-8.00778,208,0.36,0.58,2024-09-17,1238,N,VIIRS,l,2,305.09,69.51,D,0
40.40313,-7.96788,367,0.36,0.58,2024-09-17,1238,N,VIIRS,h,2,307.92,10.93,D,0
40.40198,-7.97215,367,0.36,0.58,2024-09-17,1238,N,VIIRS,h,2,304.67,15.62,D,0
40.40085,-7.97629,367,0.36,0.58,2024-09-17,1238,N,VIIRS,h,2,303.17,15.62,D,0
40.39973,-7.98044,367,0.36,0.58,2024-09-17,1238,N,VIIRS,h,2,303.34,12.54,D,0
40.39858,-7.98467,367,0.36,0.58,2024-09-17,1238,N,VIIRS,h,2,303.17,12.54,D,0
40.40433,-7.96342,342.64,0.36,0.58,2024-09-17,1238,N,VIIRS,n,2,302.94,10.93,D,0
40.39739,-7.98907,338.92,0.36,0.58,2024-09-17,1238,N,VIIRS,n,2,298.53,42.05,D,0
40.39616,-7.99363,347.2,0.36,0.58,2024-09-17,1238,N,VIIRS,n,2,297.59,42.05,D,0
40.3939,-8.00198,349.82,0.36,0.58,2024-09-17,1238,N,VIIRS,n,2,296.65,51.59,D,0
40.39281,-8.00598,340.73,0.36,0.58,2024-09-17,1238,N,VIIRS,n,2,295.64,69.51,D,0
40.41283,-7.95308,367,0.36,0.58,2024-09-17,1238,N,VIIRS,h,2,302.45,32.06,D,0
40.41164,-7.95747,367,0.36,0.58,2024-09-17,1238,N,VIIRS,h,2,307.7,13.86,D,0
40.39584,-8.01593,367,0.36,0.58,2024-09-17,1238,N,VIIRS,h,2,295.9,5.93,D,0
40.40693,-7.9749,332.3,0.36,0.58,2024-09-17,1238,N,VIIRS,n,2,303.48,4.71,D,0
40.40023,-7.99969,339.17,0.36,0.58,2024-09-17,1238,N,VIIRS,n,2,298.02,6.79,D,0
40.39802,-8.00786,329.01,0.36,0.58,2024-09-17,1238,N,VIIRS,n,2,296.31,6.56,D,0
40.39695,-8.01183,355.94,0.36,0.58,2024-09-17,1238,N,VIIRS,n,2,297.68,6.56,D,0
40.41984,-7.94821,367,0.36,0.57,2024-09-17,1238,N,VIIRS,h,2,304.44,22.35,D,0
40.41768,-7.9562,367,0.36,0.58,2024-09-17,1238,N,VIIRS,h,2,311.36,32.06,D,0
40.41651,-7.96055,367,0.36,0.58,2024-09-17,1238,N,VIIRS,h,2,300.9,13.86,D,0
40.40439,-8.00543,367,0.36,0.58,2024-09-17,1238,N,VIIRS,h,2,297.95,6.79,D,0
40.41878,-7.95215,356.73,0.36,0.57,2024-09-17,1238,N,VIIRS,n,2,308.23,32.06,D,0
40.41535,-7.96486,340.06,0.36,0.58,2024-09-17,1238,N,VIIRS,n,2,300.07,13.86,D,0
40.43161,-7.92561,367,0.36,0.57,2024-09-17,1238,N,VIIRS,h,2,303.18,10.34,D,0
40.43044,-7.92999,367,0.36,0.57,2024-09-17,1238,N,VIIRS,h,2,314.11,55.01,D,0
40.42496,-7.95033,367,0.36,0.57,2024-09-17,1238,N,VIIRS,h,2,304.64,26.28,D,0
40.41519,-7.9866,367,0.36,0.58,2024-09-17,1238,N,VIIRS,h,2,300.2,71.45,D,0
40.42933,-7.93412,344.7,0.36,0.57,2024-09-17,1238,N,VIIRS,n,2,317.36,55.01,D,0
40.42824,-7.93815,350.18,0.36,0.57,2024-09-17,1238,N,VIIRS,n,2,304.79,16.94,D,0
40.42719,-7.94206,332.06,0.36,0.57,2024-09-17,1238,N,VIIRS,n,2,301.6,16.94,D,0
40.42382,-7.95459,356.6,0.36,0.57,2024-09-17,1238,N,VIIRS,n,2,307.21,16.8,D,0
40.41405,-7.99083,367,0.36,0.58,2024-09-17,1238,N,VIIRS,l,2,326.05,71.45,D,0
40.43775,-7.92394,339.92,0.36,0.57,2024-09-17,1238,N,VIIRS,n,2,302.52,10.34,D,0
40.43666,-7.928,351.96,0.36,0.57,2024-09-17,1238,N,VIIRS,n,2,300.94,10.34,D,0
40.44507,-7.91782,367,0.36,0.57,2024-09-17,1238,N,VIIRS,h,2,312.44,14.56,D,0
40.444,-7.92183,338.68,0.36,0.57,2024-09-17,1238,N,VIIRS,n,2,304,14.56,D,0
40.4545,-7.90385,367,0.36,0.57,2024-09-17,1238,N,VIIRS,h,2,307.05,6.58,D,0
40.45342,-7.90788,343.61,0.36,0.57,2024-09-17,1238,N,VIIRS,n,2,305.21,6.58,D,0
40.46069,-7.9019,367,0.36,0.57,2024-09-17,1238,N,VIIRS,h,2,310.18,14.86,D,0
40.43393,-8.02305,367,0.36,0.58,2024-09-17,1238,N,VIIRS,h,2,302.74,27.15,D,0
40.43283,-8.02717,367,0.36,0.58,2024-09-17,1238,N,VIIRS,h,2,306.95,27.15,D,0
40.43058,-8.03555,367,0.36,0.58,2024-09-17,1238,N,VIIRS,h,2,333.75,99.68,D,0
40.42943,-8.03984,350.89,0.37,0.58,2024-09-17,1238,N,VIIRS,n,2,301.02,44.08,D,0
40.43171,-8.03133,367,0.36,0.58,2024-09-17,1238,N,VIIRS,l,2,326.68,99.68,D,0
40.48059,-7.8698,367,0.36,0.57,2024-09-17,1238,N,VIIRS,h,2,307.21,7.04,D,0
40.47948,-7.87394,367,0.36,0.57,2024-09-17,1238,N,VIIRS,h,2,305.79,7.04,D,0
40.44225,-8.01335,367,0.36,0.58,2024-09-17,1238,N,VIIRS,h,2,309.61,120.84,D,0
40.44113,-8.0175,367,0.36,0.58,2024-09-17,1238,N,VIIRS,h,2,311.04,54.39,D,0
40.44002,-8.02164,367,0.36,0.58,2024-09-17,1238,N,VIIRS,h,2,316.27,54.39,D,0
40.43781,-8.02992,367,0.36,0.58,2024-09-17,1238,N,VIIRS,h,2,300.57,27.73,D,0
40.43671,-8.03401,367,0.36,0.58,2024-09-17,1238,N,VIIRS,h,2,299.62,19.05,D,0
40.58682,-7.46763,333.82,0.34,0.56,2024-09-17,1238,N,VIIRS,n,2,304.85,2.01,D,0
40.58577,-7.47164,331.27,0.34,0.56,2024-09-17,1238,N,VIIRS,n,2,303.28,2.01,D,0
40.47845,-7.87784,328.85,0.36,0.57,2024-09-17,1238,N,VIIRS,n,2,303.3,4.28,D,0
40.43891,-8.0258,354.93,0.36,0.58,2024-09-17,1238,N,VIIRS,n,2,307.3,27.73,D,0
40.44958,-8.00725,367,0.36,0.58,2024-09-17,1238,N,VIIRS,h,2,306.53,59.46,D,0
40.4858,-7.87148,350.57,0.36,0.57,2024-09-17,1238,N,VIIRS,n,2,303.44,7.04,D,0
40.44498,-8.02443,354.9,0.36,0.58,2024-09-17,1238,N,VIIRS,n,2,307.81,54.39,D,0
40.44384,-8.02869,342.73,0.36,0.58,2024-09-17,1238,N,VIIRS,n,2,302.65,27.73,D,0
40.44844,-8.01151,367,0.36,0.58,2024-09-17,1238,N,VIIRS,l,2,333.21,120.84,D,0
40.4473,-8.01581,367,0.36,0.58,2024-09-17,1238,N,VIIRS,l,2,353.28,120.84,D,0
40.44614,-8.02011,208,0.36,0.58,2024-09-17,1238,N,VIIRS,l,2,315.99,54.39,D,0
40.47536,-7.95328,331.53,0.36,0.57,2024-09-17,1238,N,VIIRS,l,2,303.71,2.69,D,0
40.48602,-7.93459,335.35,0.36,0.57,2024-09-17,1238,N,VIIRS,n,2,303.16,4.24,D,0
40.48492,-7.9387,354.01,0.36,0.57,2024-09-17,1238,N,VIIRS,n,2,303.72,4.24,D,0
40.48383,-7.9428,334.91,0.36,0.57,2024-09-17,1238,N,VIIRS,n,2,301.57,2.3,D,0
40.48274,-7.94691,336.02,0.36,0.57,2024-09-17,1238,N,VIIRS,n,2,301.41,2.3,D,0
40.48053,-7.95523,333,0.36,0.57,2024-09-17,1238,N,VIIRS,n,2,299.11,3.03,D,0
40.48489,-7.9361,346.49,0.36,0.57,2024-09-17,1238,N,VIIRS,n,2,304.85,8.4,D,0
40.48377,-7.9402,339.13,0.36,0.57,2024-09-17,1238,N,VIIRS,n,2,302.21,8.03,D,0
40.48154,-7.9484,340.46,0.36,0.57,2024-09-17,1238,N,VIIRS,n,2,301.14,3.11,D,0
40.48042,-7.95253,334.83,0.36,0.57,2024-09-17,1238,N,VIIRS,n,2,301.19,3.11,D,0
40.57798,-7.71674,367,0.35,0.57,2024-09-17,1238,N,VIIRS,h,2,317.99,20.73,D,0
40.57691,-7.72076,367,0.35,0.57,2024-09-17,1238,N,VIIRS,h,2,307.52,20.73,D,0
40.57047,-7.7448,367,0.35,0.57,2024-09-17,1238,N,VIIRS,h,2,305.02,12.93,D,0
40.56938,-7.74886,367,0.35,0.57,2024-09-17,1238,N,VIIRS,h,2,310.77,24.6,D,0
40.56267,-7.77387,367,0.35,0.57,2024-09-17,1238,N,VIIRS,h,2,304.5,58.54,D,0
40.57581,-7.72485,356.05,0.35,0.57,2024-09-17,1238,N,VIIRS,n,2,302.11,14.31,D,0
40.56826,-7.75304,344.43,0.35,0.57,2024-09-17,1238,N,VIIRS,n,2,302.47,24.6,D,0
40.56159,-7.7779,345.16,0.35,0.57,2024-09-17,1238,N,VIIRS,n,2,320.09,58.54,D,0
40.58314,-7.71841,367,0.35,0.57,2024-09-17,1238,N,VIIRS,h,2,313.76,20.73,D,0
40.57655,-7.74305,367,0.35,0.57,2024-09-17,1238,N,VIIRS,h,2,302.59,12.93,D,0
40.57431,-7.75143,367,0.35,0.57,2024-09-17,1238,N,VIIRS,h,2,304.49,24.6,D,0
40.56871,-7.77232,367,0.35,0.57,2024-09-17,1238,N,VIIRS,h,2,309.27,19.48,D,0
40.56764,-7.7763,367,0.35,0.57,2024-09-17,1238,N,VIIRS,h,2,310.14,58.54,D,0
40.58539,-7.71001,351.44,0.35,0.57,2024-09-17,1238,N,VIIRS,n,2,301.16,15.72,D,0
40.58428,-7.71415,335.37,0.35,0.57,2024-09-17,1238,N,VIIRS,n,2,302.4,15.72,D,0
40.58202,-7.7226,331.71,0.35,0.57,2024-09-17,1238,N,VIIRS,n,2,304.41,20.73,D,0
40.57544,-7.74721,346.84,0.35,0.57,2024-09-17,1238,N,VIIRS,n,2,302.67,12.93,D,0
40.57088,-7.7642,342.65,0.35,0.57,2024-09-17,1238,N,VIIRS,n,2,299.91,9.41,D,0
40.56978,-7.7683,347.13,0.35,0.57,2024-09-17,1238,N,VIIRS,n,2,300.07,19.48,D,0
40.56549,-7.78433,352.95,0.35,0.57,2024-09-17,1238,N,VIIRS,n,2,299.02,40.05,D,0
40.57268,-7.77848,367,0.35,0.57,2024-09-17,1238,N,VIIRS,h,2,308.85,12.84,D,0
40.59055,-7.71166,338.81,0.35,0.57,2024-09-17,1238,N,VIIRS,n,2,304.01,5.88,D,0
40.57375,-7.77448,354.85,0.35,0.57,2024-09-17,1238,N,VIIRS,n,2,297.68,18.83,D,0
40.5716,-7.7825,336.5,0.35,0.57,2024-09-17,1238,N,VIIRS,n,2,297.93,12.84,D,0
40.60826,-7.66615,367,0.35,0.56,2024-09-17,1238,N,VIIRS,h,2,301.69,39.33,D,0
40.60719,-7.6702,367,0.35,0.56,2024-09-17,1238,N,VIIRS,h,2,321.15,39.33,D,0
40.59982,-7.69788,367,0.35,0.57,2024-09-17,1238,N,VIIRS,h,2,300.07,4.65,D,0
40.58869,-7.73959,367,0.35,0.57,2024-09-17,1238,N,VIIRS,h,2,302.46,13.27,D,0
40.60611,-7.67427,350.78,0.35,0.56,2024-09-17,1238,N,VIIRS,n,2,308.61,97.15,D,0
40.60392,-7.68247,333.33,0.35,0.56,2024-09-17,1238,N,VIIRS,n,2,296.73,9.68,D,0
40.59883,-7.70156,329.65,0.35,0.57,2024-09-17,1238,N,VIIRS,n,2,301.75,4.65,D,0
40.59204,-7.72702,349.06,0.35,0.57,2024-09-17,1238,N,VIIRS,n,2,299.85,9.47,D,0
40.59092,-7.73123,353.62,0.35,0.57,2024-09-17,1238,N,VIIRS,n,2,302.83,16.65,D,0
40.61622,-7.65722,367,0.35,0.56,2024-09-17,1238,N,VIIRS,h,2,302.36,10.22,D,0
40.61517,-7.66119,367,0.35,0.56,2024-09-17,1238,N,VIIRS,h,2,307.39,12.67,D,0
40.61301,-7.6693,367,0.35,0.56,2024-09-17,1238,N,VIIRS,h,2,306.56,8.16,D,0
40.61193,-7.67338,367,0.35,0.56,2024-09-17,1238,N,VIIRS,h,2,305.55,8.16,D,0
40.61729,-7.65319,334.65,0.35,0.56,2024-09-17,1238,N,VIIRS,n,2,300.36,10.22,D,0
40.6141,-7.66521,338.73,0.35,0.56,2024-09-17,1238,N,VIIRS,n,2,300.35,12.67,D,0
40.61085,-7.67742,350.67,0.35,0.56,2024-09-17,1238,N,VIIRS,n,2,300.41,3.48,D,0
40.60978,-7.68145,329.32,0.35,0.56,2024-09-17,1238,N,VIIRS,n,2,295.48,3.48,D,0
40.62226,-7.65545,367,0.35,0.56,2024-09-17,1238,N,VIIRS,h,2,309.77,10.22,D,0
40.61256,-7.692,367,0.35,0.57,2024-09-17,1238,N,VIIRS,h,2,300.68,6.8,D,0
40.62119,-7.65953,355.35,0.35,0.56,2024-09-17,1238,N,VIIRS,n,2,311.01,10.22,D,0
40.61684,-7.67591,335.75,0.35,0.56,2024-09-17,1238,N,VIIRS,n,2,299.3,8.16,D,0
40.61573,-7.68007,335.25,0.35,0.56,2024-09-17,1238,N,VIIRS,n,2,299.94,3.48,D,0
40.63451,-7.63031,354.22,0.34,0.56,2024-09-17,1238,N,VIIRS,n,2,300.09,5.16,D,0
40.63266,-7.67942,367,0.35,0.56,2024-09-17,1238,N,VIIRS,h,2,301.15,14.56,D,0
40.63162,-7.68332,367,0.35,0.56,2024-09-17,1238,N,VIIRS,h,2,313.1,14.56,D,0
40.63058,-7.68724,350.72,0.35,0.56,2024-09-17,1238,N,VIIRS,n,2,302.4,9.73,D,0
40.62845,-7.69531,330.35,0.35,0.56,2024-09-17,1238,N,VIIRS,n,2,299.43,3.85,D,0
40.6747,-7.5832,347.79,0.34,0.56,2024-09-17,1238,N,VIIRS,n,2,299.1,13.64,D,0
40.6737,-7.58704,355.02,0.34,0.56,2024-09-17,1238,N,VIIRS,n,2,308.71,13.64,D,0
40.67273,-7.59071,350.74,0.34,0.56,2024-09-17,1238,N,VIIRS,n,2,302.39,4.94,D,0
40.67179,-7.5943,331.05,0.34,0.56,2024-09-17,1238,N,VIIRS,n,2,298.02,4.94,D,0
40.66668,-7.61374,328.5,0.34,0.56,2024-09-17,1238,N,VIIRS,l,2,299.14,2,D,0
40.6657,-7.6598,346.17,0.34,0.56,2024-09-17,1238,N,VIIRS,n,2,299.24,2.37,D,0
40.66465,-7.66377,333.6,0.35,0.56,2024-09-17,1238,N,VIIRS,n,2,298.59,2.37,D,0
40.67285,-7.65374,367,0.34,0.56,2024-09-17,1238,N,VIIRS,h,2,315.19,49.68,D,0
40.67074,-7.66177,367,0.34,0.56,2024-09-17,1238,N,VIIRS,h,2,331.37,50.11,D,0
40.66331,-7.69009,367,0.35,0.56,2024-09-17,1238,N,VIIRS,h,2,305.83,9.7,D,0
40.66966,-7.6659,340.95,0.35,0.56,2024-09-17,1238,N,VIIRS,n,2,301.35,50.11,D,0
40.66226,-7.69409,334.36,0.35,0.56,2024-09-17,1238,N,VIIRS,n,2,300.16,5.55,D,0
40.6612,-7.69811,352.36,0.35,0.56,2024-09-17,1238,N,VIIRS,n,2,300.98,5.55,D,0
40.67181,-7.65768,367,0.34,0.56,2024-09-17,1238,N,VIIRS,l,2,328.61,49.68,D,0
40.67802,-7.65521,353.91,0.34,0.56,2024-09-17,1238,N,VIIRS,n,2,303.29,49.68,D,0
40.67338,-7.65421,367,0.34,0.56,2024-09-17,1238,N,VIIRS,h,2,315.72,47.8,D,0
40.6636,-7.69054,367,0.35,0.56,2024-09-17,1238,N,VIIRS,h,2,304.81,8.1,D,0
40.67009,-7.66643,331.51,0.34,0.56,2024-09-17,1238,N,VIIRS,n,2,301.25,47.27,D,0
40.66253,-7.69454,334.85,0.35,0.56,2024-09-17,1238,N,VIIRS,n,2,300.46,4.94,D,0
40.66145,-7.69857,352.5,0.35,0.56,2024-09-17,1238,N,VIIRS,n,2,300.71,4.94,D,0
40.67231,-7.65817,367,0.34,0.56,2024-09-17,1238,N,VIIRS,l,2,328.46,47.8,D,0
40.67121,-7.66227,319.12,0.34,0.56,2024-09-17,1238,N,VIIRS,l,2,323.15,47.27,D,0
40.67856,-7.65567,341.05,0.34,0.56,2024-09-17,1238,N,VIIRS,n,2,300.87,47.8,D,0
40.70763,-7.65111,351.63,0.34,0.56,2024-09-17,1238,N,VIIRS,n,2,303.72,7.79,D,0
40.71254,-7.65359,367,0.34,0.56,2024-09-17,1238,N,VIIRS,h,2,300.48,7.79,D,0
40.71143,-7.65775,367,0.34,0.56,2024-09-17,1238,N,VIIRS,h,2,305.63,7.79,D,0
40.69547,-7.71755,332.2,0.35,0.56,2024-09-17,1238,N,VIIRS,n,2,299.85,1.94,D,0
40.50983,-8.57338,328.1,0.39,0.59,2024-09-17,1238,N,VIIRS,n,2,299.77,1.43,D,0
40.62299,-8.3604,367,0.37,0.58,2024-09-17,1238,N,VIIRS,h,2,313.22,24.45,D,0
40.62181,-8.36467,367,0.37,0.58,2024-09-17,1238,N,VIIRS,h,2,309.43,19.51,D,0
40.62068,-8.36881,367,0.37,0.58,2024-09-17,1238,N,VIIRS,h,2,306.83,19.51,D,0
40.61956,-8.37291,367,0.37,0.58,2024-09-17,1238,N,VIIRS,h,2,311.6,44.1,D,0
40.61731,-8.38108,367,0.37,0.58,2024-09-17,1238,N,VIIRS,h,2,304.21,29.7,D,0
40.61617,-8.38523,367,0.38,0.58,2024-09-17,1238,N,VIIRS,h,2,304.98,29.7,D,0
40.61261,-8.3982,367,0.38,0.58,2024-09-17,1238,N,VIIRS,h,2,304.26,15.21,D,0
40.61137,-8.40268,367,0.38,0.58,2024-09-17,1238,N,VIIRS,h,2,302.37,15.21,D,0
40.61013,-8.40718,367,0.38,0.58,2024-09-17,1238,N,VIIRS,h,2,304.98,7.94,D,0
40.62542,-8.35156,355.36,0.37,0.58,2024-09-17,1238,N,VIIRS,n,2,300.74,17.57,D,0
40.6242,-8.35601,353.5,0.37,0.58,2024-09-17,1238,N,VIIRS,n,2,308.55,24.45,D,0
40.61844,-8.37697,348.06,0.37,0.58,2024-09-17,1238,N,VIIRS,n,2,312.88,44.1,D,0
40.61382,-8.39379,349.35,0.38,0.58,2024-09-17,1238,N,VIIRS,n,2,311.67,113.99,D,0
40.60889,-8.41172,335.49,0.38,0.58,2024-09-17,1238,N,VIIRS,n,2,300.7,7.94,D,0
40.63074,-8.35325,367,0.37,0.58,2024-09-17,1238,N,VIIRS,h,2,305.64,8.66,D,0
40.6295,-8.35779,367,0.37,0.58,2024-09-17,1238,N,VIIRS,h,2,306.1,11.46,D,0
40.62828,-8.36222,367,0.37,0.58,2024-09-17,1238,N,VIIRS,h,2,304,11.46,D,0
40.614,-8.41425,367,0.38,0.58,2024-09-17,1238,N,VIIRS,h,2,302.58,8.8,D,0
40.62249,-8.38336,344.2,0.37,0.58,2024-09-17,1238,N,VIIRS,n,2,300.98,5.52,D,0
40.62132,-8.38762,350.93,0.38,0.58,2024-09-17,1238,N,VIIRS,n,2,301,5.52,D,0
40.62013,-8.39194,332.88,0.38,0.58,2024-09-17,1238,N,VIIRS,n,2,298.98,3.26,D,0
40.61892,-8.39633,329.8,0.38,0.58,2024-09-17,1238,N,VIIRS,n,2,298.62,3.26,D,0
40.61525,-8.40971,341.6,0.38,0.58,2024-09-17,1238,N,VIIRS,n,2,298.53,8.8,D,0
40.61272,-8.41888,346.85,0.38,0.58,2024-09-17,1238,N,VIIRS,n,2,301.36,5.05,D,0
40.61145,-8.42352,337.19,0.38,0.58,2024-09-17,1238,N,VIIRS,n,2,298.77,5.05,D,0
40.63624,-8.35432,367,0.37,0.58,2024-09-17,1238,N,VIIRS,h,2,306.8,8.66,D,0
40.63747,-8.34981,345.02,0.37,0.58,2024-09-17,1238,N,VIIRS,n,2,302.16,8.66,D,0
40.65199,-8.31785,367,0.37,0.58,2024-09-17,1238,N,VIIRS,h,2,316.1,130.44,D,0
40.64965,-8.32641,353.22,0.37,0.58,2024-09-17,1238,N,VIIRS,n,2,307.49,15.32,D,0
40.64856,-8.3304,351.86,0.37,0.58,2024-09-17,1238,N,VIIRS,n,2,303.43,15.32,D,0
40.64743,-8.33454,328.81,0.37,0.58,2024-09-17,1238,N,VIIRS,l,2,299.46,3.09,D,0
40.64626,-8.33881,327.9,0.37,0.58,2024-09-17,1238,N,VIIRS,l,2,299.84,3.09,D,0
40.64509,-8.3431,335.3,0.37,0.58,2024-09-17,1238,N,VIIRS,n,2,300.11,3.68,D,0
40.62721,-8.45087,348.37,0.38,0.59,2024-09-17,1238,N,VIIRS,n,2,300.56,5.65,D,0
40.62495,-8.45912,331.47,0.38,0.59,2024-09-17,1238,N,VIIRS,n,2,300.56,4.97,D,0
40.63002,-8.46186,367,0.38,0.59,2024-09-17,1238,N,VIIRS,h,2,300.68,4.97,D,0
40.66464,-8.335,355.83,0.37,0.58,2024-09-17,1238,N,VIIRS,n,2,300.59,23.11,D,0
40.66332,-8.33984,354.81,0.37,0.58,2024-09-17,1238,N,VIIRS,n,2,313.41,15.66,D,0
40.66198,-8.34478,336.39,0.37,0.58,2024-09-17,1238,N,VIIRS,n,2,301.95,15.66,D,0
40.63117,-8.45764,328.05,0.38,0.59,2024-09-17,1238,N,VIIRS,n,2,298.44,4.97,D,0
40.66844,-8.34226,367,0.37,0.58,2024-09-17,1238,N,VIIRS,h,2,303.07,9.27,D,0
40.66715,-8.347,367,0.37,0.58,2024-09-17,1238,N,VIIRS,h,2,303.7,9.27,D,0
40.63632,-8.4601,327.6,0.38,0.59,2024-09-17,1238,N,VIIRS,n,2,301.44,2.72,D,0
40.63515,-8.46437,341.48,0.38,0.59,2024-09-17,1238,N,VIIRS,n,2,302.28,2.72,D,0
40.63572,-8.48362,367,0.38,0.59,2024-09-17,1238,N,VIIRS,h,2,304.48,7.41,D,0
40.6333,-8.49244,367,0.38,0.59,2024-09-17,1238,N,VIIRS,h,2,301.97,8.67,D,0
40.63801,-8.47523,337.59,0.38,0.59,2024-09-17,1238,N,VIIRS,n,2,301.69,4.65,D,0
40.63686,-8.47942,340.83,0.38,0.59,2024-09-17,1238,N,VIIRS,n,2,302.25,7.41,D,0
40.63454,-8.48792,354.72,0.38,0.59,2024-09-17,1238,N,VIIRS,n,2,301.15,8.67,D,0
40.67213,-8.3712,367,0.37,0.58,2024-09-17,1238,N,VIIRS,h,2,303.65,25.19,D,0
40.6734,-8.36655,352.3,0.37,0.58,2024-09-17,1238,N,VIIRS,n,2,301.84,25.19,D,0
40.65273,-8.44254,333.19,0.38,0.58,2024-09-17,1238,N,VIIRS,l,2,303.8,2.43,D,0
40.63137,-8.52087,344.46,0.38,0.59,2024-09-17,1238,N,VIIRS,n,2,299.39,5.2,D,0
40.63016,-8.5253,338.19,0.38,0.59,2024-09-17,1238,N,VIIRS,n,2,298.3,4.14,D,0
40.67947,-8.36548,367,0.37,0.58,2024-09-17,1238,N,VIIRS,h,2,298.41,22.98,D,0
40.67823,-8.37004,367,0.37,0.58,2024-09-17,1238,N,VIIRS,h,2,300.37,25.19,D,0
40.67706,-8.37436,367,0.37,0.58,2024-09-17,1238,N,VIIRS,h,2,314,25.19,D,0
40.67592,-8.37857,352.77,0.37,0.58,2024-09-17,1238,N,VIIRS,n,2,304.25,26.72,D,0
40.6579,-8.44489,336.1,0.38,0.58,2024-09-17,1238,N,VIIRS,n,2,299.73,2.43,D,0
40.65083,-8.47087,328.59,0.38,0.59,2024-09-17,1238,N,VIIRS,l,2,301.83,1.59,D,0
40.63899,-8.51432,336.58,0.38,0.59,2024-09-17,1238,N,VIIRS,n,2,299.55,6.13,D,0
40.6378,-8.51868,345.71,0.38,0.59,2024-09-17,1238,N,VIIRS,n,2,300.46,5.2,D,0
40.68092,-8.38148,367,0.37,0.58,2024-09-17,1238,N,VIIRS,h,2,301.19,10.58,D,0
40.65492,-8.47722,339.78,0.38,0.59,2024-09-17,1238,N,VIIRS,n,2,299.27,3.69,D,0
40.68958,-8.37084,367,0.37,0.58,2024-09-17,1238,N,VIIRS,h,2,308.6,13.66,D,0
40.69076,-8.36647,336.64,0.37,0.58,2024-09-17,1238,N,VIIRS,n,2,296.33,13.66,D,0
40.68839,-8.37523,329.12,0.37,0.58,2024-09-17,1238,N,VIIRS,n,2,295.32,14.72,D,0
40.69684,-8.36535,367,0.37,0.58,2024-09-17,1238,N,VIIRS,h,2,300.7,11.51,D,0
40.69566,-8.36973,347.53,0.37,0.58,2024-09-17,1238,N,VIIRS,n,2,300.26,8.53,D,0
40.8353,-7.86852,367,0.35,0.57,2024-09-17,1238,N,VIIRS,h,2,300.84,200.34,D,0
40.83215,-7.88045,367,0.35,0.57,2024-09-17,1238,N,VIIRS,h,2,338.45,208.73,D,0
40.82775,-7.89706,367,0.35,0.57,2024-09-17,1238,N,VIIRS,h,2,307.1,45.12,D,0
40.8243,-7.91013,367,0.35,0.57,2024-09-17,1238,N,VIIRS,h,2,298.59,14.93,D,0
40.82326,-7.91404,367,0.35,0.57,2024-09-17,1238,N,VIIRS,h,2,302.61,14.93,D,0
40.8289,-7.89272,355.5,0.35,0.57,2024-09-17,1238,N,VIIRS,n,2,303.23,45.12,D,0
40.82655,-7.90162,350.66,0.35,0.57,2024-09-17,1238,N,VIIRS,n,2,314.04,41.19,D,0
40.82541,-7.90591,347.85,0.35,0.57,2024-09-17,1238,N,VIIRS,n,2,306.93,41.19,D,0
40.82229,-7.9177,336.09,0.35,0.57,2024-09-17,1238,N,VIIRS,n,2,293.77,5.96,D,0
40.8213,-7.92145,343.34,0.35,0.57,2024-09-17,1238,N,VIIRS,n,2,292.81,5.96,D,0
40.82022,-7.92548,329.44,0.35,0.57,2024-09-17,1238,N,VIIRS,n,2,290.57,3.63,D,0
40.83423,-7.87258,367,0.35,0.57,2024-09-17,1238,N,VIIRS,l,2,367.25,200.34,D,0
40.83319,-7.87651,367,0.35,0.57,2024-09-17,1238,N,VIIRS,l,2,354.7,208.73,D,0
40.8311,-7.88443,367,0.35,0.57,2024-09-17,1238,N,VIIRS,l,2,339.21,115.66,D,0
40.83002,-7.8885,367,0.35,0.57,2024-09-17,1238,N,VIIRS,l,2,330.13,115.66,D,0
40.84389,-7.85721,367,0.35,0.57,2024-09-17,1238,N,VIIRS,h,2,301.91,61.35,D,0
40.83846,-7.87776,367,0.35,0.57,2024-09-17,1238,N,VIIRS,h,2,314.97,48.7,D,0
40.82749,-7.91929,367,0.35,0.57,2024-09-17,1238,N,VIIRS,h,2,305.17,11.01,D,0
40.84054,-7.8699,351.49,0.35,0.57,2024-09-17,1238,N,VIIRS,n,2,320.23,56.48,D,0
40.83949,-7.8739,348.98,0.35,0.57,2024-09-17,1238,N,VIIRS,n,2,309.76,56.48,D,0
40.8374,-7.88178,354.23,0.35,0.57,2024-09-17,1238,N,VIIRS,n,2,321.85,48.7,D,0
40.83628,-7.88604,355.43,0.35,0.57,2024-09-17,1238,N,VIIRS,n,2,308.73,45.07,D,0
40.83509,-7.89055,342.22,0.35,0.57,2024-09-17,1238,N,VIIRS,n,2,312.94,45.07,D,0
40.83388,-7.89511,355.72,0.35,0.57,2024-09-17,1238,N,VIIRS,n,2,296.15,14.46,D,0
40.83273,-7.89946,336.79,0.35,0.57,2024-09-17,1238,N,VIIRS,n,2,296.68,14.46,D,0
40.83057,-7.90765,328.48,0.35,0.57,2024-09-17,1238,N,VIIRS,n,2,293.96,8.17,D,0
40.82854,-7.91532,332.88,0.35,0.57,2024-09-17,1238,N,VIIRS,n,2,293.28,12.89,D,0
40.82639,-7.92345,348.74,0.35,0.57,2024-09-17,1238,N,VIIRS,n,2,299.39,11.01,D,0
40.82523,-7.92781,343.12,0.35,0.57,2024-09-17,1238,N,VIIRS,n,2,296.58,7.81,D,0
40.84281,-7.86129,367,0.35,0.57,2024-09-17,1238,N,VIIRS,l,2,341.35,50.65,D,0
40.84167,-7.86561,277.95,0.35,0.57,2024-09-17,1238,N,VIIRS,l,2,313.4,50.65,D,0
40.85398,-7.84018,367,0.35,0.57,2024-09-17,1238,N,VIIRS,h,2,314.26,115.51,D,0
40.8498,-7.85605,367,0.35,0.57,2024-09-17,1238,N,VIIRS,h,2,321.15,61.35,D,0
40.83887,-7.89749,367,0.35,0.57,2024-09-17,1238,N,VIIRS,h,2,299.58,14.46,D,0
40.84785,-7.8634,354.62,0.35,0.57,2024-09-17,1238,N,VIIRS,n,2,303.17,50.65,D,0
40.84686,-7.86715,329.89,0.35,0.57,2024-09-17,1238,N,VIIRS,l,2,301.87,50.65,D,0
40.84002,-7.89311,328.27,0.35,0.57,2024-09-17,1238,N,VIIRS,n,2,295.12,45.07,D,0
40.85286,-7.84444,367,0.35,0.57,2024-09-17,1238,N,VIIRS,l,2,333.39,115.51,D,0
40.8518,-7.84847,367,0.35,0.57,2024-09-17,1238,N,VIIRS,l,2,360.89,120.38,D,0
40.85078,-7.85231,208,0.35,0.57,2024-09-17,1238,N,VIIRS,l,2,308.13,120.38,D,0
40.84882,-7.85973,267.63,0.35,0.57,2024-09-17,1238,N,VIIRS,l,2,314.12,61.35,D,0
40.86366,-7.8246,367,0.35,0.57,2024-09-17,1238,N,VIIRS,h,2,301.08,11.15,D,0
40.86023,-7.83763,367,0.35,0.57,2024-09-17,1238,N,VIIRS,h,2,308.87,23.11,D,0
40.85679,-7.85072,367,0.35,0.57,2024-09-17,1238,N,VIIRS,h,2,301.13,10.92,D,0
40.82886,-7.95662,367,0.35,0.57,2024-09-17,1238,N,VIIRS,h,2,299.23,18.33,D,0
40.86254,-7.82887,350.52,0.35,0.57,2024-09-17,1238,N,VIIRS,n,2,310.43,11.15,D,0
40.86139,-7.83323,343.89,0.35,0.57,2024-09-17,1238,N,VIIRS,n,2,303.14,23.11,D,0
40.85907,-7.84208,342.19,0.35,0.57,2024-09-17,1238,N,VIIRS,n,2,313.99,22.97,D,0
40.85791,-7.84647,345.12,0.35,0.57,2024-09-17,1238,N,VIIRS,n,2,301.35,22.97,D,0
40.8557,-7.85486,343.11,0.35,0.57,2024-09-17,1238,N,VIIRS,n,2,297.17,10.92,D,0
40.84613,-7.89122,344.08,0.35,0.57,2024-09-17,1238,N,VIIRS,n,2,299.95,30.48,D,0
40.84496,-7.89562,350.17,0.35,0.57,2024-09-17,1238,N,VIIRS,n,2,300.41,30.48,D,0
40.84391,-7.89961,348.02,0.35,0.57,2024-09-17,1238,N,VIIRS,n,2,300.09,5.62,D,0
40.8429,-7.90346,331.01,0.35,0.57,2024-09-17,1238,N,VIIRS,n,2,299.5,5.62,D,0
40.83635,-7.92827,333.56,0.35,0.57,2024-09-17,1238,N,VIIRS,n,2,297.03,23.46,D,0
40.83515,-7.9328,338.47,0.35,0.57,2024-09-17,1238,N,VIIRS,n,2,298.31,7.99,D,0
40.83398,-7.93728,343.55,0.35,0.57,2024-09-17,1238,N,VIIRS,n,2,296.66,7.99,D,0
40.83288,-7.94142,353.48,0.35,0.57,2024-09-17,1238,N,VIIRS,n,2,296.88,11.8,D,0
40.82985,-7.95289,343.98,0.35,0.57,2024-09-17,1238,N,VIIRS,n,2,294.18,15.5,D,0
40.82785,-7.96042,355.67,0.35,0.57,2024-09-17,1238,N,VIIRS,n,2,300.36,18.33,D,0
40.82681,-7.96436,339.58,0.35,0.57,2024-09-17,1238,N,VIIRS,n,2,292.82,6.15,D,0
40.86763,-7.83073,367,0.35,0.57,2024-09-17,1238,N,VIIRS,h,2,310.68,11.15,D,0
40.85344,-7.88472,367,0.35,0.57,2024-09-17,1238,N,VIIRS,h,2,302.95,72.06,D,0
40.84228,-7.9271,367,0.35,0.57,2024-09-17,1238,N,VIIRS,h,2,305.96,23.46,D,0
40.84005,-7.93556,367,0.35,0.57,2024-09-17,1238,N,VIIRS,h,2,300.25,7.99,D,0
40.83597,-7.95103,367,0.35,0.57,2024-09-17,1238,N,VIIRS,h,2,303.37,15.5,D,0
40.835,-7.95468,367,0.35,0.57,2024-09-17,1238,N,VIIRS,h,2,306.26,15.5,D,0
40.83402,-7.95838,367,0.35,0.57,2024-09-17,1238,N,VIIRS,h,2,303.33,18.33,D,0
40.83299,-7.96227,367,0.35,0.57,2024-09-17,1238,N,VIIRS,h,2,301.48,18.33,D,0
40.86875,-7.82646,336.52,0.35,0.57,2024-09-17,1238,N,VIIRS,n,2,299.99,11.15,D,0
40.85471,-7.8799,336.32,0.35,0.57,2024-09-17,1238,N,VIIRS,n,2,297.68,11.05,D,0
40.85009,-7.89743,349.2,0.35,0.57,2024-09-17,1238,N,VIIRS,n,2,309.43,30.48,D,0
40.84906,-7.90138,344,0.35,0.57,2024-09-17,1238,N,VIIRS,n,2,300.99,5.62,D,0
40.848,-7.90539,335.65,0.35,0.57,2024-09-17,1238,N,VIIRS,n,2,298.74,5.62,D,0
40.84337,-7.92296,355.73,0.35,0.57,2024-09-17,1238,N,VIIRS,n,2,297.28,18.06,D,0
40.84118,-7.93128,353.55,0.35,0.57,2024-09-17,1238,N,VIIRS,n,2,306.47,23.46,D,0
40.83895,-7.93973,344.37,0.35,0.57,2024-09-17,1238,N,VIIRS,n,2,296.66,7.99,D,0
40.83693,-7.94738,350.82,0.35,0.57,2024-09-17,1238,N,VIIRS,n,2,294.18,11.8,D,0
40.8319,-7.96641,332.28,0.35,0.57,2024-09-17,1238,N,VIIRS,n,2,292.18,6.15,D,0
40.66477,-8.59132,336.24,0.38,0.59,2024-09-17,1238,N,VIIRS,n,2,297.15,3.44,D,0
40.85225,-7.88924,350.33,0.35,0.57,2024-09-17,1238,N,VIIRS,l,2,334.35,72.06,D,0
40.85115,-7.89341,208,0.35,0.57,2024-09-17,1238,N,VIIRS,l,2,313.86,30.48,D,0
40.84392,-7.85736,367,0.35,0.57,2024-09-17,1238,N,VIIRS,h,2,302.41,60.96,D,0
40.83837,-7.87787,367,0.35,0.57,2024-09-17,1238,N,VIIRS,h,2,313.64,44.61,D,0
40.82715,-7.91926,367,0.35,0.57,2024-09-17,1238,N,VIIRS,h,2,304.8,10.6,D,0
40.84048,-7.87004,352.3,0.35,0.57,2024-09-17,1238,N,VIIRS,n,2,319.92,55.92,D,0
40.83941,-7.87402,347.59,0.35,0.57,2024-09-17,1238,N,VIIRS,n,2,309.2,55.92,D,0
40.83728,-7.88187,355.32,0.35,0.57,2024-09-17,1238,N,VIIRS,n,2,321.38,44.61,D,0
40.83613,-7.88612,355.31,0.35,0.57,2024-09-17,1238,N,VIIRS,n,2,308.94,65.5,D,0
40.83492,-7.8906,345.6,0.35,0.57,2024-09-17,1238,N,VIIRS,n,2,314.26,65.5,D,0
40.83368,-7.89514,353.85,0.35,0.57,2024-09-17,1238,N,VIIRS,n,2,296.62,14.15,D,0
40.83251,-7.89947,338.81,0.35,0.57,2024-09-17,1238,N,VIIRS,n,2,296.47,14.15,D,0
40.82822,-7.91531,335.8,0.35,0.57,2024-09-17,1238,N,VIIRS,n,2,293.61,11.32,D,0
40.82603,-7.92338,352.86,0.35,0.57,2024-09-17,1238,N,VIIRS,n,2,299.97,10.6,D,0
40.82486,-7.92771,343.24,0.35,0.57,2024-09-17,1238,N,VIIRS,n,2,297.13,7.71,D,0
40.84281,-7.86144,367,0.35,0.57,2024-09-17,1238,N,VIIRS,l,2,340.61,70.74,D,0
40.84164,-7.86576,208,0.35,0.57,2024-09-17,1238,N,VIIRS,l,2,316.16,70.74,D,0
40.85411,-7.84036,367,0.35,0.57,2024-09-17,1238,N,VIIRS,h,2,313.84,116.04,D,0
40.84984,-7.85619,367,0.35,0.57,2024-09-17,1238,N,VIIRS,h,2,316.75,60.96,D,0
40.83867,-7.8975,367,0.35,0.57,2024-09-17,1238,N,VIIRS,h,2,298.71,14.15,D,0
40.84786,-7.86352,345.95,0.35,0.57,2024-09-17,1238,N,VIIRS,n,2,302.09,70.74,D,0
40.85296,-7.84462,367,0.35,0.57,2024-09-17,1238,N,VIIRS,l,2,335.06,116.04,D,0
40.85188,-7.84863,367,0.35,0.57,2024-09-17,1238,N,VIIRS,l,2,358.48,129.23,D,0
40.85085,-7.85246,208,0.35,0.57,2024-09-17,1238,N,VIIRS,l,2,312.06,129.23,D,0
40.84885,-7.85986,208,0.35,0.57,2024-09-17,1238,N,VIIRS,l,2,315.49,60.96,D,0
40.86391,-7.8248,367,0.35,0.56,2024-09-17,1238,N,VIIRS,h,2,299.42,14.22,D,0
40.86041,-7.8378,367,0.35,0.57,2024-09-17,1238,N,VIIRS,h,2,307.19,20.69,D,0
40.82732,-7.96025,367,0.35,0.57,2024-09-17,1238,N,VIIRS,h,2,300.36,19,D,0
40.86277,-7.82906,347.67,0.35,0.57,2024-09-17,1238,N,VIIRS,n,2,314.19,14.22,D,0
40.86159,-7.83341,344.46,0.35,0.57,2024-09-17,1238,N,VIIRS,n,2,303.87,20.69,D,0
40.85921,-7.84224,342.43,0.35,0.57,2024-09-17,1238,N,VIIRS,n,2,313.19,18.39,D,0
40.85803,-7.84662,338.64,0.35,0.57,2024-09-17,1238,N,VIIRS,n,2,301.55,18.39,D,0
40.85688,-7.85086,353.96,0.35,0.57,2024-09-17,1238,N,VIIRS,n,2,301.32,8.83,D,0
40.84598,-7.89125,342.16,0.35,0.57,2024-09-17,1238,N,VIIRS,n,2,299.58,32.83,D,0
40.8448,-7.89563,347.86,0.35,0.57,2024-09-17,1238,N,VIIRS,n,2,300.26,32.83,D,0
40.84373,-7.89961,348.66,0.35,0.57,2024-09-17,1238,N,VIIRS,n,2,300.08,7.72,D,0
40.83479,-7.93265,334.04,0.35,0.57,2024-09-17,1238,N,VIIRS,n,2,298.26,7.61,D,0
40.83358,-7.93711,337.45,0.35,0.57,2024-09-17,1238,N,VIIRS,n,2,296.12,7.61,D,0
40.83246,-7.94126,353.61,0.35,0.57,2024-09-17,1238,N,VIIRS,n,2,298.31,6.44,D,0
40.82834,-7.95646,354.82,0.35,0.57,2024-09-17,1238,N,VIIRS,n,2,296.37,19,D,0
40.86786,-7.83091,367,0.35,0.57,2024-09-17,1238,N,VIIRS,h,2,309.86,14.22,D,0
40.85334,-7.88479,367,0.35,0.57,2024-09-17,1238,N,VIIRS,h,2,302.5,73.62,D,0
40.84197,-7.92692,367,0.35,0.57,2024-09-17,1238,N,VIIRS,h,2,304.77,34.55,D,0
40.83968,-7.93538,367,0.35,0.57,2024-09-17,1238,N,VIIRS,h,2,299.86,7.61,D,0
40.8355,-7.95087,367,0.35,0.57,2024-09-17,1238,N,VIIRS,h,2,303.05,21.39,D,0
40.83451,-7.95452,367,0.35,0.57,2024-09-17,1238,N,VIIRS,h,2,308.19,21.39,D,0
40.83351,-7.95822,367,0.35,0.57,2024-09-17,1238,N,VIIRS,h,2,305.26,19,D,0
40.83246,-7.96209,367,0.35,0.57,2024-09-17,1238,N,VIIRS,h,2,305.61,19,D,0
40.85465,-7.87997,331.35,0.35,0.57,2024-09-17,1238,N,VIIRS,n,2,297.74,7.21,D,0
40.84993,-7.89744,351.21,0.35,0.57,2024-09-17,1238,N,VIIRS,n,2,311.16,32.83,D,0
40.84887,-7.90137,345.9,0.35,0.57,2024-09-17,1238,N,VIIRS,n,2,301.49,7.72,D,0
40.8478,-7.90536,337.29,0.35,0.57,2024-09-17,1238,N,VIIRS,n,2,299.16,7.72,D,0
40.84308,-7.92279,347.65,0.35,0.57,2024-09-17,1238,N,VIIRS,n,2,295.67,11.83,D,0
40.84084,-7.93109,353.55,0.35,0.57,2024-09-17,1238,N,VIIRS,n,2,308.11,34.55,D,0
40.83855,-7.93957,349.68,0.35,0.57,2024-09-17,1238,N,VIIRS,n,2,297.5,7.61,D,0
40.83751,-7.94344,331.96,0.35,0.57,2024-09-17,1238,N,VIIRS,n,2,292.61,6.44,D,0
40.83648,-7.94724,340.36,0.35,0.57,2024-09-17,1238,N,VIIRS,n,2,292.52,6.44,D,0
40.83135,-7.9662,345.71,0.35,0.57,2024-09-17,1238,N,VIIRS,n,2,292.76,13.42,D,0
40.85213,-7.88928,354.24,0.35,0.57,2024-09-17,1238,N,VIIRS,l,2,330.81,73.62,D,0
40.85101,-7.89343,208,0.35,0.57,2024-09-17,1238,N,VIIRS,l,2,318.32,32.83,D,0
40.84797,-7.92557,367,0.35,0.57,2024-09-17,1238,N,VIIRS,h,2,307.8,28.48,D,0
40.82718,-8.00248,367,0.35,0.57,2024-09-17,1238,N,VIIRS,h,2,299.96,36.39,D,0
40.82377,-8.01506,367,0.36,0.57,2024-09-17,1238,N,VIIRS,h,2,297.83,102.6,D,0
40.82252,-8.01969,367,0.36,0.57,2024-09-17,1238,N,VIIRS,h,2,300.4,49.82,D,0
40.87933,-7.80906,348.97,0.35,0.56,2024-09-17,1238,N,VIIRS,n,2,299.36,10,D,0
40.87835,-7.81272,356.39,0.35,0.56,2024-09-17,1238,N,VIIRS,n,2,305.74,9.67,D,0
40.87409,-7.82855,342.25,0.35,0.56,2024-09-17,1238,N,VIIRS,n,2,304.36,5.37,D,0
40.85948,-7.88286,349.69,0.35,0.57,2024-09-17,1238,N,VIIRS,n,2,299.95,6.6,D,0
40.85831,-7.88721,354.81,0.35,0.57,2024-09-17,1238,N,VIIRS,n,2,301.87,5.78,D,0
40.8572,-7.89133,341.45,0.35,0.57,2024-09-17,1238,N,VIIRS,n,2,299.81,5.78,D,0
40.85613,-7.8953,338.59,0.35,0.57,2024-09-17,1238,N,VIIRS,n,2,301.09,4.91,D,0
40.84163,-7.94904,352.13,0.35,0.57,2024-09-17,1238,N,VIIRS,n,2,299.56,7.62,D,0
40.83274,-7.98192,334.68,0.35,0.57,2024-09-17,1238,N,VIIRS,n,2,299.95,12.86,D,0
40.82824,-7.99858,334.84,0.35,0.57,2024-09-17,1238,N,VIIRS,n,2,293.78,12.26,D,0
40.82609,-8.0065,356.17,0.35,0.57,2024-09-17,1238,N,VIIRS,n,2,297.88,36.39,D,0
40.82497,-8.01065,348.7,0.36,0.57,2024-09-17,1238,N,VIIRS,n,2,296.31,102.6,D,0
40.82131,-8.02414,334.23,0.36,0.57,2024-09-17,1238,N,VIIRS,n,2,292.75,49.82,D,0
40.6659,-8.59118,334.79,0.38,0.59,2024-09-17,1238,N,VIIRS,n,2,296.57,3.33,D,0
40.8864,-7.80352,367,0.35,0.56,2024-09-17,1238,N,VIIRS,h,2,305.88,10.84,D,0
40.84015,-7.97538,367,0.35,0.57,2024-09-17,1238,N,VIIRS,h,2,303.7,26.24,D,0
40.83775,-7.9843,367,0.35,0.57,2024-09-17,1238,N,VIIRS,h,2,299.42,12.86,D,0
40.83238,-8.00416,367,0.35,0.57,2024-09-17,1238,N,VIIRS,h,2,305.19,36.39,D,0
40.82633,-8.02651,367,0.36,0.57,2024-09-17,1238,N,VIIRS,h,2,297.27,49.82,D,0
40.88741,-7.79975,335.1,0.35,0.56,2024-09-17,1238,N,VIIRS,n,2,296.81,10.84,D,0
40.88542,-7.80718,355.74,0.35,0.56,2024-09-17,1238,N,VIIRS,n,2,306.36,10,D,0
40.88445,-7.81081,349.9,0.35,0.56,2024-09-17,1238,N,VIIRS,n,2,307.41,10,D,0
40.88345,-7.81455,338.7,0.35,0.56,2024-09-17,1238,N,VIIRS,n,2,303.1,9.67,D,0
40.83893,-7.97992,356.24,0.35,0.57,2024-09-17,1238,N,VIIRS,n,2,298.15,12.86,D,0
40.83659,-7.98858,356.79,0.35,0.57,2024-09-17,1238,N,VIIRS,n,2,301.76,18.4,D,0
40.83345,-8.00022,342.56,0.35,0.57,2024-09-17,1238,N,VIIRS,n,2,293.4,12.26,D,0
40.83127,-8.00825,347.77,0.35,0.57,2024-09-17,1238,N,VIIRS,n,2,315.35,36.39,D,0
40.82509,-8.0311,340.88,0.36,0.57,2024-09-17,1238,N,VIIRS,n,2,293.59,10.9,D,0
40.8301,-8.0126,367,0.36,0.57,2024-09-17,1238,N,VIIRS,l,2,325.63,102.6,D,0
40.82883,-8.01729,367,0.36,0.57,2024-09-17,1238,N,VIIRS,l,2,351.97,102.6,D,0
40.82756,-8.02198,208,0.36,0.57,2024-09-17,1238,N,VIIRS,l,2,319.16,49.82,D,0
40.86836,-7.89157,329.68,0.35,0.57,2024-09-17,1238,N,VIIRS,l,2,302.04,1.43,D,0
40.83363,-8.02046,331.37,0.36,0.57,2024-09-17,1238,N,VIIRS,n,2,292.78,6.3,D,0
40.83237,-8.0251,329.37,0.36,0.57,2024-09-17,1238,N,VIIRS,n,2,292.76,5.71,D,0
40.7008,-8.50721,327.51,0.38,0.59,2024-09-17,1238,N,VIIRS,n,2,296.93,1.22,D,0
40.89504,-7.83384,367,0.35,0.56,2024-09-17,1238,N,VIIRS,h,2,306.85,28.81,D,0
40.89289,-7.84188,367,0.35,0.57,2024-09-17,1238,N,VIIRS,h,2,302.81,26.85,D,0
40.87045,-7.92563,367,0.35,0.57,2024-09-17,1238,N,VIIRS,h,2,298.49,6.4,D,0
40.89834,-7.82151,340.95,0.35,0.56,2024-09-17,1238,N,VIIRS,n,2,298.34,3.52,D,0
40.89397,-7.83787,348.84,0.35,0.56,2024-09-17,1238,N,VIIRS,n,2,309.67,26.85,D,0
40.89178,-7.84604,340.98,0.35,0.57,2024-09-17,1238,N,VIIRS,n,2,303.88,38.22,D,0
40.89058,-7.85055,345.15,0.35,0.57,2024-09-17,1238,N,VIIRS,n,2,304.96,38.22,D,0
40.74907,-8.37363,335.41,0.37,0.58,2024-09-17,1238,N,VIIRS,n,2,295.05,2.66,D,0
40.74488,-8.38897,327.55,0.37,0.58,2024-09-17,1238,N,VIIRS,n,2,297.68,5.08,D,0
40.74353,-8.39388,335.03,0.37,0.58,2024-09-17,1238,N,VIIRS,n,2,301.55,5.08,D,0
40.89773,-7.84473,367,0.35,0.57,2024-09-17,1238,N,VIIRS,h,2,300.39,26.85,D,0
40.89547,-7.85317,367,0.35,0.57,2024-09-17,1238,N,VIIRS,h,2,312.99,38.22,D,0
40.88829,-7.88,367,0.35,0.57,2024-09-17,1238,N,VIIRS,h,2,311.88,37.16,D,0
40.88297,-7.89988,367,0.35,0.57,2024-09-17,1238,N,VIIRS,h,2,305.62,11.6,D,0
40.8819,-7.90385,367,0.35,0.57,2024-09-17,1238,N,VIIRS,h,2,300.06,11.6,D,0
40.88087,-7.90771,367,0.35,0.57,2024-09-17,1238,N,VIIRS,h,2,300.39,23.66,D,0
40.87984,-7.91157,367,0.35,0.57,2024-09-17,1238,N,VIIRS,h,2,306.1,23.66,D,0
40.74867,-8.39623,367,0.37,0.58,2024-09-17,1238,N,VIIRS,h,2,301.69,5.08,D,0
40.89663,-7.84886,339.42,0.35,0.57,2024-09-17,1238,N,VIIRS,n,2,307.97,38.22,D,0
40.89305,-7.86221,349.98,0.35,0.57,2024-09-17,1238,N,VIIRS,n,2,317.52,71.26,D,0
40.89178,-7.86695,353.42,0.35,0.57,2024-09-17,1238,N,VIIRS,n,2,302.55,15.03,D,0
40.89059,-7.8714,348.79,0.35,0.57,2024-09-17,1238,N,VIIRS,n,2,296.99,15.03,D,0
40.88943,-7.87577,340.58,0.35,0.57,2024-09-17,1238,N,VIIRS,n,2,297.76,37.16,D,0
40.88615,-7.88801,335.94,0.35,0.57,2024-09-17,1238,N,VIIRS,n,2,302.11,45.28,D,0
40.88403,-7.89594,339.91,0.35,0.57,2024-09-17,1238,N,VIIRS,n,2,297.13,9.55,D,0
40.87878,-7.91552,343.68,0.35,0.57,2024-09-17,1238,N,VIIRS,n,2,309.98,29.06,D,0
40.74993,-8.39163,343.27,0.37,0.58,2024-09-17,1238,N,VIIRS,n,2,296.48,5.08,D,0
40.89429,-7.85761,367,0.35,0.57,2024-09-17,1238,N,VIIRS,l,2,331.2,71.26,D,0
40.89912,-7.86044,367,0.35,0.57,2024-09-17,1238,N,VIIRS,h,2,295.08,8.81,D,0
40.89228,-7.88605,367,0.35,0.57,2024-09-17,1238,N,VIIRS,h,2,298.63,16.17,D,0
40.88785,-7.90264,367,0.35,0.57,2024-09-17,1238,N,VIIRS,h,2,301.21,14.3,D,0
40.75056,-8.41047,367,0.37,0.58,2024-09-17,1238,N,VIIRS,h,2,310.73,13.24,D,0
40.89795,-7.86483,356.49,0.35,0.57,2024-09-17,1238,N,VIIRS,n,2,295.61,8.81,D,0
40.89117,-7.8902,351.68,0.35,0.57,2024-09-17,1238,N,VIIRS,n,2,302.41,16.17,D,0
40.72259,-8.5127,328.13,0.38,0.59,2024-09-17,1238,N,VIIRS,n,2,298.59,2.01,D,0
40.75569,-8.41288,367,0.37,0.58,2024-09-17,1238,N,VIIRS,h,2,304.09,13.24,D,0
40.75425,-8.41815,355.24,0.37,0.58,2024-09-17,1238,N,VIIRS,n,2,299.83,13.24,D,0
40.75287,-8.42321,331.64,0.37,0.58,2024-09-17,1238,N,VIIRS,n,2,299.69,6.47,D,0
40.73257,-8.49751,333.7,0.38,0.59,2024-09-17,1238,N,VIIRS,n,2,297.45,3.34,D,0
40.76983,-8.40342,367,0.37,0.58,2024-09-17,1238,N,VIIRS,h,2,300.52,8.36,D,0
40.76835,-8.40886,367,0.37,0.58,2024-09-17,1238,N,VIIRS,h,2,300.92,9.19,D,0
40.80007,-8.29198,346.43,0.37,0.58,2024-09-17,1238,N,VIIRS,n,2,298.36,4.58,D,0
40.77119,-8.3984,336.37,0.37,0.58,2024-09-17,1238,N,VIIRS,n,2,295.02,8.36,D,0
40.80424,-8.29778,367,0.37,0.58,2024-09-17,1238,N,VIIRS,h,2,299.09,10.49,D,0
40.77622,-8.40115,367,0.37,0.58,2024-09-17,1238,N,VIIRS,h,2,302.66,19.62,D,0
40.77481,-8.40637,367,0.37,0.58,2024-09-17,1238,N,VIIRS,h,2,304.87,19.62,D,0
40.77335,-8.41174,367,0.37,0.58,2024-09-17,1238,N,VIIRS,h,2,303.29,9.35,D,0
40.80539,-8.29352,330.96,0.37,0.58,2024-09-17,1238,N,VIIRS,n,2,295.32,8.93,D,0
40.77761,-8.39605,331.81,0.37,0.58,2024-09-17,1238,N,VIIRS,n,2,294.3,17.77,D,0
40.77204,-8.41655,343.92,0.37,0.58,2024-09-17,1238,N,VIIRS,n,2,301.52,9.35,D,0
40.77081,-8.42109,334.21,0.37,0.58,2024-09-17,1238,N,VIIRS,n,2,299.09,4.21,D,0
40.78289,-8.39788,367,0.37,0.58,2024-09-17,1238,N,VIIRS,h,2,310.06,17.77,D,0
40.78819,-8.3996,357.32,0.37,0.58,2024-09-17,1238,N,VIIRS,n,2,293.82,7.84,D,0
40.79317,-8.4025,353.09,0.37,0.58,2024-09-17,1238,N,VIIRS,n,2,299.38,7.84,D,0
40.79816,-8.40539,367,0.37,0.58,2024-09-17,1238,N,VIIRS,h,2,300.78,16.01,D,0
40.79662,-8.41112,343.61,0.37,0.58,2024-09-17,1238,N,VIIRS,n,2,304.34,9.93,D,0
40.80185,-8.41312,367,0.37,0.58,2024-09-17,1238,N,VIIRS,h,2,303.03,9.93,D,0
40.9161,-8.0076,367,0.35,0.57,2024-09-17,1238,N,VIIRS,h,2,303.35,28.96,D,0
40.91483,-8.01245,367,0.35,0.57,2024-09-17,1238,N,VIIRS,h,2,303.82,28.96,D,0
40.80677,-8.41629,367,0.37,0.58,2024-09-17,1238,N,VIIRS,h,2,297.35,24.09,D,0
40.80552,-8.42092,367,0.37,0.58,2024-09-17,1238,N,VIIRS,h,2,304.62,24.09,D,0
40.80437,-8.42517,346.58,0.37,0.58,2024-09-17,1238,N,VIIRS,n,2,306.44,28.73,D,0
40.92027,-8.01315,367,0.35,0.57,2024-09-17,1238,N,VIIRS,h,2,309.38,28.96,D,0
40.91761,-8.02318,367,0.35,0.57,2024-09-17,1238,N,VIIRS,h,2,347.95,152.95,D,0
40.91885,-8.01849,352.96,0.35,0.57,2024-09-17,1238,N,VIIRS,n,2,308.43,152.95,D,0
40.91526,-8.03205,352.01,0.35,0.57,2024-09-17,1238,N,VIIRS,n,2,300.28,117.37,D,0
40.91645,-8.02756,367,0.35,0.57,2024-09-17,1238,N,VIIRS,l,2,353.43,117.37,D,0
40.92301,-8.02405,367,0.35,0.57,2024-09-17,1238,N,VIIRS,h,2,303.5,103.24,D,0
40.92436,-8.01894,329.43,0.35,0.57,2024-09-17,1238,N,VIIRS,n,2,299.29,103.24,D,0
40.92046,-8.03371,338,0.35,0.57,2024-09-17,1238,N,VIIRS,n,2,299.7,143.74,D,0
40.92179,-8.02868,367,0.35,0.57,2024-09-17,1238,N,VIIRS,l,2,339.73,143.74,D,0
40.91578,-8.00961,367,0.35,0.57,2024-09-17,1238,N,VIIRS,h,2,308.05,24.25,D,0
40.80441,-8.41601,367,0.37,0.58,2024-09-17,1238,N,VIIRS,h,2,306.75,36.47,D,0
40.80307,-8.42085,367,0.37,0.58,2024-09-17,1238,N,VIIRS,h,2,305.2,13.24,D,0
40.91446,-8.01447,345.56,0.35,0.57,2024-09-17,1238,N,VIIRS,n,2,299.62,76.12,D,0
40.80177,-8.42557,338.8,0.37,0.58,2024-09-17,1238,N,VIIRS,n,2,299.05,13.24,D,0
40.80788,-8.42438,367,0.37,0.58,2024-09-17,1238,N,VIIRS,h,2,299.94,13.24,D,0
40.92133,-8.00995,354.28,0.35,0.57,2024-09-17,1238,N,VIIRS,n,2,296.84,24.25,D,0
40.91986,-8.01537,350.58,0.35,0.57,2024-09-17,1238,N,VIIRS,n,2,310.87,76.12,D,0
40.91847,-8.0205,355.08,0.35,0.57,2024-09-17,1238,N,VIIRS,n,2,313.19,76.12,D,0
40.91483,-8.03391,340.53,0.35,0.57,2024-09-17,1238,N,VIIRS,n,2,301.19,18.61,D,0
40.80675,-8.42849,354.8,0.37,0.58,2024-09-17,1238,N,VIIRS,n,2,296.94,13.24,D,0
40.91724,-8.025,367,0.35,0.57,2024-09-17,1238,N,VIIRS,l,2,371.05,206.27,D,0
40.91606,-8.02935,367,0.35,0.57,2024-09-17,1238,N,VIIRS,l,2,331.55,206.27,D,0
40.92264,-8.02595,367,0.35,0.57,2024-09-17,1238,N,VIIRS,h,2,309.09,128.43,D,0
40.92395,-8.02111,339.75,0.35,0.57,2024-09-17,1238,N,VIIRS,n,2,297.97,52.67,D,0
40.91997,-8.03578,336.28,0.35,0.57,2024-09-17,1238,N,VIIRS,n,2,297.47,19.55,D,0
40.92138,-8.03059,208,0.35,0.57,2024-09-17,1238,N,VIIRS,l,2,311.27,128.43,D,0
41.03123,-8.06264,367,0.35,0.57,2024-09-17,1238,N,VIIRS,h,2,298.64,12.33,D,0
41.02665,-8.05676,328.22,0.35,0.57,2024-09-17,1238,N,VIIRS,n,2,299.18,7.12,D,0
41.03074,-8.06245,367,0.35,0.57,2024-09-17,1238,N,VIIRS,h,2,298.74,9.49,D,0
41.02994,-8.06541,342.27,0.35,0.57,2024-09-17,1238,N,VIIRS,n,2,299.93,9.49,D,0
41.04164,-8.04303,367,0.35,0.57,2024-09-17,1238,N,VIIRS,h,2,303.91,6.42,D,0
41.04325,-8.0371,350.6,0.35,0.57,2024-09-17,1238,N,VIIRS,n,2,302.4,29.25,D,0
41.05073,-8.03023,367,0.35,0.57,2024-09-17,1238,N,VIIRS,h,2,300.28,29.85,D,0
41.03867,-8.07487,367,0.35,0.57,2024-09-17,1238,N,VIIRS,h,2,299.28,5.86,D,0
41.04954,-8.03464,351.61,0.35,0.57,2024-09-17,1238,N,VIIRS,n,2,322.28,29.25,D,0
41.04822,-8.03952,346.85,0.35,0.57,2024-09-17,1238,N,VIIRS,n,2,305.94,29.25,D,0
41.04671,-8.04509,331.24,0.35,0.57,2024-09-17,1238,N,VIIRS,n,2,298.43,6.42,D,0
41.03774,-8.07829,335.77,0.35,0.57,2024-09-17,1238,N,VIIRS,n,2,294.01,5.86,D,0
41.09553,-7.88456,355.17,0.34,0.56,2024-09-17,1238,N,VIIRS,n,2,301.06,3.76,D,0
41.09382,-7.89092,337.31,0.34,0.56,2024-09-17,1238,N,VIIRS,n,2,297.32,3.76,D,0
41.05547,-8.03351,354.36,0.35,0.57,2024-09-17,1238,N,VIIRS,n,2,308.22,11.14,D,0
41.06223,-8.02931,367,0.35,0.57,2024-09-17,1238,N,VIIRS,h,2,308.73,12.25,D,0
41.06318,-8.02581,347.08,0.35,0.57,2024-09-17,1238,N,VIIRS,n,2,299.39,12.25,D,0
41.06128,-8.03284,356,0.35,0.57,2024-09-17,1238,N,VIIRS,n,2,310.71,11.14,D,0
41.07932,-7.98668,367,0.35,0.57,2024-09-17,1238,N,VIIRS,h,2,297.07,5.87,D,0
41.06969,-8.02252,335.67,0.35,0.57,2024-09-17,1238,N,VIIRS,n,2,299.47,5.84,D,0
41.06879,-8.02586,343.95,0.35,0.57,2024-09-17,1238,N,VIIRS,n,2,300.97,5.84,D,0
41.06792,-8.02908,339.19,0.35,0.57,2024-09-17,1238,N,VIIRS,n,2,303.53,6.2,D,0
41.07451,-8.02548,367,0.35,0.57,2024-09-17,1238,N,VIIRS,h,2,302.17,5.84,D,0
41.07446,-8.04661,367,0.35,0.57,2024-09-17,1238,N,VIIRS,h,2,303.5,13.18,D,0
41.09743,-7.98183,336.59,0.35,0.57,2024-09-17,1238,N,VIIRS,n,2,296.23,2.65,D,0
41.08718,-8.02015,335.59,0.35,0.57,2024-09-17,1238,N,VIIRS,n,2,302.53,4.01,D,0
41.08612,-8.02411,341.32,0.35,0.57,2024-09-17,1238,N,VIIRS,n,2,305.54,3.89,D,0
41.06013,-8.12092,343.13,0.35,0.57,2024-09-17,1238,N,VIIRS,n,2,297.07,5.14,D,0
41.09091,-8.02722,367,0.35,0.57,2024-09-17,1238,N,VIIRS,h,2,306.93,16.05,D,0
41.08991,-8.03095,367,0.35,0.57,2024-09-17,1238,N,VIIRS,h,2,310.17,16.05,D,0
41.09193,-8.02339,338.62,0.35,0.57,2024-09-17,1238,N,VIIRS,n,2,299.63,5.52,D,0
41.08893,-8.03462,353.67,0.35,0.57,2024-09-17,1238,N,VIIRS,n,2,306.02,17.95,D,0
41.08941,-8.05381,353.59,0.35,0.57,2024-09-17,1238,N,VIIRS,n,2,298.32,3.48,D,0
41.10389,-8.02067,332.92,0.35,0.57,2024-09-17,1238,N,VIIRS,n,2,301.67,2.45,D,0
41.09563,-8.05163,335.9,0.35,0.57,2024-09-17,1238,N,VIIRS,n,2,300.7,5.75,D,0
41.09451,-8.0558,353.01,0.35,0.57,2024-09-17,1238,N,VIIRS,n,2,302.57,5.38,D,0
41.12755,-8.01606,355.43,0.35,0.57,2024-09-17,1238,N,VIIRS,n,2,300.51,8.43,D,0
41.12658,-8.01973,347.57,0.35,0.57,2024-09-17,1238,N,VIIRS,n,2,300.12,6.22,D,0
41.13445,-8.03231,332.8,0.35,0.57,2024-09-17,1238,N,VIIRS,n,2,300.37,2.16,D,0
41.13173,-8.06377,342.56,0.35,0.57,2024-09-17,1238,N,VIIRS,n,2,301.25,6.5,D,0
41.13079,-8.06731,347.82,0.35,0.57,2024-09-17,1238,N,VIIRS,n,2,302.17,6.71,D,0
41.15824,-7.98464,367,0.35,0.57,2024-09-17,1238,N,VIIRS,h,2,299.39,32.44,D,0
41.15722,-7.98853,367,0.35,0.57,2024-09-17,1238,N,VIIRS,h,2,302.9,32.44,D,0
41.14432,-8.03741,367,0.35,0.57,2024-09-17,1238,N,VIIRS,h,2,315.12,18.32,D,0
41.15617,-7.99252,352.58,0.35,0.57,2024-09-17,1238,N,VIIRS,n,2,305.5,80.89,D,0
41.14327,-8.04138,351.31,0.35,0.57,2024-09-17,1238,N,VIIRS,n,2,301.61,18.32,D,0
41.16542,-7.9786,367,0.35,0.56,2024-09-17,1238,N,VIIRS,h,2,306.37,23.3,D,0
41.16447,-7.98222,367,0.35,0.57,2024-09-17,1238,N,VIIRS,h,2,309.67,23.3,D,0
41.15747,-8.00878,367,0.35,0.57,2024-09-17,1238,N,VIIRS,h,2,298.82,14.7,D,0
41.16632,-7.97517,343.67,0.35,0.56,2024-09-17,1238,N,VIIRS,n,2,302.55,9.12,D,0
41.16344,-7.9861,354.43,0.35,0.57,2024-09-17,1238,N,VIIRS,n,2,323.72,32.44,D,0
41.16232,-7.99035,354.24,0.35,0.57,2024-09-17,1238,N,VIIRS,n,2,310.8,32.44,D,0
41.15869,-8.00416,356.51,0.35,0.57,2024-09-17,1238,N,VIIRS,n,2,298.36,14.7,D,0
41.14278,-8.06445,339.4,0.35,0.57,2024-09-17,1238,N,VIIRS,n,2,299.76,1.55,D,0
41.15991,-7.99953,275.41,0.35,0.57,2024-09-17,1238,N,VIIRS,l,2,314.66,80.89,D,0
41.1351,-8.03256,334.86,0.35,0.57,2024-09-17,1238,N,VIIRS,n,2,299.96,3.57,D,0
41.13223,-8.06386,336.4,0.35,0.57,2024-09-17,1238,N,VIIRS,n,2,300.56,6.96,D,0
41.13127,-8.06738,355.75,0.35,0.57,2024-09-17,1238,N,VIIRS,n,2,302.55,8.54,D,0
41.15927,-7.98476,367,0.35,0.56,2024-09-17,1238,N,VIIRS,h,2,307.8,31.74,D,0
41.14499,-8.03751,367,0.35,0.57,2024-09-17,1238,N,VIIRS,h,2,308.64,19.24,D,0
41.16132,-7.97717,344.72,0.35,0.56,2024-09-17,1238,N,VIIRS,n,2,298.67,11.29,D,0
41.16032,-7.98088,344.33,0.35,0.56,2024-09-17,1238,N,VIIRS,n,2,298.88,11.29,D,0
41.1582,-7.98872,353.21,0.35,0.57,2024-09-17,1238,N,VIIRS,n,2,309.44,31.74,D,0
41.15598,-7.99695,351.96,0.35,0.57,2024-09-17,1238,N,VIIRS,n,2,297.92,58.5,D,0
41.14393,-8.04144,345.52,0.35,0.57,2024-09-17,1238,N,VIIRS,n,2,304.77,19.24,D,0
41.1571,-7.99279,367,0.35,0.57,2024-09-17,1238,N,VIIRS,l,2,325.86,58.5,D,0
41.16547,-7.98252,367,0.35,0.56,2024-09-17,1238,N,VIIRS,h,2,304.61,11.29,D,0
41.16205,-7.99518,367,0.35,0.57,2024-09-17,1238,N,VIIRS,h,2,306.26,58.5,D,0
41.15826,-8.00922,367,0.35,0.57,2024-09-17,1238,N,VIIRS,h,2,298.69,19.8,D,0
41.16824,-7.97224,332.9,0.35,0.56,2024-09-17,1238,N,VIIRS,n,2,297.07,4.14,D,0
41.16736,-7.9755,344.76,0.35,0.56,2024-09-17,1238,N,VIIRS,n,2,303.84,4.14,D,0
41.16644,-7.97893,347.72,0.35,0.56,2024-09-17,1238,N,VIIRS,n,2,304.16,11.29,D,0
41.16444,-7.98636,353.32,0.35,0.56,2024-09-17,1238,N,VIIRS,n,2,315.43,31.74,D,0
41.16328,-7.99062,356.68,0.35,0.57,2024-09-17,1238,N,VIIRS,n,2,304.93,31.74,D,0
41.15951,-8.00461,355.49,0.35,0.57,2024-09-17,1238,N,VIIRS,n,2,300.63,19.8,D,0
41.15701,-8.01387,342.77,0.35,0.57,2024-09-17,1238,N,VIIRS,n,2,296.35,5.42,D,0
41.14332,-8.06446,336.96,0.35,0.57,2024-09-17,1238,N,VIIRS,n,2,298.77,3.43,D,0
41.17542,-7.96639,329.41,0.35,0.56,2024-09-17,1238,N,VIIRS,l,2,300.86,3.55,D,0
41.11937,-8.17359,343.47,0.36,0.57,2024-09-17,1238,N,VIIRS,n,2,299.34,9.54,D,0
41.11828,-8.17761,349.16,0.36,0.57,2024-09-17,1238,N,VIIRS,n,2,300.05,9.54,D,0
41.11718,-8.18166,353.32,0.36,0.57,2024-09-17,1238,N,VIIRS,n,2,300.17,8.01,D,0
41.12597,-8.17014,367,0.35,0.57,2024-09-17,1238,N,VIIRS,h,2,299.87,27.03,D,0
41.16544,-8.02421,334.69,0.35,0.57,2024-09-17,1238,N,VIIRS,n,2,296.63,3.79,D,0
41.12483,-8.17435,346.07,0.36,0.57,2024-09-17,1238,N,VIIRS,n,2,308.49,9.54,D,0
41.12369,-8.17854,329.66,0.36,0.57,2024-09-17,1238,N,VIIRS,l,2,301.74,9.54,D,0
41.16588,-8.04337,367,0.35,0.57,2024-09-17,1238,N,VIIRS,h,2,296.27,16.52,D,0
41.13125,-8.17155,367,0.35,0.57,2024-09-17,1238,N,VIIRS,h,2,300.56,8.42,D,0
41.17052,-8.02616,353.2,0.35,0.57,2024-09-17,1238,N,VIIRS,n,2,296.93,5.62,D,0
41.16866,-8.03309,345.37,0.35,0.57,2024-09-17,1238,N,VIIRS,n,2,298.17,4.77,D,0
41.16487,-8.04714,350.1,0.35,0.57,2024-09-17,1238,N,VIIRS,n,2,305.31,16.52,D,0
41.15063,-8.09989,330.41,0.35,0.57,2024-09-17,1238,N,VIIRS,n,2,299.64,5.18,D,0
41.14929,-8.10485,327.35,0.35,0.57,2024-09-17,1238,N,VIIRS,l,2,299.35,3.06,D,0
41.14795,-8.1098,341.37,0.35,0.57,2024-09-17,1238,N,VIIRS,n,2,300.95,3.06,D,0
41.15034,-8.12185,367,0.35,0.57,2024-09-17,1238,N,VIIRS,h,2,301.65,7.14,D,0
41.19028,-7.97351,337.26,0.35,0.56,2024-09-17,1238,N,VIIRS,n,2,301.64,2.46,D,0
41.15422,-8.10747,329.81,0.35,0.57,2024-09-17,1238,N,VIIRS,n,2,300.87,3.06,D,0
41.15296,-8.11214,332.05,0.35,0.57,2024-09-17,1238,N,VIIRS,n,2,301.69,3.06,D,0
41.15161,-8.11715,338.81,0.35,0.57,2024-09-17,1238,N,VIIRS,n,2,301.06,7.14,D,0
41.18017,-8.03197,367,0.35,0.57,2024-09-17,1238,N,VIIRS,h,2,304.6,75.59,D,0
41.10368,-8.31504,367,0.36,0.57,2024-09-17,1238,N,VIIRS,h,2,305.13,16.01,D,0
41.10172,-8.32223,367,0.36,0.57,2024-09-17,1238,N,VIIRS,h,2,304.03,10.44,D,0
41.17838,-8.03866,348.7,0.35,0.57,2024-09-17,1238,N,VIIRS,n,2,311.09,79.42,D,0
41.14404,-8.16608,350.06,0.35,0.57,2024-09-17,1238,N,VIIRS,n,2,301.07,6.65,D,0
41.14093,-8.17759,336.69,0.35,0.57,2024-09-17,1238,N,VIIRS,n,2,299.57,17.32,D,0
41.10272,-8.31854,354.35,0.36,0.57,2024-09-17,1238,N,VIIRS,n,2,310.48,16.01,D,0
41.10056,-8.3265,349.11,0.36,0.58,2024-09-17,1238,N,VIIRS,n,2,297.38,10.44,D,0
41.20544,-7.95862,367,0.35,0.56,2024-09-17,1238,N,VIIRS,h,2,302.39,7.95,D,0
41.19786,-7.98692,367,0.35,0.56,2024-09-17,1238,N,VIIRS,h,2,301.43,8.85,D,0
41.19673,-7.99113,367,0.35,0.56,2024-09-17,1238,N,VIIRS,h,2,305.87,8.85,D,0
41.18469,-8.03603,367,0.35,0.57,2024-09-17,1238,N,VIIRS,h,2,322.33,75.59,D,0
41.14561,-8.18123,367,0.35,0.57,2024-09-17,1238,N,VIIRS,h,2,303.03,17.32,D,0
41.14336,-8.18956,367,0.36,0.57,2024-09-17,1238,N,VIIRS,h,2,305.38,18.03,D,0
41.09951,-8.35136,367,0.36,0.58,2024-09-17,1238,N,VIIRS,h,2,300.46,10.79,D,0
41.09838,-8.3555,367,0.36,0.58,2024-09-17,1238,N,VIIRS,h,2,303.44,10.79,D,0
41.09732,-8.35942,367,0.36,0.58,2024-09-17,1238,N,VIIRS,h,2,301.43,11.12,D,0
41.09624,-8.3634,367,0.36,0.58,2024-09-17,1238,N,VIIRS,h,2,302.39,11.12,D,0
41.17653,-8.06642,339.04,0.35,0.57,2024-09-17,1238,N,VIIRS,n,2,299.49,4.19,D,0
41.14451,-8.18527,354.2,0.36,0.57,2024-09-17,1238,N,VIIRS,n,2,305.1,18.03,D,0
41.14082,-8.19895,343.49,0.36,0.57,2024-09-17,1238,N,VIIRS,n,2,300.03,8.78,D,0
41.13955,-8.20366,332,0.36,0.57,2024-09-17,1238,N,VIIRS,n,2,298.17,5.46,D,0
41.10891,-8.31679,330.33,0.36,0.57,2024-09-17,1238,N,VIIRS,n,2,299.06,16.01,D,0
41.09508,-8.36764,352.25,0.36,0.58,2024-09-17,1238,N,VIIRS,n,2,298.88,14.28,D,0
41.0938,-8.37235,355.85,0.36,0.58,2024-09-17,1238,N,VIIRS,n,2,304.34,14.28,D,0
41.09245,-8.37731,329.46,0.36,0.58,2024-09-17,1238,N,VIIRS,n,2,297.7,5.54,D,0
41.20203,-7.99222,367,0.35,0.56,2024-09-17,1238,N,VIIRS,h,2,305.78,50.04,D,0
41.19994,-8.00004,367,0.35,0.56,2024-09-17,1238,N,VIIRS,h,2,339.79,52.28,D,0
41.19793,-8.00756,367,0.35,0.57,2024-09-17,1238,N,VIIRS,h,2,302.45,71.32,D,0
41.18885,-8.04144,367,0.35,0.57,2024-09-17,1238,N,VIIRS,h,2,302.46,71.56,D,0
41.18771,-8.04569,367,0.35,0.57,2024-09-17,1238,N,VIIRS,h,2,326.22,71.56,D,0
41.1641,-8.1336,367,0.35,0.57,2024-09-17,1238,N,VIIRS,h,2,314.31,28.98,D,0
41.14798,-8.19342,367,0.36,0.57,2024-09-17,1238,N,VIIRS,h,2,300.39,27.57,D,0
41.09734,-8.38038,367,0.36,0.58,2024-09-17,1238,N,VIIRS,h,2,300.1,9.51,D,0
41.09394,-8.3929,367,0.36,0.58,2024-09-17,1238,N,VIIRS,h,2,309.17,7.41,D,0
41.18992,-8.03745,338.34,0.35,0.57,2024-09-17,1238,N,VIIRS,n,2,295.37,13.05,D,0
41.16514,-8.12974,333.03,0.35,0.57,2024-09-17,1238,N,VIIRS,n,2,298.05,18.53,D,0
41.16312,-8.13724,356.64,0.35,0.57,2024-09-17,1238,N,VIIRS,n,2,304.34,28.98,D,0
41.16216,-8.14079,335.01,0.35,0.57,2024-09-17,1238,N,VIIRS,n,2,299.12,16.93,D,0
41.14672,-8.19805,356.02,0.36,0.57,2024-09-17,1238,N,VIIRS,n,2,303.41,25.15,D,0
41.14545,-8.20278,355.79,0.36,0.57,2024-09-17,1238,N,VIIRS,n,2,308.31,25.15,D,0
41.14426,-8.20718,337.97,0.36,0.57,2024-09-17,1238,N,VIIRS,n,2,296.25,11.05,D,0
41.10954,-8.33546,329.15,0.36,0.58,2024-09-17,1238,N,VIIRS,n,2,298.14,2.88,D,0
41.10438,-8.35447,327.4,0.36,0.58,2024-09-17,1238,N,VIIRS,n,2,299.66,2.7,D,0
41.09501,-8.38898,336.49,0.36,0.58,2024-09-17,1238,N,VIIRS,n,2,301.69,7.41,D,0
41.09285,-8.39689,343.17,0.36,0.58,2024-09-17,1238,N,VIIRS,n,2,301.98,6.12,D,0
41.0917,-8.40111,339.36,0.36,0.58,2024-09-17,1238,N,VIIRS,n,2,299.76,6.12,D,0
41.09051,-8.40551,335.01,0.37,0.58,2024-09-17,1238,N,VIIRS,n,2,299.27,6.25,D,0
41.20096,-7.99624,367,0.35,0.56,2024-09-17,1238,N,VIIRS,l,2,336.89,52.28,D,0
41.20518,-8.00136,367,0.35,0.56,2024-09-17,1238,N,VIIRS,h,2,303.78,52.28,D,0
41.20422,-8.00496,367,0.35,0.56,2024-09-17,1238,N,VIIRS,h,2,300.92,71.32,D,0
41.20323,-8.00866,367,0.35,0.57,2024-09-17,1238,N,VIIRS,h,2,317.68,71.32,D,0
41.1992,-8.02373,367,0.35,0.57,2024-09-17,1238,N,VIIRS,h,2,309.09,20.16,D,0
41.1926,-8.04838,367,0.35,0.57,2024-09-17,1238,N,VIIRS,h,2,320.74,71.56,D,0
41.16808,-8.13975,367,0.35,0.57,2024-09-17,1238,N,VIIRS,h,2,299.17,28.98,D,0
41.09082,-8.42544,367,0.37,0.58,2024-09-17,1238,N,VIIRS,h,2,302.64,7.56,D,0
41.21183,-7.97647,344.61,0.35,0.56,2024-09-17,1238,N,VIIRS,n,2,304.38,5.5,D,0
41.20612,-7.99784,332.15,0.35,0.56,2024-09-17,1238,N,VIIRS,n,2,300.96,52.28,D,0
41.20021,-8.01995,342.95,0.35,0.57,2024-09-17,1238,N,VIIRS,n,2,300.74,20.16,D,0
41.19816,-8.0276,351.63,0.35,0.57,2024-09-17,1238,N,VIIRS,n,2,306.41,22.75,D,0
41.19009,-8.05774,351.36,0.35,0.57,2024-09-17,1238,N,VIIRS,n,2,312.34,63.09,D,0
41.16713,-8.14328,341.8,0.35,0.57,2024-09-17,1238,N,VIIRS,n,2,306.28,16.93,D,0
41.16385,-8.15549,335.81,0.35,0.57,2024-09-17,1238,N,VIIRS,n,2,296.54,4.55,D,0
41.11446,-8.33837,342.74,0.36,0.58,2024-09-17,1238,N,VIIRS,n,2,296.51,2.88,D,0
41.10933,-8.35731,337.6,0.36,0.58,2024-09-17,1238,N,VIIRS,n,2,300.01,2.7,D,0
41.09467,-8.41127,348.35,0.37,0.58,2024-09-17,1238,N,VIIRS,n,2,300.55,6.25,D,0
41.09338,-8.41602,353.74,0.37,0.58,2024-09-17,1238,N,VIIRS,n,2,299.78,7.52,D,0
41.09205,-8.42092,349.02,0.37,0.58,2024-09-17,1238,N,VIIRS,n,2,299.08,7.52,D,0
41.08968,-8.42963,347.09,0.37,0.58,2024-09-17,1238,N,VIIRS,n,2,298.05,7.56,D,0
41.20222,-8.01242,367,0.35,0.57,2024-09-17,1238,N,VIIRS,l,2,337.1,91.72,D,0
41.20121,-8.01619,257,0.35,0.57,2024-09-17,1238,N,VIIRS,l,2,306.57,91.72,D,0
41.19133,-8.05311,367,0.35,0.57,2024-09-17,1238,N,VIIRS,l,2,331.94,63.09,D,0
41.21571,-7.98289,367,0.35,0.56,2024-09-17,1238,N,VIIRS,h,2,310.33,13.16,D,0
41.21375,-7.99023,367,0.35,0.56,2024-09-17,1238,N,VIIRS,h,2,308.84,8.2,D,0
41.2052,-8.02221,367,0.35,0.57,2024-09-17,1238,N,VIIRS,h,2,301.35,22.75,D,0
41.20298,-8.03053,367,0.35,0.57,2024-09-17,1238,N,VIIRS,h,2,313.56,53.18,D,0
41.19611,-8.05619,367,0.35,0.57,2024-09-17,1238,N,VIIRS,h,2,314.97,40.07,D,0
41.1119,-8.36888,367,0.36,0.58,2024-09-17,1238,N,VIIRS,h,2,299.4,35.23,D,0
41.09589,-8.4279,367,0.37,0.58,2024-09-17,1238,N,VIIRS,h,2,303.27,19.75,D,0
41.0947,-8.43229,367,0.37,0.58,2024-09-17,1238,N,VIIRS,h,2,304.71,19.75,D,0
41.09361,-8.43628,367,0.37,0.58,2024-09-17,1238,N,VIIRS,h,2,307.95,37.47,D,0
41.09259,-8.44007,367,0.37,0.58,2024-09-17,1238,N,VIIRS,h,2,319.93,37.47,D,0
41.2168,-7.9788,335.2,0.35,0.56,2024-09-17,1238,N,VIIRS,n,2,294.51,13.16,D,0
41.21469,-7.98667,347.76,0.35,0.56,2024-09-17,1238,N,VIIRS,n,2,299.95,8.2,D,0
41.20412,-8.02627,355.08,0.35,0.57,2024-09-17,1238,N,VIIRS,n,2,306.2,22.75,D,0
41.20071,-8.03899,341.91,0.35,0.57,2024-09-17,1238,N,VIIRS,n,2,296.75,40.07,D,0
41.19487,-8.06087,341.58,0.35,0.57,2024-09-17,1238,N,VIIRS,n,2,310.75,40.07,D,0
41.18723,-8.0894,340,0.35,0.57,2024-09-17,1238,N,VIIRS,n,2,300.85,5.15,D,0
41.10965,-8.37719,336.13,0.36,0.58,2024-09-17,1238,N,VIIRS,n,2,300.35,12.55,D,0
41.09148,-8.44411,350.74,0.37,0.58,2024-09-17,1238,N,VIIRS,n,2,317.74,35.51,D,0
41.0902,-8.44883,352.37,0.37,0.58,2024-09-17,1238,N,VIIRS,n,2,299.2,35.51,D,0
41.20182,-8.03485,367,0.35,0.57,2024-09-17,1238,N,VIIRS,l,2,347.67,53.18,D,0
41.11078,-8.37303,319.36,0.36,0.58,2024-09-17,1238,N,VIIRS,l,2,322.17,35.23,D,0
41.20321,-8.05065,367,0.35,0.57,2024-09-17,1238,N,VIIRS,h,2,310.48,24.82,D,0
41.20202,-8.05508,367,0.35,0.57,2024-09-17,1238,N,VIIRS,h,2,302.21,24.82,D,0
41.11474,-8.37952,367,0.36,0.58,2024-09-17,1238,N,VIIRS,h,2,300.83,12.55,D,0
41.0976,-8.44275,367,0.37,0.58,2024-09-17,1238,N,VIIRS,h,2,302.76,37.47,D,0
41.09655,-8.44661,367,0.37,0.58,2024-09-17,1238,N,VIIRS,h,2,304.7,35.51,D,0
41.09529,-8.45125,367,0.37,0.58,2024-09-17,1238,N,VIIRS,h,2,310.05,35.51,D,0
41.09262,-8.46109,367,0.37,0.58,2024-09-17,1238,N,VIIRS,h,2,305.43,44.06,D,0
41.2185,-7.99337,337.89,0.35,0.56,2024-09-17,1238,N,VIIRS,n,2,295.59,8.2,D,0
41.21759,-7.99676,328.05,0.35,0.56,2024-09-17,1238,N,VIIRS,n,2,296.19,9.93,D,0
41.21491,-8.00681,348.23,0.35,0.56,2024-09-17,1238,N,VIIRS,n,2,297.17,36.35,D,0
41.21305,-8.0138,348.39,0.35,0.57,2024-09-17,1238,N,VIIRS,n,2,302.26,35.49,D,0
41.20769,-8.03385,340.23,0.35,0.57,2024-09-17,1238,N,VIIRS,n,2,298.27,53.18,D,0
41.20652,-8.03823,338.9,0.35,0.57,2024-09-17,1238,N,VIIRS,n,2,294.37,53.18,D,0
41.20433,-8.04644,352.53,0.35,0.57,2024-09-17,1238,N,VIIRS,n,2,299.01,40.07,D,0
41.11587,-8.37538,331.82,0.36,0.58,2024-09-17,1238,N,VIIRS,n,2,297.93,35.23,D,0
41.09975,-8.43482,345.29,0.37,0.58,2024-09-17,1238,N,VIIRS,n,2,297.88,19.75,D,0
41.09861,-8.43902,354.37,0.37,0.58,2024-09-17,1238,N,VIIRS,n,2,315.47,37.47,D,0
41.09394,-8.45623,345.56,0.37,0.58,2024-09-17,1238,N,VIIRS,n,2,303.16,44.06,D,0
41.09137,-8.4657,352.27,0.37,0.58,2024-09-17,1238,N,VIIRS,n,2,303.07,25.9,D,0
41.214,-8.01023,367,0.35,0.56,2024-09-17,1238,N,VIIRS,l,2,325.4,35.49,D,0
41.21875,-8.01337,367,0.35,0.56,2024-09-17,1238,N,VIIRS,h,2,297.6,18.03,D,0
41.21781,-8.01693,367,0.35,0.57,2024-09-17,1238,N,VIIRS,h,2,295.89,18.03,D,0
41.21124,-8.04156,367,0.35,0.57,2024-09-17,1238,N,VIIRS,h,2,302.16,7.68,D,0
41.21008,-8.04591,367,0.35,0.57,2024-09-17,1238,N,VIIRS,h,2,303.63,11.01,D,0
41.11875,-8.38585,367,0.36,0.58,2024-09-17,1238,N,VIIRS,h,2,308.19,25.64,D,0
41.11754,-8.39031,367,0.36,0.58,2024-09-17,1238,N,VIIRS,h,2,309.58,33.47,D,0
41.115,-8.3997,367,0.36,0.58,2024-09-17,1238,N,VIIRS,h,2,310.77,31.6,D,0
41.11279,-8.40786,367,0.36,0.58,2024-09-17,1238,N,VIIRS,h,2,306.94,26.11,D,0
41.11084,-8.41507,367,0.37,0.58,2024-09-17,1238,N,VIIRS,h,2,304.73,19.21,D,0
41.09761,-8.46385,367,0.37,0.58,2024-09-17,1238,N,VIIRS,h,2,305.21,7.73,D,0
41.09639,-8.46838,367,0.37,0.58,2024-09-17,1238,N,VIIRS,h,2,304.68,7.47,D,0
41.21967,-8.00995,332.25,0.35,0.56,2024-09-17,1238,N,VIIRS,n,2,294.37,14.76,D,0
41.21682,-8.02061,348.32,0.35,0.57,2024-09-17,1238,N,VIIRS,n,2,299.25,6.11,D,0
41.21582,-8.02439,328.46,0.35,0.57,2024-09-17,1238,N,VIIRS,n,2,301.39,6.11,D,0
41.20892,-8.05024,349.49,0.35,0.57,2024-09-17,1238,N,VIIRS,n,2,302.21,11.01,D,0
41.20773,-8.05471,328.36,0.35,0.57,2024-09-17,1238,N,VIIRS,n,2,294.82,4.8,D,0
41.11625,-8.39507,356.13,0.36,0.58,2024-09-17,1238,N,VIIRS,n,2,304.36,33.47,D,0
41.11383,-8.40401,331.65,0.36,0.58,2024-09-17,1238,N,VIIRS,n,2,298.99,31.6,D,0
41.11181,-8.4115,351.45,0.36,0.58,2024-09-17,1238,N,VIIRS,n,2,318.04,26.11,D,0
41.09892,-8.45903,331.17,0.37,0.58,2024-09-17,1238,N,VIIRS,n,2,298.9,7.73,D,0
41.09521,-8.4727,326.91,0.37,0.58,2024-09-17,1238,N,VIIRS,n,2,297,7.47,D,0
41.09194,-8.48476,331.79,0.37,0.58,2024-09-17,1238,N,VIIRS,n,2,295.02,3.81,D,0
41.2206,-8.02744,367,0.35,0.57,2024-09-17,1238,N,VIIRS,h,2,296.77,6.11,D,0
41.12135,-8.3974,367,0.36,0.58,2024-09-17,1238,N,VIIRS,h,2,299.46,33.47,D,0
41.11678,-8.4143,367,0.36,0.58,2024-09-17,1238,N,VIIRS,h,2,297.69,26.11,D,0
41.11103,-8.43554,367,0.37,0.58,2024-09-17,1238,N,VIIRS,h,2,302.75,6.63,D,0
41.10144,-8.47093,367,0.37,0.58,2024-09-17,1238,N,VIIRS,h,2,303.58,7.47,D,0
41.2216,-8.02369,334.71,0.35,0.57,2024-09-17,1238,N,VIIRS,n,2,292.94,6.11,D,0
41.21955,-8.03141,344.83,0.35,0.57,2024-09-17,1238,N,VIIRS,n,2,299.81,10.69,D,0
41.21708,-8.0407,327.83,0.35,0.57,2024-09-17,1238,N,VIIRS,n,2,297.41,7.68,D,0
41.21577,-8.04556,330.55,0.35,0.57,2024-09-17,1238,N,VIIRS,n,2,297.55,7.68,D,0
41.17212,-8.20889,343.79,0.36,0.57,2024-09-17,1238,N,VIIRS,n,2,295.56,3,D,0
41.12008,-8.4021,343.73,0.36,0.58,2024-09-17,1238,N,VIIRS,n,2,318.58,31.6,D,0
41.11889,-8.40648,351.69,0.36,0.58,2024-09-17,1238,N,VIIRS,n,2,313.84,31.6,D,0
41.1178,-8.41053,329.63,0.36,0.58,2024-09-17,1238,N,VIIRS,n,2,297.87,26.11,D,0
41.11581,-8.41789,351.76,0.37,0.58,2024-09-17,1238,N,VIIRS,n,2,299.5,19.21,D,0
41.10974,-8.44032,344.05,0.37,0.58,2024-09-17,1238,N,VIIRS,n,2,301.8,6.63,D,0
41.10387,-8.46198,328.58,0.37,0.58,2024-09-17,1238,N,VIIRS,n,2,297.55,7.73,D,0
41.10261,-8.46663,349.94,0.37,0.58,2024-09-17,1238,N,VIIRS,n,2,301.62,7.73,D,0
41.10034,-8.47501,331.34,0.37,0.58,2024-09-17,1238,N,VIIRS,n,2,298.79,7.47,D,0
41.09692,-8.48762,332.26,0.37,0.58,2024-09-17,1238,N,VIIRS,n,2,295.01,3.81,D,0
41.09574,-8.49195,339.28,0.37,0.58,2024-09-17,1238,N,VIIRS,n,2,296.03,3.81,D,0
41.09458,-8.49622,347.63,0.37,0.58,2024-09-17,1238,N,VIIRS,n,2,297.32,6.41,D,0
41.22294,-8.03971,367,0.35,0.57,2024-09-17,1238,N,VIIRS,h,2,308.87,8.64,D,0
41.11473,-8.44309,367,0.37,0.58,2024-09-17,1238,N,VIIRS,h,2,303.5,22.29,D,0
41.11245,-8.45149,367,0.37,0.58,2024-09-17,1238,N,VIIRS,h,2,303.03,27.42,D,0
41.11132,-8.45565,367,0.37,0.58,2024-09-17,1238,N,VIIRS,h,2,301.8,10.58,D,0
41.10659,-8.47312,367,0.37,0.58,2024-09-17,1238,N,VIIRS,h,2,310.56,10.33,D,0
41.10548,-8.47725,367,0.37,0.58,2024-09-17,1238,N,VIIRS,h,2,301.18,10.33,D,0
41.22415,-8.03514,326.82,0.35,0.57,2024-09-17,1238,N,VIIRS,n,2,293.39,8.64,D,0
41.18626,-8.1772,333,0.35,0.57,2024-09-17,1238,N,VIIRS,n,2,295.84,4.43,D,0
41.11015,-8.46001,347.56,0.37,0.58,2024-09-17,1238,N,VIIRS,n,2,296.23,10.58,D,0
41.10434,-8.48144,331.08,0.37,0.58,2024-09-17,1238,N,VIIRS,n,2,297.74,5.23,D,0
41.10317,-8.48577,329.93,0.37,0.58,2024-09-17,1238,N,VIIRS,n,2,297.46,5.23,D,0
41.09749,-8.50674,338.84,0.37,0.58,2024-09-17,1238,N,VIIRS,n,2,295.61,5.38,D,0
41.09638,-8.51083,338.4,0.37,0.58,2024-09-17,1238,N,VIIRS,n,2,297.27,5.38,D,0
41.09518,-8.51524,337.85,0.37,0.58,2024-09-17,1238,N,VIIRS,n,2,297,3.91,D,0
41.11185,-8.47493,347.2,0.37,0.58,2024-09-17,1238,N,VIIRS,n,2,294.45,10.33,D,0
41.1107,-8.47922,330.08,0.37,0.58,2024-09-17,1238,N,VIIRS,n,2,294.23,10.33,D,0
41.10709,-8.49253,336.07,0.37,0.58,2024-09-17,1238,N,VIIRS,n,2,296.35,6.81,D,0
41.10595,-8.49675,348.98,0.37,0.58,2024-09-17,1238,N,VIIRS,n,2,298.26,6.81,D,0
41.11108,-8.49906,367,0.37,0.58,2024-09-17,1238,N,VIIRS,h,2,298,20.94,D,0
41.11005,-8.50284,354.52,0.37,0.58,2024-09-17,1238,N,VIIRS,n,2,298.15,8.12,D,0
41.10901,-8.50671,350.62,0.37,0.58,2024-09-17,1238,N,VIIRS,n,2,298.62,8.12,D,0
41.10548,-8.51976,350.85,0.37,0.58,2024-09-17,1238,N,VIIRS,n,2,297.14,4.84,D,0
41.10418,-8.52457,342.76,0.37,0.58,2024-09-17,1238,N,VIIRS,n,2,296.31,4.84,D,0
41.18539,-8.24387,356.39,0.36,0.57,2024-09-17,1238,N,VIIRS,n,2,297.86,8.18,D,0
41.18418,-8.24839,354.86,0.36,0.57,2024-09-17,1238,N,VIIRS,n,2,298.74,8.48,D,0
41.18917,-8.25094,367,0.36,0.57,2024-09-17,1238,N,VIIRS,h,2,299.82,21.8,D,0
41.18796,-8.25546,342.07,0.36,0.57,2024-09-17,1238,N,VIIRS,n,2,297.38,21.8,D,0
41.18821,-8.25035,367,0.36,0.57,2024-09-17,1238,N,VIIRS,h,2,299.61,25.95,D,0
41.18947,-8.24573,332.4,0.36,0.57,2024-09-17,1238,N,VIIRS,n,2,296.05,9.88,D,0
41.18697,-8.25485,336.2,0.36,0.57,2024-09-17,1238,N,VIIRS,n,2,302.55,25.95,D,0
41.21901,-8.26229,367,0.36,0.57,2024-09-17,1238,N,VIIRS,h,2,309.37,19.17,D,0
41.2202,-8.2579,338.08,0.36,0.57,2024-09-17,1238,N,VIIRS,n,2,299.92,19.17,D,0
41.21778,-8.26679,348.86,0.36,0.57,2024-09-17,1238,N,VIIRS,n,2,298.79,18.53,D,0
41.25748,-8.2038,344.19,0.35,0.57,2024-09-17,1238,N,VIIRS,n,2,303.61,7.86,D,0
41.25648,-8.2075,335.53,0.35,0.57,2024-09-17,1238,N,VIIRS,n,2,301.11,7.86,D,0
41.40338,-7.67731,367,0.33,0.55,2024-09-17,1238,N,VIIRS,h,2,317.8,49.94,D,0
41.26361,-8.20198,367,0.35,0.57,2024-09-17,1238,N,VIIRS,h,2,305.28,9.88,D,0
41.26262,-8.20567,367,0.35,0.57,2024-09-17,1238,N,VIIRS,h,2,307.13,7.86,D,0
41.26056,-8.21334,367,0.35,0.57,2024-09-17,1238,N,VIIRS,h,2,305.72,19.96,D,0
41.40929,-7.65484,339.97,0.33,0.55,2024-09-17,1238,N,VIIRS,n,2,295.32,5.68,D,0
41.40817,-7.6591,342.97,0.33,0.55,2024-09-17,1238,N,VIIRS,n,2,295.8,4.24,D,0
41.2646,-8.19832,339.43,0.35,0.57,2024-09-17,1238,N,VIIRS,n,2,301.65,9.88,D,0
41.26162,-8.20939,353.02,0.35,0.57,2024-09-17,1238,N,VIIRS,n,2,304.03,7.86,D,0
41.25941,-8.21759,347.68,0.35,0.57,2024-09-17,1238,N,VIIRS,n,2,308.27,19.96,D,0
41.40212,-7.68206,208,0.33,0.55,2024-09-17,1238,N,VIIRS,l,2,303.98,49.94,D,0
41.41516,-7.65331,367,0.33,0.55,2024-09-17,1238,N,VIIRS,h,2,304.85,33.3,D,0
41.41284,-7.66214,367,0.33,0.55,2024-09-17,1238,N,VIIRS,h,2,305.34,64.41,D,0
41.40923,-7.67586,367,0.33,0.55,2024-09-17,1238,N,VIIRS,h,2,307.9,50.85,D,0
41.40694,-7.68456,367,0.33,0.55,2024-09-17,1238,N,VIIRS,h,2,306.67,28.68,D,0
41.41735,-7.64498,346.24,0.33,0.55,2024-09-17,1238,N,VIIRS,n,2,298.24,7.44,D,0
41.41627,-7.64907,339.83,0.33,0.55,2024-09-17,1238,N,VIIRS,n,2,295.73,7.44,D,0
41.41401,-7.65768,350.61,0.33,0.55,2024-09-17,1238,N,VIIRS,n,2,315.43,33.3,D,0
41.40806,-7.6803,341.65,0.33,0.55,2024-09-17,1238,N,VIIRS,n,2,311.16,28.68,D,0
41.40592,-7.68844,337.59,0.33,0.55,2024-09-17,1238,N,VIIRS,n,2,294.72,9.56,D,0
41.41165,-7.66664,353.89,0.33,0.55,2024-09-17,1238,N,VIIRS,l,2,339.38,64.41,D,0
41.41046,-7.67119,367,0.33,0.55,2024-09-17,1238,N,VIIRS,l,2,334.1,50.85,D,0
41.42401,-7.64038,367,0.33,0.55,2024-09-17,1238,N,VIIRS,h,2,304.81,20.91,D,0
41.41282,-7.68302,367,0.33,0.55,2024-09-17,1238,N,VIIRS,h,2,320.87,28.68,D,0
41.3208,-8.03051,367,0.35,0.56,2024-09-17,1238,N,VIIRS,h,2,305.21,14.07,D,0
41.31862,-8.03868,367,0.35,0.56,2024-09-17,1238,N,VIIRS,h,2,312.01,37.07,D,0
41.42309,-7.64388,356.68,0.33,0.55,2024-09-17,1238,N,VIIRS,n,2,312.18,20.91,D,0
41.42209,-7.64769,338.5,0.33,0.55,2024-09-17,1238,N,VIIRS,n,2,301.73,7.44,D,0
41.41623,-7.67001,337.04,0.33,0.55,2024-09-17,1238,N,VIIRS,n,2,305.3,64.41,D,0
41.41504,-7.67456,352.14,0.33,0.55,2024-09-17,1238,N,VIIRS,n,2,306.19,50.85,D,0
41.41384,-7.67911,342.18,0.33,0.55,2024-09-17,1238,N,VIIRS,n,2,299.33,50.85,D,0
41.4118,-7.68686,353.43,0.33,0.55,2024-09-17,1238,N,VIIRS,n,2,299.94,28.68,D,0
41.3219,-8.0264,348.08,0.34,0.56,2024-09-17,1238,N,VIIRS,n,2,300.57,14.07,D,0
41.31971,-8.03458,353.39,0.35,0.56,2024-09-17,1238,N,VIIRS,n,2,309.65,37.07,D,0
41.31753,-8.04277,352.02,0.35,0.56,2024-09-17,1238,N,VIIRS,n,2,310.04,28.23,D,0
41.32892,-8.021,367,0.34,0.56,2024-09-17,1238,N,VIIRS,h,2,306.21,12.01,D,0
41.32791,-8.02479,367,0.34,0.56,2024-09-17,1238,N,VIIRS,h,2,306.04,12.01,D,0
41.32692,-8.02851,367,0.34,0.56,2024-09-17,1238,N,VIIRS,h,2,307.76,17.63,D,0
41.32379,-8.04025,367,0.35,0.56,2024-09-17,1238,N,VIIRS,h,2,311.42,42.72,D,0
41.33114,-8.01267,345.02,0.34,0.56,2024-09-17,1238,N,VIIRS,n,2,300.75,10.85,D,0
41.33001,-8.01692,356.21,0.34,0.56,2024-09-17,1238,N,VIIRS,n,2,304.92,10.85,D,0
41.32588,-8.0324,349.73,0.35,0.56,2024-09-17,1238,N,VIIRS,n,2,305.95,17.63,D,0
41.32483,-8.03637,344.67,0.35,0.56,2024-09-17,1238,N,VIIRS,n,2,306.31,42.72,D,0
41.32276,-8.04412,346.42,0.35,0.56,2024-09-17,1238,N,VIIRS,n,2,317.55,26.76,D,0
41.32165,-8.04829,348.27,0.35,0.56,2024-09-17,1238,N,VIIRS,n,2,304.25,26.76,D,0
41.32052,-8.05251,355.21,0.35,0.56,2024-09-17,1238,N,VIIRS,n,2,302.5,16.25,D,0
41.31938,-8.0568,343.45,0.35,0.56,2024-09-17,1238,N,VIIRS,n,2,303.11,16.25,D,0
41.33926,-8.00308,367,0.34,0.56,2024-09-17,1238,N,VIIRS,h,2,300.59,11.73,D,0
41.3382,-8.00709,367,0.34,0.56,2024-09-17,1238,N,VIIRS,h,2,304.43,10.16,D,0
41.33614,-8.01482,367,0.34,0.56,2024-09-17,1238,N,VIIRS,h,2,303.91,10.85,D,0
41.33509,-8.01878,367,0.34,0.56,2024-09-17,1238,N,VIIRS,h,2,305.7,10.85,D,0
41.33305,-8.02646,367,0.34,0.56,2024-09-17,1238,N,VIIRS,h,2,306.18,12.01,D,0
41.33003,-8.0378,367,0.35,0.56,2024-09-17,1238,N,VIIRS,h,2,329.63,42.72,D,0
41.32806,-8.04518,367,0.35,0.56,2024-09-17,1238,N,VIIRS,h,2,310.52,26.76,D,0
41.32575,-8.05388,367,0.35,0.56,2024-09-17,1238,N,VIIRS,h,2,304.13,16.25,D,0
41.32449,-8.05863,367,0.35,0.56,2024-09-17,1238,N,VIIRS,h,2,306.95,16.25,D,0
41.32328,-8.06316,367,0.35,0.56,2024-09-17,1238,N,VIIRS,h,2,305.91,17.74,D,0
41.32108,-8.07142,367,0.35,0.56,2024-09-17,1238,N,VIIRS,h,2,311.43,50.25,D,0
41.33718,-8.01093,338.15,0.34,0.56,2024-09-17,1238,N,VIIRS,n,2,301.17,10.16,D,0
41.33405,-8.02267,336.9,0.34,0.56,2024-09-17,1238,N,VIIRS,n,2,301.18,12.01,D,0
41.33204,-8.03024,355.06,0.34,0.56,2024-09-17,1238,N,VIIRS,n,2,303.3,17.63,D,0
41.33103,-8.03405,352.9,0.35,0.56,2024-09-17,1238,N,VIIRS,n,2,306.31,17.63,D,0
41.32695,-8.04933,348.55,0.35,0.56,2024-09-17,1238,N,VIIRS,n,2,305.09,26.76,D,0
41.32215,-8.06739,336.45,0.35,0.56,2024-09-17,1238,N,VIIRS,n,2,298.46,17.74,D,0
41.31907,-8.07896,336.9,0.35,0.56,2024-09-17,1238,N,VIIRS,n,2,298.2,19.38,D,0
41.32006,-8.07522,367,0.35,0.56,2024-09-17,1238,N,VIIRS,l,2,328.17,50.25,D,0
41.3443,-8.00509,367,0.34,0.56,2024-09-17,1238,N,VIIRS,h,2,307.8,33.09,D,0
41.34129,-8.01645,367,0.34,0.56,2024-09-17,1238,N,VIIRS,h,2,308.12,7.52,D,0
41.33715,-8.032,367,0.34,0.56,2024-09-17,1238,N,VIIRS,h,2,320.19,85.28,D,0
41.33514,-8.03957,367,0.35,0.56,2024-09-17,1238,N,VIIRS,h,2,361.36,153.46,D,0
41.32617,-8.0733,367,0.35,0.56,2024-09-17,1238,N,VIIRS,h,2,310.74,116.12,D,0
41.32218,-8.08829,367,0.35,0.57,2024-09-17,1238,N,VIIRS,h,2,296.67,21.22,D,0
41.4458,-7.61962,346.45,0.33,0.55,2024-09-17,1238,N,VIIRS,n,2,299.03,15.28,D,0
41.4449,-7.62306,330.33,0.33,0.55,2024-09-17,1238,N,VIIRS,n,2,303.46,15.28,D,0
41.34529,-8.00135,352.49,0.34,0.56,2024-09-17,1238,N,VIIRS,n,2,300.73,33.09,D,0
41.34228,-8.01269,339.07,0.34,0.56,2024-09-17,1238,N,VIIRS,n,2,303.74,10.83,D,0
41.34027,-8.02025,331.6,0.34,0.56,2024-09-17,1238,N,VIIRS,n,2,300.37,7.52,D,0
41.33821,-8.02803,328.37,0.34,0.56,2024-09-17,1238,N,VIIRS,n,2,298.92,16.91,D,0
41.33612,-8.03587,354.93,0.35,0.56,2024-09-17,1238,N,VIIRS,n,2,311.12,85.28,D,0
41.33208,-8.05109,349.33,0.35,0.56,2024-09-17,1238,N,VIIRS,n,2,315.54,76.42,D,0
41.33085,-8.05571,350.1,0.35,0.56,2024-09-17,1238,N,VIIRS,n,2,315.58,127.4,D,0
41.32833,-8.0652,349.29,0.35,0.56,2024-09-17,1238,N,VIIRS,n,2,298.25,51.81,D,0
41.32724,-8.06931,336.82,0.35,0.56,2024-09-17,1238,N,VIIRS,n,2,296.97,51.81,D,0
41.32121,-8.09196,345.46,0.35,0.57,2024-09-17,1238,N,VIIRS,n,2,293.57,21.22,D,0
41.32019,-8.09574,335.5,0.35,0.57,2024-09-17,1238,N,VIIRS,n,2,291.76,3.65,D,0
41.24007,-8.39464,330.52,0.36,0.57,2024-09-17,1238,N,VIIRS,n,2,298,4.16,D,0
41.23888,-8.39907,341,0.36,0.57,2024-09-17,1238,N,VIIRS,n,2,299.81,3.98,D,0
41.33418,-8.04317,367,0.35,0.56,2024-09-17,1238,N,VIIRS,l,2,377.78,153.46,D,0
41.33318,-8.04694,367,0.35,0.56,2024-09-17,1238,N,VIIRS,l,2,328.17,76.42,D,0
41.32515,-8.07716,367,0.35,0.56,2024-09-17,1238,N,VIIRS,l,2,345.6,116.12,D,0
41.32412,-8.08102,367,0.35,0.56,2024-09-17,1238,N,VIIRS,l,2,335.57,181.82,D,0
41.32315,-8.08466,367,0.35,0.57,2024-09-17,1238,N,VIIRS,l,2,346.93,181.82,D,0
41.45081,-7.62128,367,0.33,0.55,2024-09-17,1238,N,VIIRS,h,2,321.1,15.28,D,0
41.42099,-7.73526,367,0.33,0.55,2024-09-17,1238,N,VIIRS,h,2,301.46,18.71,D,0
41.41705,-7.75029,367,0.33,0.56,2024-09-17,1238,N,VIIRS,h,2,309.99,43.22,D,0
41.41604,-7.75411,367,0.33,0.56,2024-09-17,1238,N,VIIRS,h,2,329.73,88.15,D,0
41.35049,-8.00274,367,0.34,0.56,2024-09-17,1238,N,VIIRS,h,2,300.25,33.09,D,0
41.3435,-8.02911,367,0.34,0.56,2024-09-17,1238,N,VIIRS,h,2,308.81,16.91,D,0
41.34242,-8.03319,367,0.34,0.56,2024-09-17,1238,N,VIIRS,h,2,308.62,85.28,D,0
41.34134,-8.03726,367,0.35,0.56,2024-09-17,1238,N,VIIRS,h,2,344.48,85.28,D,0
41.33458,-8.06271,367,0.35,0.56,2024-09-17,1238,N,VIIRS,h,2,336.08,127.4,D,0
41.33134,-8.07489,367,0.35,0.56,2024-09-17,1238,N,VIIRS,h,2,296.67,116.12,D,0
41.3303,-8.07882,367,0.35,0.56,2024-09-17,1238,N,VIIRS,h,2,297.94,116.12,D,0
41.32705,-8.09103,367,0.35,0.57,2024-09-17,1238,N,VIIRS,h,2,294.21,21.22,D,0
41.44992,-7.62467,348.02,0.33,0.55,2024-09-17,1238,N,VIIRS,n,2,305.66,15.28,D,0
41.44733,-7.63458,331.41,0.33,0.55,2024-09-17,1238,N,VIIRS,l,2,302.03,3.33,D,0
41.42006,-7.73877,356.06,0.33,0.55,2024-09-17,1238,N,VIIRS,n,2,304.87,21.59,D,0
41.41806,-7.74642,339.54,0.33,0.56,2024-09-17,1238,N,VIIRS,n,2,293.37,43.22,D,0
41.41412,-7.76143,351.29,0.33,0.56,2024-09-17,1238,N,VIIRS,n,2,300.21,15.82,D,0
41.41316,-7.76508,338.91,0.33,0.56,2024-09-17,1238,N,VIIRS,n,2,293.99,15.82,D,0
41.3485,-8.01027,327.21,0.34,0.56,2024-09-17,1238,N,VIIRS,n,2,299.85,10.83,D,0
41.34454,-8.0252,329.3,0.34,0.56,2024-09-17,1238,N,VIIRS,n,2,300.34,16.91,D,0
41.33238,-8.07099,353.8,0.35,0.56,2024-09-17,1238,N,VIIRS,n,2,303.27,51.81,D,0
41.32806,-8.08723,353.15,0.35,0.57,2024-09-17,1238,N,VIIRS,n,2,302.03,181.82,D,0
41.32606,-8.09477,350.14,0.35,0.57,2024-09-17,1238,N,VIIRS,n,2,292.95,21.22,D,0
41.32506,-8.09851,337.79,0.35,0.57,2024-09-17,1238,N,VIIRS,n,2,291.84,3.65,D,0
41.32406,-8.10225,330.38,0.35,0.57,2024-09-17,1238,N,VIIRS,n,2,290.74,3.65,D,0
41.41507,-7.75781,304.67,0.33,0.56,2024-09-17,1238,N,VIIRS,l,2,320.4,88.15,D,0
41.3403,-8.04117,367,0.35,0.56,2024-09-17,1238,N,VIIRS,l,2,345.54,153.46,D,0
41.33928,-8.04502,367,0.35,0.56,2024-09-17,1238,N,VIIRS,l,2,333.61,153.46,D,0
41.3382,-8.04906,367,0.35,0.56,2024-09-17,1238,N,VIIRS,l,2,325.79,76.42,D,0
41.33704,-8.05343,353.81,0.35,0.56,2024-09-17,1238,N,VIIRS,l,2,329.68,76.42,D,0
41.3358,-8.05811,367,0.35,0.56,2024-09-17,1238,N,VIIRS,l,2,340.81,127.4,D,0
41.33345,-8.06697,208,0.35,0.56,2024-09-17,1238,N,VIIRS,l,2,322.64,51.81,D,0
41.45583,-7.62287,367,0.33,0.55,2024-09-17,1238,N,VIIRS,h,2,311.55,57.98,D,0
41.45495,-7.62626,367,0.33,0.55,2024-09-17,1238,N,VIIRS,h,2,326.23,57.98,D,0
41.42489,-7.74128,367,0.33,0.55,2024-09-17,1238,N,VIIRS,h,2,299.98,9.2,D,0
41.42279,-7.74929,367,0.33,0.56,2024-09-17,1238,N,VIIRS,h,2,302.01,7.77,D,0
41.34659,-8.03849,367,0.35,0.56,2024-09-17,1238,N,VIIRS,h,2,298.25,161.58,D,0
41.34325,-8.05108,367,0.35,0.56,2024-09-17,1238,N,VIIRS,h,2,325.24,130.63,D,0
41.34083,-8.06021,367,0.35,0.56,2024-09-17,1238,N,VIIRS,h,2,345.84,137.74,D,0
41.33308,-8.08942,367,0.35,0.57,2024-09-17,1238,N,VIIRS,h,2,304.16,30.22,D,0
41.45407,-7.62962,330.14,0.33,0.55,2024-09-17,1238,N,VIIRS,n,2,303.36,37.66,D,0
41.43442,-7.70492,350.98,0.33,0.55,2024-09-17,1238,N,VIIRS,n,2,301.38,7.1,D,0
41.43351,-7.70837,336.59,0.33,0.55,2024-09-17,1238,N,VIIRS,n,2,303.54,7.29,D,0
41.42685,-7.73378,345.69,0.33,0.55,2024-09-17,1238,N,VIIRS,n,2,298.84,6.78,D,0
41.4259,-7.7374,344.5,0.33,0.55,2024-09-17,1238,N,VIIRS,n,2,303.51,6.78,D,0
41.42384,-7.74528,345.32,0.33,0.55,2024-09-17,1238,N,VIIRS,n,2,297.58,9.2,D,0
41.42175,-7.75326,344.15,0.33,0.56,2024-09-17,1238,N,VIIRS,n,2,301.28,7.77,D,0
41.42074,-7.75712,329.89,0.33,0.56,2024-09-17,1238,N,VIIRS,n,2,295.98,3.53,D,0
41.41976,-7.76085,328.91,0.33,0.56,2024-09-17,1238,N,VIIRS,n,2,295.15,3.53,D,0
41.33546,-8.08042,339.99,0.35,0.56,2024-09-17,1238,N,VIIRS,n,2,305.34,68.47,D,0
41.33423,-8.08506,354.92,0.35,0.56,2024-09-17,1238,N,VIIRS,n,2,295.43,30.22,D,0
41.33199,-8.0935,352.09,0.35,0.57,2024-09-17,1238,N,VIIRS,n,2,293.5,12.99,D,0
41.33095,-8.09741,338.52,0.35,0.57,2024-09-17,1238,N,VIIRS,n,2,291.05,12.99,D,0
41.32994,-8.10125,332.04,0.35,0.57,2024-09-17,1238,N,VIIRS,n,2,289.74,8.36,D,0
41.3455,-8.04258,367,0.35,0.56,2024-09-17,1238,N,VIIRS,l,2,351.38,221.2,D,0
41.34441,-8.04672,367,0.35,0.56,2024-09-17,1238,N,VIIRS,l,2,339.18,221.2,D,0
41.3397,-8.06449,367,0.35,0.56,2024-09-17,1238,N,VIIRS,l,2,344.15,137.74,D,0
41.33864,-8.06849,367,0.35,0.56,2024-09-17,1238,N,VIIRS,l,2,360.1,167.67,D,0
41.3376,-8.07238,367,0.35,0.56,2024-09-17,1238,N,VIIRS,l,2,340.17,167.67,D,0
41.33657,-8.07627,367,0.35,0.56,2024-09-17,1238,N,VIIRS,l,2,331.52,68.47,D,0
41.46,-7.62776,367,0.33,0.55,2024-09-17,1238,N,VIIRS,h,2,305.21,57.98,D,0
41.45906,-7.63135,367,0.33,0.55,2024-09-17,1238,N,VIIRS,h,2,330.35,37.66,D,0
41.34595,-8.06195,367,0.35,0.56,2024-09-17,1238,N,VIIRS,h,2,293.8,137.74,D,0
41.34491,-8.06591,367,0.35,0.56,2024-09-17,1238,N,VIIRS,h,2,294.36,137.74,D,0
41.34389,-8.06977,367,0.35,0.56,2024-09-17,1238,N,VIIRS,h,2,296.6,167.67,D,0
41.34176,-8.07777,367,0.35,0.56,2024-09-17,1238,N,VIIRS,h,2,293.29,68.47,D,0
41.45812,-7.63497,347.48,0.33,0.55,2024-09-17,1238,N,VIIRS,n,2,304.18,37.66,D,0
41.3471,-8.05762,330.09,0.35,0.56,2024-09-17,1238,N,VIIRS,n,2,293.1,130.63,D,0
41.34284,-8.0737,338.42,0.35,0.56,2024-09-17,1238,N,VIIRS,n,2,295.1,167.67,D,0
41.34057,-8.08227,343.95,0.35,0.56,2024-09-17,1238,N,VIIRS,n,2,292.16,68.47,D,0
41.33928,-8.08714,337.58,0.35,0.56,2024-09-17,1238,N,VIIRS,n,2,291.51,30.22,D,0
41.33812,-8.0915,333.05,0.35,0.57,2024-09-17,1238,N,VIIRS,n,2,290.92,30.22,D,0
41.33706,-8.09551,327.62,0.35,0.57,2024-09-17,1238,N,VIIRS,n,2,290.17,12.99,D,0
41.46399,-7.63336,367,0.33,0.55,2024-09-17,1238,N,VIIRS,h,2,298.78,42.14,D,0
41.46164,-7.6424,352.62,0.33,0.55,2024-09-17,1238,N,VIIRS,n,2,302.11,13.54,D,0
41.46036,-7.64731,329.52,0.33,0.55,2024-09-17,1238,N,VIIRS,n,2,297.07,13.54,D,0
41.45913,-7.65205,326.91,0.33,0.55,2024-09-17,1238,N,VIIRS,n,2,293.83,1.7,D,0
41.46291,-7.6375,367,0.33,0.55,2024-09-17,1238,N,VIIRS,l,2,335.02,42.14,D,0
41.46753,-7.64068,344.29,0.33,0.55,2024-09-17,1238,N,VIIRS,n,2,296.34,42.14,D,0
41.46622,-7.64572,345.79,0.33,0.55,2024-09-17,1238,N,VIIRS,n,2,295.96,13.54,D,0
41.44358,-7.73264,332.71,0.33,0.55,2024-09-17,1238,N,VIIRS,n,2,295.65,46.05,D,0
41.44141,-7.74096,349.38,0.33,0.55,2024-09-17,1238,N,VIIRS,n,2,317.35,20.74,D,0
41.44031,-7.74519,337.31,0.33,0.55,2024-09-17,1238,N,VIIRS,n,2,308.65,20.74,D,0
41.43692,-7.75816,342.61,0.33,0.56,2024-09-17,1238,N,VIIRS,n,2,308.33,4.47,D,0
41.43589,-7.76211,331.06,0.33,0.56,2024-09-17,1238,N,VIIRS,l,2,304.22,4.47,D,0
41.4425,-7.73677,367,0.33,0.55,2024-09-17,1238,N,VIIRS,l,2,325.52,46.05,D,0
41.44614,-7.7438,367,0.33,0.55,2024-09-17,1238,N,VIIRS,h,2,305.83,37.93,D,0
41.45915,-7.69387,335.27,0.33,0.55,2024-09-17,1238,N,VIIRS,n,2,295.57,5.17,D,0
41.44501,-7.74817,356.76,0.33,0.55,2024-09-17,1238,N,VIIRS,n,2,324.42,37.93,D,0
41.44387,-7.75254,353.66,0.33,0.55,2024-09-17,1238,N,VIIRS,n,2,311.58,23.75,D,0
41.44069,-7.76477,344.93,0.33,0.56,2024-09-17,1238,N,VIIRS,n,2,296.86,5.99,D,0
41.4643,-7.69507,367,0.33,0.55,2024-09-17,1238,N,VIIRS,h,2,295.52,5.17,D,0
41.46336,-7.69868,340.73,0.33,0.55,2024-09-17,1238,N,VIIRS,n,2,295.27,5.17,D,0
41.46241,-7.70232,352.49,0.33,0.55,2024-09-17,1238,N,VIIRS,n,2,296.99,5.14,D,0
41.46146,-7.70597,344.32,0.33,0.55,2024-09-17,1238,N,VIIRS,n,2,299.88,5.14,D,0
41.46051,-7.70964,341.05,0.33,0.55,2024-09-17,1238,N,VIIRS,n,2,299.81,3.7,D,0
41.46618,-7.64002,367,0.33,0.55,2024-09-17,1238,N,VIIRS,h,2,299.85,50.12,D,0
41.4395,-7.74,367,0.33,0.55,2024-09-17,1238,N,VIIRS,h,2,309.97,36.12,D,0
41.46484,-7.64508,356.01,0.33,0.55,2024-09-17,1238,N,VIIRS,n,2,300.46,11.93,D,0
41.46356,-7.64984,326.67,0.33,0.55,2024-09-17,1238,N,VIIRS,n,2,295.74,11.93,D,0
41.43492,-7.75711,341.97,0.33,0.55,2024-09-17,1238,N,VIIRS,n,2,307.75,4.6,D,0
41.44059,-7.7359,352.9,0.33,0.55,2024-09-17,1238,N,VIIRS,l,2,328.3,50.83,D,0
41.44424,-7.74279,367,0.33,0.55,2024-09-17,1238,N,VIIRS,h,2,315.43,36.12,D,0
41.44539,-7.73849,354.18,0.33,0.55,2024-09-17,1238,N,VIIRS,n,2,294.46,50.83,D,0
41.44309,-7.7471,352.93,0.33,0.55,2024-09-17,1238,N,VIIRS,n,2,324.19,36.12,D,0
41.44191,-7.75151,356.3,0.33,0.55,2024-09-17,1238,N,VIIRS,n,2,310.66,22.31,D,0
41.43968,-7.75986,329.74,0.33,0.55,2024-09-17,1238,N,VIIRS,n,2,299.53,4.6,D,0
41.43862,-7.76382,354.96,0.33,0.55,2024-09-17,1238,N,VIIRS,n,2,304.29,4.6,D,0
41.46255,-7.69467,367,0.33,0.55,2024-09-17,1238,N,VIIRS,h,2,297.78,7.75,D,0
41.44788,-7.74972,367,0.33,0.55,2024-09-17,1238,N,VIIRS,h,2,298.93,12.52,D,0
41.46159,-7.69827,345.14,0.33,0.55,2024-09-17,1238,N,VIIRS,n,2,297.62,7.75,D,0
41.46062,-7.70192,344.07,0.33,0.55,2024-09-17,1238,N,VIIRS,n,2,298.03,9.53,D,0
41.4467,-7.75413,356.07,0.33,0.55,2024-09-17,1238,N,VIIRS,n,2,301.29,9.27,D,0
41.46463,-7.70745,367,0.33,0.55,2024-09-17,1238,N,VIIRS,h,2,296.83,9.53,D,0
41.4656,-7.70381,337.58,0.33,0.55,2024-09-17,1238,N,VIIRS,n,2,292.39,9.53,D,0
41.46364,-7.71113,356.09,0.33,0.55,2024-09-17,1238,N,VIIRS,n,2,307.48,15.09,D,0
41.46269,-7.71473,348.54,0.33,0.55,2024-09-17,1238,N,VIIRS,n,2,298.17,15.09,D,0
41.46175,-7.71826,335.08,0.33,0.55,2024-09-17,1238,N,VIIRS,n,2,298.65,3.56,D,0
41.46084,-7.72166,328.11,0.33,0.55,2024-09-17,1238,N,VIIRS,l,2,301.68,3.56,D,0
41.32635,-8.24226,330.23,0.35,0.57,2024-09-17,1238,N,VIIRS,n,2,292.02,2.02,D,0
41.3254,-8.24577,326.32,0.35,0.57,2024-09-17,1238,N,VIIRS,n,2,291.07,2.02,D,0
41.29986,-8.42316,367,0.36,0.57,2024-09-17,1238,N,VIIRS,h,2,300.77,19.87,D,0
41.52084,-7.5981,349.27,0.33,0.55,2024-09-17,1238,N,VIIRS,n,2,297.44,19.27,D,0
41.51975,-7.6022,351.47,0.33,0.55,2024-09-17,1238,N,VIIRS,n,2,302.57,18.29,D,0
41.30095,-8.41916,330.37,0.36,0.57,2024-09-17,1238,N,VIIRS,n,2,295.78,22.4,D,0
41.30592,-8.42184,367,0.36,0.57,2024-09-17,1238,N,VIIRS,h,2,301.81,22.4,D,0
41.30481,-8.42592,346.71,0.36,0.57,2024-09-17,1238,N,VIIRS,n,2,297.25,19.87,D,0
41.35863,-8.24821,367,0.35,0.57,2024-09-17,1238,N,VIIRS,h,2,300.55,17.84,D,0
41.35756,-8.25219,348.75,0.35,0.57,2024-09-17,1238,N,VIIRS,n,2,309.73,17.84,D,0
41.35649,-8.25617,331.95,0.35,0.57,2024-09-17,1238,N,VIIRS,n,2,293.03,8.05,D,0
41.36359,-8.2508,337.53,0.35,0.57,2024-09-17,1238,N,VIIRS,n,2,293.57,17.84,D,0
41.36241,-8.25519,341.14,0.35,0.57,2024-09-17,1238,N,VIIRS,n,2,292.37,17.84,D,0
41.36124,-8.25949,347.03,0.35,0.57,2024-09-17,1238,N,VIIRS,n,2,292.06,8.05,D,0
41.33731,-8.36912,328.84,0.36,0.57,2024-09-17,1238,N,VIIRS,n,2,297.95,2.71,D,0
41.40936,-8.20621,367,0.35,0.57,2024-09-17,1238,N,VIIRS,h,2,303.07,20.01,D,0
41.40821,-8.2105,367,0.35,0.57,2024-09-17,1238,N,VIIRS,h,2,300.47,11.63,D,0
41.34156,-8.45883,341.93,0.36,0.57,2024-09-17,1238,N,VIIRS,n,2,298.82,3.7,D,0
41.58087,-7.57589,355.94,0.32,0.55,2024-09-17,1238,N,VIIRS,n,2,300.68,10.09,D,0
41.41554,-8.20407,349,0.35,0.57,2024-09-17,1238,N,VIIRS,n,2,296.51,4.11,D,0
41.41445,-8.20816,336.93,0.35,0.57,2024-09-17,1238,N,VIIRS,n,2,296.25,4.11,D,0
41.58677,-7.57398,367,0.32,0.55,2024-09-17,1238,N,VIIRS,h,2,301.36,21.45,D,0
41.58572,-7.57806,350.59,0.32,0.55,2024-09-17,1238,N,VIIRS,n,2,303.11,10.09,D,0
41.59041,-7.58082,367,0.32,0.55,2024-09-17,1238,N,VIIRS,h,2,303.48,7.57,D,0
41.58947,-7.58445,350.46,0.32,0.55,2024-09-17,1238,N,VIIRS,n,2,298.46,7.57,D,0
41.42633,-8.22689,346.98,0.35,0.57,2024-09-17,1238,N,VIIRS,n,2,297.06,3.48,D,0
41.52558,-7.8717,367,0.34,0.56,2024-09-17,1238,N,VIIRS,h,2,304.05,30.76,D,0
41.52666,-7.86756,341.08,0.33,0.56,2024-09-17,1238,N,VIIRS,n,2,299.74,13.79,D,0
41.5349,-7.85705,367,0.33,0.56,2024-09-17,1238,N,VIIRS,h,2,306.86,15.06,D,0
41.53398,-7.8606,367,0.33,0.56,2024-09-17,1238,N,VIIRS,h,2,309.19,15.06,D,0
41.53302,-7.86429,367,0.33,0.56,2024-09-17,1238,N,VIIRS,h,2,309.1,13.79,D,0
41.53087,-7.87248,367,0.34,0.56,2024-09-17,1238,N,VIIRS,h,2,320.95,30.76,D,0
41.52748,-7.88547,367,0.34,0.56,2024-09-17,1238,N,VIIRS,h,2,302.73,18.3,D,0
41.53582,-7.85355,352.12,0.33,0.56,2024-09-17,1238,N,VIIRS,n,2,300.32,10.63,D,0
41.53199,-7.86822,353.42,0.33,0.56,2024-09-17,1238,N,VIIRS,n,2,307.84,13.79,D,0
41.52973,-7.87687,352.71,0.34,0.56,2024-09-17,1238,N,VIIRS,n,2,317.61,30.76,D,0
41.52859,-7.88121,354.56,0.34,0.56,2024-09-17,1238,N,VIIRS,n,2,313.38,18.3,D,0
41.52157,-7.90808,328.95,0.34,0.56,2024-09-17,1238,N,VIIRS,n,2,296.98,1.47,D,0
41.4716,-8.09818,327.61,0.34,0.56,2024-09-17,1238,N,VIIRS,l,2,301.17,4.57,D,0
41.42673,-8.22461,340.42,0.35,0.57,2024-09-17,1238,N,VIIRS,n,2,298.38,4.61,D,0
41.5301,-7.86248,367,0.33,0.56,2024-09-17,1238,N,VIIRS,h,2,304.7,10.25,D,0
41.528,-7.87031,367,0.33,0.56,2024-09-17,1238,N,VIIRS,h,2,310.19,26.1,D,0
41.52571,-7.87884,367,0.34,0.56,2024-09-17,1238,N,VIIRS,h,2,301.96,29.09,D,0
41.52908,-7.8663,342.28,0.33,0.56,2024-09-17,1238,N,VIIRS,n,2,302.63,10.25,D,0
41.52687,-7.87452,342.74,0.33,0.56,2024-09-17,1238,N,VIIRS,n,2,311.93,26.1,D,0
41.43176,-8.22682,330.02,0.35,0.57,2024-09-17,1238,N,VIIRS,n,2,296.11,1.37,D,0
41.53647,-7.85926,367,0.33,0.56,2024-09-17,1238,N,VIIRS,h,2,309.29,19.6,D,0
41.53551,-7.86287,367,0.33,0.56,2024-09-17,1238,N,VIIRS,h,2,306.86,10.25,D,0
41.53219,-7.87526,367,0.33,0.56,2024-09-17,1238,N,VIIRS,h,2,316.06,26.1,D,0
41.53829,-7.85248,346.61,0.33,0.56,2024-09-17,1238,N,VIIRS,n,2,299.54,15.25,D,0
41.53738,-7.85585,354.82,0.33,0.56,2024-09-17,1238,N,VIIRS,n,2,313.57,19.6,D,0
41.53339,-7.87079,337.92,0.33,0.56,2024-09-17,1238,N,VIIRS,n,2,308.62,26.1,D,0
41.53098,-7.87979,354.72,0.34,0.56,2024-09-17,1238,N,VIIRS,n,2,317.24,29.09,D,0
41.52981,-7.88416,351.69,0.34,0.56,2024-09-17,1238,N,VIIRS,n,2,310.78,29.09,D,0
41.52868,-7.88835,355.62,0.34,0.56,2024-09-17,1238,N,VIIRS,n,2,300.19,10.1,D,0
41.52258,-7.91112,332.51,0.34,0.56,2024-09-17,1238,N,VIIRS,n,2,296.69,1.44,D,0
41.47149,-8.10099,336.05,0.34,0.56,2024-09-17,1238,N,VIIRS,n,2,299.49,4.37,D,0
41.54346,-7.85372,367,0.33,0.56,2024-09-17,1238,N,VIIRS,h,2,305.87,34.78,D,0
41.54255,-7.85713,342.63,0.33,0.56,2024-09-17,1238,N,VIIRS,n,2,303.49,20.71,D,0
41.53086,-7.90087,341.29,0.34,0.56,2024-09-17,1238,N,VIIRS,n,2,299.79,5.05,D,0
41.54124,-7.88266,334.57,0.34,0.56,2024-09-17,1238,N,VIIRS,n,2,303.66,4.7,D,0
41.53606,-7.90206,335.01,0.34,0.56,2024-09-17,1238,N,VIIRS,n,2,301.99,5.05,D,0
41.53503,-7.9059,353.21,0.34,0.56,2024-09-17,1238,N,VIIRS,n,2,299.63,4.92,D,0
41.53386,-7.91027,342.84,0.34,0.56,2024-09-17,1238,N,VIIRS,n,2,300.03,4.92,D,0
41.54017,-7.90735,339.16,0.34,0.56,2024-09-17,1238,N,VIIRS,n,2,297.4,4.52,D,0
41.53889,-7.91215,354.01,0.34,0.56,2024-09-17,1238,N,VIIRS,n,2,298.29,4.52,D,0
41.56342,-7.84078,367,0.33,0.56,2024-09-17,1238,N,VIIRS,h,2,327.61,63.84,D,0
41.56542,-7.83327,334.86,0.33,0.55,2024-09-17,1238,N,VIIRS,n,2,298.77,40.4,D,0
41.56436,-7.83724,349.51,0.33,0.55,2024-09-17,1238,N,VIIRS,n,2,316.51,40.4,D,0
41.5617,-7.84723,330.57,0.33,0.56,2024-09-17,1238,N,VIIRS,n,2,297.84,13.22,D,0
41.56255,-7.84405,208,0.33,0.56,2024-09-17,1238,N,VIIRS,l,2,314.16,63.84,D,0
41.56859,-7.84201,367,0.33,0.56,2024-09-17,1238,N,VIIRS,h,2,295.34,6.48,D,0
41.56963,-7.83812,327.55,0.33,0.55,2024-09-17,1238,N,VIIRS,n,2,296.62,5.68,D,0
41.56764,-7.84559,340,0.33,0.56,2024-09-17,1238,N,VIIRS,n,2,294.43,6.48,D,0
41.556,-7.88934,334.11,0.34,0.56,2024-09-17,1238,N,VIIRS,n,2,307.32,26.69,D,0
41.56249,-7.88567,367,0.34,0.56,2024-09-17,1238,N,VIIRS,h,2,307.99,26.69,D,0
41.56137,-7.8899,367,0.34,0.56,2024-09-17,1238,N,VIIRS,h,2,312.59,26.69,D,0
41.55915,-7.89824,367,0.34,0.56,2024-09-17,1238,N,VIIRS,h,2,309.26,62.71,D,0
41.56432,-7.89955,367,0.34,0.56,2024-09-17,1238,N,VIIRS,h,2,299.47,9.45,D,0
41.48216,-8.20686,349.02,0.35,0.57,2024-09-17,1238,N,VIIRS,n,2,297.66,4.02,D,0
41.51225,-8.1574,334.91,0.35,0.56,2024-09-17,1238,N,VIIRS,n,2,296.3,3.27,D,0
41.52083,-8.14618,331.72,0.35,0.56,2024-09-17,1238,N,VIIRS,n,2,297.7,1.73,D,0
41.52597,-8.14785,337.96,0.35,0.56,2024-09-17,1238,N,VIIRS,n,2,295.63,1.73,D,0
41.50869,-8.23359,326.25,0.35,0.57,2024-09-17,1238,N,VIIRS,n,2,296.96,4.94,D,0
41.50749,-8.23806,325.92,0.35,0.57,2024-09-17,1238,N,VIIRS,n,2,296.56,4.94,D,0
41.53041,-8.17316,367,0.35,0.56,2024-09-17,1238,N,VIIRS,h,2,300.8,14.65,D,0
41.51254,-8.24021,367,0.35,0.57,2024-09-17,1238,N,VIIRS,h,2,301.69,4.94,D,0
41.53737,-8.14699,356.37,0.35,0.56,2024-09-17,1238,N,VIIRS,n,2,301.91,7.45,D,0
41.51479,-8.23176,325.99,0.35,0.57,2024-09-17,1238,N,VIIRS,l,2,299.32,5.72,D,0
41.5137,-8.23584,347.44,0.35,0.57,2024-09-17,1238,N,VIIRS,n,2,301.72,4.94,D,0
41.51136,-8.24461,335.2,0.35,0.57,2024-09-17,1238,N,VIIRS,n,2,297.28,5.2,D,0
41.5092,-8.25267,329.21,0.35,0.57,2024-09-17,1238,N,VIIRS,n,2,298.23,2.54,D,0
41.50821,-8.25643,341.33,0.35,0.57,2024-09-17,1238,N,VIIRS,n,2,298.68,2.54,D,0
41.53522,-8.17611,367,0.35,0.56,2024-09-17,1238,N,VIIRS,h,2,308.42,23.38,D,0
41.75582,-7.33229,340.67,0.62,0.54,2024-09-17,1238,N,VIIRS,n,2,301.53,16.04,D,0
41.5424,-8.14908,326.39,0.35,0.56,2024-09-17,1238,N,VIIRS,l,2,298.9,2.66,D,0
41.53638,-8.17174,344.58,0.35,0.56,2024-09-17,1238,N,VIIRS,n,2,297.52,23.38,D,0
41.53402,-8.18063,352.32,0.35,0.56,2024-09-17,1238,N,VIIRS,n,2,299.77,21.46,D,0
41.75112,-7.37132,367,0.63,0.54,2024-09-17,1238,N,VIIRS,h,2,306,20.69,D,0
41.76255,-7.32676,340.75,0.62,0.54,2024-09-17,1238,N,VIIRS,n,2,305.83,16.04,D,0
41.7607,-7.33402,329.45,0.62,0.54,2024-09-17,1238,N,VIIRS,l,2,302.39,16.04,D,0
41.74919,-7.37882,350.48,0.63,0.54,2024-09-17,1238,N,VIIRS,n,2,303.26,20.69,D,0
41.54832,-8.14782,339.15,0.35,0.56,2024-09-17,1238,N,VIIRS,n,2,296.33,2.66,D,0
41.75387,-7.38135,367,0.63,0.54,2024-09-17,1238,N,VIIRS,h,2,306.28,23.65,D,0
41.75185,-7.38922,367,0.63,0.54,2024-09-17,1238,N,VIIRS,h,2,313.8,211.9,D,0
41.51675,-8.28765,367,0.35,0.57,2024-09-17,1238,N,VIIRS,h,2,302.98,8.09,D,0
41.76737,-7.3287,338.54,0.62,0.54,2024-09-17,1238,N,VIIRS,n,2,298.43,13.07,D,0
41.76546,-7.33614,340.67,0.62,0.54,2024-09-17,1238,N,VIIRS,n,2,302.3,13.07,D,0
41.75576,-7.37397,343.06,0.63,0.54,2024-09-17,1238,N,VIIRS,n,2,305.22,23.65,D,0
41.55271,-8.15234,327.8,0.35,0.56,2024-09-17,1238,N,VIIRS,n,2,296.1,3.85,D,0
41.55156,-8.15668,339.64,0.35,0.56,2024-09-17,1238,N,VIIRS,n,2,300.43,3.85,D,0
41.52271,-8.26528,338.79,0.35,0.57,2024-09-17,1238,N,VIIRS,n,2,296.98,3.22,D,0
41.74978,-7.3973,367,0.63,0.54,2024-09-17,1238,N,VIIRS,l,2,329.46,211.9,D,0
41.55603,-8.16091,367,0.35,0.56,2024-09-17,1238,N,VIIRS,h,2,297.28,3.85,D,0
41.77206,-7.33112,329,0.62,0.54,2024-09-17,1238,N,VIIRS,n,2,294.01,13.07,D,0
41.77009,-7.33886,337.79,0.62,0.54,2024-09-17,1238,N,VIIRS,n,2,299.69,13.07,D,0
41.55715,-8.15665,334.27,0.35,0.56,2024-09-17,1238,N,VIIRS,n,2,294.83,3.85,D,0
41.55274,-8.17329,337.41,0.35,0.56,2024-09-17,1238,N,VIIRS,n,2,299.25,2.67,D,0
41.5517,-8.17721,339.04,0.35,0.56,2024-09-17,1238,N,VIIRS,n,2,300.17,2.67,D,0
41.54945,-8.18573,327.38,0.35,0.56,2024-09-17,1238,N,VIIRS,l,2,302.32,2.79,D,0
41.75439,-7.40013,367,0.63,0.54,2024-09-17,1238,N,VIIRS,l,2,331.77,211.9,D,0
41.75229,-7.40831,367,0.63,0.54,2024-09-17,1238,N,VIIRS,l,2,353.91,635.86,D,0
41.7589,-7.40337,347.66,0.63,0.54,2024-09-17,1238,N,VIIRS,n,2,296.15,64.8,D,0
41.75678,-7.41163,344.71,0.63,0.54,2024-09-17,1238,N,VIIRS,n,2,293.93,44.12,D,0
41.55651,-8.18021,335.04,0.35,0.56,2024-09-17,1238,N,VIIRS,n,2,296.45,3.12,D,0
41.75169,-7.37223,367,0.63,0.54,2024-09-17,1238,N,VIIRS,h,2,308.75,22.36,D,0
41.7634,-7.32774,341.19,0.62,0.54,2024-09-17,1238,N,VIIRS,n,2,307.08,22.45,D,0
41.74972,-7.37972,356.2,0.63,0.54,2024-09-17,1238,N,VIIRS,n,2,306.22,32.5,D,0
41.74772,-7.38731,350.98,0.63,0.54,2024-09-17,1238,N,VIIRS,n,2,305.25,32.5,D,0
41.74561,-7.3953,349.55,0.63,0.54,2024-09-17,1238,N,VIIRS,n,2,298.86,132.33,D,0
41.7523,-7.3902,367,0.63,0.54,2024-09-17,1238,N,VIIRS,h,2,307.4,32.5,D,0
41.74804,-7.40637,367,0.63,0.54,2024-09-17,1238,N,VIIRS,h,2,326.48,132.33,D,0
41.7682,-7.32975,330.2,0.62,0.54,2024-09-17,1238,N,VIIRS,n,2,297.39,22.45,D,0
41.76622,-7.33727,335.74,0.62,0.54,2024-09-17,1238,N,VIIRS,n,2,305.72,31.84,D,0
41.75631,-7.37496,342.37,0.63,0.54,2024-09-17,1238,N,VIIRS,n,2,304.02,22.36,D,0
41.75438,-7.38229,348.94,0.63,0.54,2024-09-17,1238,N,VIIRS,n,2,305.04,32.5,D,0
41.74585,-7.41467,333.6,0.63,0.54,2024-09-17,1238,N,VIIRS,n,2,297.93,30.47,D,0
41.75019,-7.39823,367,0.63,0.54,2024-09-17,1238,N,VIIRS,l,2,325.16,132.33,D,0
41.75479,-7.40106,367,0.63,0.54,2024-09-17,1238,N,VIIRS,h,2,333.04,219.76,D,0
41.55261,-8.15756,367,0.35,0.56,2024-09-17,1238,N,VIIRS,h,2,303.07,7.28,D,0
41.5172,-8.28759,367,0.35,0.57,2024-09-17,1238,N,VIIRS,h,2,300.95,9.16,D,0
41.7708,-7.34013,332.37,0.62,0.54,2024-09-17,1238,N,VIIRS,n,2,296.05,3.14,D,0
41.55378,-8.15326,327.75,0.34,0.56,2024-09-17,1238,N,VIIRS,n,2,295.27,7.28,D,0
41.52324,-8.26546,331.17,0.35,0.57,2024-09-17,1238,N,VIIRS,n,2,296.47,3.38,D,0
41.52211,-8.2696,330.96,0.35,0.57,2024-09-17,1238,N,VIIRS,n,2,296.55,2.42,D,0
41.75681,-7.3934,367,0.63,0.54,2024-09-17,1238,N,VIIRS,l,2,325.68,162.83,D,0
41.75264,-7.40924,367,0.63,0.54,2024-09-17,1238,N,VIIRS,l,2,349.01,219.76,D,0
41.55275,-8.17765,367,0.35,0.56,2024-09-17,1238,N,VIIRS,h,2,300.81,5.02,D,0
41.75928,-7.40432,332.87,0.63,0.54,2024-09-17,1238,N,VIIRS,n,2,295.32,219.76,D,0
41.55379,-8.17382,338.08,0.35,0.56,2024-09-17,1238,N,VIIRS,n,2,297.57,5.02,D,0
41.55048,-8.18601,326.54,0.35,0.56,2024-09-17,1238,N,VIIRS,l,2,299.92,4.49,D,0
41.4545,-8.72526,367,0.37,0.58,2024-09-17,1238,N,VIIRS,h,2,311.17,15.89,D,0
41.45568,-8.72094,331.01,0.37,0.58,2024-09-17,1238,N,VIIRS,n,2,299.69,15.89,D,0
41.45331,-8.72957,353.82,0.37,0.58,2024-09-17,1238,N,VIIRS,n,2,301.1,14.74,D,0
41.60367,-8.28008,367,0.35,0.57,2024-09-17,1238,N,VIIRS,h,2,306.31,8.24,D,0
41.60238,-8.28488,331.65,0.35,0.57,2024-09-17,1238,N,VIIRS,n,2,299.55,8.24,D,0
41.60859,-8.2827,367,0.35,0.57,2024-09-17,1238,N,VIIRS,h,2,301.99,9.61,D,0
41.60349,-8.30174,367,0.35,0.57,2024-09-17,1238,N,VIIRS,h,2,310.89,61.35,D,0
41.6073,-8.28751,352.55,0.35,0.57,2024-09-17,1238,N,VIIRS,n,2,300.39,9.61,D,0
41.60143,-8.30943,351.26,0.35,0.57,2024-09-17,1238,N,VIIRS,n,2,303.22,37.47,D,0
41.60243,-8.30569,367,0.35,0.57,2024-09-17,1238,N,VIIRS,l,2,340.86,61.35,D,0
41.60841,-8.30439,367,0.35,0.57,2024-09-17,1238,N,VIIRS,h,2,298.64,61.35,D,0
41.61464,-8.28103,352.76,0.35,0.57,2024-09-17,1238,N,VIIRS,n,2,302.71,15.25,D,0
41.61343,-8.28559,331.98,0.35,0.57,2024-09-17,1238,N,VIIRS,n,2,297.55,9.61,D,0
41.61079,-8.29547,340.77,0.35,0.57,2024-09-17,1238,N,VIIRS,n,2,298.14,22.61,D,0
41.6074,-8.30816,337.58,0.35,0.57,2024-09-17,1238,N,VIIRS,n,2,307.84,61.35,D,0
41.60641,-8.31185,354.98,0.35,0.57,2024-09-17,1238,N,VIIRS,n,2,297.96,37.47,D,0
41.63028,-8.2434,338.46,0.35,0.56,2024-09-17,1238,N,VIIRS,n,2,296.3,8.87,D,0
41.62934,-8.24692,326.2,0.35,0.57,2024-09-17,1238,N,VIIRS,l,2,298.44,8.87,D,0
41.6358,-8.24372,367,0.35,0.56,2024-09-17,1238,N,VIIRS,h,2,298.42,19.87,D,0
41.63492,-8.24701,347.64,0.35,0.56,2024-09-17,1238,N,VIIRS,n,2,316.33,8.87,D,0
41.62058,-8.30089,341.87,0.35,0.57,2024-09-17,1238,N,VIIRS,n,2,300.92,2.94,D,0
41.63955,-8.25069,367,0.35,0.56,2024-09-17,1238,N,VIIRS,h,2,304.48,20.1,D,0
41.79854,-7.64503,329.41,0.32,0.55,2024-09-17,1238,N,VIIRS,l,2,303.49,3.59,D,0
41.63867,-8.25398,354.01,0.35,0.57,2024-09-17,1238,N,VIIRS,n,2,309,20.1,D,0
41.63641,-8.26249,354.58,0.35,0.57,2024-09-17,1238,N,VIIRS,n,2,301.38,9.99,D,0
41.63975,-8.271,335.25,0.35,0.57,2024-09-17,1238,N,VIIRS,n,2,299.68,4.17,D,0
41.63867,-8.27507,340.9,0.35,0.57,2024-09-17,1238,N,VIIRS,n,2,306.98,4.17,D,0
41.63757,-8.27921,352.71,0.35,0.57,2024-09-17,1238,N,VIIRS,n,2,308.59,6.82,D,0
41.64334,-8.2786,367,0.35,0.57,2024-09-17,1238,N,VIIRS,h,2,310.31,42.95,D,0
41.64108,-8.28713,367,0.35,0.57,2024-09-17,1238,N,VIIRS,h,2,300.23,35.25,D,0
41.6399,-8.29159,367,0.35,0.57,2024-09-17,1238,N,VIIRS,h,2,310.03,10.1,D,0
41.63763,-8.30014,367,0.35,0.57,2024-09-17,1238,N,VIIRS,h,2,304.71,5.1,D,0
41.64224,-8.28274,347.13,0.35,0.57,2024-09-17,1238,N,VIIRS,n,2,307.49,35.25,D,0
41.63873,-8.29601,340.27,0.35,0.57,2024-09-17,1238,N,VIIRS,n,2,299.55,10.1,D,0
41.63653,-8.30426,339.53,0.35,0.57,2024-09-17,1238,N,VIIRS,n,2,302.29,5.1,D,0
41.64474,-8.29446,367,0.35,0.57,2024-09-17,1238,N,VIIRS,h,2,302.9,10.1,D,0
41.6436,-8.29877,355.4,0.35,0.57,2024-09-17,1238,N,VIIRS,n,2,299.56,10.1,D,0
41.64249,-8.30294,354.93,0.35,0.57,2024-09-17,1238,N,VIIRS,n,2,297.75,5.1,D,0
41.64141,-8.30703,355.75,0.35,0.57,2024-09-17,1238,N,VIIRS,n,2,297.76,5.1,D,0
41.63874,-8.29593,341.21,0.35,0.57,2024-09-17,1239,N,VIIRS,n,2,300.68,10.8,D,0
41.6365,-8.30415,330.34,0.35,0.57,2024-09-17,1239,N,VIIRS,n,2,302.84,5.68,D,0
41.64478,-8.29438,367,0.35,0.57,2024-09-17,1239,N,VIIRS,h,2,301.67,10.8,D,0
41.64363,-8.29863,367,0.35,0.57,2024-09-17,1239,N,VIIRS,h,2,300.19,10.8,D,0
41.64138,-8.3069,367,0.35,0.57,2024-09-17,1239,N,VIIRS,h,2,297.78,5.68,D,0
41.64249,-8.30283,355.77,0.35,0.57,2024-09-17,1239,N,VIIRS,n,2,297.41,5.68,D,0
41.83773,-8.43618,367,0.35,0.57,2024-09-17,1239,N,VIIRS,h,2,307.63,14.87,D,0
41.63761,-8.30005,350.69,0.35,0.57,2024-09-17,1239,N,VIIRS,n,2,303.41,5.68,D,0
41.63976,-8.25089,367,0.35,0.56,2024-09-17,1239,N,VIIRS,h,2,300.37,19.14,D,0
41.63887,-8.25418,353.95,0.35,0.56,2024-09-17,1239,N,VIIRS,n,2,308.18,19.14,D,0
41.63779,-8.25813,326.73,0.35,0.56,2024-09-17,1239,N,VIIRS,n,2,299.08,5.95,D,0
41.63657,-8.26263,356.29,0.35,0.57,2024-09-17,1239,N,VIIRS,n,2,300.95,5.95,D,0
41.63988,-8.27108,335.02,0.35,0.57,2024-09-17,1239,N,VIIRS,n,2,299.61,4.79,D,0
41.63878,-8.27512,332.4,0.35,0.57,2024-09-17,1239,N,VIIRS,n,2,306.19,4.79,D,0
41.63766,-8.27922,348.64,0.35,0.57,2024-09-17,1239,N,VIIRS,n,2,309.2,8.82,D,0
41.64344,-8.27862,367,0.35,0.57,2024-09-17,1239,N,VIIRS,h,2,306.69,42.88,D,0
41.64114,-8.28709,367,0.35,0.57,2024-09-17,1239,N,VIIRS,h,2,299.38,37.04,D,0
41.63993,-8.29153,367,0.35,0.57,2024-09-17,1239,N,VIIRS,h,2,310.87,10.8,D,0
41.64233,-8.28274,346.27,0.35,0.57,2024-09-17,1239,N,VIIRS,n,2,309.62,37.04,D,0
39.71209,-8.67878,357.55,0.39,0.59,2024-09-17,1418,N,VIIRS,n,2,309.79,6.41,D,0
40.66781,-8.35248,333.59,0.41,0.61,2024-09-17,1419,N,VIIRS,n,2,303.13,6.97,D,0
40.66803,-8.34726,357.64,0.41,0.61,2024-09-17,1419,N,VIIRS,n,2,304.07,6.97,D,0
40.66823,-8.34273,349.11,0.41,0.61,2024-09-17,1419,N,VIIRS,n,2,302.47,6.36,D,0
40.66841,-8.33845,344.89,0.41,0.61,2024-09-17,1419,N,VIIRS,n,2,300.74,6.36,D,0
40.66256,-8.34206,351.46,0.41,0.61,2024-09-17,1419,N,VIIRS,n,2,306.11,6.36,D,0
40.66275,-8.33771,335.52,0.41,0.61,2024-09-17,1419,N,VIIRS,n,2,305.6,6.36,D,0
40.65094,-8.48018,329.38,0.41,0.6,2024-09-17,1419,N,VIIRS,l,2,299.46,1.72,D,0
40.65776,-8.32115,332.82,0.41,0.61,2024-09-17,1419,N,VIIRS,n,2,298.93,14.54,D,0
40.65215,-8.31911,354.08,0.41,0.61,2024-09-17,1419,N,VIIRS,n,2,311.45,14.54,D,0
40.67797,-7.65832,344.51,0.45,0.63,2024-09-17,1419,N,VIIRS,n,2,307.18,8.34,D,0
40.67818,-7.65249,340.32,0.45,0.63,2024-09-17,1419,N,VIIRS,n,2,300.89,7.37,D,0
40.65192,-8.32448,367,0.41,0.61,2024-09-17,1419,N,VIIRS,h,2,308.85,21.52,D,0
40.65234,-8.31444,367,0.41,0.61,2024-09-17,1419,N,VIIRS,h,2,303.09,14.54,D,0
40.64014,-8.4683,333.87,0.41,0.6,2024-09-17,1419,N,VIIRS,n,2,296.84,3.79,D,0
40.64036,-8.46328,333.98,0.41,0.6,2024-09-17,1419,N,VIIRS,n,2,297.72,5.17,D,0
40.64585,-8.3336,334.05,0.41,0.61,2024-09-17,1419,N,VIIRS,l,2,304.16,5.42,D,0
40.77036,-8.40285,367,0.41,0.61,2024-09-17,1419,N,VIIRS,h,2,302.52,23.94,D,0
40.77002,-8.41088,367,0.41,0.61,2024-09-17,1419,N,VIIRS,h,2,307.93,14.5,D,0
40.76983,-8.41519,367,0.41,0.61,2024-09-17,1419,N,VIIRS,h,2,301.34,14.5,D,0
40.77054,-8.39859,335.75,0.41,0.61,2024-09-17,1419,N,VIIRS,n,2,296.62,9.03,D,0
40.77018,-8.40692,356.4,0.41,0.61,2024-09-17,1419,N,VIIRS,n,2,306.68,23.94,D,0
40.7764,-8.39457,367,0.41,0.61,2024-09-17,1419,N,VIIRS,h,2,300.56,14.24,D,0
40.7762,-8.39906,352.34,0.41,0.61,2024-09-17,1419,N,VIIRS,n,2,309.2,14.24,D,0
40.77602,-8.40318,339.3,0.41,0.61,2024-09-17,1419,N,VIIRS,n,2,300,8.42,D,0
40.77584,-8.40736,341.53,0.41,0.61,2024-09-17,1419,N,VIIRS,n,2,299.68,8.42,D,0
40.77566,-8.41154,329.34,0.41,0.61,2024-09-17,1419,N,VIIRS,n,2,298.89,5.31,D,0
40.78203,-8.39567,345.8,0.41,0.61,2024-09-17,1419,N,VIIRS,n,2,296.7,14.24,D,0
40.78184,-8.39997,343.34,0.41,0.61,2024-09-17,1419,N,VIIRS,n,2,295.15,14.24,D,0
40.78765,-8.39698,357.26,0.41,0.61,2024-09-17,1419,N,VIIRS,n,2,299.45,6.5,D,0
40.78746,-8.40147,330.41,0.41,0.61,2024-09-17,1419,N,VIIRS,n,2,297.04,6.5,D,0
40.81987,-7.90577,367,0.44,0.62,2024-09-17,1419,N,VIIRS,h,2,300.08,27.69,D,0
40.7986,-8.40622,367,0.41,0.61,2024-09-17,1419,N,VIIRS,h,2,296.61,9.73,D,0
40.79843,-8.41017,367,0.41,0.61,2024-09-17,1419,N,VIIRS,h,2,297.33,9.73,D,0
40.82006,-7.90109,333.97,0.44,0.62,2024-09-17,1419,N,VIIRS,n,2,295.87,27.69,D,0
40.81967,-7.91075,335.56,0.44,0.62,2024-09-17,1419,N,VIIRS,n,2,295.06,33.12,D,0
40.81918,-7.92291,351.15,0.44,0.62,2024-09-17,1419,N,VIIRS,n,2,295.47,12.53,D,0
40.80346,-8.29623,345.87,0.42,0.61,2024-09-17,1419,N,VIIRS,n,2,297.66,5.53,D,0
40.79825,-8.41418,335.69,0.41,0.61,2024-09-17,1419,N,VIIRS,n,2,296.11,5.91,D,0
40.79806,-8.41843,339.57,0.41,0.61,2024-09-17,1419,N,VIIRS,n,2,297.52,5.91,D,0
40.82605,-7.89695,367,0.44,0.62,2024-09-17,1419,N,VIIRS,h,2,303,20.08,D,0
40.82586,-7.90163,367,0.44,0.62,2024-09-17,1419,N,VIIRS,h,2,303.31,27.69,D,0
40.82518,-7.91817,367,0.44,0.62,2024-09-17,1419,N,VIIRS,h,2,297.92,33.12,D,0
40.82496,-7.9237,367,0.44,0.62,2024-09-17,1419,N,VIIRS,h,2,297.98,12.53,D,0
40.80406,-8.41115,367,0.41,0.61,2024-09-17,1419,N,VIIRS,h,2,296.74,9.73,D,0
40.82566,-7.90668,355.32,0.44,0.62,2024-09-17,1419,N,VIIRS,n,2,305.21,27.69,D,0
40.82544,-7.91205,355.19,0.44,0.62,2024-09-17,1419,N,VIIRS,n,2,304.19,33.12,D,0
40.82115,-8.01629,334.9,0.43,0.62,2024-09-17,1419,N,VIIRS,n,2,294.29,5.19,D,0
40.80387,-8.41545,354.3,0.41,0.61,2024-09-17,1419,N,VIIRS,n,2,298.61,5.91,D,0
40.80367,-8.4198,341.3,0.41,0.61,2024-09-17,1419,N,VIIRS,n,2,296.27,5.91,D,0
40.83294,-7.87084,367,0.44,0.62,2024-09-17,1419,N,VIIRS,h,2,305.78,39.2,D,0
40.83271,-7.87649,367,0.44,0.62,2024-09-17,1419,N,VIIRS,h,2,316.37,39.2,D,0
40.83205,-7.89258,367,0.44,0.62,2024-09-17,1419,N,VIIRS,h,2,303.53,21.01,D,0
40.83186,-7.89739,367,0.44,0.62,2024-09-17,1419,N,VIIRS,h,2,302.05,21.01,D,0
40.82732,-8.00732,367,0.43,0.62,2024-09-17,1419,N,VIIRS,h,2,297.57,81.31,D,0
40.8271,-8.01248,367,0.43,0.62,2024-09-17,1419,N,VIIRS,h,2,304.31,81.31,D,0
40.8269,-8.01712,367,0.43,0.62,2024-09-17,1419,N,VIIRS,h,2,312.39,86.24,D,0
40.82672,-8.02166,367,0.43,0.62,2024-09-17,1419,N,VIIRS,h,2,313.94,86.24,D,0
40.83225,-7.88765,355.24,0.44,0.62,2024-09-17,1419,N,VIIRS,n,2,311.14,61.99,D,0
40.83097,-7.91914,332.76,0.44,0.62,2024-09-17,1419,N,VIIRS,n,2,295.37,4.33,D,0
40.82947,-7.95547,353.43,0.43,0.62,2024-09-17,1419,N,VIIRS,n,2,296.8,9.19,D,0
40.82922,-7.96133,338.85,0.43,0.62,2024-09-17,1419,N,VIIRS,n,2,296.1,9.19,D,0
40.82755,-8.00179,331.82,0.43,0.62,2024-09-17,1419,N,VIIRS,n,2,293.19,18.8,D,0
40.82652,-8.02635,346.01,0.43,0.62,2024-09-17,1419,N,VIIRS,n,2,318.34,52.59,D,0
40.82633,-8.03092,342.71,0.43,0.62,2024-09-17,1419,N,VIIRS,n,2,293.34,52.59,D,0
40.8094,-8.41876,337.23,0.41,0.61,2024-09-17,1419,N,VIIRS,n,2,292.18,6.88,D,0
40.80919,-8.42335,331.63,0.41,0.61,2024-09-17,1419,N,VIIRS,n,2,292.83,4.47,D,0
40.8395,-7.85295,367,0.44,0.62,2024-09-17,1419,N,VIIRS,h,2,306.89,59.22,D,0
40.83893,-7.86694,367,0.44,0.62,2024-09-17,1419,N,VIIRS,h,2,300.86,57.89,D,0
40.83871,-7.87235,367,0.44,0.62,2024-09-17,1419,N,VIIRS,h,2,304.08,39.2,D,0
40.8355,-7.95016,367,0.43,0.62,2024-09-17,1419,N,VIIRS,h,2,298.22,16.91,D,0
40.83329,-8.00303,367,0.43,0.62,2024-09-17,1419,N,VIIRS,h,2,297.86,18.8,D,0
40.83307,-8.00834,367,0.43,0.62,2024-09-17,1419,N,VIIRS,h,2,309.72,81.31,D,0
40.83931,-7.85748,356.49,0.44,0.62,2024-09-17,1419,N,VIIRS,n,2,308.3,59.22,D,0
40.83913,-7.862,345.97,0.44,0.62,2024-09-17,1419,N,VIIRS,n,2,308.73,57.89,D,0
40.83847,-7.87826,345.51,0.44,0.62,2024-09-17,1419,N,VIIRS,n,2,300.24,39.2,D,0
40.83825,-7.88357,333.14,0.44,0.62,2024-09-17,1419,N,VIIRS,n,2,299.8,61.99,D,0
40.83354,-7.99716,341.63,0.43,0.62,2024-09-17,1419,N,VIIRS,n,2,292.4,18.8,D,0
40.83251,-8.0216,350.33,0.43,0.62,2024-09-17,1419,N,VIIRS,n,2,300.28,86.24,D,0
40.83232,-8.02609,353.06,0.43,0.62,2024-09-17,1419,N,VIIRS,n,2,307.3,52.59,D,0
40.83213,-8.03063,343.21,0.43,0.62,2024-09-17,1419,N,VIIRS,n,2,294.28,52.59,D,0
40.83287,-8.0131,367,0.43,0.62,2024-09-17,1419,N,VIIRS,l,2,329.78,81.31,D,0
40.83269,-8.01732,208,0.43,0.62,2024-09-17,1419,N,VIIRS,l,2,321.68,86.24,D,0
40.84538,-7.85206,367,0.44,0.62,2024-09-17,1419,N,VIIRS,h,2,320.87,67.31,D,0
40.84562,-7.84602,341.24,0.44,0.62,2024-09-17,1419,N,VIIRS,n,2,297.73,46.4,D,0
40.8449,-7.86354,354.58,0.44,0.62,2024-09-17,1419,N,VIIRS,n,2,303.93,57.58,D,0
40.84347,-7.89836,340.17,0.44,0.62,2024-09-17,1419,N,VIIRS,n,2,295.63,4.16,D,0
40.8422,-7.92897,338.23,0.44,0.62,2024-09-17,1419,N,VIIRS,n,2,297.87,6.32,D,0
40.842,-7.93389,334.83,0.44,0.62,2024-09-17,1419,N,VIIRS,n,2,297.25,5.7,D,0
40.84127,-7.95108,336.64,0.43,0.62,2024-09-17,1419,N,VIIRS,n,2,294.57,5.3,D,0
40.84018,-7.97716,335.84,0.43,0.62,2024-09-17,1419,N,VIIRS,n,2,296.15,4.39,D,0
40.83998,-7.98192,348.67,0.43,0.62,2024-09-17,1419,N,VIIRS,n,2,295.92,4.39,D,0
40.83865,-8.0133,330.11,0.43,0.62,2024-09-17,1419,N,VIIRS,n,2,291.08,5.88,D,0
40.85168,-7.84097,367,0.44,0.62,2024-09-17,1419,N,VIIRS,h,2,313.48,46.4,D,0
40.85123,-7.85168,367,0.44,0.62,2024-09-17,1419,N,VIIRS,h,2,305.74,67.31,D,0
40.851,-7.85732,367,0.44,0.62,2024-09-17,1419,N,VIIRS,h,2,307.42,67.31,D,0
40.85146,-7.84616,351.5,0.44,0.62,2024-09-17,1419,N,VIIRS,n,2,315.54,46.4,D,0
40.84969,-7.88886,343.47,0.44,0.62,2024-09-17,1419,N,VIIRS,n,2,299.92,6.75,D,0
40.84948,-7.89387,331.17,0.44,0.62,2024-09-17,1419,N,VIIRS,n,2,296.94,4.16,D,0
40.84824,-7.92381,341.95,0.44,0.62,2024-09-17,1419,N,VIIRS,n,2,296.72,6.32,D,0
40.80484,-8.29559,341.45,0.42,0.61,2024-09-17,1419,N,VIIRS,n,2,295.46,7.13,D,0
40.80026,-8.41397,334.14,0.41,0.61,2024-09-17,1419,N,VIIRS,n,2,294.88,8.09,D,0
40.80009,-8.41819,353.32,0.41,0.61,2024-09-17,1419,N,VIIRS,n,2,297.89,8.09,D,0
40.82505,-7.90033,367,0.44,0.62,2024-09-17,1419,N,VIIRS,h,2,302.97,50,D,0
40.82488,-7.90515,367,0.44,0.62,2024-09-17,1419,N,VIIRS,h,2,311.27,50,D,0
40.82428,-7.92225,367,0.44,0.62,2024-09-17,1419,N,VIIRS,h,2,298.39,16.92,D,0
40.82521,-7.89552,345.45,0.44,0.62,2024-09-17,1419,N,VIIRS,n,2,300.29,8.81,D,0
40.82469,-7.91036,353.74,0.44,0.62,2024-09-17,1419,N,VIIRS,n,2,304.93,58.79,D,0
40.82449,-7.91634,350.45,0.44,0.62,2024-09-17,1419,N,VIIRS,n,2,300.68,58.79,D,0
40.8241,-7.92722,339.47,0.44,0.62,2024-09-17,1419,N,VIIRS,n,2,294.69,16.92,D,0
40.80608,-8.41041,349.58,0.41,0.61,2024-09-17,1419,N,VIIRS,n,2,293.82,14.93,D,0
40.80591,-8.41457,355.83,0.41,0.61,2024-09-17,1419,N,VIIRS,n,2,296.76,8.09,D,0
40.80574,-8.41883,353.25,0.41,0.61,2024-09-17,1419,N,VIIRS,n,2,296.12,8.09,D,0
40.80556,-8.42347,347.57,0.41,0.61,2024-09-17,1419,N,VIIRS,n,2,295.18,6.54,D,0
40.80537,-8.4284,334.99,0.41,0.61,2024-09-17,1419,N,VIIRS,n,2,294.22,6.54,D,0
40.83177,-7.87467,367,0.44,0.62,2024-09-17,1419,N,VIIRS,h,2,305.84,47.54,D,0
40.83119,-7.89125,367,0.44,0.62,2024-09-17,1419,N,VIIRS,h,2,305.75,26.89,D,0
40.83102,-7.89607,367,0.44,0.62,2024-09-17,1419,N,VIIRS,h,2,307.94,26.89,D,0
40.82691,-8.01119,367,0.43,0.62,2024-09-17,1419,N,VIIRS,h,2,300.89,69.18,D,0
40.82674,-8.01597,367,0.43,0.62,2024-09-17,1419,N,VIIRS,h,2,310.12,91.39,D,0
40.82657,-8.02052,367,0.43,0.62,2024-09-17,1419,N,VIIRS,h,2,313.94,91.39,D,0
40.83157,-7.88038,350.35,0.44,0.62,2024-09-17,1419,N,VIIRS,n,2,324.04,43.66,D,0
40.83138,-7.88606,351.77,0.44,0.62,2024-09-17,1419,N,VIIRS,n,2,312.6,43.66,D,0
40.83085,-7.90093,334.78,0.44,0.62,2024-09-17,1419,N,VIIRS,n,2,297.29,9.75,D,0
40.82897,-7.95386,334.72,0.43,0.62,2024-09-17,1419,N,VIIRS,n,2,293.72,6.75,D,0
40.82876,-7.95984,348.66,0.43,0.62,2024-09-17,1419,N,VIIRS,n,2,297.23,6.75,D,0
40.82856,-7.96538,332.18,0.43,0.62,2024-09-17,1419,N,VIIRS,n,2,294.79,5.21,D,0
40.8271,-8.00592,344.81,0.43,0.62,2024-09-17,1419,N,VIIRS,n,2,294.58,69.18,D,0
40.8264,-8.02518,355.7,0.43,0.62,2024-09-17,1419,N,VIIRS,n,2,318.35,61.97,D,0
40.82623,-8.02981,348.14,0.43,0.62,2024-09-17,1419,N,VIIRS,n,2,298.48,61.97,D,0
40.83794,-7.86527,367,0.44,0.62,2024-09-17,1419,N,VIIRS,h,2,299.6,20.54,D,0
40.83776,-7.87051,367,0.44,0.62,2024-09-17,1419,N,VIIRS,h,2,304.85,47.54,D,0
40.83305,-8.0016,367,0.43,0.62,2024-09-17,1419,N,VIIRS,h,2,297.99,41.04,D,0
40.83286,-8.00705,367,0.43,0.62,2024-09-17,1419,N,VIIRS,h,2,303.73,69.18,D,0
40.8322,-8.025,367,0.43,0.62,2024-09-17,1419,N,VIIRS,h,2,301.61,61.97,D,0
40.83825,-7.85632,344.39,0.44,0.62,2024-09-17,1419,N,VIIRS,n,2,295.62,12.13,D,0
40.8381,-7.86056,356.18,0.44,0.62,2024-09-17,1419,N,VIIRS,n,2,298,20.54,D,0
40.83754,-7.87645,344.89,0.44,0.62,2024-09-17,1419,N,VIIRS,n,2,302.72,47.54,D,0
40.83735,-7.88211,345.56,0.44,0.62,2024-09-17,1419,N,VIIRS,n,2,302.56,43.66,D,0
40.83497,-7.94854,352.27,0.43,0.62,2024-09-17,1419,N,VIIRS,n,2,296.36,11.96,D,0
40.83475,-7.9548,336.85,0.43,0.62,2024-09-17,1419,N,VIIRS,n,2,296.77,6.75,D,0
40.83267,-8.01205,349.89,0.43,0.62,2024-09-17,1419,N,VIIRS,n,2,321.43,69.18,D,0
40.83236,-8.02055,334.01,0.43,0.62,2024-09-17,1419,N,VIIRS,n,2,305.94,91.39,D,0
40.83252,-8.01629,367,0.43,0.62,2024-09-17,1419,N,VIIRS,l,2,330.99,91.39,D,0
40.83203,-8.02955,295.01,0.43,0.62,2024-09-17,1419,N,VIIRS,l,2,297.7,61.97,D,0
40.8443,-7.85066,367,0.44,0.62,2024-09-17,1419,N,VIIRS,h,2,311.76,71.55,D,0
40.84409,-7.85637,367,0.44,0.62,2024-09-17,1419,N,VIIRS,h,2,334.35,71.55,D,0
40.83961,-7.9807,367,0.43,0.62,2024-09-17,1419,N,VIIRS,h,2,297.76,11.26,D,0
40.84371,-7.86715,354.5,0.44,0.62,2024-09-17,1419,N,VIIRS,n,2,300.1,50.83,D,0
40.84154,-7.92779,334.99,0.44,0.62,2024-09-17,1419,N,VIIRS,n,2,296.52,6.01,D,0
40.84136,-7.9327,345.83,0.44,0.62,2024-09-17,1419,N,VIIRS,n,2,299.07,7.22,D,0
40.84076,-7.94943,354.1,0.43,0.62,2024-09-17,1419,N,VIIRS,n,2,295.74,7.96,D,0
40.83846,-8.01227,330.59,0.43,0.62,2024-09-17,1419,N,VIIRS,n,2,291.33,7.35,D,0
40.8439,-7.86183,313.85,0.44,0.62,2024-09-17,1419,N,VIIRS,l,2,317.28,50.83,D,0
40.85053,-7.83948,367,0.44,0.62,2024-09-17,1419,N,VIIRS,h,2,301.6,59.57,D,0
40.84995,-7.85597,367,0.44,0.62,2024-09-17,1419,N,VIIRS,h,2,309.42,71.55,D,0
40.85035,-7.84468,351.72,0.44,0.62,2024-09-17,1419,N,VIIRS,n,2,314.1,59.57,D,0
40.85015,-7.85022,349.55,0.44,0.62,2024-09-17,1419,N,VIIRS,n,2,311.42,71.55,D,0
40.84974,-7.86175,353.3,0.44,0.62,2024-09-17,1419,N,VIIRS,n,2,301.12,50.83,D,0
40.84863,-7.89249,337.91,0.44,0.62,2024-09-17,1419,N,VIIRS,n,2,298.7,6.51,D,0
40.84736,-7.92754,332.66,0.44,0.62,2024-09-17,1419,N,VIIRS,n,2,296.23,6.01,D,0
40.85635,-7.84038,367,0.44,0.62,2024-09-17,1419,N,VIIRS,h,2,313.6,11.53,D,0
40.85479,-7.88335,367,0.44,0.62,2024-09-17,1419,N,VIIRS,h,2,301.51,7.39,D,0
40.85463,-7.88791,367,0.44,0.62,2024-09-17,1419,N,VIIRS,h,2,302.23,7.39,D,0
40.85617,-7.84535,353.09,0.44,0.62,2024-09-17,1419,N,VIIRS,n,2,305.82,11.53,D,0
40.85444,-7.8932,342.97,0.44,0.62,2024-09-17,1419,N,VIIRS,n,2,299.35,6.87,D,0
40.86269,-7.82653,347.25,0.44,0.62,2024-09-17,1419,N,VIIRS,n,2,305.35,6.03,D,0
40.86215,-7.84143,343.26,0.44,0.62,2024-09-17,1419,N,VIIRS,n,2,307.65,11.53,D,0
40.86061,-7.88364,354.94,0.44,0.62,2024-09-17,1419,N,VIIRS,n,2,304,7.39,D,0
40.86043,-7.88877,334.35,0.44,0.62,2024-09-17,1419,N,VIIRS,n,2,301.53,7.39,D,0
40.87008,-7.94228,367,0.44,0.62,2024-09-17,1419,N,VIIRS,h,2,300.08,15.54,D,0
40.87431,-7.82851,349.47,0.44,0.62,2024-09-17,1419,N,VIIRS,n,2,307.13,10.88,D,0
40.87413,-7.83342,342.29,0.44,0.62,2024-09-17,1419,N,VIIRS,n,2,307.94,11.26,D,0
40.87712,-7.90986,367,0.44,0.62,2024-09-17,1419,N,VIIRS,h,2,304.42,20.79,D,0
40.87653,-7.92558,367,0.44,0.62,2024-09-17,1419,N,VIIRS,h,2,303.09,19.35,D,0
40.87587,-7.94313,367,0.44,0.62,2024-09-17,1419,N,VIIRS,h,2,299.35,51.39,D,0
40.87672,-7.92051,356.63,0.44,0.62,2024-09-17,1419,N,VIIRS,n,2,304.66,15,D,0
40.87565,-7.9488,350.35,0.44,0.62,2024-09-17,1419,N,VIIRS,n,2,294.11,26.76,D,0
40.88679,-7.8075,331.12,0.44,0.63,2024-09-17,1419,N,VIIRS,l,2,304.34,8.37,D,0
40.88276,-7.91496,353.27,0.44,0.62,2024-09-17,1419,N,VIIRS,n,2,298.84,15,D,0
40.89036,-7.86831,367,0.44,0.62,2024-09-17,1419,N,VIIRS,h,2,308.73,22.13,D,0
40.88979,-7.88332,367,0.44,0.62,2024-09-17,1419,N,VIIRS,h,2,312.6,30.13,D,0
40.88939,-7.89366,367,0.44,0.62,2024-09-17,1419,N,VIIRS,h,2,301.73,16.21,D,0
40.89181,-7.82975,346.88,0.44,0.62,2024-09-17,1419,N,VIIRS,n,2,305.8,9.56,D,0
40.89017,-7.87312,345.36,0.44,0.62,2024-09-17,1419,N,VIIRS,n,2,302.91,15.21,D,0
40.88999,-7.87808,353.08,0.44,0.62,2024-09-17,1419,N,VIIRS,n,2,299.78,15.21,D,0
40.88959,-7.88858,353.08,0.44,0.62,2024-09-17,1419,N,VIIRS,n,2,310.51,30.13,D,0
40.89746,-7.83475,367,0.44,0.62,2024-09-17,1419,N,VIIRS,h,2,299.15,49.76,D,0
40.89727,-7.83989,367,0.44,0.62,2024-09-17,1419,N,VIIRS,h,2,306.32,49.76,D,0
40.89689,-7.84996,367,0.44,0.62,2024-09-17,1419,N,VIIRS,h,2,310.52,67.25,D,0
40.89652,-7.85967,367,0.44,0.62,2024-09-17,1419,N,VIIRS,h,2,309.13,49.72,D,0
40.89635,-7.86421,367,0.44,0.62,2024-09-17,1419,N,VIIRS,h,2,311.15,22.13,D,0
40.89618,-7.86869,367,0.44,0.62,2024-09-17,1419,N,VIIRS,h,2,310.88,22.13,D,0
40.89538,-7.88956,367,0.44,0.62,2024-09-17,1419,N,VIIRS,h,2,294.71,30.13,D,0
40.89804,-7.81946,339.48,0.44,0.63,2024-09-17,1419,N,VIIRS,n,2,301.4,8.01,D,0
40.89766,-7.82967,350.34,0.44,0.62,2024-09-17,1419,N,VIIRS,n,2,298.12,9.56,D,0
40.89708,-7.84502,351.73,0.44,0.62,2024-09-17,1419,N,VIIRS,n,2,309.01,67.25,D,0
40.8967,-7.85482,351.75,0.44,0.62,2024-09-17,1419,N,VIIRS,n,2,306.43,49.72,D,0
40.89599,-7.87355,334.61,0.44,0.62,2024-09-17,1419,N,VIIRS,n,2,297.55,15.21,D,0
40.89558,-7.88427,352.03,0.44,0.62,2024-09-17,1419,N,VIIRS,n,2,293.93,30.13,D,0
40.89517,-7.89506,330.84,0.44,0.62,2024-09-17,1419,N,VIIRS,n,2,293.32,16.21,D,0
40.90752,-8.02412,367,0.43,0.62,2024-09-17,1419,N,VIIRS,h,2,307.61,37.94,D,0
40.90731,-8.02938,367,0.43,0.62,2024-09-17,1419,N,VIIRS,h,2,304.75,43.77,D,0
40.90711,-8.03436,367,0.43,0.62,2024-09-17,1419,N,VIIRS,h,2,316.21,43.77,D,0
40.90662,-8.04639,367,0.43,0.62,2024-09-17,1419,N,VIIRS,h,2,313.04,68.54,D,0
40.90639,-8.05203,367,0.43,0.62,2024-09-17,1419,N,VIIRS,h,2,304.79,37.56,D,0
40.91412,-8.0043,367,0.43,0.62,2024-09-17,1419,N,VIIRS,h,2,304.8,23.21,D,0
40.91392,-8.00924,367,0.43,0.62,2024-09-17,1419,N,VIIRS,h,2,306.57,22.99,D,0
40.91372,-8.01407,367,0.43,0.62,2024-09-17,1419,N,VIIRS,h,2,308.37,22.99,D,0
40.91354,-8.01876,367,0.43,0.62,2024-09-17,1419,N,VIIRS,h,2,312.04,37.94,D,0
40.91312,-8.02888,367,0.43,0.62,2024-09-17,1419,N,VIIRS,h,2,308.36,43.77,D,0
40.91291,-8.03402,367,0.43,0.62,2024-09-17,1419,N,VIIRS,h,2,314.51,43.77,D,0
40.91248,-8.04451,367,0.43,0.62,2024-09-17,1419,N,VIIRS,h,2,311.94,68.54,D,0
40.91224,-8.05041,367,0.43,0.62,2024-09-17,1419,N,VIIRS,h,2,307.31,37.56,D,0
40.91201,-8.05623,367,0.43,0.62,2024-09-17,1419,N,VIIRS,h,2,300.9,37.56,D,0
40.91175,-8.06228,367,0.43,0.62,2024-09-17,1419,N,VIIRS,h,2,302.05,54.88,D,0
40.91334,-8.02352,352.35,0.43,0.62,2024-09-17,1419,N,VIIRS,n,2,312.29,37.94,D,0
40.91271,-8.03911,355.75,0.43,0.62,2024-09-17,1419,N,VIIRS,n,2,312.16,68.54,D,0
40.91148,-8.06882,355.57,0.43,0.62,2024-09-17,1419,N,VIIRS,n,2,304.26,54.88,D,0
40.91121,-8.07541,354.26,0.43,0.62,2024-09-17,1419,N,VIIRS,n,2,305.46,47.94,D,0
40.91096,-8.08142,356.7,0.43,0.62,2024-09-17,1419,N,VIIRS,n,2,301.22,47.94,D,0
40.91075,-8.08658,331.36,0.43,0.62,2024-09-17,1419,N,VIIRS,n,2,291.46,11.33,D,0
40.91979,-8.00724,367,0.43,0.62,2024-09-17,1419,N,VIIRS,h,2,317.06,119.61,D,0
40.91825,-8.04503,367,0.43,0.62,2024-09-17,1419,N,VIIRS,h,2,294.4,26.31,D,0
40.91804,-8.05017,367,0.43,0.62,2024-09-17,1419,N,VIIRS,h,2,294.29,22.72,D,0
40.91783,-8.05529,367,0.43,0.62,2024-09-17,1419,N,VIIRS,h,2,293.94,22.72,D,0
40.91761,-8.06064,367,0.43,0.62,2024-09-17,1419,N,VIIRS,h,2,291.76,46.4,D,0
40.91735,-8.06696,367,0.43,0.62,2024-09-17,1419,N,VIIRS,h,2,297.22,46.4,D,0
40.91944,-8.01606,343.84,0.43,0.62,2024-09-17,1419,N,VIIRS,n,2,297.52,102.85,D,0
40.91925,-8.02055,339.72,0.43,0.62,2024-09-17,1419,N,VIIRS,n,2,296.87,11.32,D,0
40.91905,-8.02557,344.45,0.43,0.62,2024-09-17,1419,N,VIIRS,n,2,299.58,11.32,D,0
40.91884,-8.03053,347.77,0.43,0.62,2024-09-17,1419,N,VIIRS,n,2,299.64,12.6,D,0
40.91867,-8.03496,351.35,0.43,0.62,2024-09-17,1419,N,VIIRS,n,2,299.39,12.6,D,0
40.91847,-8.03967,356.49,0.43,0.62,2024-09-17,1419,N,VIIRS,n,2,297.91,26.31,D,0
40.91706,-8.07379,354.19,0.43,0.62,2024-09-17,1419,N,VIIRS,n,2,297.81,51.02,D,0
40.91679,-8.08036,353.64,0.43,0.62,2024-09-17,1419,N,VIIRS,n,2,298.94,51.02,D,0
40.91653,-8.08655,355.5,0.43,0.62,2024-09-17,1419,N,VIIRS,l,2,290.6,33.51,D,0
40.92476,-8.02761,367,0.43,0.62,2024-09-17,1419,N,VIIRS,h,2,298.08,11.32,D,0
40.9244,-8.03625,367,0.43,0.62,2024-09-17,1419,N,VIIRS,h,2,296.91,12.6,D,0
40.92494,-8.02298,352.48,0.43,0.62,2024-09-17,1419,N,VIIRS,n,2,295.5,11.32,D,0
40.92458,-8.03197,353.98,0.43,0.62,2024-09-17,1419,N,VIIRS,n,2,294.65,12.6,D,0
40.9238,-8.05084,356.89,0.43,0.62,2024-09-17,1419,N,VIIRS,l,2,286.6,22.72,D,0
40.92318,-8.06589,356.88,0.43,0.62,2024-09-17,1419,N,VIIRS,l,2,288.38,46.4,D,0
40.92291,-8.07226,356.89,0.43,0.62,2024-09-17,1419,N,VIIRS,l,2,288.66,51.02,D,0
40.92,-8.00732,367,0.43,0.62,2024-09-17,1419,N,VIIRS,h,2,316.26,144.03,D,0
40.91866,-8.04508,367,0.43,0.62,2024-09-17,1419,N,VIIRS,h,2,294.48,28.18,D,0
40.91848,-8.05019,367,0.43,0.62,2024-09-17,1419,N,VIIRS,h,2,293.76,28.18,D,0
40.91829,-8.05524,367,0.43,0.62,2024-09-17,1419,N,VIIRS,h,2,292.88,53.88,D,0
40.91811,-8.06055,367,0.43,0.62,2024-09-17,1419,N,VIIRS,h,2,291.13,53.88,D,0
40.91788,-8.06682,367,0.43,0.62,2024-09-17,1419,N,VIIRS,h,2,297.72,54.71,D,0
40.91969,-8.01613,344.14,0.43,0.62,2024-09-17,1419,N,VIIRS,n,2,297.41,38.62,D,0
40.91935,-8.02566,344.71,0.43,0.62,2024-09-17,1419,N,VIIRS,n,2,299.92,16.26,D,0
40.91917,-8.03063,346.66,0.43,0.62,2024-09-17,1419,N,VIIRS,n,2,299.21,16.26,D,0
40.91901,-8.03502,350.57,0.43,0.62,2024-09-17,1419,N,VIIRS,n,2,299.16,15.75,D,0
40.91764,-8.07363,350.92,0.43,0.62,2024-09-17,1419,N,VIIRS,n,2,297.21,54.71,D,0
40.91885,-8.03971,355.54,0.43,0.62,2024-09-17,1419,N,VIIRS,l,2,296.9,15.75,D,0
40.9174,-8.08014,355.4,0.43,0.62,2024-09-17,1419,N,VIIRS,l,2,295.58,95.42,D,0
40.92507,-8.02772,367,0.43,0.62,2024-09-17,1419,N,VIIRS,h,2,297.44,16.26,D,0
40.92476,-8.03636,367,0.43,0.62,2024-09-17,1419,N,VIIRS,h,2,295.24,15.75,D,0
40.9237,-8.06588,356.48,0.43,0.62,2024-09-17,1419,N,VIIRS,l,2,287.16,54.71,D,0
40.99907,-8.0607,367,0.43,0.62,2024-09-17,1419,N,VIIRS,h,2,310.74,26.01,D,0
41.03361,-8.06515,338.71,0.43,0.62,2024-09-17,1419,N,VIIRS,n,2,298.42,5.3,D,0
41.04071,-8.03354,367,0.43,0.62,2024-09-17,1419,N,VIIRS,h,2,309.41,36.55,D,0
41.04039,-8.04143,367,0.43,0.62,2024-09-17,1419,N,VIIRS,h,2,311.06,27.47,D,0
41.03891,-8.07658,367,0.43,0.62,2024-09-17,1419,N,VIIRS,h,2,299.34,15.16,D,0
41.04055,-8.03752,350.61,0.43,0.62,2024-09-17,1419,N,VIIRS,n,2,304.23,27.47,D,0
41.04023,-8.04532,354.06,0.43,0.62,2024-09-17,1419,N,VIIRS,n,2,299.88,13.38,D,0
41.0526,-7.88542,367,0.44,0.62,2024-09-17,1419,N,VIIRS,h,2,313.72,32.08,D,0
41.04664,-8.03025,367,0.43,0.62,2024-09-17,1419,N,VIIRS,h,2,321.92,69.3,D,0
41.04597,-8.0465,367,0.43,0.62,2024-09-17,1419,N,VIIRS,h,2,306.27,13.46,D,0
41.05236,-7.89145,340.85,0.44,0.62,2024-09-17,1419,N,VIIRS,n,2,306.21,32.08,D,0
41.0463,-8.03864,356.4,0.43,0.62,2024-09-17,1419,N,VIIRS,n,2,302.76,23.09,D,0
41.04613,-8.04264,332.55,0.43,0.62,2024-09-17,1419,N,VIIRS,n,2,297.24,23.09,D,0
41.04582,-8.05012,346.5,0.43,0.62,2024-09-17,1419,N,VIIRS,n,2,297.62,13.46,D,0
41.05819,-7.89148,367,0.44,0.62,2024-09-17,1419,N,VIIRS,h,2,295.96,32.08,D,0
41.05247,-8.02951,367,0.43,0.62,2024-09-17,1419,N,VIIRS,h,2,312.24,69.3,D,0
41.0584,-7.88631,351.22,0.44,0.62,2024-09-17,1419,N,VIIRS,n,2,300.45,32.08,D,0
41.05227,-8.03438,343.59,0.43,0.62,2024-09-17,1419,N,VIIRS,n,2,307.17,69.3,D,0
41.03359,-8.06306,350.54,0.43,0.62,2024-09-17,1419,N,VIIRS,n,2,298.52,4.69,D,0
41.04019,-8.04036,367,0.43,0.62,2024-09-17,1419,N,VIIRS,h,2,308.19,27.68,D,0
41.03894,-8.07493,367,0.43,0.62,2024-09-17,1419,N,VIIRS,h,2,296.23,12.85,D,0
41.04048,-8.03244,344.71,0.43,0.62,2024-09-17,1419,N,VIIRS,n,2,302.01,21.27,D,0
41.04033,-8.03643,354.88,0.43,0.62,2024-09-17,1419,N,VIIRS,n,2,310.85,27.68,D,0
41.04005,-8.04424,355.65,0.43,0.62,2024-09-17,1419,N,VIIRS,n,2,304.71,20.56,D,0
41.03869,-8.08179,353.18,0.43,0.62,2024-09-17,1419,N,VIIRS,n,2,294.78,7.75,D,0
41.05159,-7.88324,367,0.44,0.62,2024-09-17,1419,N,VIIRS,h,2,301.89,35.19,D,0
41.04639,-8.02909,367,0.43,0.62,2024-09-17,1419,N,VIIRS,h,2,303.28,76.36,D,0
41.04623,-8.03351,367,0.43,0.62,2024-09-17,1419,N,VIIRS,h,2,332.07,76.36,D,0
41.0458,-8.0455,367,0.43,0.62,2024-09-17,1419,N,VIIRS,h,2,301.74,13.75,D,0
41.05136,-7.88973,352.38,0.44,0.62,2024-09-17,1419,N,VIIRS,n,2,312.04,35.19,D,0
41.05117,-7.89513,330.94,0.44,0.62,2024-09-17,1419,N,VIIRS,n,2,295.33,24.92,D,0
41.04608,-8.0376,348.51,0.43,0.62,2024-09-17,1419,N,VIIRS,n,2,310.31,46.16,D,0
41.04594,-8.0416,336.28,0.43,0.62,2024-09-17,1419,N,VIIRS,n,2,298.65,46.16,D,0
41.04566,-8.04919,356.15,0.43,0.62,2024-09-17,1419,N,VIIRS,n,2,301.92,13.75,D,0
41.05222,-8.02831,367,0.43,0.62,2024-09-17,1419,N,VIIRS,h,2,301.92,76.36,D,0
41.05738,-7.88452,344.74,0.44,0.62,2024-09-17,1419,N,VIIRS,n,2,297.31,35.19,D,0
41.05718,-7.89025,355.09,0.44,0.62,2024-09-17,1419,N,VIIRS,n,2,304.03,35.19,D,0
41.05707,-8.05396,350.92,0.43,0.62,2024-09-17,1419,N,VIIRS,n,2,301.42,7.55,D,0
41.05693,-8.05766,348.56,0.43,0.62,2024-09-17,1419,N,VIIRS,n,2,298.2,7.55,D,0
41.06285,-8.05419,367,0.43,0.62,2024-09-17,1419,N,VIIRS,h,2,301.38,7.55,D,0
41.06371,-8.0311,334.93,0.43,0.62,2024-09-17,1419,N,VIIRS,n,2,302.37,5.16,D,0
41.06271,-8.05782,343.79,0.43,0.62,2024-09-17,1419,N,VIIRS,n,2,297.3,7.55,D,0
41.0602,-8.12452,352.03,0.43,0.62,2024-09-17,1419,N,VIIRS,n,2,299.36,9.19,D,0
41.06,-8.13004,346.06,0.43,0.62,2024-09-17,1419,N,VIIRS,n,2,297.79,6.02,D,0
41.06983,-8.02253,367,0.43,0.62,2024-09-17,1419,N,VIIRS,h,2,311.59,30.26,D,0
41.06642,-8.1129,367,0.43,0.62,2024-09-17,1419,N,VIIRS,h,2,301.45,11.6,D,0
41.06958,-8.02923,336.69,0.43,0.62,2024-09-17,1419,N,VIIRS,n,2,303.64,30.26,D,0
41.07568,-8.02134,367,0.43,0.62,2024-09-17,1419,N,VIIRS,h,2,301.92,30.26,D,0
41.07225,-8.11143,367,0.43,0.62,2024-09-17,1419,N,VIIRS,h,2,300.61,11.6,D,0
41.07544,-8.02756,355.82,0.43,0.62,2024-09-17,1419,N,VIIRS,n,2,305.69,30.26,D,0
41.08732,-8.02024,367,0.43,0.62,2024-09-17,1419,N,VIIRS,h,2,304.31,7.18,D,0
41.09222,-7.8898,330.8,0.44,0.62,2024-09-17,1419,N,VIIRS,l,2,304.04,4.35,D,0
41.08712,-8.0254,354.03,0.43,0.62,2024-09-17,1419,N,VIIRS,n,2,302.28,7.18,D,0
41.09846,-7.87885,367,0.44,0.62,2024-09-17,1419,N,VIIRS,h,2,306.03,43.53,D,0
41.09296,-8.0243,367,0.43,0.62,2024-09-17,1419,N,VIIRS,h,2,308.12,19.32,D,0
41.09833,-7.88248,346.91,0.44,0.62,2024-09-17,1419,N,VIIRS,n,2,303.66,16.28,D,0
41.0982,-7.88602,337.01,0.44,0.62,2024-09-17,1419,N,VIIRS,n,2,298.38,16.28,D,0
41.09459,-7.98194,335.95,0.43,0.62,2024-09-17,1419,N,VIIRS,n,2,299.56,2.23,D,0
41.09277,-8.02956,347.89,0.43,0.62,2024-09-17,1419,N,VIIRS,n,2,300.65,6.14,D,0
41.09256,-8.03495,339.74,0.43,0.62,2024-09-17,1419,N,VIIRS,n,2,300.08,6.14,D,0
41.09172,-8.0565,336.92,0.43,0.62,2024-09-17,1419,N,VIIRS,n,2,303.94,4.64,D,0
41.09153,-8.06158,350.88,0.43,0.62,2024-09-17,1419,N,VIIRS,n,2,300.54,5.19,D,0
41.09766,-8.05277,330.95,0.43,0.62,2024-09-17,1419,N,VIIRS,l,2,303.21,4.64,D,0
41.09296,-8.17148,338.47,0.42,0.61,2024-09-17,1419,N,VIIRS,n,2,300.12,3.7,D,0
41.09055,-8.36975,367,0.41,0.61,2024-09-17,1419,N,VIIRS,h,2,304.61,16.85,D,0
41.08705,-8.45228,367,0.41,0.61,2024-09-17,1419,N,VIIRS,h,2,299.9,16.26,D,0
41.09073,-8.36529,337.53,0.41,0.61,2024-09-17,1419,N,VIIRS,n,2,300.05,16.85,D,0
41.09035,-8.37429,351.84,0.41,0.61,2024-09-17,1419,N,VIIRS,n,2,301.06,19.74,D,0
41.08994,-8.38412,338.64,0.41,0.61,2024-09-17,1419,N,VIIRS,n,2,299.85,10.46,D,0
41.08973,-8.38918,352.43,0.41,0.61,2024-09-17,1419,N,VIIRS,n,2,299.24,10.46,D,0
41.08913,-8.40339,339.2,0.41,0.61,2024-09-17,1419,N,VIIRS,n,2,299.29,9.26,D,0
41.08892,-8.40822,351.95,0.41,0.61,2024-09-17,1419,N,VIIRS,n,2,299.24,9.26,D,0
41.08872,-8.41312,335.64,0.41,0.61,2024-09-17,1419,N,VIIRS,n,2,297.8,20.71,D,0
41.08831,-8.42277,349.64,0.41,0.61,2024-09-17,1419,N,VIIRS,n,2,299.18,8.92,D,0
41.08809,-8.42783,351.65,0.41,0.61,2024-09-17,1419,N,VIIRS,n,2,299.74,8.92,D,0
41.08762,-8.43904,346.6,0.41,0.61,2024-09-17,1419,N,VIIRS,n,2,298.88,21.21,D,0
41.08742,-8.44348,329.3,0.41,0.61,2024-09-17,1419,N,VIIRS,n,2,297.49,13.02,D,0
41.08723,-8.44789,353.71,0.41,0.61,2024-09-17,1419,N,VIIRS,n,2,300.45,13.02,D,0
41.09807,-8.3265,367,0.42,0.61,2024-09-17,1419,N,VIIRS,h,2,301.5,15.61,D,0
41.09603,-8.37489,367,0.41,0.61,2024-09-17,1419,N,VIIRS,h,2,314.71,19.74,D,0
41.09567,-8.38352,367,0.41,0.61,2024-09-17,1419,N,VIIRS,h,2,306.04,10.46,D,0
41.09546,-8.3884,367,0.41,0.61,2024-09-17,1419,N,VIIRS,h,2,298.99,10.46,D,0
41.09434,-8.41466,367,0.41,0.61,2024-09-17,1419,N,VIIRS,h,2,300.57,20.71,D,0
41.09355,-8.43316,367,0.41,0.61,2024-09-17,1419,N,VIIRS,h,2,300.66,21.21,D,0
41.09309,-8.44384,367,0.41,0.61,2024-09-17,1419,N,VIIRS,h,2,304.21,13.02,D,0
41.09288,-8.44862,367,0.41,0.61,2024-09-17,1419,N,VIIRS,h,2,305.3,13.02,D,0
41.0927,-8.45293,367,0.41,0.61,2024-09-17,1419,N,VIIRS,h,2,305.24,16.26,D,0
41.09251,-8.45725,367,0.41,0.61,2024-09-17,1419,N,VIIRS,h,2,303.64,16.26,D,0
41.09232,-8.4617,367,0.41,0.61,2024-09-17,1419,N,VIIRS,h,2,305.1,18.72,D,0
41.09192,-8.47114,367,0.41,0.61,2024-09-17,1419,N,VIIRS,h,2,304.57,55.62,D,0
41.09828,-8.32143,339.8,0.42,0.61,2024-09-17,1419,N,VIIRS,n,2,296.05,13.33,D,0
41.09686,-8.35538,348,0.42,0.61,2024-09-17,1419,N,VIIRS,n,2,301.45,6.75,D,0
41.09586,-8.37904,353.44,0.41,0.61,2024-09-17,1419,N,VIIRS,n,2,300.06,19.74,D,0
41.09454,-8.40997,346.45,0.41,0.61,2024-09-17,1419,N,VIIRS,n,2,297.71,9.26,D,0
41.09415,-8.41904,349.44,0.41,0.61,2024-09-17,1419,N,VIIRS,n,2,303.69,20.71,D,0
41.09396,-8.42346,351.49,0.41,0.61,2024-09-17,1419,N,VIIRS,n,2,296.74,8.92,D,0
41.09377,-8.42815,339.72,0.41,0.61,2024-09-17,1419,N,VIIRS,n,2,296.62,8.92,D,0
41.09332,-8.43848,346.36,0.41,0.61,2024-09-17,1419,N,VIIRS,n,2,303.37,21.21,D,0
41.09212,-8.46629,352.08,0.41,0.61,2024-09-17,1419,N,VIIRS,n,2,298.94,18.72,D,0
41.09168,-8.47651,351.93,0.41,0.61,2024-09-17,1419,N,VIIRS,n,2,313.72,55.62,D,0
41.09146,-8.48175,340.96,0.41,0.61,2024-09-17,1419,N,VIIRS,n,2,302.94,20.6,D,0
41.09124,-8.48671,328.84,0.41,0.61,2024-09-17,1419,N,VIIRS,n,2,297.09,20.6,D,0
41.09103,-8.4916,334.26,0.41,0.6,2024-09-17,1419,N,VIIRS,n,2,296.4,4.4,D,0
41.10424,-8.31576,355.61,0.42,0.61,2024-09-17,1419,N,VIIRS,n,2,297.96,9.21,D,0
41.09856,-8.4488,337.46,0.41,0.61,2024-09-17,1419,N,VIIRS,n,2,297.87,8.7,D,0
41.09836,-8.45337,334.42,0.41,0.61,2024-09-17,1419,N,VIIRS,n,2,297.09,8.52,D,0
41.09758,-8.47127,353.23,0.41,0.61,2024-09-17,1419,N,VIIRS,n,2,297.04,9,D,0
41.09736,-8.47639,351.38,0.41,0.61,2024-09-17,1419,N,VIIRS,n,2,295.12,9,D,0
41.09671,-8.49139,338.26,0.41,0.6,2024-09-17,1419,N,VIIRS,n,2,295.91,5.66,D,0
41.0958,-8.51197,344.24,0.41,0.6,2024-09-17,1419,N,VIIRS,n,2,295.86,5.21,D,0
41.11554,-8.18244,330.28,0.42,0.61,2024-09-17,1419,N,VIIRS,l,2,300.7,1.56,D,0
41.10213,-8.49679,338.65,0.41,0.6,2024-09-17,1419,N,VIIRS,n,2,294.73,5.66,D,0
41.11381,-8.35936,367,0.42,0.61,2024-09-17,1419,N,VIIRS,h,2,301.4,14.63,D,0
41.11361,-8.36401,367,0.41,0.61,2024-09-17,1419,N,VIIRS,h,2,299.89,22.35,D,0
41.11317,-8.37408,367,0.41,0.61,2024-09-17,1419,N,VIIRS,h,2,311.46,7.93,D,0
41.10952,-8.45786,367,0.41,0.61,2024-09-17,1419,N,VIIRS,h,2,305.39,11.09,D,0
41.10887,-8.47256,367,0.41,0.61,2024-09-17,1419,N,VIIRS,h,2,301.49,11.17,D,0
41.12087,-8.19264,356.86,0.42,0.61,2024-09-17,1419,N,VIIRS,n,2,303.03,6.26,D,0
41.11295,-8.37918,328.98,0.41,0.61,2024-09-17,1419,N,VIIRS,n,2,301.36,7.93,D,0
41.11037,-8.43832,331.1,0.41,0.61,2024-09-17,1419,N,VIIRS,n,2,299.41,20.95,D,0
41.11018,-8.44296,338.46,0.41,0.61,2024-09-17,1419,N,VIIRS,n,2,299.34,17.39,D,0
41.10931,-8.46268,332.22,0.41,0.61,2024-09-17,1419,N,VIIRS,n,2,295.71,13.48,D,0
41.12756,-8.17027,367,0.42,0.61,2024-09-17,1419,N,VIIRS,h,2,309.46,16.5,D,0
41.11839,-8.38501,367,0.41,0.61,2024-09-17,1419,N,VIIRS,h,2,304.59,8.26,D,0
41.11605,-8.43852,367,0.41,0.61,2024-09-17,1419,N,VIIRS,h,2,298.27,20.95,D,0
41.11885,-8.3747,344.99,0.41,0.61,2024-09-17,1419,N,VIIRS,n,2,297.26,7.93,D,0
41.11862,-8.37994,341.85,0.41,0.61,2024-09-17,1419,N,VIIRS,n,2,298.13,7.93,D,0
41.11819,-8.38979,336.78,0.41,0.61,2024-09-17,1419,N,VIIRS,n,2,302.92,8.26,D,0
41.11799,-8.39432,328.6,0.41,0.61,2024-09-17,1419,N,VIIRS,n,2,301.88,6.36,D,0
41.11758,-8.40356,335.44,0.41,0.61,2024-09-17,1419,N,VIIRS,n,2,301.92,5.46,D,0
41.11737,-8.40864,350.8,0.41,0.61,2024-09-17,1419,N,VIIRS,n,2,301.62,5.46,D,0
41.11662,-8.42544,330,0.41,0.61,2024-09-17,1419,N,VIIRS,n,2,295.28,3.16,D,0
41.11641,-8.43023,328.6,0.41,0.61,2024-09-17,1419,N,VIIRS,n,2,294.98,3.16,D,0
41.11585,-8.44304,348,0.41,0.61,2024-09-17,1419,N,VIIRS,n,2,313.46,17.39,D,0
41.11563,-8.44794,335.86,0.41,0.61,2024-09-17,1419,N,VIIRS,n,2,296.21,17.39,D,0
41.11518,-8.45818,340.93,0.41,0.61,2024-09-17,1419,N,VIIRS,n,2,295.83,11.09,D,0
41.13897,-8.03408,367,0.43,0.62,2024-09-17,1419,N,VIIRS,h,2,305.04,8.11,D,0
41.12387,-8.39026,367,0.41,0.61,2024-09-17,1419,N,VIIRS,h,2,303.04,18.33,D,0
41.12346,-8.39957,367,0.41,0.61,2024-09-17,1419,N,VIIRS,h,2,303.83,16.67,D,0
41.12305,-8.40881,367,0.41,0.61,2024-09-17,1419,N,VIIRS,h,2,300.98,9.5,D,0
41.13914,-8.02975,334.63,0.43,0.62,2024-09-17,1419,N,VIIRS,n,2,301.1,8.11,D,0
41.12408,-8.38525,346.48,0.41,0.61,2024-09-17,1419,N,VIIRS,n,2,298.99,18.33,D,0
41.12366,-8.395,354,0.41,0.61,2024-09-17,1419,N,VIIRS,n,2,303.52,16.67,D,0
41.12325,-8.40412,353.09,0.41,0.61,2024-09-17,1419,N,VIIRS,n,2,300.09,9.5,D,0
41.14454,-8.03953,329.19,0.43,0.62,2024-09-17,1419,N,VIIRS,n,2,301.08,4.53,D,0
41.14703,-8.11891,367,0.43,0.62,2024-09-17,1419,N,VIIRS,h,2,302.65,7.63,D,0
41.14682,-8.12392,367,0.43,0.62,2024-09-17,1419,N,VIIRS,h,2,303.53,7.63,D,0
41.14423,-8.18445,367,0.42,0.61,2024-09-17,1419,N,VIIRS,h,2,309.49,11.18,D,0
41.14404,-8.18915,367,0.42,0.61,2024-09-17,1419,N,VIIRS,h,2,310.38,11.18,D,0
41.14721,-8.11451,342.14,0.43,0.62,2024-09-17,1419,N,VIIRS,n,2,302.07,13.65,D,0
41.14349,-8.20205,343.86,0.42,0.61,2024-09-17,1419,N,VIIRS,n,2,303.88,6.54,D,0
41.1433,-8.20652,356.2,0.42,0.61,2024-09-17,1419,N,VIIRS,n,2,304.16,6.54,D,0
41.15852,-7.98205,367,0.44,0.62,2024-09-17,1419,N,VIIRS,h,2,304.74,28.95,D,0
41.15827,-7.98791,367,0.43,0.62,2024-09-17,1419,N,VIIRS,h,2,314.19,28.95,D,0
41.15785,-7.99806,367,0.43,0.62,2024-09-17,1419,N,VIIRS,h,2,325.33,71.94,D,0
41.15713,-8.01573,367,0.43,0.62,2024-09-17,1419,N,VIIRS,h,2,302.96,24.65,D,0
41.14983,-8.18821,367,0.42,0.61,2024-09-17,1419,N,VIIRS,h,2,299.03,11.18,D,0
41.14965,-8.19262,367,0.42,0.61,2024-09-17,1419,N,VIIRS,h,2,300.08,15.94,D,0
41.15877,-7.97601,332,0.44,0.62,2024-09-17,1419,N,VIIRS,n,2,300.71,6.48,D,0
41.15767,-8.0026,343.06,0.43,0.62,2024-09-17,1419,N,VIIRS,n,2,317.84,71.37,D,0
41.15748,-8.00703,341.77,0.43,0.62,2024-09-17,1419,N,VIIRS,n,2,307.12,71.37,D,0
41.1573,-8.01141,351.83,0.43,0.62,2024-09-17,1419,N,VIIRS,n,2,302.12,24.65,D,0
41.15333,-8.10638,330.57,0.43,0.62,2024-09-17,1419,N,VIIRS,l,2,301.32,4.23,D,0
41.15258,-8.12421,338.63,0.43,0.62,2024-09-17,1419,N,VIIRS,n,2,301.32,7.63,D,0
41.15004,-8.18342,333.96,0.42,0.61,2024-09-17,1419,N,VIIRS,n,2,297.6,11.18,D,0
41.15805,-7.99322,367,0.43,0.62,2024-09-17,1419,N,VIIRS,l,2,333.05,71.94,D,0
41.11528,-8.37197,367,0.41,0.61,2024-09-17,1419,N,VIIRS,h,2,303.39,16.53,D,0
41.11266,-8.44082,367,0.41,0.61,2024-09-17,1419,N,VIIRS,h,2,315.55,21.94,D,0
41.1119,-8.46071,367,0.41,0.61,2024-09-17,1419,N,VIIRS,h,2,298.56,11.71,D,0
41.1227,-8.17089,330.08,0.43,0.62,2024-09-17,1419,N,VIIRS,n,2,301.61,6.45,D,0
41.12198,-8.19066,339.66,0.42,0.61,2024-09-17,1419,N,VIIRS,n,2,303.25,3.37,D,0
41.12182,-8.19507,335.83,0.42,0.61,2024-09-17,1419,N,VIIRS,n,2,300.79,3.37,D,0
41.11565,-8.36209,341.84,0.42,0.61,2024-09-17,1419,N,VIIRS,n,2,296.65,10.19,D,0
41.11509,-8.37712,356.73,0.41,0.61,2024-09-17,1419,N,VIIRS,n,2,306.48,16.53,D,0
41.11314,-8.42827,347.16,0.41,0.61,2024-09-17,1419,N,VIIRS,n,2,299.62,6.62,D,0
41.11283,-8.43651,331.93,0.41,0.61,2024-09-17,1419,N,VIIRS,n,2,296.81,25.96,D,0
41.11248,-8.44562,355,0.41,0.61,2024-09-17,1419,N,VIIRS,n,2,304.98,21.94,D,0
41.11209,-8.45584,345.59,0.41,0.61,2024-09-17,1419,N,VIIRS,n,2,298.96,16.18,D,0
41.11151,-8.47083,338.29,0.41,0.61,2024-09-17,1419,N,VIIRS,n,2,295.18,5.01,D,0
41.11131,-8.47598,345.83,0.41,0.61,2024-09-17,1419,N,VIIRS,n,2,296.65,5.01,D,0
41.12857,-8.16779,367,0.43,0.62,2024-09-17,1419,N,VIIRS,h,2,302.07,13.34,D,0
41.12056,-8.38304,367,0.41,0.61,2024-09-17,1419,N,VIIRS,h,2,299.78,24.11,D,0
41.12038,-8.38789,367,0.41,0.61,2024-09-17,1419,N,VIIRS,h,2,306.6,24.11,D,0
41.1202,-8.39254,367,0.41,0.61,2024-09-17,1419,N,VIIRS,h,2,311.51,22.06,D,0
41.12003,-8.3971,367,0.41,0.61,2024-09-17,1419,N,VIIRS,h,2,305.87,22.06,D,0
41.11967,-8.40644,367,0.41,0.61,2024-09-17,1419,N,VIIRS,h,2,309.36,15.4,D,0
41.11833,-8.44124,367,0.41,0.61,2024-09-17,1419,N,VIIRS,h,2,295.37,21.94,D,0
41.12836,-8.17342,352.48,0.43,0.62,2024-09-17,1419,N,VIIRS,n,2,305.94,6.45,D,0
41.11985,-8.4017,354.15,0.41,0.61,2024-09-17,1419,N,VIIRS,n,2,304.33,15.4,D,0
41.11814,-8.44605,344.24,0.41,0.61,2024-09-17,1419,N,VIIRS,n,2,295.4,21.94,D,0
41.13921,-8.03191,367,0.43,0.62,2024-09-17,1419,N,VIIRS,h,2,304.92,13.1,D,0
41.13905,-8.03627,347.62,0.43,0.62,2024-09-17,1419,N,VIIRS,n,2,300.01,10.64,D,0
41.14755,-8.12152,367,0.43,0.62,2024-09-17,1419,N,VIIRS,h,2,303.34,12.27,D,0
41.14532,-8.1819,367,0.42,0.61,2024-09-17,1419,N,VIIRS,h,2,306.23,22.63,D,0
41.14514,-8.18681,367,0.42,0.61,2024-09-17,1419,N,VIIRS,h,2,311.63,22.63,D,0
41.14497,-8.19133,367,0.42,0.61,2024-09-17,1419,N,VIIRS,h,2,309.88,14.34,D,0
41.14449,-8.20429,367,0.42,0.61,2024-09-17,1419,N,VIIRS,h,2,304.99,6.91,D,0
41.14788,-8.11256,345.9,0.43,0.62,2024-09-17,1419,N,VIIRS,n,2,302.56,11.21,D,0
41.14773,-8.11687,354.16,0.43,0.62,2024-09-17,1419,N,VIIRS,n,2,302.13,12.27,D,0
41.14735,-8.12707,341.72,0.43,0.62,2024-09-17,1419,N,VIIRS,n,2,299.02,8.71,D,0
41.14465,-8.19993,332.45,0.42,0.61,2024-09-17,1419,N,VIIRS,n,2,303.16,6.91,D,0
41.14431,-8.20893,345.63,0.42,0.61,2024-09-17,1419,N,VIIRS,n,2,300.03,5.33,D,0
41.15829,-7.98501,367,0.44,0.62,2024-09-17,1419,N,VIIRS,h,2,305.87,17.45,D,0
41.1581,-7.99063,367,0.44,0.62,2024-09-17,1419,N,VIIRS,h,2,331.11,127.4,D,0
41.15727,-8.01357,367,0.43,0.62,2024-09-17,1419,N,VIIRS,h,2,300.15,48.22,D,0
41.15712,-8.01789,367,0.43,0.62,2024-09-17,1419,N,VIIRS,h,2,299.34,12.52,D,0
41.15851,-7.97895,340.43,0.44,0.62,2024-09-17,1419,N,VIIRS,n,2,300.69,17.45,D,0
41.15775,-8.00036,352.62,0.43,0.62,2024-09-17,1419,N,VIIRS,l,2,327.36,79.7,D,0
41.15759,-8.00484,346.4,0.43,0.62,2024-09-17,1419,N,VIIRS,n,2,315.22,79.7,D,0
41.15742,-8.00923,356.9,0.43,0.62,2024-09-17,1419,N,VIIRS,n,2,308.41,48.22,D,0
41.15076,-8.19044,348.11,0.42,0.61,2024-09-17,1419,N,VIIRS,n,2,297.93,14.34,D,0
41.1645,-7.97408,352.95,0.44,0.62,2024-09-17,1419,N,VIIRS,n,2,300.01,10.18,D,0
41.16426,-7.98079,355.2,0.44,0.62,2024-09-17,1419,N,VIIRS,n,2,313.55,10.57,D,0
41.16405,-7.98653,338.39,0.44,0.62,2024-09-17,1419,N,VIIRS,n,2,310.42,10.57,D,0
41.16356,-8.00015,331.73,0.43,0.62,2024-09-17,1419,N,VIIRS,l,2,302.41,6.73,D,0
41.16341,-8.00438,343.18,0.43,0.62,2024-09-17,1419,N,VIIRS,n,2,301.94,6.73,D,0
41.16325,-8.00862,350.86,0.43,0.62,2024-09-17,1419,N,VIIRS,n,2,297.45,11.8,D,0
41.15846,-8.13873,353.18,0.43,0.62,2024-09-17,1419,N,VIIRS,n,2,298.41,7.32,D,0
41.17056,-7.96755,367,0.44,0.62,2024-09-17,1419,N,VIIRS,h,2,303.91,10.18,D,0
41.1703,-7.97455,332.2,0.44,0.62,2024-09-17,1419,N,VIIRS,n,2,301.53,10.18,D,0
41.17006,-7.98121,336.87,0.44,0.62,2024-09-17,1419,N,VIIRS,n,2,305.08,10.57,D,0
41.1678,-8.04306,342.7,0.43,0.62,2024-09-17,1419,N,VIIRS,n,2,299.51,5.99,D,0
41.16758,-8.04891,350.84,0.43,0.62,2024-09-17,1419,N,VIIRS,n,2,302.5,5.99,D,0
41.16448,-8.13213,332.84,0.43,0.62,2024-09-17,1419,N,VIIRS,n,2,298.66,10.3,D,0
41.16426,-8.13803,348.23,0.43,0.62,2024-09-17,1419,N,VIIRS,n,2,299.98,7.32,D,0
41.1765,-7.96422,367,0.44,0.62,2024-09-17,1419,N,VIIRS,h,2,303.37,61.44,D,0
41.16981,-8.14385,367,0.43,0.62,2024-09-17,1419,N,VIIRS,h,2,300.79,12.87,D,0
41.17898,-7.89558,351.41,0.44,0.62,2024-09-17,1419,N,VIIRS,n,2,302.24,60.05,D,0
41.17884,-7.89963,354.17,0.44,0.62,2024-09-17,1419,N,VIIRS,n,2,308.7,102.64,D,0
41.18477,-7.89712,367,0.44,0.62,2024-09-17,1419,N,VIIRS,h,2,306.37,60.05,D,0
41.17977,-8.03296,367,0.43,0.62,2024-09-17,1419,N,VIIRS,h,2,303.26,10.94,D,0
41.1731,-8.20807,367,0.42,0.61,2024-09-17,1419,N,VIIRS,h,2,300.1,16.24,D,0
41.17289,-8.2135,367,0.42,0.61,2024-09-17,1419,N,VIIRS,h,2,301.01,14.57,D,0
41.18068,-8.00847,334.47,0.43,0.62,2024-09-17,1419,N,VIIRS,n,2,301.34,3.96,D,0
41.18571,-8.02936,350.73,0.43,0.62,2024-09-17,1419,N,VIIRS,n,2,299.44,25.81,D,0
41.18522,-8.04208,342.41,0.43,0.62,2024-09-17,1419,N,VIIRS,n,2,309.38,61.34,D,0
41.19141,-8.03186,335.42,0.43,0.62,2024-09-17,1419,N,VIIRS,n,2,298.55,25.81,D,0
41.19119,-8.03752,353.54,0.43,0.62,2024-09-17,1419,N,VIIRS,n,2,302.84,61.34,D,0
41.19099,-8.04275,352.48,0.43,0.62,2024-09-17,1419,N,VIIRS,n,2,326.71,61.34,D,0
41.18321,-8.24319,352,0.42,0.61,2024-09-17,1419,N,VIIRS,n,2,296.61,7.01,D,0
41.19878,-7.99075,367,0.44,0.62,2024-09-17,1419,N,VIIRS,h,2,308.85,9.13,D,0
41.19833,-8.00251,367,0.43,0.62,2024-09-17,1419,N,VIIRS,h,2,300.8,16.93,D,0
41.1981,-8.00875,367,0.43,0.62,2024-09-17,1419,N,VIIRS,h,2,300.17,16.93,D,0
41.1976,-8.02165,367,0.43,0.62,2024-09-17,1419,N,VIIRS,h,2,305.24,40.09,D,0
41.1968,-8.0427,367,0.43,0.62,2024-09-17,1419,N,VIIRS,h,2,307.92,56.02,D,0
41.19627,-8.05634,367,0.43,0.62,2024-09-17,1419,N,VIIRS,h,2,310.62,19.01,D,0
41.19611,-8.06072,367,0.43,0.62,2024-09-17,1419,N,VIIRS,h,2,305.49,19.01,D,0
41.19898,-7.9854,353.62,0.44,0.62,2024-09-17,1419,N,VIIRS,n,2,304.31,13.31,D,0
41.19857,-7.99616,356.25,0.43,0.62,2024-09-17,1419,N,VIIRS,n,2,304.01,9.13,D,0
41.19738,-8.02744,352.17,0.43,0.62,2024-09-17,1419,N,VIIRS,n,2,318.96,61.29,D,0
41.19699,-8.03754,350.48,0.43,0.62,2024-09-17,1419,N,VIIRS,n,2,314.61,56.02,D,0
41.19661,-8.04751,357.2,0.43,0.62,2024-09-17,1419,N,VIIRS,n,2,310.57,69.81,D,0
41.19644,-8.05194,349.26,0.43,0.62,2024-09-17,1419,N,VIIRS,n,2,307.2,69.81,D,0
41.18891,-8.24422,352.75,0.42,0.61,2024-09-17,1419,N,VIIRS,n,2,297.11,11.32,D,0
41.18872,-8.24879,332.76,0.42,0.61,2024-09-17,1419,N,VIIRS,n,2,295.63,8.34,D,0
41.2058,-7.95921,367,0.44,0.62,2024-09-17,1419,N,VIIRS,h,2,307.72,18.74,D,0
41.20382,-8.01084,367,0.43,0.62,2024-09-17,1419,N,VIIRS,h,2,306.84,16.93,D,0
41.20339,-8.02211,367,0.43,0.62,2024-09-17,1419,N,VIIRS,h,2,308.55,40.09,D,0
41.20301,-8.03199,367,0.43,0.62,2024-09-17,1419,N,VIIRS,h,2,307.83,61.29,D,0
41.20283,-8.03665,367,0.43,0.62,2024-09-17,1419,N,VIIRS,h,2,312.46,56.02,D,0
41.20226,-8.05134,367,0.43,0.62,2024-09-17,1419,N,VIIRS,h,2,329.25,69.81,D,0
41.20452,-7.99259,329.11,0.44,0.62,2024-09-17,1419,N,VIIRS,n,2,303.65,9.13,D,0
41.20429,-7.99861,344.96,0.43,0.62,2024-09-17,1419,N,VIIRS,n,2,301.55,9.13,D,0
41.20406,-8.00469,344.61,0.43,0.62,2024-09-17,1419,N,VIIRS,n,2,302.21,16.93,D,0
41.20359,-8.0167,356.29,0.43,0.62,2024-09-17,1419,N,VIIRS,n,2,304.48,40.09,D,0
41.20319,-8.02725,342.15,0.43,0.62,2024-09-17,1419,N,VIIRS,n,2,305.63,61.29,D,0
41.20264,-8.04161,353.75,0.43,0.62,2024-09-17,1419,N,VIIRS,n,2,311.58,56.02,D,0
41.20209,-8.05576,354.73,0.43,0.62,2024-09-17,1419,N,VIIRS,n,2,302.2,19.01,D,0
41.20244,-8.04661,351.07,0.43,0.62,2024-09-17,1419,N,VIIRS,l,2,329.08,69.81,D,0
41.21161,-7.95946,367,0.44,0.62,2024-09-17,1419,N,VIIRS,h,2,305.15,12.3,D,0
41.20828,-8.04556,367,0.43,0.62,2024-09-17,1419,N,VIIRS,h,2,309.78,9.29,D,0
41.21144,-7.96383,344.46,0.44,0.62,2024-09-17,1419,N,VIIRS,n,2,299.76,12.3,D,0
41.20847,-8.04079,341.63,0.43,0.62,2024-09-17,1419,N,VIIRS,n,2,299.01,21.56,D,0
41.20811,-8.05021,334,0.43,0.62,2024-09-17,1419,N,VIIRS,n,2,301.26,9.29,D,0
41.21646,-7.98465,346.65,0.44,0.62,2024-09-17,1419,N,VIIRS,n,2,303.31,10.51,D,0
41.21624,-7.99026,346.7,0.44,0.62,2024-09-17,1419,N,VIIRS,n,2,300.53,5.53,D,0
41.216,-7.99651,339.5,0.43,0.62,2024-09-17,1419,N,VIIRS,n,2,303.44,5.53,D,0
41.21527,-8.01527,337.32,0.43,0.62,2024-09-17,1419,N,VIIRS,n,2,304.86,7.85,D,0
41.21413,-8.04442,336.85,0.43,0.62,2024-09-17,1419,N,VIIRS,n,2,300.39,9.29,D,0
41.22089,-8.01974,367,0.43,0.62,2024-09-17,1419,N,VIIRS,h,2,302.31,27.23,D,0
41.22067,-8.02543,367,0.43,0.62,2024-09-17,1419,N,VIIRS,h,2,313.55,26.57,D,0
41.22047,-8.03058,367,0.43,0.62,2024-09-17,1419,N,VIIRS,h,2,311.08,26.57,D,0
41.21997,-8.04337,367,0.43,0.62,2024-09-17,1419,N,VIIRS,h,2,304.71,11.14,D,0
41.21965,-8.0514,367,0.43,0.62,2024-09-17,1419,N,VIIRS,h,2,296.95,8.23,D,0
41.22028,-8.03539,343.43,0.43,0.62,2024-09-17,1419,N,VIIRS,n,2,304.77,10.97,D,0
41.22012,-8.03954,332.16,0.43,0.62,2024-09-17,1419,N,VIIRS,n,2,304.99,10.97,D,0
41.21982,-8.04725,356.89,0.43,0.62,2024-09-17,1419,N,VIIRS,n,2,299.37,11.14,D,0
41.22596,-8.03865,367,0.43,0.62,2024-09-17,1419,N,VIIRS,h,2,307.06,10.97,D,0
41.22614,-8.03403,339.17,0.43,0.62,2024-09-17,1419,N,VIIRS,n,2,297.75,10.97,D,0
41.2258,-8.04274,343.62,0.43,0.62,2024-09-17,1419,N,VIIRS,n,2,296.76,11.14,D,0
41.21663,-8.26808,335.23,0.42,0.61,2024-09-17,1419,N,VIIRS,n,2,297.97,4.57,D,0
41.21643,-8.27276,340.85,0.42,0.61,2024-09-17,1419,N,VIIRS,n,2,297.13,4.57,D,0
41.22275,-8.25877,331.59,0.42,0.61,2024-09-17,1419,N,VIIRS,n,2,297.17,5.85,D,0
41.22237,-8.26792,330.05,0.42,0.61,2024-09-17,1419,N,VIIRS,n,2,296.12,4.19,D,0
41.25321,-8.21802,333.65,0.42,0.61,2024-09-17,1419,N,VIIRS,n,2,298.95,3.41,D,0
41.25385,-8.21688,355.98,0.42,0.61,2024-09-17,1419,N,VIIRS,n,2,301.57,5.43,D,0
41.26,-8.20645,367,0.42,0.61,2024-09-17,1419,N,VIIRS,h,2,303.04,16.31,D,0
41.25959,-8.21725,367,0.42,0.61,2024-09-17,1419,N,VIIRS,h,2,310.03,11.38,D,0
41.25941,-8.22204,367,0.42,0.61,2024-09-17,1419,N,VIIRS,h,2,301.64,11.38,D,0
41.25978,-8.21238,354.75,0.42,0.61,2024-09-17,1419,N,VIIRS,n,2,302.62,16.31,D,0
41.26516,-8.22229,367,0.42,0.61,2024-09-17,1419,N,VIIRS,h,2,302.44,11.38,D,0
41.26596,-8.20107,346.36,0.42,0.61,2024-09-17,1419,N,VIIRS,n,2,301.98,12.06,D,0
41.26534,-8.21755,354.26,0.42,0.61,2024-09-17,1419,N,VIIRS,n,2,298.88,11.38,D,0
41.31841,-8.03926,367,0.43,0.62,2024-09-17,1419,N,VIIRS,h,2,306.39,10.62,D,0
41.318,-8.04992,367,0.43,0.62,2024-09-17,1419,N,VIIRS,h,2,304.34,8.51,D,0
41.30284,-8.42424,367,0.41,0.61,2024-09-17,1419,N,VIIRS,h,2,300.27,11.2,D,0
41.31861,-8.03409,355.89,0.43,0.62,2024-09-17,1419,N,VIIRS,n,2,304.98,12.97,D,0
41.3182,-8.04458,353,0.43,0.62,2024-09-17,1419,N,VIIRS,n,2,307.07,10.62,D,0
41.3246,-8.02943,367,0.43,0.62,2024-09-17,1419,N,VIIRS,h,2,310.02,9.26,D,0
41.32373,-8.05162,367,0.43,0.62,2024-09-17,1419,N,VIIRS,h,2,304.26,26.03,D,0
41.32336,-8.06117,367,0.43,0.62,2024-09-17,1419,N,VIIRS,h,2,306.41,30.37,D,0
41.32225,-8.08913,367,0.43,0.62,2024-09-17,1419,N,VIIRS,h,2,302.87,13.95,D,0
41.32481,-8.024,334.51,0.43,0.62,2024-09-17,1419,N,VIIRS,n,2,301.36,10.31,D,0
41.32439,-8.03493,346.65,0.43,0.62,2024-09-17,1419,N,VIIRS,n,2,306.14,9.26,D,0
41.32416,-8.04069,333.49,0.43,0.62,2024-09-17,1419,N,VIIRS,n,2,303.39,11.66,D,0
41.32393,-8.04644,351.84,0.43,0.62,2024-09-17,1419,N,VIIRS,n,2,303.94,11.66,D,0
41.32354,-8.05648,341.79,0.43,0.62,2024-09-17,1419,N,VIIRS,n,2,302.73,26.03,D,0
41.32296,-8.0714,352.24,0.43,0.62,2024-09-17,1419,N,VIIRS,n,2,306.03,24.99,D,0
41.32273,-8.07708,340,0.43,0.62,2024-09-17,1419,N,VIIRS,n,2,305.52,24.99,D,0
41.32249,-8.08305,347.27,0.43,0.62,2024-09-17,1419,N,VIIRS,n,2,303.68,13.95,D,0
41.32202,-8.09496,342.65,0.43,0.62,2024-09-17,1419,N,VIIRS,n,2,300.49,6.85,D,0
41.33102,-8.01379,367,0.43,0.62,2024-09-17,1419,N,VIIRS,h,2,307.99,26.02,D,0
41.33082,-8.01891,367,0.43,0.62,2024-09-17,1419,N,VIIRS,h,2,308.09,10.31,D,0
41.32946,-8.05341,367,0.43,0.62,2024-09-17,1419,N,VIIRS,h,2,303.22,26.03,D,0
41.32929,-8.05769,367,0.43,0.62,2024-09-17,1419,N,VIIRS,h,2,311.95,26.03,D,0
41.32848,-8.07813,367,0.43,0.62,2024-09-17,1419,N,VIIRS,h,2,313.76,24.99,D,0
41.3306,-8.02454,336.8,0.43,0.62,2024-09-17,1419,N,VIIRS,n,2,303.73,10.31,D,0
41.33036,-8.03055,338.86,0.43,0.62,2024-09-17,1419,N,VIIRS,n,2,304.17,9.26,D,0
41.32912,-8.0621,355.81,0.43,0.62,2024-09-17,1419,N,VIIRS,n,2,314.55,30.37,D,0
41.32871,-8.07247,345.98,0.43,0.62,2024-09-17,1419,N,VIIRS,n,2,298.74,24.99,D,0
41.32828,-8.08339,347.24,0.43,0.62,2024-09-17,1419,N,VIIRS,n,2,307.43,13.95,D,0
41.32807,-8.08867,337.9,0.43,0.62,2024-09-17,1419,N,VIIRS,n,2,302.68,13.95,D,0
41.32785,-8.0942,356.66,0.43,0.62,2024-09-17,1419,N,VIIRS,n,2,303.63,6.85,D,0
41.32763,-8.09967,347.73,0.43,0.62,2024-09-17,1419,N,VIIRS,n,2,299.28,6.85,D,0
41.33613,-8.0316,367,0.43,0.62,2024-09-17,1419,N,VIIRS,h,2,306.15,16.5,D,0
41.33467,-8.06827,367,0.43,0.62,2024-09-17,1419,N,VIIRS,h,2,306.14,13.07,D,0
41.33444,-8.07401,367,0.43,0.62,2024-09-17,1419,N,VIIRS,h,2,314.75,42.4,D,0
41.33703,-8.00883,344.75,0.43,0.62,2024-09-17,1419,N,VIIRS,n,2,301.1,8.22,D,0
41.33681,-8.01443,351.76,0.43,0.62,2024-09-17,1419,N,VIIRS,n,2,302.09,8.22,D,0
41.33636,-8.02589,340.58,0.43,0.62,2024-09-17,1419,N,VIIRS,n,2,299.87,18.98,D,0
41.3359,-8.03732,354.99,0.43,0.62,2024-09-17,1419,N,VIIRS,n,2,304.41,16.5,D,0
41.33565,-8.04356,337.22,0.43,0.62,2024-09-17,1419,N,VIIRS,n,2,306.43,5.91,D,0
41.33543,-8.04905,334.69,0.43,0.62,2024-09-17,1419,N,VIIRS,n,2,305.03,5.91,D,0
41.33524,-8.05394,337.9,0.43,0.62,2024-09-17,1419,N,VIIRS,n,2,304.07,6.58,D,0
41.33506,-8.05841,337.43,0.43,0.62,2024-09-17,1419,N,VIIRS,n,2,304.18,6.58,D,0
41.33488,-8.06306,344.84,0.43,0.62,2024-09-17,1419,N,VIIRS,n,2,305.63,13.07,D,0
41.33403,-8.08434,348.94,0.43,0.62,2024-09-17,1419,N,VIIRS,n,2,304.22,10.01,D,0
41.33384,-8.0892,347.5,0.43,0.62,2024-09-17,1419,N,VIIRS,n,2,304.18,10.01,D,0
41.33363,-8.09442,344.7,0.43,0.62,2024-09-17,1419,N,VIIRS,n,2,299.54,7.49,D,0
41.3334,-8.10017,331.57,0.43,0.62,2024-09-17,1419,N,VIIRS,n,2,296.56,7.49,D,0
41.34187,-8.03338,367,0.43,0.62,2024-09-17,1419,N,VIIRS,h,2,313.6,16.5,D,0
41.33913,-8.10126,367,0.43,0.62,2024-09-17,1419,N,VIIRS,h,2,301.79,7.49,D,0
41.33839,-8.11967,367,0.43,0.62,2024-09-17,1419,N,VIIRS,h,2,298.26,15.87,D,0
41.34303,-8.00406,333.26,0.43,0.62,2024-09-17,1419,N,VIIRS,n,2,300.16,7.02,D,0
41.34209,-8.02785,335.58,0.43,0.62,2024-09-17,1419,N,VIIRS,n,2,299.89,18.98,D,0
41.34164,-8.03888,355.04,0.43,0.62,2024-09-17,1419,N,VIIRS,n,2,304.2,16.5,D,0
41.34141,-8.04465,334.83,0.43,0.62,2024-09-17,1419,N,VIIRS,n,2,302.89,5.91,D,0
41.3412,-8.04987,340.48,0.43,0.62,2024-09-17,1419,N,VIIRS,n,2,304.2,5.91,D,0
41.34101,-8.05465,338.22,0.43,0.62,2024-09-17,1419,N,VIIRS,n,2,304.44,6.58,D,0
41.34083,-8.05927,346.61,0.43,0.62,2024-09-17,1419,N,VIIRS,n,2,305.92,6.58,D,0
41.34063,-8.06421,348.03,0.43,0.62,2024-09-17,1419,N,VIIRS,n,2,304.74,13.07,D,0
41.3404,-8.06993,345.22,0.43,0.62,2024-09-17,1419,N,VIIRS,n,2,302.96,13.07,D,0
41.34017,-8.07571,329.56,0.43,0.62,2024-09-17,1419,N,VIIRS,n,2,300.14,42.4,D,0
41.33996,-8.08085,345.03,0.43,0.62,2024-09-17,1419,N,VIIRS,n,2,302.29,42.4,D,0
41.33979,-8.08531,349.21,0.43,0.62,2024-09-17,1419,N,VIIRS,n,2,301.14,10.01,D,0
41.33959,-8.08999,342.21,0.43,0.62,2024-09-17,1419,N,VIIRS,n,2,298.55,10.01,D,0
41.33939,-8.09523,345.27,0.43,0.62,2024-09-17,1419,N,VIIRS,n,2,298.26,7.49,D,0
41.33889,-8.10747,349.13,0.43,0.62,2024-09-17,1419,N,VIIRS,n,2,299.77,12.37,D,0
41.33864,-8.11353,353.43,0.43,0.62,2024-09-17,1419,N,VIIRS,n,2,298.96,12.37,D,0
41.34904,-7.99938,367,0.44,0.62,2024-09-17,1419,N,VIIRS,h,2,302.76,10.04,D,0
41.34879,-8.00541,367,0.43,0.62,2024-09-17,1419,N,VIIRS,h,2,303.95,10.04,D,0
41.34781,-8.03004,367,0.43,0.62,2024-09-17,1419,N,VIIRS,h,2,302,14.84,D,0
41.34716,-8.04594,367,0.43,0.62,2024-09-17,1419,N,VIIRS,h,2,302.9,51.92,D,0
41.34697,-8.05079,367,0.43,0.62,2024-09-17,1419,N,VIIRS,h,2,311.48,51.92,D,0
41.34612,-8.07183,367,0.43,0.62,2024-09-17,1419,N,VIIRS,h,2,301.2,35.38,D,0
41.34591,-8.07704,367,0.43,0.62,2024-09-17,1419,N,VIIRS,h,2,310.78,25.14,D,0
41.34572,-8.0818,367,0.43,0.62,2024-09-17,1419,N,VIIRS,h,2,301.06,25.14,D,0
41.34461,-8.1088,367,0.43,0.62,2024-09-17,1419,N,VIIRS,h,2,299.83,29.42,D,0
41.34435,-8.11523,367,0.43,0.62,2024-09-17,1419,N,VIIRS,h,2,300.39,29.42,D,0
41.3441,-8.1212,367,0.43,0.62,2024-09-17,1419,N,VIIRS,h,2,293.21,22.85,D,0
41.34758,-8.03538,348.37,0.43,0.62,2024-09-17,1419,N,VIIRS,n,2,296.34,14.7,D,0
41.34737,-8.04071,347.7,0.43,0.62,2024-09-17,1419,N,VIIRS,n,2,294.59,14.7,D,0
41.34678,-8.05554,352.92,0.43,0.62,2024-09-17,1419,N,VIIRS,n,2,302.47,17.79,D,0
41.34658,-8.06037,337.03,0.43,0.62,2024-09-17,1419,N,VIIRS,n,2,296.65,17.79,D,0
41.34535,-8.09083,338.82,0.43,0.62,2024-09-17,1419,N,VIIRS,n,2,295.72,10.51,D,0
41.34515,-8.09585,338.27,0.43,0.62,2024-09-17,1419,N,VIIRS,n,2,294.61,12.78,D,0
41.34489,-8.10211,353.64,0.43,0.62,2024-09-17,1419,N,VIIRS,n,2,295.57,12.78,D,0
41.3362,-8.02875,367,0.43,0.62,2024-09-17,1419,N,VIIRS,h,2,305.15,25.24,D,0
41.33475,-8.0712,367,0.43,0.62,2024-09-17,1419,N,VIIRS,h,2,308.23,34.08,D,0
41.33679,-8.01161,357,0.43,0.62,2024-09-17,1419,N,VIIRS,n,2,301.53,14.73,D,0
41.3366,-8.0172,333.28,0.43,0.62,2024-09-17,1419,N,VIIRS,n,2,300.63,19.79,D,0
41.33601,-8.03436,347.63,0.43,0.62,2024-09-17,1419,N,VIIRS,n,2,304.49,25.24,D,0
41.33581,-8.04036,348.53,0.43,0.62,2024-09-17,1419,N,VIIRS,n,2,304.76,7,D,0
41.33561,-8.04653,333.52,0.43,0.62,2024-09-17,1419,N,VIIRS,l,2,306.43,7,D,0
41.33543,-8.05157,339.19,0.43,0.62,2024-09-17,1419,N,VIIRS,n,2,304.9,6.16,D,0
41.33527,-8.05627,336.57,0.43,0.62,2024-09-17,1419,N,VIIRS,n,2,304.88,6.16,D,0
41.33512,-8.06073,336.22,0.43,0.62,2024-09-17,1419,N,VIIRS,n,2,303.08,9.49,D,0
41.33494,-8.0657,349.85,0.43,0.62,2024-09-17,1419,N,VIIRS,n,2,306.24,9.49,D,0
41.33456,-8.07702,354.56,0.43,0.62,2024-09-17,1419,N,VIIRS,n,2,325.58,34.08,D,0
41.33438,-8.08214,355.2,0.43,0.62,2024-09-17,1419,N,VIIRS,n,2,311.91,14.81,D,0
41.33421,-8.08686,341.74,0.43,0.62,2024-09-17,1419,N,VIIRS,n,2,303.22,14.81,D,0
41.33404,-8.0919,344.51,0.43,0.62,2024-09-17,1419,N,VIIRS,n,2,301.28,8.01,D,0
41.33385,-8.09738,342.91,0.43,0.62,2024-09-17,1419,N,VIIRS,n,2,298.29,8.01,D,0
41.34195,-8.03064,367,0.43,0.62,2024-09-17,1419,N,VIIRS,h,2,302.7,25.24,D,0
41.33939,-8.10463,367,0.43,0.62,2024-09-17,1419,N,VIIRS,h,2,301.01,13.96,D,0
41.33896,-8.11692,367,0.43,0.62,2024-09-17,1419,N,VIIRS,h,2,298.62,11.98,D,0
41.34177,-8.03613,348.58,0.43,0.62,2024-09-17,1419,N,VIIRS,n,2,312.16,25.24,D,0
41.34157,-8.04185,338,0.43,0.62,2024-09-17,1419,N,VIIRS,n,2,303.45,7,D,0
41.34138,-8.04736,338.35,0.43,0.62,2024-09-17,1419,N,VIIRS,n,2,303.59,7,D,0
41.34121,-8.05233,339.42,0.43,0.62,2024-09-17,1419,N,VIIRS,n,2,303.96,6.16,D,0
41.34104,-8.05703,340.44,0.43,0.62,2024-09-17,1419,N,VIIRS,n,2,304.47,6.16,D,0
41.34088,-8.0617,348.15,0.43,0.62,2024-09-17,1419,N,VIIRS,n,2,306.11,9.49,D,0
41.34069,-8.06716,347.73,0.43,0.62,2024-09-17,1419,N,VIIRS,n,2,303.82,9.49,D,0
41.34049,-8.07297,334.69,0.43,0.62,2024-09-17,1419,N,VIIRS,n,2,300.68,34.08,D,0
41.3403,-8.07864,332.81,0.43,0.62,2024-09-17,1419,N,VIIRS,n,2,300.57,34.08,D,0
41.34014,-8.08323,349.65,0.43,0.62,2024-09-17,1419,N,VIIRS,n,2,301.67,14.81,D,0
41.33998,-8.08769,340.6,0.43,0.62,2024-09-17,1419,N,VIIRS,n,2,299.71,14.81,D,0
41.33981,-8.09265,346.44,0.43,0.62,2024-09-17,1419,N,VIIRS,n,2,298.62,8.01,D,0
41.33961,-8.0983,348.87,0.43,0.62,2024-09-17,1419,N,VIIRS,n,2,298.79,8.01,D,0
41.33918,-8.11074,350.23,0.43,0.62,2024-09-17,1419,N,VIIRS,n,2,299.61,13.96,D,0
41.33875,-8.12287,356.33,0.43,0.62,2024-09-17,1419,N,VIIRS,n,2,295.07,11.98,D,0
41.34873,-8.00236,367,0.44,0.62,2024-09-17,1419,N,VIIRS,h,2,306.95,19.04,D,0
41.34769,-8.03278,367,0.43,0.62,2024-09-17,1419,N,VIIRS,h,2,303.12,11.19,D,0
41.34732,-8.04345,367,0.43,0.62,2024-09-17,1419,N,VIIRS,h,2,297.85,34.41,D,0
41.34623,-8.07465,367,0.43,0.62,2024-09-17,1419,N,VIIRS,h,2,304.56,29.04,D,0
41.34514,-8.10565,367,0.43,0.62,2024-09-17,1419,N,VIIRS,h,2,297.64,24.97,D,0
41.34491,-8.11238,367,0.43,0.62,2024-09-17,1419,N,VIIRS,h,2,298.45,24.97,D,0
41.34448,-8.12428,367,0.43,0.62,2024-09-17,1419,N,VIIRS,h,2,293.12,17.17,D,0
41.34751,-8.03806,342.76,0.43,0.62,2024-09-17,1419,N,VIIRS,n,2,294.68,11.19,D,0
41.34714,-8.04847,356.99,0.43,0.62,2024-09-17,1419,N,VIIRS,n,2,302.07,34.41,D,0
41.34698,-8.05324,350.06,0.43,0.62,2024-09-17,1419,N,VIIRS,n,2,310.01,28.13,D,0
41.34681,-8.05801,352.32,0.43,0.62,2024-09-17,1419,N,VIIRS,n,2,297.36,28.13,D,0
41.34663,-8.06322,337.09,0.43,0.62,2024-09-17,1419,N,VIIRS,n,2,296.49,11.91,D,0
41.34642,-8.06912,345.31,0.43,0.62,2024-09-17,1419,N,VIIRS,n,2,296.94,11.91,D,0
41.34606,-8.0796,354.86,0.43,0.62,2024-09-17,1419,N,VIIRS,n,2,309.73,29.04,D,0
41.3459,-8.0841,335.92,0.43,0.62,2024-09-17,1419,N,VIIRS,n,2,298.11,8.13,D,0
41.34574,-8.08862,333.88,0.43,0.62,2024-09-17,1419,N,VIIRS,n,2,296.16,8.13,D,0
41.34557,-8.0934,334.05,0.43,0.62,2024-09-17,1419,N,VIIRS,n,2,294.84,8.84,D,0
41.34537,-8.0991,345.21,0.43,0.62,2024-09-17,1419,N,VIIRS,n,2,294.67,8.84,D,0
41.34469,-8.11847,356.75,0.43,0.62,2024-09-17,1419,N,VIIRS,n,2,295.8,17.17,D,0
41.35685,-8.25935,343.23,0.42,0.61,2024-09-17,1419,N,VIIRS,n,2,295.62,6.27,D,0
41.36262,-8.25863,331.08,0.42,0.61,2024-09-17,1419,N,VIIRS,n,2,292.46,5.14,D,0
41.40052,-7.68636,367,0.45,0.63,2024-09-17,1419,N,VIIRS,h,2,303.78,30.9,D,0
41.40031,-7.69236,367,0.45,0.63,2024-09-17,1419,N,VIIRS,h,2,301.88,8.39,D,0
41.40097,-7.6729,344.52,0.45,0.63,2024-09-17,1419,N,VIIRS,n,2,299.51,50.18,D,0
41.40082,-7.67711,355.41,0.45,0.63,2024-09-17,1419,N,VIIRS,n,2,316.57,50.18,D,0
41.40068,-7.68153,345.85,0.45,0.63,2024-09-17,1419,N,VIIRS,n,2,306.18,30.9,D,0
41.40009,-7.69889,331.59,0.45,0.63,2024-09-17,1419,N,VIIRS,n,2,297.1,8.39,D,0
41.40734,-7.65931,367,0.45,0.63,2024-09-17,1419,N,VIIRS,h,2,301.55,42.76,D,0
41.40641,-7.68688,367,0.45,0.63,2024-09-17,1419,N,VIIRS,h,2,297.3,28.78,D,0
41.4062,-7.69312,367,0.45,0.63,2024-09-17,1419,N,VIIRS,h,2,301.01,31.18,D,0
41.40598,-7.69926,367,0.45,0.63,2024-09-17,1419,N,VIIRS,h,2,304.51,31.18,D,0
41.4075,-7.65437,354.18,0.46,0.63,2024-09-17,1419,N,VIIRS,n,2,299.46,42.76,D,0
41.40718,-7.66404,355.65,0.45,0.63,2024-09-17,1419,N,VIIRS,n,2,318.25,73.64,D,0
41.40687,-7.67305,355.05,0.45,0.63,2024-09-17,1419,N,VIIRS,n,2,313.74,51.53,D,0
41.40657,-7.68193,340.14,0.45,0.63,2024-09-17,1419,N,VIIRS,n,2,297.49,28.78,D,0
41.40579,-7.7049,356.07,0.45,0.63,2024-09-17,1419,N,VIIRS,n,2,313.29,35.86,D,0
41.40561,-7.7105,350.29,0.45,0.63,2024-09-17,1419,N,VIIRS,n,2,299.32,35.86,D,0
41.40672,-7.67739,208,0.45,0.63,2024-09-17,1419,N,VIIRS,l,2,314.39,51.53,D,0
41.4117,-7.70484,367,0.45,0.63,2024-09-17,1419,N,VIIRS,h,2,292.28,35.86,D,0
41.40981,-7.7591,367,0.45,0.63,2024-09-17,1419,N,VIIRS,h,2,299.2,14.35,D,0
41.41358,-7.64965,353.54,0.46,0.63,2024-09-17,1419,N,VIIRS,n,2,299.76,30.72,D,0
41.41341,-7.65458,355.12,0.46,0.63,2024-09-17,1419,N,VIIRS,n,2,313.16,42.76,D,0
41.41326,-7.65918,348.32,0.45,0.63,2024-09-17,1419,N,VIIRS,n,2,308.88,42.76,D,0
41.41311,-7.66369,352.74,0.45,0.63,2024-09-17,1419,N,VIIRS,n,2,303.35,73.64,D,0
41.41295,-7.66817,353.92,0.45,0.63,2024-09-17,1419,N,VIIRS,n,2,304.88,73.64,D,0
41.4128,-7.67257,348.75,0.45,0.63,2024-09-17,1419,N,VIIRS,n,2,301.64,51.53,D,0
41.41265,-7.67699,337.3,0.45,0.63,2024-09-17,1419,N,VIIRS,n,2,298.38,51.53,D,0
41.4121,-7.69333,347.21,0.45,0.63,2024-09-17,1419,N,VIIRS,n,2,291.12,31.18,D,0
41.4119,-7.69913,356.62,0.45,0.63,2024-09-17,1419,N,VIIRS,n,2,293.49,31.18,D,0
41.41001,-7.75337,344.47,0.45,0.63,2024-09-17,1419,N,VIIRS,n,2,291.84,12.82,D,0
41.40962,-7.76473,352.41,0.45,0.63,2024-09-17,1419,N,VIIRS,n,2,292.44,14.35,D,0
41.41593,-7.75276,367,0.45,0.63,2024-09-17,1419,N,VIIRS,h,2,297.72,7.86,D,0
41.41989,-7.63831,349.89,0.46,0.63,2024-09-17,1419,N,VIIRS,n,2,298.19,10.25,D,0
41.41966,-7.64482,347.38,0.46,0.63,2024-09-17,1419,N,VIIRS,n,2,302.38,11.83,D,0
41.41611,-7.74739,332.88,0.45,0.63,2024-09-17,1419,N,VIIRS,n,2,292.03,7.86,D,0
41.42241,-7.73596,367,0.45,0.63,2024-09-17,1419,N,VIIRS,h,2,303.16,15.84,D,0
41.4222,-7.74173,367,0.45,0.63,2024-09-17,1419,N,VIIRS,h,2,301.91,15.84,D,0
41.42265,-7.72901,342.24,0.45,0.63,2024-09-17,1419,N,VIIRS,n,2,292.88,16.01,D,0
41.42202,-7.74691,349.78,0.45,0.63,2024-09-17,1419,N,VIIRS,n,2,298.38,7.86,D,0
41.42852,-7.72982,335.52,0.45,0.63,2024-09-17,1419,N,VIIRS,n,2,297.44,7.07,D,0
41.42829,-7.73627,337.5,0.45,0.63,2024-09-17,1419,N,VIIRS,n,2,302.95,8.27,D,0
41.41061,-8.20763,341.56,0.42,0.61,2024-09-17,1419,N,VIIRS,n,2,298.4,7.25,D,0
41.43309,-7.76672,367,0.45,0.63,2024-09-17,1419,N,VIIRS,h,2,299.37,9.95,D,0
41.43524,-7.70688,345.07,0.45,0.63,2024-09-17,1419,N,VIIRS,n,2,299.79,7.34,D,0
41.439,-7.76631,332.27,0.45,0.63,2024-09-17,1419,N,VIIRS,n,2,295.69,5.19,D,0
41.42697,-8.2303,367,0.42,0.61,2024-09-17,1419,N,VIIRS,h,2,300.31,11.72,D,0
41.45018,-7.61915,345.87,0.46,0.63,2024-09-17,1419,N,VIIRS,n,2,299.85,5.12,D,0
41.44994,-7.62604,330.77,0.46,0.63,2024-09-17,1419,N,VIIRS,l,2,303.06,5.12,D,0
41.44578,-7.74165,343.27,0.45,0.63,2024-09-17,1419,N,VIIRS,n,2,304.66,15.16,D,0
41.44561,-7.74635,344.92,0.45,0.63,2024-09-17,1419,N,VIIRS,n,2,306.22,10.61,D,0
41.44544,-7.75113,342.65,0.45,0.63,2024-09-17,1419,N,VIIRS,n,2,309.35,10.61,D,0
41.43397,-8.19991,367,0.43,0.62,2024-09-17,1419,N,VIIRS,h,2,299.84,7.41,D,0
41.45607,-7.62037,352.39,0.46,0.63,2024-09-17,1419,N,VIIRS,n,2,298.7,46.16,D,0
41.45582,-7.62721,352.11,0.46,0.63,2024-09-17,1419,N,VIIRS,n,2,310.81,46.16,D,0
41.4617,-7.62862,367,0.46,0.63,2024-09-17,1419,N,VIIRS,h,2,315.39,46.16,D,0
41.46149,-7.63435,347.15,0.46,0.63,2024-09-17,1419,N,VIIRS,n,2,314.98,29.96,D,0
41.46132,-7.63918,334.34,0.46,0.63,2024-09-17,1419,N,VIIRS,n,2,305.4,29.96,D,0
41.46087,-7.65191,331.7,0.46,0.63,2024-09-17,1419,N,VIIRS,n,2,298.38,3.5,D,0
41.4594,-7.69207,346.8,0.45,0.63,2024-09-17,1419,N,VIIRS,n,2,297.29,5.19,D,0
41.46741,-7.63468,367,0.46,0.63,2024-09-17,1419,N,VIIRS,h,2,328.82,77.92,D,0
41.46524,-7.69402,367,0.45,0.63,2024-09-17,1419,N,VIIRS,h,2,298.97,17.44,D,0
41.46501,-7.70016,367,0.45,0.63,2024-09-17,1419,N,VIIRS,h,2,297.13,15.14,D,0
41.46479,-7.70605,367,0.45,0.63,2024-09-17,1419,N,VIIRS,h,2,297.05,15.14,D,0
41.46458,-7.71187,367,0.45,0.63,2024-09-17,1419,N,VIIRS,h,2,302.68,19.85,D,0
41.46436,-7.71786,367,0.45,0.63,2024-09-17,1419,N,VIIRS,h,2,301.05,19.85,D,0
41.46725,-7.63911,344.44,0.46,0.63,2024-09-17,1419,N,VIIRS,n,2,313.8,77.92,D,0
41.4671,-7.64327,356.87,0.46,0.63,2024-09-17,1419,N,VIIRS,n,2,307.35,25.86,D,0
41.4552,-8.2434,329.75,0.42,0.61,2024-09-17,1419,N,VIIRS,n,2,297.83,4.34,D,0
41.46093,-8.2439,343.98,0.42,0.61,2024-09-17,1419,N,VIIRS,n,2,295.43,4.34,D,0
41.4342,-8.20105,367,0.43,0.62,2024-09-17,1419,N,VIIRS,h,2,299,5.95,D,0
41.45312,-7.62062,341.73,0.46,0.63,2024-09-17,1419,N,VIIRS,n,2,299.74,26.88,D,0
41.45292,-7.62767,336.79,0.46,0.63,2024-09-17,1419,N,VIIRS,n,2,304.91,34.19,D,0
41.45901,-7.62222,367,0.46,0.63,2024-09-17,1419,N,VIIRS,h,2,297.74,26.88,D,0
41.45862,-7.63508,329.66,0.46,0.63,2024-09-17,1419,N,VIIRS,n,2,303.26,34.19,D,0
41.46469,-7.63017,367,0.46,0.63,2024-09-17,1419,N,VIIRS,h,2,304.69,63.82,D,0
41.4627,-7.69453,367,0.45,0.63,2024-09-17,1419,N,VIIRS,h,2,303.03,10.59,D,0
41.4644,-7.63977,355.11,0.46,0.63,2024-09-17,1419,N,VIIRS,n,2,312.4,27.79,D,0
41.46427,-7.64394,329.23,0.46,0.63,2024-09-17,1419,N,VIIRS,n,2,300.89,27.79,D,0
41.4625,-7.70079,347.55,0.45,0.63,2024-09-17,1419,N,VIIRS,n,2,298.68,10.59,D,0
41.46231,-7.70695,330.32,0.45,0.63,2024-09-17,1419,N,VIIRS,n,2,298.09,10.23,D,0
41.46212,-7.71286,335,0.45,0.63,2024-09-17,1419,N,VIIRS,n,2,299.45,10.23,D,0
41.46193,-7.71897,350.26,0.45,0.63,2024-09-17,1419,N,VIIRS,n,2,300.68,11.93,D,0
41.46454,-7.63526,367,0.46,0.63,2024-09-17,1419,N,VIIRS,l,2,339.74,63.82,D,0
41.47046,-7.63542,367,0.46,0.63,2024-09-17,1419,N,VIIRS,h,2,301.02,63.82,D,0
41.47032,-7.63974,367,0.46,0.63,2024-09-17,1419,N,VIIRS,h,2,301.17,27.79,D,0
41.46803,-7.71283,367,0.45,0.63,2024-09-17,1419,N,VIIRS,h,2,295.18,10.23,D,0
41.46784,-7.71882,367,0.45,0.63,2024-09-17,1419,N,VIIRS,h,2,292.39,11.93,D,0
41.47019,-7.64391,357.81,0.46,0.63,2024-09-17,1419,N,VIIRS,n,2,301.12,27.79,D,0
41.46858,-7.69535,328.26,0.45,0.63,2024-09-17,1419,N,VIIRS,n,2,291.97,10.59,D,0
41.46822,-7.70693,348,0.45,0.63,2024-09-17,1419,N,VIIRS,n,2,291.62,10.23,D,0
41.45567,-8.24457,340.17,0.42,0.61,2024-09-17,1419,N,VIIRS,n,2,299.08,5.98,D,0
41.45988,-8.43614,335.63,0.41,0.61,2024-09-17,1419,N,VIIRS,n,2,296.72,6.65,D,0
41.45971,-8.44049,344.29,0.41,0.61,2024-09-17,1419,N,VIIRS,n,2,297.99,5.19,D,0
41.47338,-8.23234,337.39,0.42,0.61,2024-09-17,1419,N,VIIRS,n,2,299.76,3.68,D,0
41.45404,-8.72135,349.93,0.4,0.6,2024-09-17,1419,N,VIIRS,n,2,301.15,6.4,D,0
41.45364,-8.731,348.95,0.4,0.6,2024-09-17,1419,N,VIIRS,n,2,300.82,10.47,D,0
41.45944,-8.72648,367,0.4,0.6,2024-09-17,1419,N,VIIRS,h,2,301.97,24.99,D,0
41.45924,-8.73127,367,0.4,0.6,2024-09-17,1419,N,VIIRS,h,2,302.51,24.99,D,0
41.45964,-8.72162,344.95,0.4,0.6,2024-09-17,1419,N,VIIRS,n,2,300.01,12.41,D,0
41.45904,-8.7361,349,0.4,0.6,2024-09-17,1419,N,VIIRS,n,2,303.52,27.51,D,0
41.52511,-7.59637,367,0.46,0.63,2024-09-17,1419,N,VIIRS,h,2,302.15,6.86,D,0
41.52495,-7.60119,332.25,0.46,0.63,2024-09-17,1419,N,VIIRS,n,2,298.57,6.86,D,0
41.50766,-8.239,339.94,0.42,0.61,2024-09-17,1419,N,VIIRS,n,2,300.02,3.05,D,0
41.52741,-7.86955,367,0.44,0.63,2024-09-17,1419,N,VIIRS,h,2,308.52,9.3,D,0
41.52703,-7.88009,367,0.44,0.63,2024-09-17,1419,N,VIIRS,h,2,302.7,10.35,D,0
41.52762,-7.86389,344.24,0.44,0.63,2024-09-17,1419,N,VIIRS,n,2,299.79,9.3,D,0
41.52722,-7.8749,339.09,0.44,0.63,2024-09-17,1419,N,VIIRS,n,2,302.75,10.35,D,0
41.52578,-7.91409,342.01,0.44,0.62,2024-09-17,1419,N,VIIRS,n,2,301.06,12.13,D,0
41.52559,-7.91939,334,0.44,0.62,2024-09-17,1419,N,VIIRS,n,2,297.99,3.59,D,0
41.51338,-8.23981,342.66,0.42,0.61,2024-09-17,1419,N,VIIRS,n,2,302.19,8.04,D,0
41.53299,-7.87728,367,0.44,0.63,2024-09-17,1419,N,VIIRS,h,2,310.53,10.35,D,0
41.53386,-7.85359,344.57,0.44,0.63,2024-09-17,1419,N,VIIRS,n,2,299.54,7.94,D,0
41.5336,-7.86045,345.84,0.44,0.63,2024-09-17,1419,N,VIIRS,n,2,302.58,7.94,D,0
41.53337,-7.86686,338.06,0.44,0.63,2024-09-17,1419,N,VIIRS,n,2,303.8,9.3,D,0
41.53317,-7.87236,340.25,0.44,0.63,2024-09-17,1419,N,VIIRS,n,2,309.17,9.3,D,0
41.53281,-7.8821,343.2,0.44,0.63,2024-09-17,1419,N,VIIRS,n,2,301.24,10.35,D,0
41.53263,-7.88709,344.04,0.44,0.63,2024-09-17,1419,N,VIIRS,n,2,297.94,12.67,D,0
41.53142,-7.91996,341.62,0.44,0.62,2024-09-17,1419,N,VIIRS,n,2,298.88,3.59,D,0
41.53989,-7.84896,367,0.44,0.63,2024-09-17,1419,N,VIIRS,h,2,301.94,12.4,D,0
41.53724,-7.92062,367,0.44,0.62,2024-09-17,1419,N,VIIRS,h,2,297.5,8.07,D,0
41.53962,-7.85636,355.2,0.44,0.63,2024-09-17,1419,N,VIIRS,n,2,303.66,9.63,D,0
41.53861,-7.88363,337.42,0.44,0.63,2024-09-17,1419,N,VIIRS,n,2,301.6,7.97,D,0
41.53741,-7.9158,348.43,0.44,0.62,2024-09-17,1419,N,VIIRS,n,2,299.67,6.97,D,0
41.52373,-8.26866,349.35,0.42,0.61,2024-09-17,1419,N,VIIRS,n,2,301.09,5.2,D,0
41.52355,-8.27325,344.03,0.42,0.61,2024-09-17,1419,N,VIIRS,n,2,299.65,5.2,D,0
41.54568,-7.85113,327.96,0.44,0.63,2024-09-17,1419,N,VIIRS,n,2,300.2,12.4,D,0
41.54542,-7.85804,328.39,0.44,0.63,2024-09-17,1419,N,VIIRS,n,2,302.57,9.63,D,0
41.54324,-7.91653,328.35,0.44,0.62,2024-09-17,1419,N,VIIRS,n,2,294.57,6.97,D,0
41.53322,-8.17536,329.57,0.43,0.62,2024-09-17,1419,N,VIIRS,n,2,299.4,3.07,D,0
41.5403,-8.14263,340.14,0.43,0.62,2024-09-17,1419,N,VIIRS,n,2,297.09,4.85,D,0
41.53901,-8.17511,341,0.43,0.62,2024-09-17,1419,N,VIIRS,n,2,296.73,6.38,D,0
41.5559,-7.89071,334.39,0.44,0.63,2024-09-17,1419,N,VIIRS,n,2,305,7.85,D,0
41.57318,-7.58132,367,0.46,0.63,2024-09-17,1419,N,VIIRS,h,2,303.32,11.3,D,0
41.56387,-7.8355,367,0.45,0.63,2024-09-17,1419,N,VIIRS,h,2,307.53,28.74,D,0
41.56186,-7.88802,367,0.44,0.63,2024-09-17,1419,N,VIIRS,h,2,307.21,9.81,D,0
41.57336,-7.57605,343.45,0.46,0.64,2024-09-17,1419,N,VIIRS,n,2,299.62,16.12,D,0
41.56408,-7.83009,352.68,0.45,0.63,2024-09-17,1419,N,VIIRS,n,2,301.08,29.68,D,0
41.56361,-7.84229,332.91,0.45,0.63,2024-09-17,1419,N,VIIRS,n,2,298.22,28.74,D,0
41.56165,-7.89353,338.37,0.44,0.63,2024-09-17,1419,N,VIIRS,n,2,302.16,9.81,D,0
41.5793,-7.57625,367,0.46,0.64,2024-09-17,1419,N,VIIRS,h,2,302.87,16.12,D,0
41.56985,-7.83259,367,0.45,0.63,2024-09-17,1419,N,VIIRS,h,2,299.04,29.68,D,0
41.56942,-7.84393,367,0.45,0.63,2024-09-17,1419,N,VIIRS,h,2,301.93,28.74,D,0
41.56916,-7.85075,367,0.44,0.63,2024-09-17,1419,N,VIIRS,h,2,297.28,15.77,D,0
41.57911,-7.58155,339.04,0.46,0.63,2024-09-17,1419,N,VIIRS,n,2,298.42,11.3,D,0
41.56964,-7.83812,347.09,0.45,0.63,2024-09-17,1419,N,VIIRS,n,2,305.22,28.74,D,0
41.56765,-7.88965,354.17,0.44,0.63,2024-09-17,1419,N,VIIRS,n,2,292.14,9.81,D,0
41.55702,-8.15842,340.46,0.43,0.62,2024-09-17,1419,N,VIIRS,n,2,296.09,5.82,D,0
41.58542,-7.57157,367,0.46,0.64,2024-09-17,1419,N,VIIRS,h,2,300.96,14.68,D,0
41.58523,-7.57683,367,0.46,0.64,2024-09-17,1419,N,VIIRS,h,2,302.21,14.68,D,0
41.57491,-7.85361,334.6,0.44,0.63,2024-09-17,1419,N,VIIRS,n,2,292.61,3.77,D,0
41.59119,-7.57644,367,0.46,0.64,2024-09-17,1419,N,VIIRS,h,2,301.66,14.68,D,0
41.591,-7.58185,344.36,0.46,0.63,2024-09-17,1419,N,VIIRS,n,2,299.97,11.49,D,0
41.54065,-8.14523,343.05,0.43,0.62,2024-09-17,1419,N,VIIRS,n,2,299.02,6.66,D,0
41.53954,-8.17729,338.76,0.43,0.62,2024-09-17,1419,N,VIIRS,n,2,295.4,4.15,D,0
41.5627,-7.83206,337.55,0.45,0.63,2024-09-17,1419,N,VIIRS,n,2,301.15,29.65,D,0
41.56252,-7.83786,352.08,0.45,0.63,2024-09-17,1419,N,VIIRS,n,2,302.34,29.65,D,0
41.561,-7.88474,347.58,0.44,0.63,2024-09-17,1419,N,VIIRS,n,2,300.33,11.59,D,0
41.56083,-7.89009,351.33,0.44,0.63,2024-09-17,1419,N,VIIRS,n,2,304.78,11.59,D,0
41.56049,-7.90057,333.87,0.44,0.63,2024-09-17,1419,N,VIIRS,n,2,297.9,10.97,D,0
41.57653,-7.57825,367,0.46,0.64,2024-09-17,1419,N,VIIRS,h,2,304.61,15.45,D,0
41.5685,-7.83452,367,0.45,0.63,2024-09-17,1419,N,VIIRS,h,2,310.6,29.65,D,0
41.56811,-7.84656,367,0.45,0.63,2024-09-17,1419,N,VIIRS,h,2,299.95,22.36,D,0
41.56662,-7.89196,367,0.44,0.63,2024-09-17,1419,N,VIIRS,h,2,294.05,11.59,D,0
41.57637,-7.58355,353.82,0.46,0.64,2024-09-17,1419,N,VIIRS,n,2,300.15,15.45,D,0
41.56831,-7.84015,349,0.45,0.63,2024-09-17,1419,N,VIIRS,n,2,304.67,29.65,D,0
41.55745,-8.1606,337.52,0.43,0.62,2024-09-17,1419,N,VIIRS,n,2,295.4,5.78,D,0
41.58262,-7.57344,367,0.46,0.64,2024-09-17,1419,N,VIIRS,h,2,302.7,20.78,D,0
41.58246,-7.57868,338.37,0.46,0.64,2024-09-17,1419,N,VIIRS,n,2,299.46,10.16,D,0
41.5739,-7.84877,352.12,0.45,0.63,2024-09-17,1419,N,VIIRS,n,2,294.51,15.24,D,0
41.58856,-7.57374,367,0.46,0.64,2024-09-17,1419,N,VIIRS,h,2,301.85,20.78,D,0
41.5884,-7.57891,367,0.46,0.64,2024-09-17,1419,N,VIIRS,h,2,303.04,10.16,D,0
41.58823,-7.58443,339.57,0.46,0.64,2024-09-17,1419,N,VIIRS,n,2,300.95,10.16,D,0
41.60463,-8.2868,367,0.42,0.61,2024-09-17,1419,N,VIIRS,h,2,307.6,13.02,D,0
41.60327,-8.32147,367,0.42,0.61,2024-09-17,1419,N,VIIRS,h,2,310.98,25.35,D,0
41.60498,-8.27774,356.11,0.42,0.61,2024-09-17,1419,N,VIIRS,n,2,303.97,14.92,D,0
41.60479,-8.28253,349.74,0.42,0.61,2024-09-17,1419,N,VIIRS,n,2,304.16,13.02,D,0
41.60447,-8.29098,337.64,0.42,0.61,2024-09-17,1419,N,VIIRS,n,2,300.27,9.79,D,0
41.60392,-8.30502,347.24,0.42,0.61,2024-09-17,1419,N,VIIRS,n,2,300.96,12.42,D,0
41.60347,-8.31633,338.26,0.42,0.61,2024-09-17,1419,N,VIIRS,n,2,299.62,16.03,D,0
41.60308,-8.32643,347.5,0.42,0.61,2024-09-17,1419,N,VIIRS,n,2,299.88,25.35,D,0
41.61071,-8.27815,367,0.42,0.61,2024-09-17,1419,N,VIIRS,h,2,302.26,14.92,D,0
41.60945,-8.31036,367,0.42,0.61,2024-09-17,1419,N,VIIRS,h,2,296.83,16.03,D,0
41.60904,-8.32075,367,0.42,0.61,2024-09-17,1419,N,VIIRS,h,2,300.57,25.35,D,0
41.61053,-8.2828,333.34,0.42,0.61,2024-09-17,1419,N,VIIRS,n,2,298.14,13.02,D,0
41.61036,-8.2872,353.88,0.42,0.61,2024-09-17,1419,N,VIIRS,n,2,297.53,13.02,D,0
41.6102,-8.29138,346.46,0.42,0.61,2024-09-17,1419,N,VIIRS,n,2,297.7,9.79,D,0
41.60924,-8.31569,332.67,0.42,0.61,2024-09-17,1419,N,VIIRS,n,2,294.33,16.03,D,0
41.60884,-8.32575,357.51,0.42,0.61,2024-09-17,1419,N,VIIRS,n,2,296.55,25.35,D,0
41.63503,-8.24517,367,0.42,0.61,2024-09-17,1419,N,VIIRS,h,2,302.46,20.38,D,0
41.64066,-8.24846,367,0.42,0.61,2024-09-17,1419,N,VIIRS,h,2,300.65,9.31,D,0
41.6409,-8.24242,333.42,0.42,0.61,2024-09-17,1419,N,VIIRS,n,2,295.97,9.31,D,0
41.64041,-8.25448,341.18,0.42,0.61,2024-09-17,1419,N,VIIRS,n,2,296.27,7.16,D,0
41.64003,-8.26407,330.98,0.42,0.61,2024-09-17,1419,N,VIIRS,n,2,297.66,3.38,D,0
41.63985,-8.26843,345.16,0.42,0.61,2024-09-17,1419,N,VIIRS,n,2,297.92,3.38,D,0
41.63873,-8.29622,332.08,0.42,0.61,2024-09-17,1419,N,VIIRS,n,2,300.84,10.88,D,0
41.63852,-8.30127,332.16,0.42,0.61,2024-09-17,1419,N,VIIRS,n,2,300.12,6.14,D,0
41.64526,-8.27693,367,0.42,0.61,2024-09-17,1419,N,VIIRS,h,2,301.67,15.36,D,0
41.64466,-8.2915,367,0.42,0.61,2024-09-17,1419,N,VIIRS,h,2,306.63,10.88,D,0
41.64447,-8.29628,367,0.42,0.61,2024-09-17,1419,N,VIIRS,h,2,301.31,10.88,D,0
41.64506,-8.28191,336.16,0.42,0.61,2024-09-17,1419,N,VIIRS,n,2,298.87,11.23,D,0
41.64486,-8.28671,332.6,0.42,0.61,2024-09-17,1419,N,VIIRS,n,2,298.44,11.23,D,0
41.64114,-8.24642,367,0.42,0.61,2024-09-17,1419,N,VIIRS,h,2,297.09,14.97,D,0
41.64092,-8.25261,367,0.42,0.61,2024-09-17,1419,N,VIIRS,h,2,298.64,11.31,D,0
41.64042,-8.26708,347.29,0.42,0.61,2024-09-17,1419,N,VIIRS,n,2,297.04,7.34,D,0
41.64008,-8.27655,329.09,0.42,0.61,2024-09-17,1419,N,VIIRS,n,2,303.83,7.43,D,0
41.63975,-8.28586,333.08,0.42,0.61,2024-09-17,1419,N,VIIRS,n,2,301.29,10.85,D,0
41.63943,-8.29494,340.38,0.42,0.61,2024-09-17,1419,N,VIIRS,n,2,302.74,12.55,D,0
41.63908,-8.30496,331.4,0.42,0.61,2024-09-17,1419,N,VIIRS,n,2,299.56,8.77,D,0
41.64569,-8.28049,367,0.42,0.61,2024-09-17,1419,N,VIIRS,h,2,299.32,10.85,D,0
41.64534,-8.29023,367,0.42,0.61,2024-09-17,1419,N,VIIRS,h,2,302.61,12.55,D,0
41.64587,-8.2754,334.59,0.42,0.61,2024-09-17,1419,N,VIIRS,n,2,297.82,7.43,D,0
41.64517,-8.29508,356.15,0.42,0.61,2024-09-17,1419,N,VIIRS,n,2,304.08,12.55,D,0
41.74581,-7.39089,367,0.47,0.64,2024-09-17,1419,N,VIIRS,h,2,306.46,39,D,0
41.74566,-7.39582,367,0.47,0.64,2024-09-17,1419,N,VIIRS,h,2,306.94,39,D,0
41.74535,-7.40552,367,0.47,0.64,2024-09-17,1419,N,VIIRS,h,2,309.74,60.3,D,0
41.7452,-7.4104,367,0.47,0.64,2024-09-17,1419,N,VIIRS,h,2,300.16,20.4,D,0
41.74551,-7.40069,356.13,0.47,0.64,2024-09-17,1419,N,VIIRS,n,2,312.88,60.3,D,0
41.75183,-7.39042,367,0.47,0.64,2024-09-17,1419,N,VIIRS,h,2,306.06,14.06,D,0
41.75121,-7.41013,367,0.47,0.64,2024-09-17,1419,N,VIIRS,h,2,303.56,9.23,D,0
41.75106,-7.41482,367,0.47,0.64,2024-09-17,1419,N,VIIRS,h,2,301.76,9.23,D,0
41.75377,-7.32814,338.54,0.48,0.64,2024-09-17,1419,N,VIIRS,n,2,298.73,7.09,D,0
41.75232,-7.37468,331.15,0.47,0.64,2024-09-17,1419,N,VIIRS,l,2,303.35,10.81,D,0
41.75216,-7.38013,346.05,0.47,0.64,2024-09-17,1419,N,VIIRS,n,2,307.17,12.04,D,0
41.75199,-7.3854,340.97,0.47,0.64,2024-09-17,1419,N,VIIRS,n,2,304.38,12.04,D,0
41.75167,-7.39534,329.82,0.47,0.64,2024-09-17,1419,N,VIIRS,n,2,303.2,14.06,D,0
41.75151,-7.40043,337.45,0.47,0.64,2024-09-17,1419,N,VIIRS,n,2,301.42,14.85,D,0
41.75136,-7.40543,340.46,0.47,0.64,2024-09-17,1419,N,VIIRS,n,2,303.2,14.85,D,0
41.75976,-7.32936,367,0.48,0.64,2024-09-17,1419,N,VIIRS,h,2,307.27,7.09,D,0
41.75771,-7.39458,367,0.47,0.64,2024-09-17,1419,N,VIIRS,h,2,309.42,14.06,D,0
41.75755,-7.39974,367,0.47,0.64,2024-09-17,1419,N,VIIRS,h,2,310.15,14.85,D,0
41.75739,-7.4048,367,0.47,0.64,2024-09-17,1419,N,VIIRS,h,2,309.5,14.85,D,0
41.75994,-7.32325,336.53,0.48,0.64,2024-09-17,1419,N,VIIRS,n,2,299.87,7.09,D,0
41.75787,-7.38953,331.31,0.47,0.64,2024-09-17,1419,N,VIIRS,n,2,302.76,14.06,D,0
41.75724,-7.40953,349.02,0.47,0.64,2024-09-17,1419,N,VIIRS,n,2,299.54,9.23,D,0
41.75708,-7.41427,328.56,0.47,0.64,2024-09-17,1419,N,VIIRS,n,2,296.67,9.23,D,0
41.76575,-7.33018,367,0.48,0.64,2024-09-17,1419,N,VIIRS,h,2,305.66,15.69,D,0
41.76594,-7.32422,347.39,0.48,0.64,2024-09-17,1419,N,VIIRS,n,2,298.23,15.69,D,0
41.76358,-7.39883,328.56,0.47,0.64,2024-09-17,1419,N,VIIRS,n,2,297.26,4.06,D,0
41.76342,-7.4038,336.46,0.47,0.64,2024-09-17,1419,N,VIIRS,n,2,295.77,4.06,D,0
41.7713,-7.34536,367,0.47,0.64,2024-09-17,1419,N,VIIRS,h,2,309.34,29.09,D,0
41.77114,-7.35026,336.27,0.47,0.64,2024-09-17,1419,N,VIIRS,n,2,296.28,29.09,D,0
41.77325,-7.34217,334.03,0.47,0.64,2024-09-17,1419,N,VIIRS,n,2,297.16,28.73,D,0
41.77312,-7.34701,353.53,0.47,0.64,2024-09-17,1419,N,VIIRS,n,2,302.24,28.73,D,0
41.76918,-8.39141,336.82,0.42,0.61,2024-09-17,1419,N,VIIRS,n,2,297.55,3.66,D,0
40.75867,-8.41056,356.6,0.41,0.61,2024-09-17,1419,N,VIIRS,n,2,297.1,9.17,D,0
41.83601,-8.43671,331.42,0.42,0.61,2024-09-17,1419,N,VIIRS,n,2,301.49,2.12,D,0
40.75833,-8.41879,367,0.41,0.61,2024-09-17,1419,N,VIIRS,h,2,299.39,8.88,D,0
40.7585,-8.41475,367,0.41,0.61,2024-09-17,1419,N,VIIRS,h,2,299.59,9.17,D,0
40.75248,-8.42294,339.13,0.41,0.61,2024-09-17,1419,N,VIIRS,n,2,301.61,8.88,D,0
40.75283,-8.41467,329.2,0.41,0.61,2024-09-17,1419,N,VIIRS,n,2,302.39,9.17,D,0
40.75265,-8.41874,367,0.41,0.61,2024-09-17,1419,N,VIIRS,h,2,306.15,8.88,D,0
40.75302,-8.41011,367,0.41,0.61,2024-09-17,1419,N,VIIRS,h,2,304.38,9.17,D,0
40.242,-8.00121,367,0.43,0.62,2024-09-17,1419,N,VIIRS,h,2,306.42,10.9,D,0
40.24181,-8.00614,337.84,0.43,0.62,2024-09-17,1419,N,VIIRS,n,2,300.29,10.9,D,0
40.24781,-8.00054,367,0.43,0.62,2024-09-17,1419,N,VIIRS,h,2,316.7,40.79,D,0
40.248,-7.9955,343.4,0.43,0.62,2024-09-17,1419,N,VIIRS,n,2,300.19,22.11,D,0
40.2476,-8.00561,275.54,0.43,0.62,2024-09-17,1419,N,VIIRS,l,2,313.03,40.79,D,0
40.25379,-7.99536,367,0.43,0.62,2024-09-17,1419,N,VIIRS,h,2,303.95,22.11,D,0
40.254,-7.99037,349.5,0.43,0.62,2024-09-17,1419,N,VIIRS,n,2,299.93,22.11,D,0
40.25359,-8.0003,355.89,0.43,0.62,2024-09-17,1419,N,VIIRS,n,2,303.07,40.79,D,0
40.25338,-8.0054,330.8,0.43,0.62,2024-09-17,1419,N,VIIRS,n,2,296.09,40.79,D,0
40.25977,-7.9904,345.88,0.43,0.62,2024-09-17,1419,N,VIIRS,n,2,295.62,6.27,D,0
40.25956,-7.99559,353.93,0.43,0.62,2024-09-17,1419,N,VIIRS,n,2,295.97,6.27,D,0
40.38135,-7.99986,334.6,0.43,0.62,2024-09-17,1419,N,VIIRS,n,2,299.34,4.69,D,0
40.38114,-8.00494,330.74,0.43,0.62,2024-09-17,1419,N,VIIRS,n,2,298.31,4.89,D,0
40.38092,-8.01009,344.55,0.43,0.62,2024-09-17,1419,N,VIIRS,n,2,300.13,4.89,D,0
40.38071,-8.01523,344.18,0.43,0.62,2024-09-17,1419,N,VIIRS,n,2,300.03,5.54,D,0
40.38772,-7.98578,367,0.43,0.62,2024-09-17,1419,N,VIIRS,h,2,300.93,26.09,D,0
40.38732,-7.9954,367,0.43,0.62,2024-09-17,1419,N,VIIRS,h,2,305,12.77,D,0
40.38711,-8.00029,367,0.43,0.62,2024-09-17,1419,N,VIIRS,h,2,300.94,12.77,D,0
40.38669,-8.01032,367,0.43,0.62,2024-09-17,1419,N,VIIRS,h,2,298.77,11.81,D,0
40.38752,-7.99059,355.27,0.43,0.62,2024-09-17,1419,N,VIIRS,n,2,307.99,26.09,D,0
40.38691,-8.00522,355.62,0.43,0.62,2024-09-17,1419,N,VIIRS,n,2,300.19,11.81,D,0
40.39371,-7.98099,367,0.43,0.62,2024-09-17,1419,N,VIIRS,h,2,300.15,23.72,D,0
40.39351,-7.98573,367,0.43,0.62,2024-09-17,1419,N,VIIRS,h,2,302.71,26.09,D,0
40.39331,-7.99044,333.9,0.43,0.62,2024-09-17,1419,N,VIIRS,n,2,298.39,26.09,D,0
40.39311,-7.99516,341.1,0.43,0.62,2024-09-17,1419,N,VIIRS,n,2,298.27,12.77,D,0
40.3929,-8.00021,337.97,0.43,0.62,2024-09-17,1419,N,VIIRS,n,2,296.46,12.77,D,0
40.40012,-7.96613,337.42,0.43,0.62,2024-09-17,1419,N,VIIRS,n,2,301.8,5.62,D,0
40.39993,-7.97093,349.39,0.43,0.62,2024-09-17,1419,N,VIIRS,n,2,303.8,5.62,D,0
40.39972,-7.97582,346.68,0.43,0.62,2024-09-17,1419,N,VIIRS,n,2,303.13,11.47,D,0
40.3993,-7.98571,331.04,0.43,0.62,2024-09-17,1419,N,VIIRS,n,2,302.42,6.2,D,0
40.40414,-8.00746,367,0.43,0.62,2024-09-17,1419,N,VIIRS,h,2,299.28,10.23,D,0
40.40594,-7.96557,343.15,0.43,0.62,2024-09-17,1419,N,VIIRS,n,2,305.47,5.62,D,0
40.41214,-7.95609,367,0.43,0.62,2024-09-17,1419,N,VIIRS,h,2,307.85,11.82,D,0
40.41235,-7.95118,341.36,0.43,0.62,2024-09-17,1419,N,VIIRS,n,2,302.69,27.03,D,0
40.41194,-7.96066,344.77,0.43,0.62,2024-09-17,1419,N,VIIRS,n,2,299.18,11.82,D,0
40.41818,-7.95042,367,0.43,0.62,2024-09-17,1419,N,VIIRS,h,2,310.03,27.03,D,0
40.41774,-7.96053,367,0.43,0.62,2024-09-17,1419,N,VIIRS,h,2,301.13,11.82,D,0
40.41795,-7.95562,346.35,0.43,0.62,2024-09-17,1419,N,VIIRS,n,2,302.29,11.82,D,0
40.41633,-7.99304,332.15,0.43,0.62,2024-09-17,1419,N,VIIRS,n,2,300.5,4.47,D,0
40.42442,-7.94004,367,0.43,0.62,2024-09-17,1419,N,VIIRS,h,2,311.44,31.35,D,0
40.42419,-7.94537,352.52,0.43,0.62,2024-09-17,1419,N,VIIRS,n,2,301.15,15.33,D,0
40.42396,-7.95059,354.36,0.43,0.62,2024-09-17,1419,N,VIIRS,n,2,303.55,15.33,D,0
40.42374,-7.95574,338.21,0.43,0.62,2024-09-17,1419,N,VIIRS,n,2,304.43,6.5,D,0
40.43044,-7.93513,367,0.43,0.62,2024-09-17,1419,N,VIIRS,h,2,310.05,31.35,D,0
40.43066,-7.9299,334.25,0.43,0.62,2024-09-17,1419,N,VIIRS,n,2,302.07,18.39,D,0
40.43018,-7.94085,342.81,0.43,0.62,2024-09-17,1419,N,VIIRS,n,2,308.03,31.35,D,0
40.4258,-8.04042,335.99,0.43,0.62,2024-09-17,1419,N,VIIRS,n,2,295.95,6.09,D,0
40.42558,-8.04535,356.04,0.43,0.62,2024-09-17,1419,N,VIIRS,n,2,296.92,6.09,D,0
40.39982,-7.9697,348.34,0.43,0.62,2024-09-17,1419,N,VIIRS,n,2,302.82,8.38,D,0
40.39964,-7.97457,351.69,0.43,0.62,2024-09-17,1419,N,VIIRS,n,2,304.32,7,D,0
40.39946,-7.9795,333.97,0.43,0.62,2024-09-17,1419,N,VIIRS,n,2,300.57,7,D,0
40.39872,-7.99943,334.82,0.43,0.62,2024-09-17,1419,N,VIIRS,n,2,297.13,9.9,D,0
40.40425,-8.00616,367,0.43,0.62,2024-09-17,1419,N,VIIRS,h,2,299.87,13.5,D,0
40.4058,-7.96439,339.16,0.43,0.62,2024-09-17,1419,N,VIIRS,n,2,303.61,8.38,D,0
40.41195,-7.95492,367,0.43,0.62,2024-09-17,1419,N,VIIRS,h,2,306.69,14.15,D,0
40.41178,-7.95952,367,0.43,0.62,2024-09-17,1419,N,VIIRS,h,2,302.28,14.15,D,0
40.41795,-7.94912,367,0.43,0.62,2024-09-17,1419,N,VIIRS,h,2,305.35,41.73,D,0
40.41758,-7.95931,367,0.43,0.62,2024-09-17,1419,N,VIIRS,h,2,302.53,14.15,D,0
40.41776,-7.95436,354.74,0.43,0.62,2024-09-17,1419,N,VIIRS,n,2,303.78,14.15,D,0
40.41636,-7.9918,339.06,0.43,0.62,2024-09-17,1419,N,VIIRS,n,2,302.11,4.36,D,0
40.42415,-7.9387,367,0.43,0.62,2024-09-17,1419,N,VIIRS,h,2,304.59,22.8,D,0
40.42395,-7.94402,345.08,0.43,0.62,2024-09-17,1419,N,VIIRS,n,2,304.74,18.44,D,0
40.42375,-7.94926,344.62,0.43,0.62,2024-09-17,1419,N,VIIRS,n,2,302.03,18.44,D,0
40.42355,-7.95443,340.59,0.43,0.62,2024-09-17,1419,N,VIIRS,n,2,303.81,7.62,D,0
40.43013,-7.93376,367,0.43,0.62,2024-09-17,1419,N,VIIRS,h,2,308.69,22.8,D,0
40.42992,-7.93933,367,0.43,0.62,2024-09-17,1419,N,VIIRS,h,2,308.43,22.8,D,0
40.4259,-8.04419,367,0.43,0.62,2024-09-17,1419,N,VIIRS,h,2,300.97,15.02,D,0
40.43224,-8.02934,367,0.43,0.62,2024-09-17,1419,N,VIIRS,h,2,311.67,13.41,D,0
40.43166,-8.04439,367,0.43,0.62,2024-09-17,1419,N,VIIRS,h,2,304.16,15.4,D,0
40.43205,-8.0344,341.85,0.43,0.62,2024-09-17,1419,N,VIIRS,n,2,300.82,13.41,D,0
40.43185,-8.03942,341.71,0.43,0.62,2024-09-17,1419,N,VIIRS,n,2,299.41,15.4,D,0
40.43762,-8.03952,367,0.43,0.62,2024-09-17,1419,N,VIIRS,h,2,301.19,15.4,D,0
40.44229,-7.91924,347.99,0.43,0.62,2024-09-17,1419,N,VIIRS,n,2,302.19,4.42,D,0
40.43823,-8.02408,330.65,0.43,0.62,2024-09-17,1419,N,VIIRS,n,2,300.46,24.17,D,0
40.43803,-8.02918,332.78,0.43,0.62,2024-09-17,1419,N,VIIRS,n,2,298.74,13.41,D,0
40.43782,-8.03432,342.66,0.43,0.62,2024-09-17,1419,N,VIIRS,n,2,298.23,13.41,D,0
40.43742,-8.04466,352.83,0.43,0.62,2024-09-17,1419,N,VIIRS,n,2,300.41,15.4,D,0
40.44381,-8.02883,367,0.43,0.62,2024-09-17,1419,N,VIIRS,h,2,322.1,72.84,D,0
40.444,-8.02388,338.39,0.43,0.62,2024-09-17,1419,N,VIIRS,n,2,301.68,17.67,D,0
40.44361,-8.03388,300.7,0.43,0.62,2024-09-17,1419,N,VIIRS,l,2,305.08,72.84,D,0
40.45036,-8.00936,367,0.43,0.62,2024-09-17,1419,N,VIIRS,h,2,310.27,22.82,D,0
40.45057,-8.00417,330.8,0.43,0.62,2024-09-17,1419,N,VIIRS,n,2,301.79,15.81,D,0
40.45016,-8.01446,356.39,0.43,0.62,2024-09-17,1419,N,VIIRS,n,2,307.87,22.82,D,0
40.44996,-8.01941,350.48,0.43,0.62,2024-09-17,1419,N,VIIRS,n,2,301.55,17.67,D,0
40.44977,-8.02428,332.17,0.43,0.62,2024-09-17,1419,N,VIIRS,n,2,298.85,17.67,D,0
40.55759,-7.78648,367,0.44,0.62,2024-09-17,1419,N,VIIRS,h,2,308.14,24.63,D,0
40.55681,-7.80753,367,0.44,0.62,2024-09-17,1419,N,VIIRS,h,2,305.12,9.64,D,0
40.55778,-7.78136,342.38,0.44,0.62,2024-09-17,1419,N,VIIRS,n,2,302.9,24.63,D,0
40.55701,-7.8022,354.48,0.44,0.62,2024-09-17,1419,N,VIIRS,n,2,302.85,9.64,D,0
40.56383,-7.77615,367,0.44,0.62,2024-09-17,1419,N,VIIRS,h,2,304.41,26.9,D,0
40.56363,-7.78142,367,0.44,0.62,2024-09-17,1419,N,VIIRS,h,2,307.76,24.63,D,0
40.56343,-7.78673,367,0.44,0.62,2024-09-17,1419,N,VIIRS,h,2,311.36,24.63,D,0
40.56323,-7.79211,367,0.44,0.62,2024-09-17,1419,N,VIIRS,h,2,308.7,28.86,D,0
40.56303,-7.7975,367,0.44,0.62,2024-09-17,1419,N,VIIRS,h,2,298.39,28.86,D,0
40.56283,-7.80287,367,0.44,0.62,2024-09-17,1419,N,VIIRS,h,2,297.87,9.64,D,0
40.57082,-7.74565,367,0.44,0.63,2024-09-17,1419,N,VIIRS,h,2,306.49,12.41,D,0
40.56967,-7.7764,367,0.44,0.62,2024-09-17,1419,N,VIIRS,h,2,308.51,10.61,D,0
40.57164,-7.72365,351.26,0.44,0.63,2024-09-17,1419,N,VIIRS,n,2,302.9,13.95,D,0
40.56987,-7.77095,355.81,0.44,0.62,2024-09-17,1419,N,VIIRS,n,2,302.82,10.61,D,0
40.56947,-7.78181,340.54,0.44,0.62,2024-09-17,1419,N,VIIRS,n,2,299.66,7.93,D,0
40.57747,-7.72462,367,0.44,0.63,2024-09-17,1419,N,VIIRS,h,2,310.53,13.95,D,0
40.57767,-7.71923,340.12,0.44,0.63,2024-09-17,1419,N,VIIRS,n,2,305.83,13.95,D,0
40.57727,-7.73,338.16,0.44,0.63,2024-09-17,1419,N,VIIRS,n,2,302.58,19.07,D,0
40.57668,-7.74585,339.06,0.44,0.63,2024-09-17,1419,N,VIIRS,n,2,303.05,12.41,D,0
40.5755,-7.777,353.6,0.44,0.62,2024-09-17,1419,N,VIIRS,n,2,297.56,10.61,D,0
40.5837,-7.71512,367,0.45,0.63,2024-09-17,1419,N,VIIRS,h,2,306.44,15.06,D,0
40.5835,-7.72028,337.06,0.44,0.63,2024-09-17,1419,N,VIIRS,n,2,306.12,8.27,D,0
40.58972,-7.71117,367,0.45,0.63,2024-09-17,1419,N,VIIRS,h,2,308.37,15.06,D,0
40.58858,-7.74123,367,0.44,0.63,2024-09-17,1419,N,VIIRS,h,2,301.8,18.74,D,0
40.58838,-7.74636,367,0.44,0.63,2024-09-17,1419,N,VIIRS,h,2,305.44,18.74,D,0
40.58915,-7.72608,342.45,0.44,0.63,2024-09-17,1419,N,VIIRS,n,2,306.77,8.27,D,0
40.59619,-7.6955,367,0.45,0.63,2024-09-17,1419,N,VIIRS,h,2,302.56,14.35,D,0
40.59482,-7.73122,367,0.44,0.63,2024-09-17,1419,N,VIIRS,h,2,299.95,13.32,D,0
40.5966,-7.68479,340.37,0.45,0.63,2024-09-17,1419,N,VIIRS,n,2,300.97,39.34,D,0
40.59597,-7.70119,334.27,0.45,0.63,2024-09-17,1419,N,VIIRS,n,2,298.22,10.08,D,0
40.59501,-7.72625,345.27,0.44,0.63,2024-09-17,1419,N,VIIRS,n,2,297.28,12.5,D,0
40.60288,-7.67414,367,0.45,0.63,2024-09-17,1419,N,VIIRS,h,2,310.5,36.4,D,0
40.60249,-7.68438,367,0.45,0.63,2024-09-17,1419,N,VIIRS,h,2,314.97,39.34,D,0
40.60229,-7.6897,367,0.45,0.63,2024-09-17,1419,N,VIIRS,h,2,298.66,14.35,D,0
40.60307,-7.66915,346.52,0.45,0.63,2024-09-17,1419,N,VIIRS,n,2,300.97,36.4,D,0
40.60268,-7.67929,347.95,0.45,0.63,2024-09-17,1419,N,VIIRS,n,2,307.75,39.34,D,0
40.60207,-7.69543,347.75,0.45,0.63,2024-09-17,1419,N,VIIRS,n,2,293.78,14.35,D,0
40.60898,-7.66853,367,0.45,0.63,2024-09-17,1419,N,VIIRS,h,2,312.99,15.6,D,0
40.60879,-7.67361,355.92,0.45,0.63,2024-09-17,1419,N,VIIRS,n,2,302.99,15.6,D,0
40.60859,-7.6787,342.29,0.45,0.63,2024-09-17,1419,N,VIIRS,n,2,299.16,11.52,D,0
40.61509,-7.66285,367,0.45,0.63,2024-09-17,1419,N,VIIRS,h,2,304.72,16.24,D,0
40.6153,-7.65743,331.08,0.45,0.63,2024-09-17,1419,N,VIIRS,n,2,300.67,16.24,D,0
40.61488,-7.66806,343.02,0.45,0.63,2024-09-17,1419,N,VIIRS,n,2,303.03,15.6,D,0
40.61408,-7.68883,337.78,0.45,0.63,2024-09-17,1419,N,VIIRS,n,2,299.52,5.2,D,0
40.61386,-7.69438,344.18,0.45,0.63,2024-09-17,1419,N,VIIRS,n,2,299.54,5.2,D,0
40.62117,-7.65772,347.63,0.45,0.63,2024-09-17,1419,N,VIIRS,n,2,312.39,10.02,D,0
40.63213,-7.6785,331.03,0.45,0.63,2024-09-17,1419,N,VIIRS,n,2,301.99,6.1,D,0
40.63191,-7.684,356.96,0.45,0.63,2024-09-17,1419,N,VIIRS,n,2,305.95,6.1,D,0
40.63169,-7.68944,332.44,0.45,0.63,2024-09-17,1419,N,VIIRS,n,2,302.36,4.33,D,0
40.63971,-7.63575,330.14,0.45,0.63,2024-09-17,1419,N,VIIRS,l,2,301.99,4.08,D,0
40.61379,-8.37427,367,0.41,0.61,2024-09-17,1419,N,VIIRS,h,2,306.45,9.57,D,0
40.61353,-8.37988,367,0.41,0.61,2024-09-17,1419,N,VIIRS,h,2,308.03,8.35,D,0
40.61305,-8.39036,367,0.41,0.61,2024-09-17,1419,N,VIIRS,h,2,306.75,21.4,D,0
40.61282,-8.39524,367,0.41,0.61,2024-09-17,1419,N,VIIRS,h,2,309.81,21.4,D,0
40.6126,-8.40001,367,0.41,0.61,2024-09-17,1419,N,VIIRS,h,2,302.89,17.9,D,0
40.61238,-8.40473,367,0.41,0.61,2024-09-17,1419,N,VIIRS,h,2,305.47,17.9,D,0
40.61216,-8.40944,367,0.41,0.61,2024-09-17,1419,N,VIIRS,h,2,304.34,15.97,D,0
40.61328,-8.38528,350.82,0.41,0.61,2024-09-17,1419,N,VIIRS,n,2,302.42,8.35,D,0
40.61174,-8.41867,338.11,0.41,0.6,2024-09-17,1419,N,VIIRS,n,2,303.26,6,D,0
40.62015,-8.35972,367,0.41,0.61,2024-09-17,1419,N,VIIRS,h,2,311.57,28.01,D,0
40.61992,-8.36474,342.52,0.41,0.61,2024-09-17,1419,N,VIIRS,n,2,308.48,28.01,D,0
40.61967,-8.36996,332.8,0.41,0.61,2024-09-17,1419,N,VIIRS,n,2,301.59,9.57,D,0
40.61943,-8.37529,341.02,0.41,0.61,2024-09-17,1419,N,VIIRS,n,2,304.14,9.57,D,0
40.61917,-8.38061,331.76,0.41,0.61,2024-09-17,1419,N,VIIRS,n,2,301.15,8.35,D,0
40.61894,-8.38571,330.91,0.41,0.61,2024-09-17,1419,N,VIIRS,n,2,300.19,8.35,D,0
40.61898,-7.66122,367,0.45,0.63,2024-09-17,1419,N,VIIRS,h,2,311.94,8.7,D,0
40.61916,-7.65587,342.65,0.45,0.63,2024-09-17,1419,N,VIIRS,n,2,305.54,8.7,D,0
40.63005,-7.6822,348.43,0.45,0.63,2024-09-17,1419,N,VIIRS,n,2,302.16,10.06,D,0
40.62986,-7.68768,343.4,0.45,0.63,2024-09-17,1419,N,VIIRS,n,2,305.68,7.17,D,0
40.60886,-8.40366,367,0.41,0.61,2024-09-17,1419,N,VIIRS,h,2,303.85,10.64,D,0
40.63758,-7.63383,342.14,0.45,0.63,2024-09-17,1419,N,VIIRS,n,2,301,3.16,D,0
40.60867,-8.40838,354.04,0.41,0.61,2024-09-17,1419,N,VIIRS,n,2,302.86,8.68,D,0
40.61575,-8.37371,367,0.41,0.61,2024-09-17,1419,N,VIIRS,h,2,305.65,29.91,D,0
40.61553,-8.3792,367,0.41,0.61,2024-09-17,1419,N,VIIRS,h,2,310.38,16.05,D,0
40.6151,-8.38965,367,0.41,0.61,2024-09-17,1419,N,VIIRS,h,2,307.05,19.47,D,0
40.61491,-8.3945,367,0.41,0.61,2024-09-17,1419,N,VIIRS,h,2,308.62,19.47,D,0
40.61471,-8.39928,367,0.41,0.61,2024-09-17,1419,N,VIIRS,h,2,304.13,12.62,D,0
40.61452,-8.404,367,0.41,0.61,2024-09-17,1419,N,VIIRS,h,2,301.23,12.62,D,0
40.61636,-8.35895,329.46,0.41,0.61,2024-09-17,1419,N,VIIRS,n,2,301.3,22.32,D,0
40.61616,-8.36363,353.61,0.41,0.61,2024-09-17,1419,N,VIIRS,n,2,311.8,22.32,D,0
40.61531,-8.38452,343.15,0.41,0.61,2024-09-17,1419,N,VIIRS,n,2,301.53,16.05,D,0
40.61432,-8.40872,345.2,0.41,0.61,2024-09-17,1419,N,VIIRS,n,2,301.65,8.98,D,0
40.61395,-8.41798,329.77,0.41,0.61,2024-09-17,1419,N,VIIRS,l,2,301.3,4.4,D,0
40.62204,-8.35904,367,0.41,0.61,2024-09-17,1419,N,VIIRS,h,2,310.82,22.32,D,0
40.62183,-8.36406,367,0.41,0.61,2024-09-17,1419,N,VIIRS,h,2,306.12,22.32,D,0
40.6281,-8.3499,335.42,0.41,0.61,2024-09-17,1419,N,VIIRS,n,2,301.52,14.1,D,0
40.62789,-8.35495,353.3,0.41,0.61,2024-09-17,1419,N,VIIRS,n,2,319.91,14.1,D,0
40.62768,-8.35997,348.31,0.41,0.61,2024-09-17,1419,N,VIIRS,n,2,308.5,12.13,D,0
40.65886,-7.69896,367,0.45,0.63,2024-09-17,1419,N,VIIRS,h,2,305.23,33.55,D,0
40.65868,-7.70404,367,0.45,0.63,2024-09-17,1419,N,VIIRS,h,2,313.72,33.55,D,0
40.65849,-7.70938,338.19,0.45,0.63,2024-09-17,1419,N,VIIRS,n,2,298.89,21.96,D,0
40.63371,-8.35178,339.29,0.41,0.61,2024-09-17,1419,N,VIIRS,n,2,304.61,14.1,D,0
40.66608,-7.66136,367,0.45,0.63,2024-09-17,1419,N,VIIRS,h,2,303.88,11.82,D,0
40.66589,-7.66681,337.07,0.45,0.63,2024-09-17,1419,N,VIIRS,n,2,301.02,6.42,D,0
40.63934,-8.35326,335.03,0.41,0.61,2024-09-17,1419,N,VIIRS,l,2,307.69,4.07,D,0
40.63343,-8.49297,351.23,0.41,0.6,2024-09-17,1419,N,VIIRS,n,2,299.8,6.59,D,0
40.63216,-8.52241,342.57,0.4,0.6,2024-09-17,1419,N,VIIRS,n,2,299.29,5.91,D,0
40.67463,-7.58665,367,0.45,0.63,2024-09-17,1419,N,VIIRS,h,2,301.71,41.3,D,0
40.67406,-7.60301,367,0.45,0.63,2024-09-17,1419,N,VIIRS,h,2,304.71,20.13,D,0
40.67214,-7.65679,367,0.45,0.63,2024-09-17,1419,N,VIIRS,h,2,315.54,11.82,D,0
40.67443,-7.59243,354.23,0.45,0.63,2024-09-17,1419,N,VIIRS,n,2,304.05,34.72,D,0
40.67424,-7.59791,356.64,0.45,0.63,2024-09-17,1419,N,VIIRS,n,2,299.94,34.72,D,0
40.67387,-7.60823,338.38,0.45,0.63,2024-09-17,1419,N,VIIRS,n,2,295.87,20.13,D,0
40.67235,-7.65099,339.28,0.45,0.63,2024-09-17,1419,N,VIIRS,n,2,300.32,15.54,D,0
40.67194,-7.6622,334.73,0.45,0.63,2024-09-17,1419,N,VIIRS,n,2,306.7,11.82,D,0
40.64632,-8.32218,337.06,0.41,0.61,2024-09-17,1419,N,VIIRS,n,2,301.96,3.18,D,0
40.74762,-8.40347,329.43,0.41,0.61,2024-09-17,1419,N,VIIRS,n,2,298.83,9.74,D,0
40.64608,-8.32791,336.34,0.41,0.61,2024-09-17,1419,N,VIIRS,n,2,306.31,3.18,D,0
40.74784,-8.39839,367,0.41,0.61,2024-09-17,1419,N,VIIRS,h,2,308.51,9.74,D,0
40.74804,-8.39365,367,0.41,0.61,2024-09-17,1419,N,VIIRS,h,2,304.13,18.13,D,0
40.69795,-8.36722,367,0.41,0.61,2024-09-17,1419,N,VIIRS,h,2,303.6,12.98,D,0
40.6953,-8.374,337.37,0.41,0.61,2024-09-17,1419,N,VIIRS,n,2,301.12,11.07,D,0
40.69551,-8.36949,357.05,0.41,0.61,2024-09-17,1419,N,VIIRS,n,2,306.92,18.64,D,0
40.69572,-8.36477,351.31,0.41,0.61,2024-09-17,1419,N,VIIRS,n,2,300.54,18.64,D,0
40.68938,-8.37933,342.97,0.41,0.61,2024-09-17,1419,N,VIIRS,n,2,300.7,14.11,D,0
40.68959,-8.37462,367,0.41,0.61,2024-09-17,1419,N,VIIRS,h,2,307.77,14.11,D,0
40.6898,-8.36995,367,0.41,0.61,2024-09-17,1419,N,VIIRS,h,2,312.28,29.89,D,0
40.68349,-8.38407,354.2,0.41,0.61,2024-09-17,1419,N,VIIRS,n,2,305.96,18.17,D,0
40.6837,-8.37935,354.26,0.41,0.61,2024-09-17,1419,N,VIIRS,n,2,299.18,14.11,D,0
40.71328,-7.65944,344.5,0.45,0.63,2024-09-17,1419,N,VIIRS,n,2,302.82,4.45,D,0
40.71347,-7.65436,331.42,0.45,0.63,2024-09-17,1419,N,VIIRS,n,2,300.25,7.17,D,0
40.67781,-8.38399,347.99,0.41,0.61,2024-09-17,1419,N,VIIRS,n,2,302.79,8.31,D,0
40.67802,-8.3792,356.21,0.41,0.61,2024-09-17,1419,N,VIIRS,n,2,303.09,28.85,D,0
40.67824,-8.37433,354.31,0.41,0.61,2024-09-17,1419,N,VIIRS,n,2,310.33,28.85,D,0
40.67884,-8.36034,350.92,0.41,0.61,2024-09-17,1419,N,VIIRS,n,2,302.63,13.9,D,0
40.67844,-8.36953,367,0.41,0.61,2024-09-17,1419,N,VIIRS,h,2,312.91,46.93,D,0
40.67864,-8.36496,367,0.41,0.61,2024-09-17,1419,N,VIIRS,h,2,306.81,46.93,D,0
40.88085,-8.05667,350.95,0.41,0.37,2024-09-18,0237,N,VIIRS,n,2,318.54,39.2,N,0
40.87999,-8.05184,335.11,0.41,0.37,2024-09-18,0237,N,VIIRS,n,2,329.76,43.31,N,0
40.8773,-8.03674,352.61,0.41,0.37,2024-09-18,0237,N,VIIRS,n,2,296.75,10.82,N,0
40.87639,-8.03165,348.79,0.41,0.37,2024-09-18,0237,N,VIIRS,n,2,295.27,18.87,N,0
40.8755,-8.02659,347.92,0.41,0.37,2024-09-18,0237,N,VIIRS,n,2,304.56,18.87,N,0
40.86079,-7.94456,341.13,0.42,0.37,2024-09-18,0237,N,VIIRS,n,2,302.66,14.25,N,0
40.85989,-7.93952,327.55,0.42,0.37,2024-09-18,0237,N,VIIRS,n,2,292.47,14.25,N,0
40.8433,-7.84743,345.27,0.42,0.38,2024-09-18,0237,N,VIIRS,n,2,296.6,26.1,N,0
40.89792,-8.15248,314.93,0.41,0.37,2024-09-18,0237,N,VIIRS,n,2,291.35,3.45,N,0
40.89623,-8.14299,301.88,0.41,0.37,2024-09-18,0237,N,VIIRS,n,2,289.73,9.15,N,0
40.89456,-8.13362,306.15,0.41,0.37,2024-09-18,0237,N,VIIRS,n,2,288.97,1.25,N,0
40.88843,-8.09907,305.23,0.41,0.37,2024-09-18,0237,N,VIIRS,n,2,291.05,12.54,N,0
40.8791,-8.04685,306.11,0.41,0.37,2024-09-18,0237,N,VIIRS,n,2,288.85,43.31,N,0
40.8782,-8.04182,319.88,0.41,0.37,2024-09-18,0237,N,VIIRS,n,2,290.89,10.82,N,0
40.8746,-8.02157,305.62,0.41,0.37,2024-09-18,0237,N,VIIRS,n,2,290.29,3.9,N,0
40.86341,-7.95918,317.73,0.41,0.37,2024-09-18,0237,N,VIIRS,n,2,288.91,2.73,N,0
40.86168,-7.94951,311.53,0.42,0.37,2024-09-18,0237,N,VIIRS,n,2,292.84,3.48,N,0
40.89621,-8.16279,346.11,0.41,0.37,2024-09-18,0237,N,VIIRS,n,2,296.5,5.85,N,0
40.88774,-8.11527,330.72,0.41,0.37,2024-09-18,0237,N,VIIRS,n,2,288.84,4.01,N,0
40.88425,-8.09564,352.39,0.41,0.37,2024-09-18,0237,N,VIIRS,n,2,302.08,56.07,N,0
40.88343,-8.09105,331.08,0.41,0.37,2024-09-18,0237,N,VIIRS,n,2,309.38,41.15,N,0
40.87835,-8.06265,323.87,0.41,0.37,2024-09-18,0237,N,VIIRS,n,2,294.05,10.69,N,0
40.87749,-8.05779,356.17,0.41,0.37,2024-09-18,0237,N,VIIRS,n,2,307.39,10.69,N,0
40.87659,-8.0528,348.46,0.41,0.37,2024-09-18,0237,N,VIIRS,n,2,315.98,20.99,N,0
40.8757,-8.04776,346.87,0.41,0.37,2024-09-18,0237,N,VIIRS,n,2,295.08,20.99,N,0
40.85828,-7.95051,336.67,0.42,0.37,2024-09-18,0237,N,VIIRS,n,2,299.31,3.94,N,0
40.8574,-7.94556,354.43,0.42,0.37,2024-09-18,0237,N,VIIRS,n,2,305.5,13.85,N,0
40.83995,-7.84872,334.49,0.42,0.38,2024-09-18,0237,N,VIIRS,n,2,291.48,7.08,N,0
40.89539,-8.15819,315.3,0.41,0.37,2024-09-18,0237,N,VIIRS,n,2,293.79,3.68,N,0
40.89455,-8.1535,307.78,0.41,0.37,2024-09-18,0237,N,VIIRS,n,2,292.81,3.68,N,0
40.80285,-7.92087,351.61,0.42,0.37,2024-09-18,0237,N,VIIRS,n,2,295.5,11.17,N,0
40.82386,-8.03701,312.22,0.41,0.37,2024-09-18,0237,N,VIIRS,n,2,293.3,6.21,N,0
40.82301,-8.03231,308.77,0.41,0.37,2024-09-18,0237,N,VIIRS,n,2,292.19,6.21,N,0
40.80908,-7.95523,309.73,0.42,0.37,2024-09-18,0237,N,VIIRS,n,2,290.58,1.58,N,0
40.80642,-7.94053,303.64,0.42,0.37,2024-09-18,0237,N,VIIRS,n,2,291.17,1.97,N,0
40.80552,-7.9356,310.29,0.42,0.37,2024-09-18,0237,N,VIIRS,n,2,293.09,1.97,N,0
40.80464,-7.93074,302.25,0.42,0.37,2024-09-18,0237,N,VIIRS,n,2,289.98,2.14,N,0
40.80375,-7.9258,315.75,0.42,0.37,2024-09-18,0237,N,VIIRS,n,2,289.61,2.14,N,0
40.80197,-7.91602,299.9,0.42,0.37,2024-09-18,0237,N,VIIRS,n,2,288.24,11.17,N,0
40.82133,-8.04277,334.36,0.41,0.37,2024-09-18,0237,N,VIIRS,n,2,297.34,5.17,N,0
40.82048,-8.03808,335.99,0.41,0.37,2024-09-18,0237,N,VIIRS,n,2,294.64,6.21,N,0
40.81963,-8.03337,367,0.41,0.37,2024-09-18,0237,N,VIIRS,h,2,298.33,6.21,N,0
40.81877,-8.0286,346.95,0.41,0.37,2024-09-18,0237,N,VIIRS,n,2,295.65,7.23,N,0
40.80212,-7.93656,339.83,0.42,0.37,2024-09-18,0237,N,VIIRS,n,2,294.84,1.97,N,0
40.80569,-7.95626,310.97,0.42,0.37,2024-09-18,0237,N,VIIRS,n,2,288.73,1.58,N,0
40.80481,-7.95143,309.62,0.42,0.37,2024-09-18,0237,N,VIIRS,n,2,290.75,1.36,N,0
40.80393,-7.94656,308.12,0.42,0.37,2024-09-18,0237,N,VIIRS,n,2,290.5,1.36,N,0
40.80302,-7.94157,315.91,0.42,0.37,2024-09-18,0237,N,VIIRS,n,2,291.65,1.97,N,0
40.81882,-8.04864,326.6,0.41,0.37,2024-09-18,0237,N,VIIRS,n,2,291.12,9.94,N,0
40.81796,-8.04385,354.94,0.41,0.37,2024-09-18,0237,N,VIIRS,n,2,304.9,9.94,N,0
40.8171,-8.03913,355.78,0.41,0.37,2024-09-18,0237,N,VIIRS,n,2,298.85,11.97,N,0
40.8023,-7.95729,338.32,0.42,0.37,2024-09-18,0237,N,VIIRS,n,2,295.42,13.26,N,0
40.80142,-7.95247,342.34,0.42,0.37,2024-09-18,0237,N,VIIRS,n,2,299.64,70.03,N,0
40.80054,-7.9476,348.74,0.42,0.37,2024-09-18,0237,N,VIIRS,n,2,300.51,70.03,N,0
40.79963,-7.94259,353.48,0.42,0.37,2024-09-18,0237,N,VIIRS,n,2,313.66,29.86,N,0
40.81625,-8.0344,308.61,0.41,0.37,2024-09-18,0237,N,VIIRS,n,2,289.04,11.97,N,0
40.79872,-7.93756,307.8,0.42,0.37,2024-09-18,0237,N,VIIRS,n,2,288.67,29.86,N,0
40.81458,-8.04491,324.07,0.41,0.37,2024-09-18,0237,N,VIIRS,n,2,288.9,9.94,N,0
40.80067,-7.96805,356.62,0.42,0.37,2024-09-18,0237,N,VIIRS,n,2,297.37,7.48,N,0
40.79978,-7.96313,335.86,0.42,0.37,2024-09-18,0237,N,VIIRS,n,2,293.85,13.26,N,0
40.7989,-7.95832,339.81,0.42,0.37,2024-09-18,0237,N,VIIRS,n,2,305.19,13.26,N,0
40.79803,-7.9535,354.1,0.42,0.37,2024-09-18,0237,N,VIIRS,n,2,303.1,70.03,N,0
40.79715,-7.94862,367,0.42,0.37,2024-09-18,0237,N,VIIRS,h,2,356.23,70.03,N,0
40.80157,-7.97297,302.38,0.42,0.37,2024-09-18,0237,N,VIIRS,n,2,288.19,7.48,N,0
40.79624,-7.94363,317.04,0.42,0.37,2024-09-18,0237,N,VIIRS,n,2,300.07,29.86,N,0
40.80173,-7.99362,346.09,0.41,0.37,2024-09-18,0237,N,VIIRS,n,2,304.89,22.5,N,0
40.80085,-7.98876,355.83,0.41,0.37,2024-09-18,0237,N,VIIRS,n,2,297.25,22.5,N,0
40.79996,-7.98383,332.16,0.41,0.37,2024-09-18,0237,N,VIIRS,n,2,291.61,10.11,N,0
40.79817,-7.97398,332.45,0.42,0.37,2024-09-18,0237,N,VIIRS,n,2,299.27,16.69,N,0
40.79728,-7.96907,348.37,0.42,0.37,2024-09-18,0237,N,VIIRS,n,2,304.21,16.69,N,0
40.79639,-7.96417,329.66,0.42,0.37,2024-09-18,0237,N,VIIRS,n,2,289.69,30.4,N,0
40.79551,-7.95934,338.93,0.42,0.37,2024-09-18,0237,N,VIIRS,n,2,327.12,30.4,N,0
40.79465,-7.95456,330.53,0.42,0.37,2024-09-18,0237,N,VIIRS,n,2,327.29,39.33,N,0
40.79375,-7.94965,348.14,0.42,0.37,2024-09-18,0237,N,VIIRS,n,2,297.79,39.33,N,0
40.79285,-7.94467,311.22,0.42,0.37,2024-09-18,0237,N,VIIRS,n,2,287.46,3.97,N,0
40.79921,-7.99941,345.41,0.41,0.37,2024-09-18,0237,N,VIIRS,n,2,293.52,5.3,N,0
40.79834,-7.99462,367,0.41,0.37,2024-09-18,0237,N,VIIRS,h,2,295.29,22.5,N,0
40.79745,-7.98974,333.99,0.41,0.37,2024-09-18,0237,N,VIIRS,n,2,294.74,22.5,N,0
40.79656,-7.98482,340.47,0.41,0.37,2024-09-18,0237,N,VIIRS,n,2,298.6,10.11,N,0
40.79478,-7.97498,348.46,0.42,0.37,2024-09-18,0237,N,VIIRS,n,2,293.98,16.69,N,0
40.79388,-7.97008,335.78,0.42,0.37,2024-09-18,0237,N,VIIRS,n,2,290.21,16.69,N,0
40.793,-7.96519,342.04,0.42,0.37,2024-09-18,0237,N,VIIRS,n,2,291.85,30.4,N,0
40.79212,-7.96038,355.78,0.42,0.37,2024-09-18,0237,N,VIIRS,n,2,293.04,30.4,N,0
40.79126,-7.9556,341.94,0.42,0.37,2024-09-18,0237,N,VIIRS,n,2,289.77,39.33,N,0
40.80268,-8.01859,300.25,0.41,0.37,2024-09-18,0237,N,VIIRS,n,2,287.96,0.72,N,0
40.80182,-8.01383,315.78,0.41,0.37,2024-09-18,0237,N,VIIRS,n,2,289.14,1.78,N,0
40.80007,-8.00415,310.92,0.41,0.37,2024-09-18,0237,N,VIIRS,n,2,288.75,5.3,N,0
40.79567,-7.97989,307.29,0.41,0.37,2024-09-18,0237,N,VIIRS,n,2,288.85,10.11,N,0
40.79036,-7.9507,301.28,0.42,0.37,2024-09-18,0237,N,VIIRS,n,2,288.5,39.33,N,0
40.79931,-8.01971,324.22,0.41,0.37,2024-09-18,0237,N,VIIRS,n,2,290.74,66.04,N,0
40.79844,-8.01486,351.79,0.41,0.37,2024-09-18,0237,N,VIIRS,n,2,316,48.53,N,0
40.79755,-8.00999,332.9,0.41,0.37,2024-09-18,0237,N,VIIRS,n,2,290.84,48.53,N,0
40.79668,-8.00518,354.82,0.41,0.37,2024-09-18,0237,N,VIIRS,n,2,302.76,32.58,N,0
40.79581,-8.00041,367,0.41,0.37,2024-09-18,0237,N,VIIRS,h,2,304.81,32.58,N,0
40.79495,-7.99563,352.49,0.41,0.37,2024-09-18,0237,N,VIIRS,n,2,297.55,22.91,N,0
40.79406,-7.99073,353.07,0.41,0.37,2024-09-18,0237,N,VIIRS,n,2,302.88,22.91,N,0
40.79316,-7.98581,345.42,0.41,0.37,2024-09-18,0237,N,VIIRS,n,2,293.77,8.48,N,0
40.79138,-7.97597,329.98,0.42,0.37,2024-09-18,0237,N,VIIRS,n,2,289.05,4,N,0
40.79227,-7.98089,299.93,0.41,0.37,2024-09-18,0237,N,VIIRS,n,2,287.84,8.48,N,0
40.79595,-8.02084,367,0.41,0.37,2024-09-18,0237,N,VIIRS,h,2,337.41,66.04,N,0
40.79505,-8.01592,367,0.41,0.37,2024-09-18,0237,N,VIIRS,h,2,339.2,48.53,N,0
40.79417,-8.01103,348.39,0.41,0.37,2024-09-18,0237,N,VIIRS,n,2,303.43,48.53,N,0
40.7933,-8.00623,341.29,0.41,0.37,2024-09-18,0237,N,VIIRS,n,2,318.56,32.58,N,0
40.79243,-8.00145,354.32,0.41,0.37,2024-09-18,0237,N,VIIRS,n,2,306.97,32.58,N,0
40.79155,-7.9966,343.31,0.41,0.37,2024-09-18,0237,N,VIIRS,n,2,306.34,22.91,N,0
40.79066,-7.99171,344.41,0.41,0.37,2024-09-18,0237,N,VIIRS,n,2,290.92,22.91,N,0
40.79681,-8.02561,306.61,0.41,0.37,2024-09-18,0237,N,VIIRS,n,2,288.11,66.04,N,0
40.79256,-8.02186,330.3,0.41,0.37,2024-09-18,0237,N,VIIRS,n,2,289.19,5.99,N,0
40.79167,-8.01695,322.89,0.41,0.37,2024-09-18,0237,N,VIIRS,n,2,288.6,5.41,N,0
40.79078,-8.01207,333.64,0.41,0.37,2024-09-18,0237,N,VIIRS,n,2,288.08,5.41,N,0
40.78992,-8.00729,337.62,0.41,0.37,2024-09-18,0237,N,VIIRS,n,2,305.71,54.39,N,0
40.78905,-8.00251,336.15,0.41,0.37,2024-09-18,0237,N,VIIRS,n,2,288.33,54.39,N,0
40.67518,-7.58421,320.6,0.43,0.38,2024-09-18,0237,N,VIIRS,n,2,285.92,4.18,N,0
40.67969,-7.60879,309.02,0.43,0.38,2024-09-18,0237,N,VIIRS,n,2,286.01,6.3,N,0
40.6779,-7.59903,298.02,0.43,0.38,2024-09-18,0237,N,VIIRS,n,2,286.01,1.16,N,0
40.67428,-7.5793,298.95,0.43,0.38,2024-09-18,0237,N,VIIRS,n,2,284.9,4.18,N,0
40.67719,-7.61484,345.81,0.43,0.38,2024-09-18,0237,N,VIIRS,n,2,292.81,6.3,N,0
40.67628,-7.60995,354.32,0.43,0.38,2024-09-18,0237,N,VIIRS,n,2,296.69,6.3,N,0
40.67178,-7.58539,326.88,0.43,0.38,2024-09-18,0237,N,VIIRS,n,2,287.1,4.18,N,0
40.67088,-7.58049,335.41,0.43,0.38,2024-09-18,0237,N,VIIRS,n,2,291.9,4.18,N,0
40.82149,-8.41818,302.34,0.41,0.37,2024-09-18,0237,N,VIIRS,n,2,292.14,1.25,N,0
40.67539,-7.60507,311.55,0.43,0.38,2024-09-18,0237,N,VIIRS,n,2,290.82,1.16,N,0
40.89371,-8.1488,303.63,0.41,0.37,2024-09-18,0237,N,VIIRS,n,2,291.21,1.06,N,0
40.89204,-8.13943,302.85,0.41,0.37,2024-09-18,0237,N,VIIRS,n,2,289.85,7.97,N,0
40.8912,-8.13468,309.41,0.41,0.37,2024-09-18,0237,N,VIIRS,n,2,290.22,7.97,N,0
40.89034,-8.12985,300.74,0.41,0.37,2024-09-18,0237,N,VIIRS,n,2,288.63,5.96,N,0
40.88686,-8.11024,310.82,0.41,0.37,2024-09-18,0237,N,VIIRS,n,2,290.51,2.45,N,0
40.88508,-8.10025,305.54,0.41,0.37,2024-09-18,0237,N,VIIRS,n,2,291.54,56.07,N,0
40.88259,-8.08631,302.37,0.41,0.37,2024-09-18,0237,N,VIIRS,n,2,289.17,41.15,N,0
40.88171,-8.0814,305.5,0.41,0.37,2024-09-18,0237,N,VIIRS,n,2,290.61,1.5,N,0
40.88086,-8.07662,315.13,0.41,0.37,2024-09-18,0237,N,VIIRS,n,2,290.98,1.5,N,0
40.8748,-8.0427,304.78,0.41,0.37,2024-09-18,0237,N,VIIRS,n,2,288.58,1.13,N,0
40.89282,-8.16367,329.75,0.41,0.37,2024-09-18,0237,N,VIIRS,n,2,292.28,5.85,N,0
40.89199,-8.15903,340.22,0.41,0.37,2024-09-18,0237,N,VIIRS,n,2,296.78,3.68,N,0
40.89116,-8.15438,329.99,0.41,0.37,2024-09-18,0237,N,VIIRS,n,2,295.68,3.68,N,0
40.88868,-8.14053,344.27,0.41,0.37,2024-09-18,0237,N,VIIRS,n,2,296.14,7.97,N,0
40.88783,-8.13573,353.58,0.41,0.37,2024-09-18,0237,N,VIIRS,n,2,298.8,7.97,N,0
40.88696,-8.13084,353.93,0.41,0.37,2024-09-18,0237,N,VIIRS,n,2,307.37,5.96,N,0
40.88526,-8.12127,346.89,0.41,0.37,2024-09-18,0237,N,VIIRS,n,2,295.35,4.01,N,0
40.88091,-8.09688,367,0.41,0.37,2024-09-18,0237,N,VIIRS,h,2,345.13,56.07,N,0
40.88008,-8.09228,367,0.41,0.37,2024-09-18,0237,N,VIIRS,h,2,338.69,41.15,N,0
40.85577,-7.95642,323.48,0.42,0.37,2024-09-18,0237,N,VIIRS,n,2,287.65,3.94,N,0
40.83828,-7.85928,352.86,0.42,0.37,2024-09-18,0237,N,VIIRS,n,2,301.23,11.3,N,0
40.83743,-7.85461,324.84,0.42,0.37,2024-09-18,0237,N,VIIRS,n,2,295.48,11.3,N,0
40.83658,-7.84992,347.83,0.42,0.38,2024-09-18,0237,N,VIIRS,n,2,297.94,7.08,N,0
40.83571,-7.84515,323.75,0.42,0.38,2024-09-18,0237,N,VIIRS,n,2,285.6,7.08,N,0
40.89034,-8.14976,309.25,0.41,0.37,2024-09-18,0237,N,VIIRS,n,2,293.16,1.06,N,0
40.88951,-8.14517,308.41,0.41,0.37,2024-09-18,0237,N,VIIRS,n,2,292.28,1.06,N,0
40.8861,-8.12601,304.9,0.41,0.37,2024-09-18,0237,N,VIIRS,n,2,291.36,5.96,N,0
40.8844,-8.11646,307.08,0.41,0.37,2024-09-18,0237,N,VIIRS,n,2,288.72,4.01,N,0
40.88173,-8.10145,318.18,0.41,0.37,2024-09-18,0237,N,VIIRS,n,2,292.2,56.07,N,0
40.87926,-8.08764,317.86,0.41,0.37,2024-09-18,0237,N,VIIRS,n,2,290.9,41.15,N,0
40.87838,-8.0827,312.15,0.41,0.37,2024-09-18,0237,N,VIIRS,n,2,289.38,1.5,N,0
40.8732,-8.05374,314.07,0.41,0.37,2024-09-18,0237,N,VIIRS,n,2,288.91,20.99,N,0
40.85837,-7.97089,305.88,0.41,0.37,2024-09-18,0237,N,VIIRS,n,2,289.61,1.62,N,0
40.85489,-7.95152,304.39,0.42,0.37,2024-09-18,0237,N,VIIRS,n,2,289.3,3.94,N,0
40.854,-7.94656,315.41,0.42,0.37,2024-09-18,0237,N,VIIRS,n,2,287.71,13.85,N,0
40.84002,-7.86893,301.44,0.42,0.37,2024-09-18,0237,N,VIIRS,n,2,289.22,1.3,N,0
40.83913,-7.86405,307.73,0.42,0.37,2024-09-18,0237,N,VIIRS,n,2,288.98,1.3,N,0
40.88776,-8.15522,346.91,0.41,0.37,2024-09-18,0237,N,VIIRS,n,2,307.07,30.46,N,0
40.88694,-8.15067,331.49,0.41,0.37,2024-09-18,0237,N,VIIRS,n,2,326.41,27.46,N,0
40.88614,-8.14617,331.01,0.41,0.37,2024-09-18,0237,N,VIIRS,n,2,296.33,27.46,N,0
40.8853,-8.14147,340.81,0.41,0.37,2024-09-18,0237,N,VIIRS,n,2,292.1,2.74,N,0
40.88357,-8.13176,354.18,0.41,0.37,2024-09-18,0237,N,VIIRS,n,2,298.43,24.7,N,0
40.88272,-8.12696,354.26,0.41,0.37,2024-09-18,0237,N,VIIRS,n,2,308.1,24.7,N,0
40.88188,-8.12226,345.37,0.41,0.37,2024-09-18,0237,N,VIIRS,n,2,295.07,20.93,N,0
40.87839,-8.10268,334.56,0.41,0.37,2024-09-18,0237,N,VIIRS,n,2,291.94,71.66,N,0
40.87674,-8.0935,356.03,0.41,0.37,2024-09-18,0237,N,VIIRS,n,2,294.61,15.28,N,0
40.85498,-7.97191,338.58,0.41,0.37,2024-09-18,0237,N,VIIRS,n,2,293.86,4.85,N,0
40.83573,-7.86503,367,0.42,0.37,2024-09-18,0237,N,VIIRS,h,2,300.03,20.23,N,0
40.83488,-7.86031,353.36,0.42,0.37,2024-09-18,0237,N,VIIRS,n,2,310.17,39.38,N,0
40.83404,-7.85569,343.47,0.42,0.37,2024-09-18,0237,N,VIIRS,n,2,303.21,39.38,N,0
40.83319,-7.85102,352.83,0.42,0.38,2024-09-18,0237,N,VIIRS,n,2,310.03,53.99,N,0
40.88858,-8.15986,313.76,0.41,0.37,2024-09-18,0237,N,VIIRS,n,2,292,30.46,N,0
40.88445,-8.13668,310.62,0.41,0.37,2024-09-18,0237,N,VIIRS,n,2,288.99,2.74,N,0
40.8759,-8.08881,301.94,0.41,0.37,2024-09-18,0237,N,VIIRS,n,2,287.47,15.28,N,0
40.87418,-8.07914,308.93,0.41,0.37,2024-09-18,0237,N,VIIRS,n,2,289.26,1.79,N,0
40.86981,-8.05469,319.07,0.41,0.37,2024-09-18,0237,N,VIIRS,n,2,287.7,2.81,N,0
40.86443,-8.02453,319.55,0.41,0.37,2024-09-18,0237,N,VIIRS,n,2,291.73,1.63,N,0
40.86104,-8.00561,310.61,0.41,0.37,2024-09-18,0237,N,VIIRS,n,2,288.57,1.36,N,0
40.85585,-7.97675,304.94,0.41,0.37,2024-09-18,0237,N,VIIRS,n,2,290.03,4.85,N,0
40.8366,-7.86984,319.31,0.42,0.37,2024-09-18,0237,N,VIIRS,n,2,291.09,20.23,N,0
40.88437,-8.1561,331.67,0.41,0.37,2024-09-18,0237,N,VIIRS,n,2,291.37,30.46,N,0
40.6745,-7.60021,304.84,0.43,0.38,2024-09-18,0237,N,VIIRS,n,2,287.79,1.16,N,0
40.81815,-8.41921,346.81,0.41,0.37,2024-09-18,0237,N,VIIRS,n,2,337.01,68.28,N,0
40.81651,-8.40997,333.15,0.41,0.37,2024-09-18,0237,N,VIIRS,n,2,295.49,36.28,N,0
40.67468,-7.62093,333.03,0.43,0.38,2024-09-18,0237,N,VIIRS,n,2,288.79,6.39,N,0
40.67378,-7.61604,338.51,0.43,0.38,2024-09-18,0237,N,VIIRS,n,2,297.42,3.68,N,0
40.81896,-8.42385,306.29,0.41,0.37,2024-09-18,0237,N,VIIRS,n,2,294.58,1.96,N,0
40.67289,-7.61115,298.61,0.43,0.38,2024-09-18,0237,N,VIIRS,n,2,288.35,3.68,N,0
40.67198,-7.60625,298.4,0.43,0.38,2024-09-18,0237,N,VIIRS,n,2,287.86,0.64,N,0
40.66747,-7.5817,296.99,0.43,0.38,2024-09-18,0237,N,VIIRS,n,2,285.23,0.86,N,0
40.81728,-8.43433,321.55,0.41,0.37,2024-09-18,0237,N,VIIRS,n,2,294.56,1.32,N,0
40.81479,-8.42023,367,0.41,0.37,2024-09-18,0237,N,VIIRS,h,2,311.11,68.28,N,0
40.81398,-8.41564,367,0.41,0.37,2024-09-18,0237,N,VIIRS,h,2,340.39,68.28,N,0
40.81317,-8.41103,351.4,0.41,0.37,2024-09-18,0237,N,VIIRS,n,2,322.5,36.28,N,0
40.81236,-8.40645,350.61,0.41,0.37,2024-09-18,0237,N,VIIRS,n,2,314.44,36.28,N,0
40.81153,-8.40178,343.77,0.41,0.37,2024-09-18,0237,N,VIIRS,n,2,310.67,41.66,N,0
40.67216,-7.62694,367,0.43,0.38,2024-09-18,0237,N,VIIRS,h,2,297.23,6.39,N,0
40.81811,-8.43908,309.61,0.4,0.37,2024-09-18,0237,N,VIIRS,n,2,291.57,1.32,N,0
40.81562,-8.4249,309.28,0.41,0.37,2024-09-18,0237,N,VIIRS,n,2,294.75,1.96,N,0
40.67306,-7.63184,296.38,0.42,0.38,2024-09-18,0237,N,VIIRS,n,2,286.28,1.44,N,0
40.67127,-7.62208,308.04,0.43,0.38,2024-09-18,0237,N,VIIRS,n,2,288.57,6.39,N,0
40.66949,-7.61238,311.42,0.43,0.38,2024-09-18,0237,N,VIIRS,n,2,289.23,3.68,N,0
40.66858,-7.60746,298.1,0.43,0.38,2024-09-18,0237,N,VIIRS,n,2,286.49,0.64,N,0
40.81145,-8.42135,338.09,0.41,0.37,2024-09-18,0237,N,VIIRS,n,2,302.46,4.06,N,0
40.81063,-8.41673,325.28,0.41,0.37,2024-09-18,0237,N,VIIRS,n,2,299.03,4.06,N,0
40.80821,-8.40298,339.89,0.41,0.37,2024-09-18,0237,N,VIIRS,n,2,295.71,7.26,N,0
40.67329,-7.65278,341.62,0.42,0.38,2024-09-18,0237,N,VIIRS,n,2,290.61,8.96,N,0
40.67236,-7.64772,338.67,0.42,0.38,2024-09-18,0237,N,VIIRS,n,2,290.43,11.88,N,0
40.66964,-7.63294,336.12,0.42,0.38,2024-09-18,0237,N,VIIRS,n,2,298.86,17.75,N,0
40.66875,-7.62806,335.82,0.43,0.38,2024-09-18,0237,N,VIIRS,n,2,295.38,3.48,N,0
40.81393,-8.43538,313.52,0.41,0.37,2024-09-18,0237,N,VIIRS,n,2,295.1,1.56,N,0
40.8131,-8.43068,308.48,0.41,0.37,2024-09-18,0237,N,VIIRS,n,2,295.4,1.14,N,0
40.81227,-8.42599,306.95,0.41,0.37,2024-09-18,0237,N,VIIRS,n,2,296.02,1.14,N,0
40.80983,-8.41215,318.36,0.41,0.37,2024-09-18,0237,N,VIIRS,n,2,296.16,1.91,N,0
40.80903,-8.40761,309.56,0.41,0.37,2024-09-18,0237,N,VIIRS,n,2,293.56,1.91,N,0
40.80737,-8.39823,319.07,0.41,0.37,2024-09-18,0237,N,VIIRS,n,2,295.66,7.26,N,0
40.66787,-7.62328,305.45,0.43,0.38,2024-09-18,0237,N,VIIRS,n,2,287.92,3.48,N,0
40.88355,-8.15155,340.44,0.41,0.37,2024-09-18,0237,N,VIIRS,n,2,308.14,27.46,N,0
40.88274,-8.14702,353.15,0.41,0.37,2024-09-18,0237,N,VIIRS,n,2,293.45,27.46,N,0
40.87933,-8.1279,323.13,0.41,0.37,2024-09-18,0237,N,VIIRS,n,2,289.46,24.7,N,0
40.87423,-8.09931,341.3,0.41,0.37,2024-09-18,0237,N,VIIRS,n,2,292.76,71.66,N,0
40.8585,-8.01137,341.76,0.41,0.37,2024-09-18,0237,N,VIIRS,n,2,296.94,3.43,N,0
40.85246,-7.97775,322.49,0.41,0.37,2024-09-18,0237,N,VIIRS,n,2,293.22,4.85,N,0
40.85159,-7.97293,340.57,0.41,0.37,2024-09-18,0237,N,VIIRS,n,2,296.12,4.85,N,0
40.8332,-7.87084,351.03,0.42,0.37,2024-09-18,0237,N,VIIRS,n,2,297.56,20.23,N,0
40.83233,-7.86605,346.47,0.42,0.37,2024-09-18,0237,N,VIIRS,n,2,308.32,20.23,N,0
40.83148,-7.86136,354.74,0.42,0.37,2024-09-18,0237,N,VIIRS,n,2,308.18,39.38,N,0
40.83065,-7.85675,367,0.42,0.37,2024-09-18,0237,N,VIIRS,h,2,343.24,39.38,N,0
40.88191,-8.14236,318.89,0.41,0.37,2024-09-18,0237,N,VIIRS,n,2,289.84,2.74,N,0
40.87506,-8.10397,304.39,0.41,0.37,2024-09-18,0237,N,VIIRS,n,2,290.09,71.66,N,0
40.86733,-8.06073,315.67,0.41,0.37,2024-09-18,0237,N,VIIRS,n,2,293.11,2.23,N,0
40.86105,-8.02552,316.98,0.41,0.37,2024-09-18,0237,N,VIIRS,n,2,291.64,1.63,N,0
40.86019,-8.02072,306.63,0.41,0.37,2024-09-18,0237,N,VIIRS,n,2,291.52,1.63,N,0
40.85934,-8.01603,307.56,0.41,0.37,2024-09-18,0237,N,VIIRS,n,2,291.54,3.43,N,0
40.85767,-8.00672,316.26,0.41,0.37,2024-09-18,0237,N,VIIRS,n,2,291.34,1.36,N,0
40.85682,-8.00203,305.75,0.41,0.37,2024-09-18,0237,N,VIIRS,n,2,290.06,1.36,N,0
40.85334,-7.98265,310,0.41,0.37,2024-09-18,0237,N,VIIRS,n,2,292.41,3.05,N,0
40.85073,-7.96815,305.72,0.41,0.37,2024-09-18,0237,N,VIIRS,n,2,288.51,1.15,N,0
40.87172,-8.10518,331.46,0.41,0.37,2024-09-18,0237,N,VIIRS,n,2,294.18,11.57,N,0
40.84907,-7.97875,350.71,0.41,0.37,2024-09-18,0237,N,VIIRS,n,2,302,13.38,N,0
40.84821,-7.97395,326.61,0.41,0.37,2024-09-18,0237,N,VIIRS,n,2,288.51,13.38,N,0
40.83068,-7.87676,332.56,0.42,0.37,2024-09-18,0237,N,VIIRS,n,2,295.38,12.06,N,0
40.8298,-7.87187,351.33,0.42,0.37,2024-09-18,0237,N,VIIRS,n,2,296.87,17.01,N,0
40.82893,-7.86708,351.16,0.42,0.37,2024-09-18,0237,N,VIIRS,n,2,313.19,17.01,N,0
40.82809,-7.86242,354.69,0.42,0.37,2024-09-18,0237,N,VIIRS,n,2,302.78,58.8,N,0
40.82726,-7.85781,342.38,0.42,0.37,2024-09-18,0237,N,VIIRS,n,2,319.76,58.8,N,0
40.87088,-8.10052,313.96,0.41,0.37,2024-09-18,0237,N,VIIRS,n,2,300.71,11.57,N,0
40.8692,-8.09112,306.86,0.41,0.37,2024-09-18,0237,N,VIIRS,n,2,290.68,7.25,N,0
40.86833,-8.08626,318.42,0.41,0.37,2024-09-18,0237,N,VIIRS,n,2,291.91,4.7,N,0
40.86571,-8.07159,313.93,0.41,0.37,2024-09-18,0237,N,VIIRS,n,2,297.79,1.87,N,0
40.86394,-8.06169,314.56,0.41,0.37,2024-09-18,0237,N,VIIRS,n,2,293.66,3.4,N,0
40.85765,-8.02652,309.38,0.41,0.37,2024-09-18,0237,N,VIIRS,n,2,291.96,1.34,N,0
40.85596,-8.01708,307.28,0.41,0.37,2024-09-18,0237,N,VIIRS,n,2,292.23,1.72,N,0
40.85512,-8.01243,315.21,0.41,0.37,2024-09-18,0237,N,VIIRS,n,2,292.66,1.72,N,0
40.85429,-8.0078,314.71,0.41,0.37,2024-09-18,0237,N,VIIRS,n,2,293.97,2.68,N,0
40.85345,-8.00312,319.28,0.41,0.37,2024-09-18,0237,N,VIIRS,n,2,293.56,2.68,N,0
40.85258,-7.99831,306.32,0.41,0.37,2024-09-18,0237,N,VIIRS,n,2,291.16,1.66,N,0
40.85171,-7.99345,306.79,0.41,0.37,2024-09-18,0237,N,VIIRS,n,2,290.31,1.66,N,0
40.85083,-7.98857,313.32,0.41,0.37,2024-09-18,0237,N,VIIRS,n,2,292.97,11.2,N,0
40.84995,-7.98366,311.23,0.41,0.37,2024-09-18,0237,N,VIIRS,n,2,291.6,11.2,N,0
40.83334,-7.89149,301.44,0.42,0.37,2024-09-18,0237,N,VIIRS,n,2,288.55,0.87,N,0
40.83247,-7.88667,305.93,0.42,0.37,2024-09-18,0237,N,VIIRS,n,2,288.23,0.87,N,0
40.83158,-7.88173,309.14,0.42,0.37,2024-09-18,0237,N,VIIRS,n,2,290.13,12.06,N,0
40.82641,-7.85315,307.71,0.42,0.38,2024-09-18,0237,N,VIIRS,n,2,287.12,21.75,N,0
40.86752,-8.10164,333.5,0.41,0.37,2024-09-18,0237,N,VIIRS,n,2,293.28,11.57,N,0
40.86668,-8.09696,333.96,0.41,0.37,2024-09-18,0237,N,VIIRS,n,2,294.15,7.25,N,0
40.86583,-8.09214,357.42,0.41,0.37,2024-09-18,0237,N,VIIRS,n,2,296.63,7.25,N,0
40.86495,-8.08725,355.25,0.41,0.37,2024-09-18,0237,N,VIIRS,n,2,295.56,4.7,N,0
40.86407,-8.08235,324.49,0.41,0.37,2024-09-18,0237,N,VIIRS,n,2,290.38,4.7,N,0
40.85091,-8.00885,327.86,0.41,0.37,2024-09-18,0237,N,VIIRS,n,2,297.05,2.68,N,0
40.85007,-8.00418,336.32,0.41,0.37,2024-09-18,0237,N,VIIRS,n,2,300.84,2.68,N,0
40.8492,-7.99934,320.58,0.41,0.37,2024-09-18,0237,N,VIIRS,n,2,295.22,1.66,N,0
40.84832,-7.99445,322.57,0.41,0.37,2024-09-18,0237,N,VIIRS,n,2,293.96,1.66,N,0
40.84744,-7.98956,349.54,0.41,0.37,2024-09-18,0237,N,VIIRS,n,2,304.57,11.2,N,0
40.84656,-7.98465,353.31,0.41,0.37,2024-09-18,0237,N,VIIRS,n,2,311.6,11.2,N,0
40.84568,-7.97979,354.15,0.41,0.37,2024-09-18,0237,N,VIIRS,n,2,296.72,13.38,N,0
40.84482,-7.97499,355,0.41,0.37,2024-09-18,0237,N,VIIRS,n,2,295.04,13.38,N,0
40.82817,-7.88271,342.83,0.42,0.37,2024-09-18,0237,N,VIIRS,n,2,294.69,12.06,N,0
40.82729,-7.87777,339.2,0.42,0.37,2024-09-18,0237,N,VIIRS,n,2,303.46,12.06,N,0
40.82641,-7.87295,331.49,0.42,0.37,2024-09-18,0237,N,VIIRS,n,2,289.67,17.01,N,0
40.82556,-7.86823,321.09,0.42,0.37,2024-09-18,0237,N,VIIRS,n,2,287.77,17.01,N,0
40.86837,-8.10634,314.81,0.41,0.37,2024-09-18,0237,N,VIIRS,n,2,288.85,11.57,N,0
40.86232,-8.07254,307.21,0.41,0.37,2024-09-18,0237,N,VIIRS,n,2,292.34,1.87,N,0
40.85963,-8.0575,303.99,0.41,0.37,2024-09-18,0237,N,VIIRS,n,2,288.75,1.61,N,0
40.85513,-8.03232,310.51,0.41,0.37,2024-09-18,0237,N,VIIRS,n,2,290.98,3.22,N,0
40.85427,-8.02751,307.82,0.41,0.37,2024-09-18,0237,N,VIIRS,n,2,292.03,1.34,N,0
40.85342,-8.02279,308.23,0.41,0.37,2024-09-18,0237,N,VIIRS,n,2,291.74,1.34,N,0
40.85175,-8.01348,316.64,0.41,0.37,2024-09-18,0237,N,VIIRS,n,2,296.54,1.72,N,0
40.82995,-7.89252,307.64,0.42,0.37,2024-09-18,0237,N,VIIRS,n,2,289.67,0.87,N,0
40.82907,-7.88766,310.93,0.42,0.37,2024-09-18,0237,N,VIIRS,n,2,288.8,0.87,N,0
40.86416,-8.10273,367,0.41,0.37,2024-09-18,0237,N,VIIRS,h,2,296.47,15.03,N,0
40.86332,-8.09802,356.15,0.41,0.37,2024-09-18,0237,N,VIIRS,n,2,295.31,10.45,N,0
40.84836,-8.01454,330.08,0.41,0.37,2024-09-18,0237,N,VIIRS,n,2,300.49,5.52,N,0
40.84753,-8.00991,331,0.41,0.37,2024-09-18,0237,N,VIIRS,n,2,295.72,24.67,N,0
40.84668,-8.00521,352.55,0.41,0.37,2024-09-18,0237,N,VIIRS,n,2,308.79,24.67,N,0
40.84581,-8.00038,352.72,0.41,0.37,2024-09-18,0237,N,VIIRS,n,2,307.52,84.39,N,0
40.84493,-7.99546,367,0.41,0.37,2024-09-18,0237,N,VIIRS,h,2,319.26,84.39,N,0
40.84405,-7.99055,342.03,0.41,0.37,2024-09-18,0237,N,VIIRS,n,2,330.98,33.55,N,0
40.84317,-7.98566,350.87,0.41,0.37,2024-09-18,0237,N,VIIRS,n,2,305.11,33.55,N,0
40.8423,-7.98081,325.3,0.41,0.37,2024-09-18,0237,N,VIIRS,n,2,291,2.3,N,0
40.82566,-7.88862,343.18,0.42,0.37,2024-09-18,0237,N,VIIRS,n,2,319.99,53.71,N,0
40.82477,-7.88368,337.79,0.42,0.37,2024-09-18,0237,N,VIIRS,n,2,303.27,15.68,N,0
40.86245,-8.09318,309.35,0.41,0.37,2024-09-18,0237,N,VIIRS,n,2,287.08,10.45,N,0
40.86156,-8.08821,302.73,0.41,0.37,2024-09-18,0237,N,VIIRS,n,2,288.17,2.42,N,0
40.86068,-8.08325,315.71,0.41,0.37,2024-09-18,0237,N,VIIRS,n,2,290.52,2.42,N,0
40.85442,-8.04823,306.58,0.41,0.37,2024-09-18,0237,N,VIIRS,n,2,290.58,1.37,N,0
40.85262,-8.03822,308.47,0.41,0.37,2024-09-18,0237,N,VIIRS,n,2,290.21,1.33,N,0
40.85174,-8.03331,305.87,0.41,0.37,2024-09-18,0237,N,VIIRS,n,2,290.63,1.33,N,0
40.85087,-8.02847,316.64,0.41,0.37,2024-09-18,0237,N,VIIRS,n,2,292.05,1.13,N,0
40.85003,-8.02376,306.76,0.41,0.37,2024-09-18,0237,N,VIIRS,n,2,292.21,1.13,N,0
40.84919,-8.01911,316.62,0.41,0.37,2024-09-18,0237,N,VIIRS,n,2,295.97,5.52,N,0
40.84144,-7.97605,304.28,0.41,0.37,2024-09-18,0237,N,VIIRS,n,2,288.65,2.3,N,0
40.82655,-7.89353,314,0.42,0.37,2024-09-18,0237,N,VIIRS,n,2,289.03,53.71,N,0
40.82389,-7.87882,312.83,0.42,0.37,2024-09-18,0237,N,VIIRS,n,2,288.65,15.68,N,0
40.85727,-8.08411,329.46,0.41,0.37,2024-09-18,0237,N,VIIRS,n,2,291.55,2.42,N,0
40.85638,-8.07913,326.48,0.41,0.37,2024-09-18,0237,N,VIIRS,n,2,291.38,4.17,N,0
40.85192,-8.05418,326.23,0.41,0.37,2024-09-18,0237,N,VIIRS,n,2,292.15,2.73,N,0
40.8458,-8.02011,324.73,0.41,0.37,2024-09-18,0237,N,VIIRS,n,2,296.46,5.52,N,0
40.84498,-8.01555,348.64,0.41,0.37,2024-09-18,0237,N,VIIRS,n,2,303.82,5.52,N,0
40.84415,-8.01096,349.53,0.41,0.37,2024-09-18,0237,N,VIIRS,n,2,317.9,24.67,N,0
40.8433,-8.00625,367,0.41,0.37,2024-09-18,0237,N,VIIRS,h,2,317.21,24.67,N,0
40.84243,-8.00141,367,0.41,0.37,2024-09-18,0237,N,VIIRS,h,2,361.99,84.39,N,0
40.84155,-7.99648,367,0.41,0.37,2024-09-18,0237,N,VIIRS,h,2,344.48,84.39,N,0
40.84066,-7.99156,355.26,0.41,0.37,2024-09-18,0237,N,VIIRS,n,2,297.9,33.55,N,0
40.83978,-7.98667,344.52,0.41,0.37,2024-09-18,0237,N,VIIRS,n,2,295.66,33.55,N,0
40.83278,-7.94785,336.81,0.42,0.37,2024-09-18,0237,N,VIIRS,n,2,291.95,3.16,N,0
40.82315,-7.89456,347.52,0.42,0.37,2024-09-18,0237,N,VIIRS,n,2,295.24,53.71,N,0
40.82226,-7.88959,328.4,0.42,0.37,2024-09-18,0237,N,VIIRS,n,2,308.36,53.71,N,0
40.85283,-8.05928,316.11,0.41,0.37,2024-09-18,0237,N,VIIRS,n,2,293.47,2.73,N,0
40.85102,-8.04918,312.84,0.41,0.37,2024-09-18,0237,N,VIIRS,n,2,290.37,1.37,N,0
40.85013,-8.04422,305.13,0.41,0.37,2024-09-18,0237,N,VIIRS,n,2,290.89,1.37,N,0
40.84924,-8.03925,311.74,0.41,0.37,2024-09-18,0237,N,VIIRS,n,2,291.38,1.33,N,0
40.84836,-8.03435,315.6,0.41,0.37,2024-09-18,0237,N,VIIRS,n,2,292.35,1.33,N,0
40.84749,-8.02948,308.35,0.41,0.37,2024-09-18,0237,N,VIIRS,n,2,290.21,1.13,N,0
40.84663,-8.02476,305.7,0.41,0.37,2024-09-18,0237,N,VIIRS,n,2,291.5,1.13,N,0
40.83891,-7.98185,303.93,0.41,0.37,2024-09-18,0237,N,VIIRS,n,2,288.63,2.3,N,0
40.83368,-7.95285,314.87,0.42,0.37,2024-09-18,0237,N,VIIRS,n,2,288.68,3.16,N,0
40.82136,-7.88465,307,0.42,0.37,2024-09-18,0237,N,VIIRS,n,2,288.68,15.68,N,0
40.85297,-8.07997,342.82,0.41,0.37,2024-09-18,0237,N,VIIRS,n,2,293.22,8.68,N,0
40.85122,-8.07016,321.1,0.41,0.37,2024-09-18,0237,N,VIIRS,n,2,294.55,18.65,N,0
40.85033,-8.06523,322.34,0.41,0.37,2024-09-18,0237,N,VIIRS,n,2,293.93,18.65,N,0
40.84943,-8.0602,344.36,0.41,0.37,2024-09-18,0237,N,VIIRS,n,2,298.67,23.38,N,0
40.84852,-8.05511,355.41,0.41,0.37,2024-09-18,0237,N,VIIRS,n,2,300.76,23.38,N,0
40.84498,-8.03537,339.89,0.41,0.37,2024-09-18,0237,N,VIIRS,n,2,298.7,3.54,N,0
40.8441,-8.03053,334.28,0.41,0.37,2024-09-18,0237,N,VIIRS,n,2,293.42,3.06,N,0
40.84241,-8.0211,323.13,0.41,0.37,2024-09-18,0237,N,VIIRS,n,2,296.17,3.79,N,0
40.84159,-8.01656,349.08,0.41,0.37,2024-09-18,0237,N,VIIRS,n,2,300.22,3.79,N,0
40.84076,-8.01197,340.77,0.41,0.37,2024-09-18,0237,N,VIIRS,n,2,340.29,52.08,N,0
40.83992,-8.00728,342.54,0.41,0.37,2024-09-18,0237,N,VIIRS,n,2,312.55,52.08,N,0
40.83905,-8.00247,322.01,0.41,0.37,2024-09-18,0237,N,VIIRS,n,2,304.03,25.95,N,0
40.83816,-7.99751,336.72,0.41,0.37,2024-09-18,0237,N,VIIRS,n,2,289.29,25.95,N,0
40.8303,-7.95389,346.25,0.42,0.37,2024-09-18,0237,N,VIIRS,n,2,306.24,19.75,N,0
40.8294,-7.94891,330.53,0.42,0.37,2024-09-18,0237,N,VIIRS,n,2,297.86,19.75,N,0
40.85209,-8.07504,316.92,0.41,0.37,2024-09-18,0237,N,VIIRS,n,2,292.49,8.68,N,0
40.84762,-8.05012,306.01,0.41,0.37,2024-09-18,0237,N,VIIRS,n,2,290.2,4.15,N,0
40.84674,-8.04518,313.24,0.41,0.37,2024-09-18,0237,N,VIIRS,n,2,292.65,4.15,N,0
40.84586,-8.04026,317.83,0.41,0.37,2024-09-18,0237,N,VIIRS,n,2,293.27,3.54,N,0
40.84325,-8.02577,313.78,0.41,0.37,2024-09-18,0237,N,VIIRS,n,2,293.16,3.06,N,0
40.8312,-7.95887,308.29,0.42,0.37,2024-09-18,0237,N,VIIRS,n,2,291.35,1.52,N,0
40.82062,-7.90037,301.73,0.42,0.37,2024-09-18,0237,N,VIIRS,n,2,287.9,5.71,N,0
40.81976,-7.89557,308.89,0.42,0.37,2024-09-18,0237,N,VIIRS,n,2,287.68,2.04,N,0
40.81886,-7.8906,303.03,0.42,0.37,2024-09-18,0237,N,VIIRS,n,2,287.9,2.04,N,0
40.84868,-8.07591,355.49,0.41,0.37,2024-09-18,0237,N,VIIRS,n,2,306.99,8.68,N,0
40.84781,-8.07106,341.24,0.41,0.37,2024-09-18,0237,N,VIIRS,n,2,300.59,18.65,N,0
40.84693,-8.06614,348.31,0.41,0.37,2024-09-18,0237,N,VIIRS,n,2,318.15,18.65,N,0
40.84604,-8.06114,352.07,0.41,0.37,2024-09-18,0237,N,VIIRS,n,2,305.72,23.38,N,0
40.84513,-8.05609,352.68,0.41,0.37,2024-09-18,0237,N,VIIRS,n,2,296.18,23.38,N,0
40.84423,-8.05111,349.31,0.41,0.37,2024-09-18,0237,N,VIIRS,n,2,298.94,4.15,N,0
40.84335,-8.04618,330.46,0.41,0.37,2024-09-18,0237,N,VIIRS,n,2,296.6,4.15,N,0
40.84159,-8.03641,323.03,0.41,0.37,2024-09-18,0237,N,VIIRS,n,2,293.46,3.54,N,0
40.84072,-8.03159,320.67,0.41,0.37,2024-09-18,0237,N,VIIRS,n,2,292.76,3.06,N,0
40.83987,-8.02684,328.13,0.41,0.37,2024-09-18,0237,N,VIIRS,n,2,293.12,3.06,N,0
40.83903,-8.02217,321.76,0.41,0.37,2024-09-18,0237,N,VIIRS,n,2,294.72,3.79,N,0
40.83738,-8.01301,339.9,0.41,0.37,2024-09-18,0237,N,VIIRS,n,2,294.63,52.08,N,0
40.83653,-8.0083,327.67,0.41,0.37,2024-09-18,0237,N,VIIRS,n,2,292.01,52.08,N,0
40.82691,-7.95493,344.72,0.42,0.37,2024-09-18,0237,N,VIIRS,n,2,309.26,19.75,N,0
40.82252,-7.93065,341.93,0.42,0.37,2024-09-18,0237,N,VIIRS,n,2,294.71,5.87,N,0
40.81723,-7.90138,346.54,0.42,0.37,2024-09-18,0237,N,VIIRS,n,2,292.49,5.71,N,0
40.84956,-8.08083,303.85,0.41,0.37,2024-09-18,0237,N,VIIRS,n,2,289.52,8.68,N,0
40.84246,-8.04127,313.73,0.41,0.37,2024-09-18,0237,N,VIIRS,n,2,292.95,3.54,N,0
40.8382,-8.01757,306.41,0.41,0.37,2024-09-18,0237,N,VIIRS,n,2,292.54,3.79,N,0
40.83566,-8.00348,303.37,0.41,0.37,2024-09-18,0237,N,VIIRS,n,2,289.27,25.95,N,0
40.83214,-7.98391,302.5,0.41,0.37,2024-09-18,0237,N,VIIRS,n,2,288.07,1.58,N,0
40.82956,-7.96963,301.44,0.41,0.37,2024-09-18,0237,N,VIIRS,n,2,287.23,0.84,N,0
40.82869,-7.9648,307.38,0.42,0.37,2024-09-18,0237,N,VIIRS,n,2,288.67,1.52,N,0
40.8278,-7.95989,319.31,0.42,0.37,2024-09-18,0237,N,VIIRS,n,2,293.17,1.52,N,0
40.82601,-7.94995,312.73,0.42,0.37,2024-09-18,0237,N,VIIRS,n,2,288.24,19.75,N,0
40.82338,-7.93541,311.78,0.42,0.37,2024-09-18,0237,N,VIIRS,n,2,288.02,5.87,N,0
40.84528,-8.07679,341.17,0.41,0.37,2024-09-18,0237,N,VIIRS,n,2,291.13,12.67,N,0
40.84442,-8.07199,355.01,0.41,0.37,2024-09-18,0237,N,VIIRS,n,2,318.37,49.43,N,0
40.84354,-8.06708,367,0.41,0.37,2024-09-18,0237,N,VIIRS,h,2,329.2,49.43,N,0
40.84264,-8.06211,351.75,0.41,0.37,2024-09-18,0237,N,VIIRS,n,2,297.08,21.12,N,0
40.84174,-8.0571,343.04,0.41,0.37,2024-09-18,0237,N,VIIRS,n,2,300.1,21.12,N,0
40.84085,-8.05213,345.19,0.41,0.37,2024-09-18,0237,N,VIIRS,n,2,300.02,8.93,N,0
40.83996,-8.04718,334.47,0.41,0.37,2024-09-18,0237,N,VIIRS,n,2,296.05,8.93,N,0
40.83908,-8.04229,328.67,0.41,0.37,2024-09-18,0237,N,VIIRS,n,2,294.17,3.53,N,0
40.83821,-8.03744,325.15,0.41,0.37,2024-09-18,0237,N,VIIRS,n,2,292.8,3.53,N,0
40.82618,-7.97067,345.07,0.41,0.37,2024-09-18,0237,N,VIIRS,n,2,302.92,34.6,N,0
40.8253,-7.96584,346.58,0.42,0.37,2024-09-18,0237,N,VIIRS,n,2,298.73,30.98,N,0
40.82441,-7.96093,355.65,0.42,0.37,2024-09-18,0237,N,VIIRS,n,2,318.72,30.98,N,0
40.82352,-7.95596,344.73,0.42,0.37,2024-09-18,0237,N,VIIRS,n,2,305.62,7.68,N,0
40.8471,-8.08693,302.3,0.41,0.37,2024-09-18,0237,N,VIIRS,n,2,288.83,6.25,N,0
40.83735,-8.03264,312.3,0.41,0.37,2024-09-18,0237,N,VIIRS,n,2,292.03,2.73,N,0
40.82086,-7.94124,303.41,0.42,0.37,2024-09-18,0237,N,VIIRS,n,2,287.47,0.85,N,0
40.81999,-7.93645,317.81,0.42,0.37,2024-09-18,0237,N,VIIRS,n,2,291.66,1.76,N,0
40.81913,-7.9317,312.89,0.42,0.37,2024-09-18,0237,N,VIIRS,n,2,289.79,1.76,N,0
40.84466,-8.09319,335.05,0.41,0.37,2024-09-18,0237,N,VIIRS,n,2,295.32,6.25,N,0
40.84373,-8.08805,350.88,0.41,0.37,2024-09-18,0237,N,VIIRS,n,2,295.79,6.25,N,0
40.84281,-8.08287,334.47,0.41,0.37,2024-09-18,0237,N,VIIRS,n,2,292.14,12.67,N,0
40.8419,-8.07782,334.51,0.41,0.37,2024-09-18,0237,N,VIIRS,n,2,296.03,12.67,N,0
40.84103,-8.07295,348.86,0.41,0.37,2024-09-18,0237,N,VIIRS,n,2,309.21,49.43,N,0
40.84015,-8.06804,351.61,0.41,0.37,2024-09-18,0237,N,VIIRS,n,2,293.55,49.43,N,0
40.83925,-8.06307,352.18,0.41,0.37,2024-09-18,0237,N,VIIRS,n,2,309.42,21.12,N,0
40.83836,-8.05812,355.03,0.41,0.37,2024-09-18,0237,N,VIIRS,n,2,300.57,21.12,N,0
40.83747,-8.05317,356.73,0.41,0.37,2024-09-18,0237,N,VIIRS,n,2,300.02,8.93,N,0
40.83659,-8.04823,325.87,0.41,0.37,2024-09-18,0237,N,VIIRS,n,2,292.36,8.93,N,0
40.82366,-7.97654,331.96,0.41,0.37,2024-09-18,0237,N,VIIRS,n,2,290.54,34.6,N,0
40.8228,-7.97176,367,0.41,0.37,2024-09-18,0237,N,VIIRS,h,2,341.48,34.6,N,0
40.82191,-7.96688,354.61,0.42,0.37,2024-09-18,0237,N,VIIRS,n,2,334.11,30.98,N,0
40.82103,-7.96196,346.82,0.42,0.37,2024-09-18,0237,N,VIIRS,n,2,312.74,30.98,N,0
40.82013,-7.957,322.53,0.42,0.37,2024-09-18,0237,N,VIIRS,n,2,288.56,7.68,N,0
40.81835,-7.94714,301.47,0.42,0.37,2024-09-18,0237,N,VIIRS,n,2,287.22,0.85,N,0
40.81747,-7.9423,309.16,0.42,0.37,2024-09-18,0237,N,VIIRS,n,2,289.09,0.85,N,0
40.8166,-7.93749,303.13,0.42,0.37,2024-09-18,0237,N,VIIRS,n,2,289.88,1.76,N,0
40.84131,-8.09437,335.51,0.41,0.37,2024-09-18,0237,N,VIIRS,n,2,299.61,104.86,N,0
40.83589,-8.06418,339.22,0.41,0.37,2024-09-18,0237,N,VIIRS,n,2,291.74,6.1,N,0
40.835,-8.05923,332.3,0.41,0.37,2024-09-18,0237,N,VIIRS,n,2,291.73,6.1,N,0
40.82636,-8.01129,329.74,0.41,0.37,2024-09-18,0237,N,VIIRS,n,2,290.68,10.65,N,0
40.82028,-7.97761,338.3,0.41,0.37,2024-09-18,0237,N,VIIRS,n,2,330.27,119.43,N,0
40.81941,-7.9728,367,0.41,0.37,2024-09-18,0237,N,VIIRS,h,2,380.2,119.43,N,0
40.81853,-7.96792,367,0.42,0.37,2024-09-18,0237,N,VIIRS,h,2,338.73,43.07,N,0
40.81585,-7.95311,340.96,0.42,0.37,2024-09-18,0237,N,VIIRS,n,2,300.21,12.03,N,0
40.81497,-7.94824,337.3,0.42,0.37,2024-09-18,0237,N,VIIRS,n,2,303.6,8.69,N,0
40.81409,-7.94338,333.72,0.42,0.37,2024-09-18,0237,N,VIIRS,n,2,292.19,8.69,N,0
40.83946,-8.08408,301.26,0.41,0.37,2024-09-18,0237,N,VIIRS,n,2,288.69,1.54,N,0
40.83852,-8.07886,303.47,0.41,0.37,2024-09-18,0237,N,VIIRS,n,2,289.79,1.54,N,0
40.83765,-8.07398,312.47,0.41,0.37,2024-09-18,0237,N,VIIRS,n,2,289.7,1.62,N,0
40.83677,-8.06906,303.84,0.41,0.37,2024-09-18,0237,N,VIIRS,n,2,289.84,1.62,N,0
40.8341,-8.05426,309.71,0.41,0.37,2024-09-18,0237,N,VIIRS,n,2,288.85,2.09,N,0
40.82722,-8.01607,312.44,0.41,0.37,2024-09-18,0237,N,VIIRS,n,2,290.59,10.65,N,0
40.81764,-7.963,316.87,0.42,0.37,2024-09-18,0237,N,VIIRS,n,2,290.21,43.07,N,0
40.81321,-7.93852,310.26,0.42,0.37,2024-09-18,0237,N,VIIRS,n,2,292.68,1.39,N,0
40.81235,-7.93376,305.56,0.42,0.37,2024-09-18,0237,N,VIIRS,n,2,289.63,1.39,N,0
40.81147,-7.92893,301.69,0.42,0.37,2024-09-18,0237,N,VIIRS,n,2,288.47,0.68,N,0
40.82383,-8.01704,349.53,0.41,0.37,2024-09-18,0237,N,VIIRS,n,2,307.86,10.65,N,0
40.82297,-8.01227,325.66,0.41,0.37,2024-09-18,0237,N,VIIRS,n,2,291.7,10.65,N,0
40.81689,-7.97866,333.77,0.41,0.37,2024-09-18,0237,N,VIIRS,n,2,313.52,119.43,N,0
40.81602,-7.97381,367,0.41,0.37,2024-09-18,0237,N,VIIRS,h,2,330.98,119.43,N,0
40.81514,-7.96893,330.76,0.42,0.37,2024-09-18,0237,N,VIIRS,n,2,290.95,43.07,N,0
40.81247,-7.95417,346.45,0.42,0.37,2024-09-18,0237,N,VIIRS,n,2,292.28,12.03,N,0
40.80625,-7.91988,338.27,0.42,0.37,2024-09-18,0237,N,VIIRS,n,2,293.39,9.23,N,0
40.82554,-8.02655,304.73,0.41,0.37,2024-09-18,0237,N,VIIRS,n,2,291.25,1.47,N,0
40.82468,-8.02179,310.35,0.41,0.37,2024-09-18,0237,N,VIIRS,n,2,293.12,1.47,N,0
40.81776,-7.98345,307.97,0.41,0.37,2024-09-18,0237,N,VIIRS,n,2,288.25,6.64,N,0
40.81336,-7.9591,303.21,0.42,0.37,2024-09-18,0237,N,VIIRS,n,2,287.74,12.03,N,0
40.81158,-7.94931,303.58,0.42,0.37,2024-09-18,0237,N,VIIRS,n,2,290.31,8.69,N,0
40.80806,-7.92985,302.46,0.42,0.37,2024-09-18,0237,N,VIIRS,n,2,289.36,0.68,N,0
40.8247,-8.04171,345.01,0.41,0.37,2024-09-18,0237,N,VIIRS,n,2,293.46,5.17,N,0
40.82216,-8.02758,320.71,0.41,0.37,2024-09-18,0237,N,VIIRS,n,2,293.25,7.23,N,0
40.8213,-8.02279,341.76,0.41,0.37,2024-09-18,0237,N,VIIRS,n,2,298.83,7.23,N,0
40.82043,-8.01803,346.2,0.41,0.37,2024-09-18,0237,N,VIIRS,n,2,304.19,29.19,N,0
40.80405,-8.39945,331.55,0.41,0.37,2024-09-18,0237,N,VIIRS,n,2,294.13,7.26,N,0
40.66894,-7.64881,343.17,0.42,0.38,2024-09-18,0237,N,VIIRS,n,2,296.58,11.88,N,0
40.66624,-7.63414,353.82,0.42,0.38,2024-09-18,0237,N,VIIRS,n,2,298.34,17.75,N,0
40.81059,-8.43644,306.87,0.41,0.37,2024-09-18,0237,N,VIIRS,n,2,294.23,1.56,N,0
40.80977,-8.43183,305.7,0.41,0.37,2024-09-18,0237,N,VIIRS,n,2,294.31,1.14,N,0
40.80488,-8.40415,304.77,0.41,0.37,2024-09-18,0237,N,VIIRS,n,2,290.91,7.26,N,0
40.66536,-7.62928,311.02,0.43,0.38,2024-09-18,0237,N,VIIRS,n,2,288.69,3.48,N,0
40.66644,-7.65485,348.37,0.42,0.38,2024-09-18,0237,N,VIIRS,n,2,292.72,4.85,N,0
40.66553,-7.64993,329.55,0.42,0.38,2024-09-18,0237,N,VIIRS,n,2,288.63,8.55,N,0
40.66463,-7.64505,329.42,0.42,0.38,2024-09-18,0237,N,VIIRS,n,2,288.89,8.55,N,0
40.66375,-7.64022,342.56,0.42,0.38,2024-09-18,0237,N,VIIRS,n,2,308.59,18.64,N,0
40.66285,-7.63538,328.52,0.42,0.38,2024-09-18,0237,N,VIIRS,n,2,290.95,18.64,N,0
40.80153,-8.40516,302.61,0.41,0.37,2024-09-18,0237,N,VIIRS,n,2,291.35,1.03,N,0
40.8007,-8.40047,306.5,0.41,0.37,2024-09-18,0237,N,VIIRS,n,2,289.97,1.03,N,0
40.79978,-8.41527,343.07,0.41,0.37,2024-09-18,0237,N,VIIRS,n,2,298.84,7.95,N,0
40.66123,-7.64622,354.39,0.42,0.38,2024-09-18,0237,N,VIIRS,n,2,297.66,8.55,N,0
40.66035,-7.64142,356.24,0.42,0.38,2024-09-18,0237,N,VIIRS,n,2,302.15,18.64,N,0
40.65946,-7.6366,332.36,0.42,0.38,2024-09-18,0237,N,VIIRS,n,2,290.41,18.64,N,0
40.79897,-8.41065,311.76,0.41,0.37,2024-09-18,0237,N,VIIRS,n,2,293.74,7.95,N,0
40.66302,-7.65592,302.59,0.42,0.38,2024-09-18,0237,N,VIIRS,n,2,286.94,4.85,N,0
40.66212,-7.65105,301.71,0.42,0.38,2024-09-18,0237,N,VIIRS,n,2,286.95,8.55,N,0
40.79234,-8.39317,342.59,0.41,0.37,2024-09-18,0237,N,VIIRS,n,2,301.13,14.57,N,0
40.65872,-7.65224,338.1,0.42,0.38,2024-09-18,0237,N,VIIRS,n,2,297.05,20.59,N,0
40.65783,-7.64742,347.09,0.42,0.38,2024-09-18,0237,N,VIIRS,n,2,296.72,20.59,N,0
40.65695,-7.64261,333.22,0.42,0.38,2024-09-18,0237,N,VIIRS,n,2,286.74,3.46,N,0
40.79316,-8.39785,318.65,0.41,0.37,2024-09-18,0237,N,VIIRS,n,2,294.35,14.57,N,0
40.78981,-8.39884,331.79,0.41,0.37,2024-09-18,0237,N,VIIRS,n,2,300.02,14.57,N,0
40.78898,-8.39413,348.81,0.41,0.37,2024-09-18,0237,N,VIIRS,n,2,315.55,14.57,N,0
40.79063,-8.40347,310.08,0.41,0.37,2024-09-18,0237,N,VIIRS,n,2,291.85,1.48,N,0
40.78561,-8.3951,346.67,0.41,0.37,2024-09-18,0237,N,VIIRS,n,2,307.19,13.14,N,0
40.78477,-8.39033,302.75,0.41,0.37,2024-09-18,0237,N,VIIRS,n,2,289.86,4.54,N,0
40.66002,-7.6986,299.02,0.42,0.38,2024-09-18,0237,N,VIIRS,n,2,286.83,0.62,N,0
40.78224,-8.39603,338.59,0.41,0.37,2024-09-18,0237,N,VIIRS,n,2,294.62,13.14,N,0
40.77803,-8.39224,311.27,0.41,0.37,2024-09-18,0237,N,VIIRS,n,2,292.38,1.63,N,0
40.77296,-8.40353,305.55,0.41,0.37,2024-09-18,0237,N,VIIRS,n,2,292.48,1.3,N,0
40.77214,-8.39891,316.11,0.41,0.37,2024-09-18,0237,N,VIIRS,n,2,293.02,1.3,N,0
40.77207,-8.41841,308.1,0.41,0.37,2024-09-18,0237,N,VIIRS,n,2,294.35,1.23,N,0
40.77041,-8.40908,317.34,0.41,0.37,2024-09-18,0237,N,VIIRS,n,2,295.53,3.31,N,0
40.76961,-8.40453,319.29,0.41,0.37,2024-09-18,0237,N,VIIRS,n,2,294.61,1.3,N,0
40.76706,-8.4101,348.64,0.41,0.37,2024-09-18,0237,N,VIIRS,n,2,306.16,8.88,N,0
40.76955,-8.42412,306.25,0.41,0.37,2024-09-18,0237,N,VIIRS,n,2,294.23,0.93,N,0
40.76871,-8.41938,310.9,0.41,0.37,2024-09-18,0237,N,VIIRS,n,2,294.45,0.93,N,0
40.76787,-8.4147,312.43,0.41,0.37,2024-09-18,0237,N,VIIRS,n,2,295.99,8.88,N,0
40.76625,-8.40553,319.85,0.41,0.37,2024-09-18,0237,N,VIIRS,n,2,291.57,13.1,N,0
40.7637,-8.41112,352.1,0.41,0.37,2024-09-18,0237,N,VIIRS,n,2,306.79,8.88,N,0
40.76289,-8.40652,334.14,0.41,0.37,2024-09-18,0237,N,VIIRS,n,2,302.18,13.1,N,0
40.76619,-8.42512,308.77,0.41,0.37,2024-09-18,0237,N,VIIRS,n,2,294.72,0.93,N,0
40.76535,-8.42037,308.31,0.41,0.37,2024-09-18,0237,N,VIIRS,n,2,294.89,0.93,N,0
40.76452,-8.41571,319.85,0.41,0.37,2024-09-18,0237,N,VIIRS,n,2,296.16,8.88,N,0
40.76284,-8.42615,320.3,0.41,0.37,2024-09-18,0237,N,VIIRS,n,2,296.08,1.51,N,0
40.76116,-8.4167,328.5,0.41,0.37,2024-09-18,0237,N,VIIRS,n,2,298.8,4.21,N,0
40.76035,-8.41213,348.02,0.41,0.37,2024-09-18,0237,N,VIIRS,n,2,303.84,4.21,N,0
40.75953,-8.40749,335.19,0.41,0.37,2024-09-18,0237,N,VIIRS,n,2,306.54,19.57,N,0
40.76198,-8.42131,312.92,0.41,0.37,2024-09-18,0237,N,VIIRS,n,2,295.85,1.51,N,0
40.75616,-8.40847,353.62,0.41,0.37,2024-09-18,0237,N,VIIRS,n,2,307.88,19.57,N,0
40.75361,-8.3941,332.13,0.41,0.37,2024-09-18,0237,N,VIIRS,n,2,292.8,2.81,N,0
40.75863,-8.42235,305.78,0.41,0.37,2024-09-18,0237,N,VIIRS,n,2,293.83,1.51,N,0
40.75781,-8.41773,309.47,0.41,0.37,2024-09-18,0237,N,VIIRS,n,2,295.07,4.21,N,0
40.757,-8.41316,311.69,0.41,0.37,2024-09-18,0237,N,VIIRS,n,2,294.53,4.21,N,0
40.75531,-8.40367,301.73,0.41,0.37,2024-09-18,0237,N,VIIRS,n,2,290.29,19.57,N,0
40.75031,-8.37554,306.82,0.41,0.37,2024-09-18,0237,N,VIIRS,n,2,290.67,0.84,N,0
40.75024,-8.39508,331.67,0.41,0.37,2024-09-18,0237,N,VIIRS,n,2,297.04,1.82,N,0
40.74526,-8.36705,321.01,0.41,0.37,2024-09-18,0237,N,VIIRS,n,2,293.72,1.93,N,0
40.7444,-8.36224,331.89,0.41,0.37,2024-09-18,0237,N,VIIRS,n,2,292.37,2.93,N,0
40.7528,-8.40947,306.56,0.41,0.37,2024-09-18,0237,N,VIIRS,n,2,290.73,1.69,N,0
40.74694,-8.37649,303.47,0.41,0.37,2024-09-18,0237,N,VIIRS,n,2,290.72,0.84,N,0
40.74945,-8.41049,323.91,0.41,0.37,2024-09-18,0237,N,VIIRS,n,2,292.27,1.69,N,0
40.74772,-8.40081,302.82,0.41,0.37,2024-09-18,0237,N,VIIRS,n,2,292.08,1.82,N,0
40.74688,-8.39607,308.99,0.41,0.37,2024-09-18,0237,N,VIIRS,n,2,292.97,1.82,N,0
40.74605,-8.3914,306.62,0.41,0.37,2024-09-18,0237,N,VIIRS,n,2,292.13,1.35,N,0
40.74187,-8.36792,303.13,0.41,0.37,2024-09-18,0237,N,VIIRS,n,2,289.95,1.93,N,0
40.61346,-7.66175,312.13,0.42,0.38,2024-09-18,0237,N,VIIRS,n,2,288.75,1.52,N,0
40.61456,-7.68726,329.71,0.42,0.38,2024-09-18,0237,N,VIIRS,n,2,288.76,4.17,N,0
40.61005,-7.66292,296.4,0.42,0.38,2024-09-18,0237,N,VIIRS,n,2,286.26,0.52,N,0
40.61115,-7.68839,337.89,0.42,0.38,2024-09-18,0237,N,VIIRS,n,2,292.35,4.17,N,0
40.60327,-7.66534,346.33,0.42,0.38,2024-09-18,0237,N,VIIRS,n,2,291.08,14.78,N,0
40.59985,-7.66642,346.32,0.42,0.38,2024-09-18,0237,N,VIIRS,n,2,311.47,14.78,N,0
40.60345,-7.68582,309.4,0.42,0.38,2024-09-18,0237,N,VIIRS,n,2,286.25,1.36,N,0
40.60075,-7.67122,299.91,0.42,0.38,2024-09-18,0237,N,VIIRS,n,2,288.17,14.78,N,0
40.59896,-7.6616,301.01,0.42,0.38,2024-09-18,0237,N,VIIRS,n,2,286.78,4.47,N,0
40.59732,-7.6723,310.79,0.42,0.38,2024-09-18,0237,N,VIIRS,n,2,291.42,1.74,N,0
40.59643,-7.66746,319.46,0.42,0.38,2024-09-18,0237,N,VIIRS,n,2,288.68,1.74,N,0
40.59483,-7.67832,322.47,0.42,0.38,2024-09-18,0237,N,VIIRS,n,2,294.52,3.14,N,0
40.59389,-7.67332,329.14,0.42,0.38,2024-09-18,0237,N,VIIRS,n,2,293.89,1.74,N,0
40.72421,-8.38801,303.96,0.41,0.37,2024-09-18,0237,N,VIIRS,n,2,292.2,0.4,N,0
40.59299,-7.66845,306.29,0.42,0.38,2024-09-18,0237,N,VIIRS,n,2,288.41,1.74,N,0
40.59624,-7.67447,319.94,0.42,0.38,2024-09-18,0237,N,VIIRS,n,2,293.72,2.97,N,0
40.59534,-7.66956,312.96,0.42,0.38,2024-09-18,0237,N,VIIRS,n,2,290.26,5,N,0
40.59281,-7.67547,336.27,0.42,0.38,2024-09-18,0237,N,VIIRS,n,2,293.6,2.97,N,0
40.59191,-7.67056,340.77,0.42,0.38,2024-09-18,0237,N,VIIRS,n,2,295.07,5,N,0
40.59642,-7.69528,295.83,0.42,0.38,2024-09-18,0237,N,VIIRS,n,2,285.27,0.29,N,0
40.59372,-7.68046,319.21,0.42,0.38,2024-09-18,0237,N,VIIRS,n,2,294.55,2.97,N,0
40.59027,-7.68138,340.04,0.42,0.38,2024-09-18,0237,N,VIIRS,n,2,292.84,22.19,N,0
40.58937,-7.67642,355.86,0.42,0.38,2024-09-18,0237,N,VIIRS,n,2,301.09,22.19,N,0
40.58847,-7.67154,350.23,0.42,0.38,2024-09-18,0237,N,VIIRS,n,2,294.91,14.32,N,0
40.59299,-7.69631,309.49,0.42,0.38,2024-09-18,0237,N,VIIRS,n,2,287.2,1.05,N,0
40.59209,-7.69136,300.12,0.42,0.38,2024-09-18,0237,N,VIIRS,n,2,286.76,1.56,N,0
40.59119,-7.68641,302.98,0.42,0.38,2024-09-18,0237,N,VIIRS,n,2,287.54,1.56,N,0
40.59671,-7.73644,336.37,0.42,0.38,2024-09-18,0237,N,VIIRS,n,2,294.19,11.36,N,0
40.59583,-7.73157,334.65,0.42,0.38,2024-09-18,0237,N,VIIRS,n,2,289.96,5.76,N,0
40.58683,-7.68233,367,0.42,0.38,2024-09-18,0237,N,VIIRS,h,2,299.97,22.19,N,0
40.58593,-7.67738,328.16,0.42,0.38,2024-09-18,0237,N,VIIRS,n,2,297.39,22.19,N,0
40.58503,-7.6725,342.79,0.42,0.38,2024-09-18,0237,N,VIIRS,n,2,296.88,14.32,N,0
40.58957,-7.6973,304.34,0.42,0.38,2024-09-18,0237,N,VIIRS,n,2,287.99,1.05,N,0
40.58866,-7.69234,305.32,0.42,0.38,2024-09-18,0237,N,VIIRS,n,2,288.66,1.56,N,0
40.58775,-7.68737,319.85,0.42,0.38,2024-09-18,0237,N,VIIRS,n,2,288.98,1.56,N,0
40.58523,-7.69331,329.29,0.42,0.38,2024-09-18,0237,N,VIIRS,n,2,289.71,26.7,N,0
40.58432,-7.68832,348.71,0.42,0.38,2024-09-18,0237,N,VIIRS,n,2,303.37,26.7,N,0
40.5834,-7.68334,332.99,0.42,0.38,2024-09-18,0237,N,VIIRS,n,2,292.84,49.53,N,0
40.5825,-7.67837,349.51,0.42,0.38,2024-09-18,0237,N,VIIRS,n,2,308.43,49.53,N,0
40.5816,-7.67346,330.16,0.42,0.38,2024-09-18,0237,N,VIIRS,n,2,288.68,7.93,N,0
40.5933,-7.7375,314.7,0.42,0.38,2024-09-18,0237,N,VIIRS,n,2,289.38,1.71,N,0
40.58179,-7.69428,335.47,0.42,0.38,2024-09-18,0237,N,VIIRS,n,2,304.62,26.7,N,0
40.58088,-7.68929,351.41,0.42,0.38,2024-09-18,0237,N,VIIRS,n,2,309.21,26.7,N,0
40.57997,-7.68432,367,0.42,0.38,2024-09-18,0237,N,VIIRS,h,2,337.02,49.53,N,0
40.57907,-7.67938,323.38,0.42,0.38,2024-09-18,0237,N,VIIRS,n,2,310.08,49.53,N,0
40.58453,-7.70927,304.04,0.42,0.38,2024-09-18,0237,N,VIIRS,n,2,287.6,0.68,N,0
40.57745,-7.69027,325.8,0.42,0.38,2024-09-18,0237,N,VIIRS,n,2,289.13,7.09,N,0
40.57654,-7.68531,336.79,0.42,0.38,2024-09-18,0237,N,VIIRS,n,2,294.69,30.47,N,0
40.57836,-7.69526,309.63,0.42,0.38,2024-09-18,0237,N,VIIRS,n,2,288.6,7.09,N,0
40.57564,-7.68039,299.93,0.42,0.38,2024-09-18,0237,N,VIIRS,n,2,288.25,30.47,N,0
40.6959,-8.36822,305.89,0.41,0.37,2024-09-18,0237,N,VIIRS,n,2,292.71,1.22,N,0
40.69255,-8.36932,308.16,0.41,0.37,2024-09-18,0237,N,VIIRS,n,2,291.59,0.81,N,0
40.69173,-8.36465,301.69,0.41,0.37,2024-09-18,0237,N,VIIRS,n,2,289.52,3.26,N,0
40.68754,-8.361,338.61,0.41,0.37,2024-09-18,0237,N,VIIRS,n,2,295.61,3.26,N,0
40.6867,-8.35624,337.1,0.41,0.37,2024-09-18,0237,N,VIIRS,n,2,294.27,5.71,N,0
40.68921,-8.37043,300.5,0.41,0.37,2024-09-18,0237,N,VIIRS,n,2,290.03,0.81,N,0
40.68838,-8.36574,301.23,0.41,0.37,2024-09-18,0237,N,VIIRS,n,2,288.74,3.26,N,0
40.68419,-8.36207,338.97,0.41,0.37,2024-09-18,0237,N,VIIRS,n,2,293.31,3.47,N,0
40.68334,-8.35729,346.95,0.41,0.37,2024-09-18,0237,N,VIIRS,n,2,297.02,2.56,N,0
40.68251,-8.3526,323.34,0.41,0.37,2024-09-18,0237,N,VIIRS,n,2,294.74,2.56,N,0
40.68087,-8.3434,338.91,0.41,0.37,2024-09-18,0237,N,VIIRS,n,2,297.1,3.34,N,0
40.68753,-8.38091,317.69,0.41,0.37,2024-09-18,0237,N,VIIRS,n,2,291.08,1.44,N,0
40.68669,-8.3762,302.14,0.41,0.37,2024-09-18,0237,N,VIIRS,n,2,290.46,0.54,N,0
40.68585,-8.37147,308.01,0.41,0.37,2024-09-18,0237,N,VIIRS,n,2,290.13,0.54,N,0
40.68502,-8.36677,302.97,0.41,0.37,2024-09-18,0237,N,VIIRS,n,2,289.93,3.47,N,0
40.68169,-8.34799,302.68,0.41,0.37,2024-09-18,0237,N,VIIRS,n,2,292.39,3.34,N,0
40.68333,-8.37722,302.41,0.41,0.37,2024-09-18,0237,N,VIIRS,n,2,290.2,0.54,N,0
40.68249,-8.37248,300.66,0.41,0.37,2024-09-18,0237,N,VIIRS,n,2,289.87,0.54,N,0
40.67999,-8.35836,302.5,0.41,0.37,2024-09-18,0237,N,VIIRS,n,2,290.2,2.56,N,0
40.67915,-8.35367,304.92,0.41,0.37,2024-09-18,0237,N,VIIRS,n,2,290.52,2.56,N,0
40.67833,-8.34905,307.8,0.41,0.37,2024-09-18,0237,N,VIIRS,n,2,291.87,3.34,N,0
40.67752,-8.34446,314.72,0.41,0.37,2024-09-18,0237,N,VIIRS,n,2,293.54,3.34,N,0
40.66915,-8.33728,334.03,0.41,0.37,2024-09-18,0237,N,VIIRS,n,2,296.61,11.08,N,0
40.56275,-7.76776,330.23,0.42,0.38,2024-09-18,0237,N,VIIRS,n,2,289.55,3.62,N,0
40.66578,-8.33824,311.12,0.41,0.37,2024-09-18,0237,N,VIIRS,n,2,292.03,1.39,N,0
40.56365,-7.77263,307.55,0.42,0.38,2024-09-18,0237,N,VIIRS,n,2,287.43,3.62,N,0
40.55935,-7.76887,333.1,0.42,0.38,2024-09-18,0237,N,VIIRS,n,2,293.02,3.62,N,0
40.66241,-8.33921,302.99,0.41,0.37,2024-09-18,0237,N,VIIRS,n,2,291.71,1.39,N,0
40.56293,-7.78839,301.85,0.42,0.38,2024-09-18,0237,N,VIIRS,n,2,289.11,0.87,N,0
40.56024,-7.77373,301.39,0.42,0.38,2024-09-18,0237,N,VIIRS,n,2,288.73,3.62,N,0
40.65391,-8.31141,329.52,0.41,0.37,2024-09-18,0237,N,VIIRS,n,2,293.75,5.42,N,0
40.55862,-7.78458,322.49,0.42,0.38,2024-09-18,0237,N,VIIRS,n,2,289.2,3.03,N,0
40.55684,-7.77486,328.78,0.42,0.38,2024-09-18,0237,N,VIIRS,n,2,290.4,2.95,N,0
40.65476,-8.31618,319.42,0.41,0.37,2024-09-18,0237,N,VIIRS,n,2,291.11,5.42,N,0
40.65304,-8.30655,313.54,0.41,0.37,2024-09-18,0237,N,VIIRS,n,2,291.32,9.61,N,0
40.65136,-8.31702,330.98,0.41,0.37,2024-09-18,0237,N,VIIRS,n,2,294.45,5.42,N,0
40.65052,-8.31229,353.15,0.41,0.37,2024-09-18,0237,N,VIIRS,n,2,310.17,5.42,N,0
40.64965,-8.30746,344.7,0.41,0.37,2024-09-18,0237,N,VIIRS,n,2,303.28,9.61,N,0
40.64797,-8.3179,332.53,0.41,0.37,2024-09-18,0237,N,VIIRS,n,2,298.94,17.43,N,0
40.64712,-8.31313,354.84,0.41,0.37,2024-09-18,0237,N,VIIRS,n,2,310.46,17.43,N,0
40.64627,-8.30839,330.74,0.41,0.37,2024-09-18,0237,N,VIIRS,n,2,291.53,7.54,N,0
40.64883,-8.32269,305.03,0.41,0.37,2024-09-18,0237,N,VIIRS,n,2,293.26,2.06,N,0
40.64545,-8.32366,328.8,0.41,0.37,2024-09-18,0237,N,VIIRS,n,2,295.81,2.06,N,0
40.64458,-8.31882,331.99,0.41,0.37,2024-09-18,0237,N,VIIRS,n,2,299.5,17.43,N,0
40.64375,-8.31411,347.42,0.41,0.37,2024-09-18,0237,N,VIIRS,n,2,306.49,17.43,N,0
40.64208,-8.32467,345.34,0.41,0.37,2024-09-18,0237,N,VIIRS,n,2,301.52,21.72,N,0
40.64124,-8.31991,341.1,0.41,0.37,2024-09-18,0237,N,VIIRS,n,2,296.47,19.46,N,0
40.64039,-8.31518,306.3,0.41,0.37,2024-09-18,0237,N,VIIRS,n,2,289.93,19.46,N,0
40.64042,-8.33525,323.26,0.41,0.37,2024-09-18,0237,N,VIIRS,n,2,292.9,3.16,N,0
40.63956,-8.33042,350.55,0.41,0.37,2024-09-18,0237,N,VIIRS,n,2,300.48,21.72,N,0
40.63871,-8.32565,367,0.41,0.37,2024-09-18,0237,N,VIIRS,h,2,316.51,21.72,N,0
40.63788,-8.32102,367,0.41,0.37,2024-09-18,0237,N,VIIRS,h,2,318.44,19.46,N,0
40.63966,-8.35078,326.22,0.41,0.37,2024-09-18,0237,N,VIIRS,n,2,292.04,7.39,N,0
40.6388,-8.34598,330.55,0.41,0.37,2024-09-18,0237,N,VIIRS,n,2,292.72,7.39,N,0
40.63704,-8.33618,336.78,0.41,0.37,2024-09-18,0237,N,VIIRS,n,2,316.5,44.18,N,0
40.63619,-8.3314,352.81,0.41,0.37,2024-09-18,0237,N,VIIRS,n,2,328.81,64.86,N,0
40.63536,-8.32676,367,0.41,0.37,2024-09-18,0237,N,VIIRS,h,2,335.14,64.86,N,0
40.63454,-8.32215,321.27,0.41,0.37,2024-09-18,0237,N,VIIRS,n,2,291.64,24.94,N,0
40.63792,-8.3411,306.42,0.41,0.37,2024-09-18,0237,N,VIIRS,n,2,291.69,44.18,N,0
40.63628,-8.35176,333.34,0.41,0.37,2024-09-18,0237,N,VIIRS,n,2,296.22,7.39,N,0
40.63541,-8.3469,344.63,0.41,0.37,2024-09-18,0237,N,VIIRS,n,2,300.83,7.39,N,0
40.63454,-8.34204,352.04,0.41,0.37,2024-09-18,0237,N,VIIRS,n,2,308.4,44.18,N,0
40.63368,-8.33723,339.34,0.41,0.37,2024-09-18,0237,N,VIIRS,n,2,338.12,44.18,N,0
40.63284,-8.33251,367,0.41,0.37,2024-09-18,0237,N,VIIRS,h,2,338.79,64.86,N,0
40.63202,-8.3279,332.8,0.41,0.37,2024-09-18,0237,N,VIIRS,n,2,294.14,64.86,N,0
40.63289,-8.35263,342.5,0.41,0.37,2024-09-18,0237,N,VIIRS,n,2,335.17,71.93,N,0
40.63203,-8.34782,367,0.41,0.37,2024-09-18,0237,N,VIIRS,h,2,329.37,71.93,N,0
40.63116,-8.34297,330.59,0.41,0.37,2024-09-18,0237,N,VIIRS,n,2,318.75,62.7,N,0
40.63031,-8.33823,367,0.41,0.37,2024-09-18,0237,N,VIIRS,h,2,333.3,62.7,N,0
40.62949,-8.33359,352.04,0.41,0.37,2024-09-18,0237,N,VIIRS,n,2,293.01,26.22,N,0
40.63375,-8.35743,306.97,0.41,0.37,2024-09-18,0237,N,VIIRS,n,2,292.02,4,N,0
40.6295,-8.3535,339.05,0.41,0.37,2024-09-18,0237,N,VIIRS,n,2,308.87,71.93,N,0
40.62864,-8.3487,346.72,0.41,0.37,2024-09-18,0237,N,VIIRS,n,2,306.95,71.93,N,0
40.6278,-8.34398,330.66,0.41,0.37,2024-09-18,0237,N,VIIRS,n,2,293.65,62.7,N,0
40.62695,-8.33926,331.48,0.41,0.37,2024-09-18,0237,N,VIIRS,n,2,292.99,62.7,N,0
40.62528,-8.34973,304.82,0.41,0.37,2024-09-18,0237,N,VIIRS,n,2,292.73,2.09,N,0
40.63883,-8.44549,325.78,0.41,0.37,2024-09-18,0237,N,VIIRS,n,2,291.53,2.42,N,0
40.62275,-8.35547,330.43,0.41,0.37,2024-09-18,0237,N,VIIRS,n,2,295.52,2.09,N,0
40.61773,-8.367,318.55,0.41,0.37,2024-09-18,0237,N,VIIRS,n,2,292.78,1.61,N,0
40.61272,-8.37864,322.86,0.41,0.37,2024-09-18,0237,N,VIIRS,n,2,294.61,6.4,N,0
40.61185,-8.37377,335.95,0.41,0.37,2024-09-18,0237,N,VIIRS,n,2,297.32,6.4,N,0
40.63638,-8.51115,302.35,0.4,0.37,2024-09-18,0237,N,VIIRS,n,2,290.46,0.86,N,0
40.61445,-8.38826,305.71,0.41,0.37,2024-09-18,0237,N,VIIRS,n,2,292.01,0.83,N,0
40.61287,-8.37629,346.21,0.41,0.37,2024-09-18,0237,N,VIIRS,n,2,299.67,20.86,N,0
40.63621,-8.50898,306.3,0.4,0.37,2024-09-18,0237,N,VIIRS,n,2,290.46,0.77,N,0
40.61037,-8.38215,328.51,0.41,0.37,2024-09-18,0237,N,VIIRS,n,2,296.87,5.13,N,0
40.60951,-8.37732,353.68,0.41,0.37,2024-09-18,0237,N,VIIRS,n,2,311.9,20.86,N,0
40.61121,-8.38699,310.11,0.41,0.37,2024-09-18,0237,N,VIIRS,n,2,291.85,5.13,N,0
40.61037,-8.40222,321.58,0.41,0.37,2024-09-18,0237,N,VIIRS,n,2,293.33,17.65,N,0
40.60953,-8.3975,340.92,0.41,0.37,2024-09-18,0237,N,VIIRS,n,2,296.19,25.79,N,0
40.6087,-8.39277,347.73,0.41,0.37,2024-09-18,0237,N,VIIRS,n,2,301.89,25.79,N,0
40.60701,-8.38319,329.83,0.41,0.37,2024-09-18,0237,N,VIIRS,n,2,324.81,30.58,N,0
40.60616,-8.37835,333.83,0.41,0.37,2024-09-18,0237,N,VIIRS,n,2,300.6,31.66,N,0
40.60786,-8.38801,307.92,0.41,0.37,2024-09-18,0237,N,VIIRS,n,2,290.86,30.58,N,0
40.60783,-8.40794,350.17,0.41,0.37,2024-09-18,0237,N,VIIRS,n,2,297.47,17.65,N,0
40.607,-8.40323,353.86,0.41,0.37,2024-09-18,0237,N,VIIRS,n,2,310.35,17.65,N,0
40.60617,-8.39852,347.3,0.41,0.37,2024-09-18,0237,N,VIIRS,n,2,308,25.79,N,0
40.60534,-8.39379,341.61,0.41,0.37,2024-09-18,0237,N,VIIRS,n,2,307.3,25.79,N,0
40.60365,-8.38421,322.04,0.41,0.37,2024-09-18,0237,N,VIIRS,n,2,290.93,30.58,N,0
40.6095,-8.41737,314.6,0.41,0.37,2024-09-18,0237,N,VIIRS,n,2,295.26,1.5,N,0
40.60867,-8.41266,316.2,0.41,0.37,2024-09-18,0237,N,VIIRS,n,2,293.33,1.5,N,0
40.60531,-8.41368,346.74,0.41,0.37,2024-09-18,0237,N,VIIRS,n,2,302.38,19,N,0
40.60447,-8.40897,356.72,0.41,0.37,2024-09-18,0237,N,VIIRS,n,2,306.12,37.51,N,0
40.60365,-8.40425,346.52,0.41,0.37,2024-09-18,0237,N,VIIRS,n,2,315.54,37.51,N,0
40.60281,-8.39954,346.95,0.41,0.37,2024-09-18,0237,N,VIIRS,n,2,296.03,36.51,N,0
40.60197,-8.3948,327.9,0.41,0.37,2024-09-18,0237,N,VIIRS,n,2,316.73,36.51,N,0
40.60697,-8.42306,318.58,0.41,0.37,2024-09-18,0237,N,VIIRS,n,2,295.65,4.5,N,0
40.60614,-8.41839,318.46,0.41,0.37,2024-09-18,0237,N,VIIRS,n,2,296.19,19,N,0
40.60113,-8.39003,311.64,0.41,0.37,2024-09-18,0237,N,VIIRS,n,2,290.92,8,N,0
40.60361,-8.42411,349.29,0.41,0.37,2024-09-18,0237,N,VIIRS,n,2,300.65,4.5,N,0
40.60278,-8.41941,355.35,0.41,0.37,2024-09-18,0237,N,VIIRS,n,2,312.12,19,N,0
40.60195,-8.41471,367,0.41,0.37,2024-09-18,0237,N,VIIRS,h,2,307.27,19,N,0
40.60112,-8.40998,334.92,0.41,0.37,2024-09-18,0237,N,VIIRS,n,2,323.99,37.51,N,0
40.60028,-8.40526,343.96,0.41,0.37,2024-09-18,0237,N,VIIRS,n,2,294.01,37.51,N,0
40.60528,-8.43354,302.58,0.41,0.37,2024-09-18,0237,N,VIIRS,n,2,292.09,0.9,N,0
40.60444,-8.42879,318.71,0.41,0.37,2024-09-18,0237,N,VIIRS,n,2,296.19,4.5,N,0
40.60192,-8.43459,343.21,0.41,0.37,2024-09-18,0237,N,VIIRS,n,2,301.1,4.08,N,0
40.60109,-8.42985,347,0.41,0.37,2024-09-18,0237,N,VIIRS,n,2,302.12,30.91,N,0
40.60026,-8.42514,343.88,0.41,0.37,2024-09-18,0237,N,VIIRS,n,2,325.2,30.91,N,0
40.59942,-8.42044,340.26,0.41,0.37,2024-09-18,0237,N,VIIRS,n,2,302.72,28,N,0
40.60276,-8.43933,306,0.41,0.37,2024-09-18,0237,N,VIIRS,n,2,290.83,4.08,N,0
40.59859,-8.41573,311.15,0.41,0.37,2024-09-18,0237,N,VIIRS,n,2,291.94,28,N,0
40.59856,-8.43563,306.2,0.41,0.37,2024-09-18,0237,N,VIIRS,n,2,290.97,4.08,N,0
40.59773,-8.43089,319.51,0.41,0.37,2024-09-18,0237,N,VIIRS,n,2,291.42,30.91,N,0
40.47797,-7.96185,299.19,0.42,0.38,2024-09-18,0237,N,VIIRS,n,2,288.83,1.11,N,0
40.46046,-7.90528,305.28,0.42,0.38,2024-09-18,0237,N,VIIRS,n,2,289.13,0.7,N,0
40.45705,-7.90629,330.51,0.42,0.38,2024-09-18,0237,N,VIIRS,n,2,291.19,4.01,N,0
40.45449,-8.01011,324.51,0.42,0.37,2024-09-18,0237,N,VIIRS,n,2,288.99,2.45,N,0
40.45359,-8.00523,326.59,0.42,0.37,2024-09-18,0237,N,VIIRS,n,2,290.41,2.45,N,0
40.42659,-7.93634,306.61,0.42,0.38,2024-09-18,0237,N,VIIRS,n,2,290.19,1.46,N,0
40.42496,-7.93873,300.18,0.42,0.38,2024-09-18,0237,N,VIIRS,n,2,289.47,1.19,N,0
40.42409,-7.93393,303.56,0.42,0.38,2024-09-18,0237,N,VIIRS,n,2,288.69,0.74,N,0
40.43746,-8.04788,312.04,0.42,0.37,2024-09-18,0237,N,VIIRS,n,2,288.65,4.24,N,0
40.41228,-7.94812,300.81,0.42,0.38,2024-09-18,0237,N,VIIRS,n,2,288.73,0.61,N,0
40.41236,-7.96837,298.69,0.42,0.38,2024-09-18,0237,N,VIIRS,n,2,288.17,0.54,N,0
40.40496,-8.00683,305.54,0.42,0.38,2024-09-18,0237,N,VIIRS,n,2,289.39,1.25,N,0
40.38794,-8.01187,332.26,0.42,0.38,2024-09-18,0237,N,VIIRS,n,2,292.13,2.22,N,0
40.38882,-8.01671,317.19,0.42,0.38,2024-09-18,0237,N,VIIRS,n,2,291.01,2.22,N,0
40.38542,-8.01775,322.05,0.42,0.38,2024-09-18,0237,N,VIIRS,n,2,290.55,2.22,N,0
40.43832,-8.05263,333.19,0.42,0.37,2024-09-18,0237,N,VIIRS,n,2,292.9,4.24,N,0
41.91444,-7.15982,305.19,0.42,0.38,2024-09-18,0237,N,VIIRS,n,2,280.42,0.74,N,0
41.78248,-7.23742,298.41,0.42,0.38,2024-09-18,0237,N,VIIRS,n,2,283.21,1.92,N,0
41.77906,-7.2385,325.26,0.42,0.38,2024-09-18,0237,N,VIIRS,n,2,285.59,1.92,N,0
41.77444,-7.3309,348.55,0.42,0.38,2024-09-18,0237,N,VIIRS,n,2,291.46,4.78,N,0
41.77533,-7.33573,307.4,0.42,0.38,2024-09-18,0237,N,VIIRS,n,2,285.48,1.28,N,0
41.77354,-7.32602,299.69,0.42,0.38,2024-09-18,0237,N,VIIRS,n,2,283.65,4.78,N,0
41.77106,-7.33212,320.46,0.42,0.38,2024-09-18,0237,N,VIIRS,n,2,288.19,3.68,N,0
41.77015,-7.32718,327.61,0.42,0.38,2024-09-18,0237,N,VIIRS,n,2,286.01,3.68,N,0
41.75805,-7.32031,335.28,0.42,0.38,2024-09-18,0237,N,VIIRS,n,2,285.13,4.14,N,0
41.75557,-7.32641,295.61,0.42,0.38,2024-09-18,0237,N,VIIRS,n,2,283.6,5.49,N,0
41.75309,-7.33251,328.26,0.42,0.38,2024-09-18,0237,N,VIIRS,n,2,285.44,6.3,N,0
41.75215,-7.32745,339.21,0.42,0.38,2024-09-18,0237,N,VIIRS,n,2,289.62,5.49,N,0
41.74968,-7.33356,325.32,0.42,0.38,2024-09-18,0237,N,VIIRS,n,2,284.82,2.78,N,0
41.75396,-7.41525,303.41,0.42,0.38,2024-09-18,0237,N,VIIRS,n,2,285.87,1.23,N,0
41.74955,-7.39132,313.79,0.42,0.38,2024-09-18,0237,N,VIIRS,n,2,283.67,1.02,N,0
41.75273,-7.41716,301.92,0.42,0.38,2024-09-18,0237,N,VIIRS,n,2,284.16,1.26,N,0
41.74749,-7.38843,316.8,0.42,0.38,2024-09-18,0237,N,VIIRS,n,2,283.76,1,N,0
41.93341,-8.45817,321.05,0.4,0.37,2024-09-18,0237,N,VIIRS,n,2,289,2.26,N,0
41.74246,-7.40033,337.44,0.42,0.38,2024-09-18,0237,N,VIIRS,n,2,287.8,5.59,N,0
41.74333,-7.40512,316.97,0.42,0.38,2024-09-18,0237,N,VIIRS,n,2,288.6,3.61,N,0
41.73994,-7.40627,345.24,0.42,0.38,2024-09-18,0237,N,VIIRS,n,2,294.63,8.81,N,0
41.7383,-7.41697,338.65,0.42,0.38,2024-09-18,0237,N,VIIRS,n,2,292.12,7.74,N,0
41.73743,-7.4122,346.67,0.42,0.38,2024-09-18,0237,N,VIIRS,n,2,292.54,8.81,N,0
41.73655,-7.40741,301.98,0.42,0.38,2024-09-18,0237,N,VIIRS,n,2,285.09,8.81,N,0
41.73491,-7.41809,302.17,0.42,0.38,2024-09-18,0237,N,VIIRS,n,2,286.13,1.2,N,0
41.60857,-6.89272,328.93,0.44,0.38,2024-09-18,0237,N,VIIRS,n,2,288,2.54,N,0
41.60511,-6.89383,328.18,0.44,0.38,2024-09-18,0237,N,VIIRS,n,2,285.44,2.54,N,0
41.60606,-6.8989,295.92,0.44,0.38,2024-09-18,0237,N,VIIRS,n,2,284.48,2.54,N,0
41.77921,-8.40325,328.45,0.4,0.37,2024-09-18,0237,N,VIIRS,n,2,291.48,8.37,N,0
41.77841,-8.39869,344.08,0.4,0.37,2024-09-18,0237,N,VIIRS,n,2,299.53,4.3,N,0
41.77761,-8.39413,328.36,0.4,0.37,2024-09-18,0237,N,VIIRS,n,2,292.8,4.3,N,0
41.77509,-8.39979,328.37,0.4,0.37,2024-09-18,0237,N,VIIRS,n,2,290.45,4.3,N,0
41.7743,-8.39525,310.32,0.4,0.37,2024-09-18,0237,N,VIIRS,n,2,290,4.3,N,0
41.59636,-7.59632,342.75,0.42,0.37,2024-09-18,0237,N,VIIRS,n,2,288.62,5.74,N,0
41.5945,-7.58614,324.21,0.42,0.37,2024-09-18,0237,N,VIIRS,n,2,286.66,2.09,N,0
41.59269,-7.57628,325.78,0.42,0.37,2024-09-18,0237,N,VIIRS,n,2,288.09,1.73,N,0
41.59543,-7.59124,319.78,0.42,0.37,2024-09-18,0237,N,VIIRS,n,2,286.22,2.09,N,0
41.59358,-7.58113,308.21,0.42,0.37,2024-09-18,0237,N,VIIRS,n,2,285.43,1.73,N,0
41.59182,-7.57149,309.2,0.42,0.37,2024-09-18,0237,N,VIIRS,n,2,287.4,1.41,N,0
41.59566,-7.6121,333.25,0.42,0.37,2024-09-18,0237,N,VIIRS,n,2,287.18,5.21,N,0
41.59388,-7.60238,340.26,0.42,0.37,2024-09-18,0237,N,VIIRS,n,2,289.17,3.02,N,0
41.59478,-7.60726,312.19,0.42,0.37,2024-09-18,0237,N,VIIRS,n,2,285.32,5.21,N,0
41.59298,-7.59743,313.8,0.42,0.37,2024-09-18,0237,N,VIIRS,n,2,288.81,3.02,N,0
41.59112,-7.58729,312.07,0.42,0.37,2024-09-18,0237,N,VIIRS,n,2,287.33,2.28,N,0
41.59021,-7.58233,296.22,0.42,0.37,2024-09-18,0237,N,VIIRS,n,2,284.11,0.43,N,0
41.59494,-7.62778,341.33,0.42,0.37,2024-09-18,0237,N,VIIRS,n,2,291.37,6.77,N,0
41.59315,-7.61799,346.58,0.42,0.37,2024-09-18,0237,N,VIIRS,n,2,297.34,16.6,N,0
41.59226,-7.61312,348.06,0.42,0.37,2024-09-18,0237,N,VIIRS,n,2,299.99,5.21,N,0
41.59137,-7.60828,321.78,0.42,0.37,2024-09-18,0237,N,VIIRS,n,2,289.23,5.21,N,0
41.59049,-7.60342,324.29,0.42,0.37,2024-09-18,0237,N,VIIRS,n,2,288.56,3.02,N,0
41.59584,-7.6327,303.1,0.42,0.37,2024-09-18,0237,N,VIIRS,n,2,284.57,6.77,N,0
41.59155,-7.62883,352.21,0.42,0.37,2024-09-18,0237,N,VIIRS,n,2,302.63,10.36,N,0
41.58527,-7.59453,328.78,0.42,0.37,2024-09-18,0237,N,VIIRS,n,2,289.04,2.06,N,0
41.71764,-8.33233,310.4,0.4,0.37,2024-09-18,0237,N,VIIRS,n,2,293.3,1.23,N,0
41.59245,-7.63374,314.94,0.42,0.37,2024-09-18,0237,N,VIIRS,n,2,287.9,10.36,N,0
41.59065,-7.6239,319.19,0.42,0.37,2024-09-18,0237,N,VIIRS,n,2,286.89,1.76,N,0
41.58974,-7.61899,305.7,0.42,0.37,2024-09-18,0237,N,VIIRS,n,2,288.7,1.76,N,0
41.58886,-7.61412,309.38,0.42,0.37,2024-09-18,0237,N,VIIRS,n,2,288.95,1.63,N,0
41.58798,-7.60931,299.46,0.42,0.37,2024-09-18,0237,N,VIIRS,n,2,288.16,1.63,N,0
41.5828,-7.60063,347.06,0.42,0.37,2024-09-18,0237,N,VIIRS,n,2,292.51,3.4,N,0
41.58905,-7.63476,312.29,0.42,0.37,2024-09-18,0237,N,VIIRS,n,2,289.79,10.36,N,0
41.58815,-7.62987,311.92,0.42,0.37,2024-09-18,0237,N,VIIRS,n,2,291.07,10.36,N,0
41.58725,-7.62494,303.26,0.42,0.37,2024-09-18,0237,N,VIIRS,n,2,288.08,1.76,N,0
41.58371,-7.60558,310.41,0.42,0.37,2024-09-18,0237,N,VIIRS,n,2,288.03,3.4,N,0
41.58187,-7.59557,302.47,0.42,0.37,2024-09-18,0237,N,VIIRS,n,2,285.62,2.06,N,0
41.58123,-7.61159,338.83,0.42,0.37,2024-09-18,0237,N,VIIRS,n,2,293.72,5.67,N,0
41.58034,-7.60672,346,0.42,0.37,2024-09-18,0237,N,VIIRS,n,2,291.75,5.37,N,0
41.57942,-7.60172,337.07,0.42,0.37,2024-09-18,0237,N,VIIRS,n,2,287.36,5.37,N,0
41.58565,-7.63578,314.66,0.42,0.37,2024-09-18,0237,N,VIIRS,n,2,291.26,1.53,N,0
41.58475,-7.63088,299.25,0.42,0.37,2024-09-18,0237,N,VIIRS,n,2,288.72,1.53,N,0
41.58386,-7.62598,299.02,0.42,0.37,2024-09-18,0237,N,VIIRS,n,2,288.38,1.52,N,0
41.58046,-7.62702,329.52,0.42,0.37,2024-09-18,0237,N,VIIRS,n,2,289.69,1.52,N,0
41.58136,-7.63189,311.14,0.42,0.37,2024-09-18,0237,N,VIIRS,n,2,290.74,1.53,N,0
41.57957,-7.62218,312.83,0.42,0.37,2024-09-18,0237,N,VIIRS,n,2,287.59,1.52,N,0
41.57784,-7.61266,312.77,0.42,0.37,2024-09-18,0237,N,VIIRS,n,2,284.99,5.67,N,0
41.57694,-7.60776,304.57,0.42,0.37,2024-09-18,0237,N,VIIRS,n,2,285.17,5.37,N,0
41.57796,-7.63294,344.78,0.42,0.37,2024-09-18,0237,N,VIIRS,n,2,291.39,7.96,N,0
41.57707,-7.62807,333.18,0.42,0.37,2024-09-18,0237,N,VIIRS,n,2,289.37,2.91,N,0
41.57618,-7.62325,310.98,0.42,0.37,2024-09-18,0237,N,VIIRS,n,2,286.49,2.91,N,0
41.57546,-7.63018,301.36,0.42,0.37,2024-09-18,0237,N,VIIRS,n,2,283.39,0.94,N,0
41.65272,-8.1038,329.3,0.41,0.37,2024-09-18,0237,N,VIIRS,n,2,288.48,18.08,N,0
41.65187,-8.09896,327.46,0.41,0.37,2024-09-18,0237,N,VIIRS,n,2,301.69,18.08,N,0
41.64934,-8.10464,342,0.41,0.37,2024-09-18,0237,N,VIIRS,n,2,301.04,18.08,N,0
41.64849,-8.09983,324.47,0.41,0.37,2024-09-18,0237,N,VIIRS,n,2,293.62,18.08,N,0
41.64597,-8.10555,342.13,0.41,0.37,2024-09-18,0237,N,VIIRS,n,2,291.43,13.89,N,0
41.44968,-7.06183,333.8,0.43,0.38,2024-09-18,0237,N,VIIRS,n,2,288.58,3.18,N,0
41.44783,-7.05188,321.89,0.43,0.38,2024-09-18,0237,N,VIIRS,n,2,287.81,1.6,N,0
41.44415,-7.03216,343.83,0.43,0.38,2024-09-18,0237,N,VIIRS,n,2,288.75,4.04,N,0
41.44875,-7.05682,316.14,0.43,0.38,2024-09-18,0237,N,VIIRS,n,2,287.42,3.18,N,0
41.44691,-7.04697,316.22,0.43,0.38,2024-09-18,0237,N,VIIRS,n,2,286.31,1.6,N,0
41.44599,-7.04205,295.47,0.43,0.38,2024-09-18,0237,N,VIIRS,n,2,284.39,2.62,N,0
41.44507,-7.03714,303.68,0.43,0.38,2024-09-18,0237,N,VIIRS,n,2,285.75,2.62,N,0
41.44627,-7.06314,341.21,0.43,0.38,2024-09-18,0237,N,VIIRS,n,2,288.9,3.18,N,0
41.44164,-7.03831,347.93,0.43,0.38,2024-09-18,0237,N,VIIRS,n,2,293.39,2.62,N,0
41.44533,-7.05812,317.79,0.43,0.38,2024-09-18,0237,N,VIIRS,n,2,286.74,3.18,N,0
41.4444,-7.05313,310.21,0.43,0.38,2024-09-18,0237,N,VIIRS,n,2,285.68,1.6,N,0
41.44348,-7.04819,311.47,0.43,0.38,2024-09-18,0237,N,VIIRS,n,2,286.58,1.6,N,0
41.44256,-7.04327,316.05,0.43,0.38,2024-09-18,0237,N,VIIRS,n,2,286.62,2.62,N,0
41.44069,-7.03326,317.46,0.43,0.38,2024-09-18,0237,N,VIIRS,n,2,289.05,4.04,N,0
41.43974,-7.02816,311.5,0.43,0.38,2024-09-18,0237,N,VIIRS,n,2,288.71,4.04,N,0
41.44285,-7.06442,330.23,0.43,0.38,2024-09-18,0237,N,VIIRS,n,2,288,1.47,N,0
41.44191,-7.05937,300.8,0.43,0.38,2024-09-18,0237,N,VIIRS,n,2,284.53,1.47,N,0
41.44098,-7.05439,301.13,0.43,0.38,2024-09-18,0237,N,VIIRS,n,2,283.85,0.48,N,0
41.43914,-7.04451,301.4,0.43,0.38,2024-09-18,0237,N,VIIRS,n,2,283.96,0.92,N,0
41.43943,-7.06566,302.2,0.43,0.38,2024-09-18,0237,N,VIIRS,n,2,284.11,1.47,N,0
41.58055,-7.85719,295.9,0.41,0.37,2024-09-18,0237,N,VIIRS,n,2,283.62,0.89,N,0
41.58071,-7.87797,303.52,0.41,0.37,2024-09-18,0237,N,VIIRS,n,2,282.68,0.86,N,0
41.64436,-8.25676,323.8,0.4,0.37,2024-09-18,0237,N,VIIRS,n,2,293.96,1.87,N,0
41.64353,-8.25204,323.14,0.4,0.37,2024-09-18,0237,N,VIIRS,n,2,291.75,1.87,N,0
41.64519,-8.2615,300.74,0.4,0.37,2024-09-18,0237,N,VIIRS,n,2,290.69,5.39,N,0
41.57194,-7.84886,304.13,0.41,0.37,2024-09-18,0237,N,VIIRS,n,2,288.27,1.9,N,0
41.64433,-8.27666,329.43,0.4,0.37,2024-09-18,0237,N,VIIRS,n,2,291.27,4.75,N,0
41.64268,-8.26729,351.89,0.4,0.37,2024-09-18,0237,N,VIIRS,n,2,299.32,5.39,N,0
41.64188,-8.26271,342.03,0.4,0.37,2024-09-18,0237,N,VIIRS,n,2,297.05,5.39,N,0
41.64024,-8.25333,322.87,0.4,0.37,2024-09-18,0237,N,VIIRS,n,2,289.75,1.87,N,0
41.64764,-8.29549,302.53,0.4,0.37,2024-09-18,0237,N,VIIRS,n,2,291.02,0.81,N,0
41.64106,-8.25802,303.32,0.4,0.37,2024-09-18,0237,N,VIIRS,n,2,291.37,1.87,N,0
41.56587,-7.83487,301.01,0.41,0.37,2024-09-18,0237,N,VIIRS,n,2,288.17,0.89,N,0
41.6443,-8.29654,303.57,0.4,0.37,2024-09-18,0237,N,VIIRS,n,2,291.36,0.75,N,0
41.63937,-8.26846,306.39,0.4,0.37,2024-09-18,0237,N,VIIRS,n,2,290.15,1.21,N,0
41.63855,-8.26384,318.47,0.4,0.37,2024-09-18,0237,N,VIIRS,n,2,289.72,1.21,N,0
41.56159,-7.83089,303.45,0.41,0.37,2024-09-18,0237,N,VIIRS,n,2,287.41,3.23,N,0
41.55909,-7.83677,331.58,0.41,0.37,2024-09-18,0237,N,VIIRS,n,2,291.35,3.23,N,0
41.5582,-7.83187,330.45,0.41,0.37,2024-09-18,0237,N,VIIRS,n,2,288.89,3.23,N,0
41.5557,-7.83773,303.98,0.41,0.37,2024-09-18,0237,N,VIIRS,n,2,286.17,0.92,N,0
41.61351,-8.2816,302.61,0.4,0.37,2024-09-18,0237,N,VIIRS,n,2,290.94,0.51,N,0
41.54699,-7.90801,299.42,0.41,0.37,2024-09-18,0237,N,VIIRS,n,2,288.04,0.72,N,0
41.54359,-7.90893,305.04,0.41,0.37,2024-09-18,0237,N,VIIRS,n,2,289.19,0.72,N,0
41.60515,-8.27419,343.5,0.4,0.37,2024-09-18,0237,N,VIIRS,n,2,294.43,3.65,N,0
41.60181,-8.2752,329.72,0.4,0.37,2024-09-18,0237,N,VIIRS,n,2,290.97,3.65,N,0
41.6076,-8.30805,305.72,0.4,0.37,2024-09-18,0237,N,VIIRS,n,2,289.89,0.78,N,0
41.60265,-8.27999,312.94,0.4,0.37,2024-09-18,0237,N,VIIRS,n,2,291.01,3.65,N,0
41.53596,-7.90603,302.03,0.41,0.37,2024-09-18,0237,N,VIIRS,n,2,289.27,1.35,N,0
41.53326,-7.89109,301.71,0.41,0.37,2024-09-18,0237,N,VIIRS,n,2,290.17,1.36,N,0
41.53238,-7.88623,300.31,0.41,0.37,2024-09-18,0237,N,VIIRS,n,2,290.3,1.01,N,0
41.53151,-7.88141,303.39,0.41,0.37,2024-09-18,0237,N,VIIRS,n,2,291.75,1.01,N,0
41.53077,-7.89701,309.48,0.41,0.37,2024-09-18,0237,N,VIIRS,n,2,290.67,0.87,N,0
41.52987,-7.89205,306.24,0.41,0.37,2024-09-18,0237,N,VIIRS,n,2,290.05,0.87,N,0
41.52811,-7.88232,303.14,0.41,0.37,2024-09-18,0237,N,VIIRS,n,2,291.18,1.06,N,0
41.52738,-7.89799,299.32,0.41,0.37,2024-09-18,0237,N,VIIRS,n,2,288.27,0.87,N,0
41.52666,-7.9137,319.11,0.41,0.37,2024-09-18,0237,N,VIIRS,n,2,290.93,2.06,N,0
41.52491,-7.90402,301,0.41,0.37,2024-09-18,0237,N,VIIRS,n,2,288.9,0.87,N,0
41.52328,-7.91469,322.63,0.41,0.37,2024-09-18,0237,N,VIIRS,n,2,289.33,2.06,N,0
41.56477,-8.14594,299.29,0.41,0.37,2024-09-18,0237,N,VIIRS,n,2,288.48,0.64,N,0
41.56393,-8.14125,298.28,0.41,0.37,2024-09-18,0237,N,VIIRS,n,2,287.91,0.58,N,0
41.52241,-7.90986,301.47,0.41,0.37,2024-09-18,0237,N,VIIRS,n,2,289.66,0.87,N,0
41.5631,-8.15641,332.47,0.4,0.37,2024-09-18,0237,N,VIIRS,n,2,292,2.97,N,0
41.56145,-8.14712,349.35,0.41,0.37,2024-09-18,0237,N,VIIRS,n,2,303.76,23.37,N,0
41.56062,-8.14247,322.65,0.41,0.37,2024-09-18,0237,N,VIIRS,n,2,288.81,19.62,N,0
41.46706,-7.6253,348.02,0.42,0.37,2024-09-18,0237,N,VIIRS,n,2,287.97,11.46,N,0
41.56227,-8.15176,317.4,0.4,0.37,2024-09-18,0237,N,VIIRS,n,2,291.47,23.37,N,0
41.46613,-7.62027,296.16,0.42,0.37,2024-09-18,0237,N,VIIRS,n,2,282.07,6.87,N,0
41.55894,-8.15292,367,0.4,0.37,2024-09-18,0237,N,VIIRS,h,2,299.69,23.37,N,0
41.55813,-8.1483,346.56,0.41,0.37,2024-09-18,0237,N,VIIRS,n,2,309.39,23.37,N,0
41.5573,-8.14368,326.7,0.41,0.37,2024-09-18,0237,N,VIIRS,n,2,303.85,19.62,N,0
41.46365,-7.6263,345.84,0.42,0.37,2024-09-18,0237,N,VIIRS,n,2,286.29,11.46,N,0
41.46272,-7.62124,349.19,0.42,0.37,2024-09-18,0237,N,VIIRS,n,2,290.1,6.87,N,0
41.55977,-8.15756,313.75,0.4,0.37,2024-09-18,0237,N,VIIRS,n,2,291.44,2.97,N,0
41.51563,-7.91175,306.91,0.41,0.37,2024-09-18,0237,N,VIIRS,n,2,289.46,1.43,N,0
41.468,-7.65008,301.71,0.42,0.37,2024-09-18,0237,N,VIIRS,n,2,285.4,1.31,N,0
41.55918,-8.15563,341.55,0.41,0.37,2024-09-18,0237,N,VIIRS,n,2,294.99,12.61,N,0
41.55836,-8.151,348.79,0.41,0.37,2024-09-18,0237,N,VIIRS,n,2,297.21,32.99,N,0
41.55754,-8.14638,338.24,0.41,0.37,2024-09-18,0237,N,VIIRS,n,2,313.06,32.99,N,0
41.55673,-8.14177,322.72,0.41,0.37,2024-09-18,0237,N,VIIRS,n,2,289.35,5.16,N,0
41.46526,-7.62865,327.39,0.42,0.37,2024-09-18,0237,N,VIIRS,n,2,283.55,13.48,N,0
41.46435,-7.6236,351.16,0.42,0.37,2024-09-18,0237,N,VIIRS,n,2,294.23,13.48,N,0
41.46344,-7.61855,338.22,0.42,0.37,2024-09-18,0237,N,VIIRS,n,2,284.37,6.13,N,0
41.51564,-7.90948,309.88,0.41,0.37,2024-09-18,0237,N,VIIRS,n,2,289.74,0.92,N,0
41.46954,-7.65226,298.75,0.42,0.37,2024-09-18,0237,N,VIIRS,n,2,284.8,0.81,N,0
41.46869,-7.64755,295.91,0.42,0.37,2024-09-18,0237,N,VIIRS,n,2,284.78,0.77,N,0
41.55585,-8.15681,343.5,0.41,0.37,2024-09-18,0237,N,VIIRS,n,2,292.07,12.61,N,0
41.55503,-8.15218,354.17,0.41,0.37,2024-09-18,0237,N,VIIRS,n,2,299.09,32.99,N,0
41.55421,-8.14757,354.2,0.41,0.37,2024-09-18,0237,N,VIIRS,n,2,308.68,32.99,N,0
41.5534,-8.14297,342.2,0.41,0.37,2024-09-18,0237,N,VIIRS,n,2,291.46,5.16,N,0
41.46003,-7.61953,343.56,0.42,0.37,2024-09-18,0237,N,VIIRS,n,2,288.16,6.13,N,0
41.55089,-8.14878,330.93,0.41,0.37,2024-09-18,0237,N,VIIRS,n,2,289.45,1.8,N,0
41.55008,-8.14415,334.68,0.41,0.37,2024-09-18,0237,N,VIIRS,n,2,292.52,4.19,N,0
41.54926,-8.13952,325.11,0.41,0.37,2024-09-18,0237,N,VIIRS,n,2,289.12,4.19,N,0
41.4717,-7.70405,334.71,0.42,0.37,2024-09-18,0237,N,VIIRS,n,2,287.95,6.31,N,0
41.47082,-7.69915,347.11,0.42,0.37,2024-09-18,0237,N,VIIRS,n,2,291.6,4.16,N,0
41.55667,-8.18153,303.5,0.4,0.37,2024-09-18,0237,N,VIIRS,n,2,289.81,0.54,N,0
41.55171,-8.15339,300.73,0.41,0.37,2024-09-18,0237,N,VIIRS,n,2,287.53,1.8,N,0
41.46993,-7.69425,306.36,0.42,0.37,2024-09-18,0237,N,VIIRS,n,2,284.28,4.16,N,0
41.54675,-8.14533,331.9,0.41,0.37,2024-09-18,0237,N,VIIRS,n,2,289.01,4.19,N,0
41.46833,-7.70519,347.96,0.42,0.37,2024-09-18,0237,N,VIIRS,n,2,292.31,6.31,N,0
41.46655,-7.69533,342.26,0.42,0.37,2024-09-18,0237,N,VIIRS,n,2,289.02,4.16,N,0
41.54593,-8.14067,296.36,0.41,0.37,2024-09-18,0237,N,VIIRS,n,2,285.7,4.19,N,0
41.47099,-7.71998,295.3,0.42,0.37,2024-09-18,0237,N,VIIRS,n,2,284.22,0.84,N,0
41.4701,-7.71505,309.19,0.42,0.37,2024-09-18,0237,N,VIIRS,n,2,286.97,0.84,N,0
41.46922,-7.71012,304.52,0.42,0.37,2024-09-18,0237,N,VIIRS,n,2,286.79,6.31,N,0
41.46745,-7.70027,307.99,0.42,0.37,2024-09-18,0237,N,VIIRS,n,2,286.95,4.16,N,0
41.5434,-8.14641,328.43,0.41,0.37,2024-09-18,0237,N,VIIRS,n,2,287.13,18.45,N,0
41.54257,-8.14165,339.7,0.41,0.37,2024-09-18,0237,N,VIIRS,n,2,303.43,18.45,N,0
41.46852,-7.72611,299.48,0.41,0.37,2024-09-18,0237,N,VIIRS,n,2,282.76,1,N,0
41.46762,-7.72113,306.65,0.42,0.37,2024-09-18,0237,N,VIIRS,n,2,286.35,1.19,N,0
41.46673,-7.71618,304.26,0.42,0.37,2024-09-18,0237,N,VIIRS,n,2,287.07,1.19,N,0
41.46407,-7.70139,299.87,0.42,0.37,2024-09-18,0237,N,VIIRS,n,2,286.62,0.79,N,0
41.46317,-7.69639,295.78,0.42,0.37,2024-09-18,0237,N,VIIRS,n,2,284.29,0.79,N,0
41.44893,-7.61758,306.93,0.42,0.37,2024-09-18,0237,N,VIIRS,n,2,280.34,1,N,0
41.53921,-8.14262,326.72,0.41,0.37,2024-09-18,0237,N,VIIRS,n,2,287.81,18.45,N,0
41.46336,-7.71731,304.86,0.42,0.37,2024-09-18,0237,N,VIIRS,n,2,286.76,1.19,N,0
41.44553,-7.61862,306.06,0.42,0.37,2024-09-18,0237,N,VIIRS,n,2,280.73,1,N,0
41.54247,-8.18115,304.74,0.4,0.37,2024-09-18,0237,N,VIIRS,n,2,288.91,0.88,N,0
41.53914,-8.18228,306.65,0.4,0.37,2024-09-18,0237,N,VIIRS,n,2,288.13,0.88,N,0
41.53832,-8.17761,313.76,0.4,0.37,2024-09-18,0237,N,VIIRS,n,2,288.54,1.11,N,0
41.44415,-7.74953,302.58,0.41,0.37,2024-09-18,0237,N,VIIRS,n,2,286.25,1.1,N,0
41.52578,-8.2266,310.39,0.4,0.37,2024-09-18,0237,N,VIIRS,n,2,288.26,1.01,N,0
41.52246,-8.22777,329.01,0.4,0.37,2024-09-18,0237,N,VIIRS,n,2,288.38,6.01,N,0
41.5216,-8.2229,333.78,0.4,0.37,2024-09-18,0237,N,VIIRS,n,2,304.18,16.36,N,0
41.51912,-8.22887,302.86,0.4,0.37,2024-09-18,0237,N,VIIRS,n,2,286.4,6.01,N,0
41.51826,-8.22396,313.8,0.4,0.37,2024-09-18,0237,N,VIIRS,n,2,288.58,16.36,N,0
41.43489,-7.75757,303.27,0.41,0.37,2024-09-18,0237,N,VIIRS,n,2,285.73,1.62,N,0
41.41642,-7.69519,295.77,0.42,0.37,2024-09-18,0237,N,VIIRS,n,2,281.83,0.7,N,0
41.41552,-7.69025,309.6,0.42,0.37,2024-09-18,0237,N,VIIRS,n,2,283.59,0.7,N,0
41.41463,-7.68533,304.46,0.42,0.37,2024-09-18,0237,N,VIIRS,n,2,283.17,0.85,N,0
41.40858,-7.6521,300.67,0.42,0.37,2024-09-18,0237,N,VIIRS,n,2,282.3,0.57,N,0
41.41484,-7.70617,328.04,0.42,0.37,2024-09-18,0237,N,VIIRS,n,2,282.61,4.32,N,0
41.51075,-8.24138,301.2,0.4,0.37,2024-09-18,0237,N,VIIRS,n,2,290.41,0.92,N,0
41.50991,-8.23665,309.18,0.4,0.37,2024-09-18,0237,N,VIIRS,n,2,289.13,0.96,N,0
41.41856,-7.72662,307.39,0.42,0.37,2024-09-18,0237,N,VIIRS,n,2,281.53,1.19,N,0
41.41305,-7.69632,300.39,0.42,0.37,2024-09-18,0237,N,VIIRS,n,2,283.29,1.32,N,0
41.41215,-7.69138,317.23,0.42,0.37,2024-09-18,0237,N,VIIRS,n,2,285.48,1.32,N,0
41.41146,-7.70727,329.07,0.42,0.37,2024-09-18,0237,N,VIIRS,n,2,282.98,4.32,N,0
41.40179,-7.6542,342.51,0.42,0.37,2024-09-18,0237,N,VIIRS,n,2,285.71,2.57,N,0
41.40268,-7.65906,300.31,0.42,0.37,2024-09-18,0237,N,VIIRS,n,2,283.55,2.57,N,0
41.39928,-7.6601,344.98,0.42,0.37,2024-09-18,0237,N,VIIRS,n,2,288.24,7.76,N,0
41.3984,-7.65522,325.87,0.42,0.37,2024-09-18,0237,N,VIIRS,n,2,282.64,7.76,N,0
41.40016,-7.6649,295.06,0.42,0.37,2024-09-18,0237,N,VIIRS,n,2,283.69,7.91,N,0
41.39676,-7.66592,346.18,0.42,0.37,2024-09-18,0237,N,VIIRS,n,2,292.37,7.91,N,0
41.39762,-7.67063,297.17,0.42,0.37,2024-09-18,0237,N,VIIRS,n,2,285.34,7.91,N,0
41.39589,-7.66114,318.21,0.42,0.37,2024-09-18,0237,N,VIIRS,n,2,285.34,7.76,N,0
41.39422,-7.67164,335.65,0.42,0.37,2024-09-18,0237,N,VIIRS,n,2,288.59,8.85,N,0
41.39336,-7.66692,342.68,0.42,0.37,2024-09-18,0237,N,VIIRS,n,2,290.84,8.85,N,0
41.39679,-7.68575,297.43,0.42,0.37,2024-09-18,0237,N,VIIRS,n,2,286.53,1.76,N,0
41.39592,-7.68099,318.72,0.42,0.37,2024-09-18,0237,N,VIIRS,n,2,288.95,2.15,N,0
41.39167,-7.67734,331.18,0.42,0.37,2024-09-18,0237,N,VIIRS,n,2,287.95,2.15,N,0
41.39082,-7.67265,341.27,0.42,0.37,2024-09-18,0237,N,VIIRS,n,2,287.16,8.85,N,0
41.40536,-7.75236,298.5,0.41,0.37,2024-09-18,0237,N,VIIRS,n,2,278.58,0.56,N,0
41.39253,-7.68204,308.12,0.42,0.37,2024-09-18,0237,N,VIIRS,n,2,284.62,2.15,N,0
41.38996,-7.66792,298.8,0.42,0.37,2024-09-18,0237,N,VIIRS,n,2,282.7,8.85,N,0
41.40287,-7.75832,342.77,0.41,0.37,2024-09-18,0237,N,VIIRS,n,2,282.63,5.93,N,0
41.38828,-7.67839,337.8,0.42,0.37,2024-09-18,0237,N,VIIRS,n,2,289.06,4.49,N,0
41.38742,-7.67369,333.25,0.42,0.37,2024-09-18,0237,N,VIIRS,n,2,287.4,3.67,N,0
41.38655,-7.66893,320.47,0.42,0.37,2024-09-18,0237,N,VIIRS,n,2,283.48,3.67,N,0
41.3849,-7.6795,321.6,0.42,0.37,2024-09-18,0237,N,VIIRS,n,2,283.98,4.49,N,0
41.38403,-7.67475,345.93,0.42,0.37,2024-09-18,0237,N,VIIRS,n,2,286.36,3.67,N,0
41.3921,-7.71892,306.1,0.42,0.37,2024-09-18,0237,N,VIIRS,n,2,282.44,1.08,N,0
41.38752,-7.69384,307.14,0.42,0.37,2024-09-18,0237,N,VIIRS,n,2,285.43,1.02,N,0
41.3906,-7.73026,298.68,0.42,0.37,2024-09-18,0237,N,VIIRS,n,2,283.12,1.12,N,0
41.38965,-7.72508,312.2,0.42,0.37,2024-09-18,0237,N,VIIRS,n,2,283.53,1.14,N,0
41.46174,-8.24317,323.38,0.4,0.37,2024-09-18,0237,N,VIIRS,n,2,293.36,2.5,N,0
41.34154,-7.56954,301.85,0.42,0.38,2024-09-18,0237,N,VIIRS,n,2,285.12,1.2,N,0
41.33635,-7.56079,326.4,0.42,0.38,2024-09-18,0237,N,VIIRS,n,2,285.33,1.7,N,0
41.45839,-8.24416,300.86,0.4,0.37,2024-09-18,0237,N,VIIRS,n,2,289.22,0.81,N,0
41.33989,-7.58025,302.04,0.42,0.38,2024-09-18,0237,N,VIIRS,n,2,286.08,2.38,N,0
41.33812,-7.57054,297.46,0.42,0.38,2024-09-18,0237,N,VIIRS,n,2,285.39,3.37,N,0
41.33382,-7.56666,335.26,0.42,0.38,2024-09-18,0237,N,VIIRS,n,2,291.44,3.37,N,0
41.33294,-7.5618,299.15,0.42,0.38,2024-09-18,0237,N,VIIRS,n,2,284.76,1.7,N,0
41.43241,-8.19684,301.84,0.41,0.37,2024-09-18,0237,N,VIIRS,n,2,287.32,0.6,N,0
41.39509,-8.02626,341.89,0.41,0.37,2024-09-18,0237,N,VIIRS,n,2,293.88,9.08,N,0
41.39422,-8.02136,322.26,0.41,0.37,2024-09-18,0237,N,VIIRS,n,2,289.36,9.08,N,0
41.39172,-8.02722,299.72,0.41,0.37,2024-09-18,0237,N,VIIRS,n,2,287.9,0.86,N,0
41.41983,-8.20568,303.19,0.41,0.37,2024-09-18,0237,N,VIIRS,n,2,289.07,1.23,N,0
41.41899,-8.20087,316.83,0.41,0.37,2024-09-18,0237,N,VIIRS,n,2,290.42,1.29,N,0
41.41648,-8.20667,316,0.41,0.37,2024-09-18,0237,N,VIIRS,n,2,292.35,2.36,N,0
41.41563,-8.20188,312.39,0.41,0.37,2024-09-18,0237,N,VIIRS,n,2,289.61,1.12,N,0
41.38949,-8.07452,302.63,0.41,0.37,2024-09-18,0237,N,VIIRS,n,2,288.04,0.64,N,0
41.38612,-8.07552,324.92,0.41,0.37,2024-09-18,0237,N,VIIRS,n,2,291.18,1.69,N,0
41.38698,-8.0803,301.2,0.41,0.37,2024-09-18,0237,N,VIIRS,n,2,287.17,1.69,N,0
41.39888,-8.1672,347.45,0.41,0.37,2024-09-18,0237,N,VIIRS,n,2,305.64,15.26,N,0
41.39973,-8.17197,300.64,0.41,0.37,2024-09-18,0237,N,VIIRS,n,2,288.86,4.79,N,0
41.39804,-8.16242,298.68,0.41,0.37,2024-09-18,0237,N,VIIRS,n,2,288.56,15.26,N,0
41.39468,-8.16347,340.4,0.41,0.37,2024-09-18,0237,N,VIIRS,n,2,293.69,4.07,N,0
41.39637,-8.17298,310.64,0.41,0.37,2024-09-18,0237,N,VIIRS,n,2,289.99,1.6,N,0
41.39553,-8.16825,316.95,0.41,0.37,2024-09-18,0237,N,VIIRS,n,2,290.75,4.07,N,0
41.39133,-8.16454,337.16,0.41,0.37,2024-09-18,0237,N,VIIRS,n,2,288.16,4.07,N,0
41.39302,-8.17405,317.43,0.41,0.37,2024-09-18,0237,N,VIIRS,n,2,290.51,1.6,N,0
41.39219,-8.16932,307.18,0.41,0.37,2024-09-18,0237,N,VIIRS,n,2,288.98,4.07,N,0
41.3523,-8.04503,320.03,0.41,0.37,2024-09-18,0237,N,VIIRS,n,2,288.82,2.06,N,0
41.354,-8.05455,315.24,0.41,0.37,2024-09-18,0237,N,VIIRS,n,2,290.98,1.77,N,0
41.34892,-8.04601,320.05,0.41,0.37,2024-09-18,0237,N,VIIRS,n,2,289.43,2.06,N,0
41.34718,-8.03631,304.34,0.41,0.37,2024-09-18,0237,N,VIIRS,n,2,288.41,0.96,N,0
41.35072,-8.07587,299.8,0.41,0.37,2024-09-18,0237,N,VIIRS,n,2,289.39,0.78,N,0
41.3438,-8.03724,313.89,0.41,0.37,2024-09-18,0237,N,VIIRS,n,2,289.24,1.08,N,0
41.33953,-8.03327,330.21,0.41,0.37,2024-09-18,0237,N,VIIRS,n,2,290.91,4,N,0
41.34735,-8.07685,306.26,0.41,0.37,2024-09-18,0237,N,VIIRS,n,2,290.73,0.78,N,0
41.34649,-8.07204,303.24,0.41,0.37,2024-09-18,0237,N,VIIRS,n,2,290.02,0.6,N,0
41.35436,-8.13582,339.46,0.41,0.37,2024-09-18,0237,N,VIIRS,n,2,295.72,11.58,N,0
41.35352,-8.13108,349.68,0.41,0.37,2024-09-18,0237,N,VIIRS,n,2,297.82,24.21,N,0
41.35265,-8.12622,330.75,0.41,0.37,2024-09-18,0237,N,VIIRS,n,2,314.8,24.21,N,0
41.35177,-8.12131,314.5,0.41,0.37,2024-09-18,0237,N,VIIRS,n,2,291.95,2.04,N,0
41.35089,-8.11643,310.66,0.41,0.37,2024-09-18,0237,N,VIIRS,n,2,292.09,2.04,N,0
41.35002,-8.11154,305.24,0.41,0.37,2024-09-18,0237,N,VIIRS,n,2,291.61,1.07,N,0
41.34914,-8.10662,300.37,0.41,0.37,2024-09-18,0237,N,VIIRS,n,2,290.14,1.07,N,0
41.33263,-8.01472,306.18,0.41,0.37,2024-09-18,0237,N,VIIRS,n,2,290.44,1.72,N,0
41.33178,-8.00994,312.57,0.41,0.37,2024-09-18,0237,N,VIIRS,n,2,291.75,1.72,N,0
41.45568,-8.73231,326.5,0.4,0.37,2024-09-18,0237,N,VIIRS,n,2,291.11,1.29,N,0
41.35184,-8.14151,367,0.41,0.37,2024-09-18,0237,N,VIIRS,h,2,301.7,11.58,N,0
41.351,-8.13681,328.24,0.41,0.37,2024-09-18,0237,N,VIIRS,n,2,293.65,11.58,N,0
41.3493,-8.12731,327.7,0.41,0.37,2024-09-18,0237,N,VIIRS,n,2,290.91,24.21,N,0
41.32926,-8.01574,329.53,0.41,0.37,2024-09-18,0237,N,VIIRS,n,2,292.47,1.72,N,0
41.45649,-8.73699,303.48,0.4,0.37,2024-09-18,0237,N,VIIRS,n,2,290.15,1.29,N,0
41.35776,-8.17469,319.27,0.41,0.37,2024-09-18,0237,N,VIIRS,n,2,290.02,1.87,N,0
41.35268,-8.14622,313.15,0.41,0.37,2024-09-18,0237,N,VIIRS,n,2,288.92,3.55,N,0
41.35015,-8.13209,313.78,0.41,0.37,2024-09-18,0237,N,VIIRS,n,2,290.23,24.21,N,0
41.34843,-8.12244,318.86,0.41,0.37,2024-09-18,0237,N,VIIRS,n,2,293.58,2.04,N,0
41.34755,-8.11757,307.82,0.41,0.37,2024-09-18,0237,N,VIIRS,n,2,290.35,2.04,N,0
41.34847,-8.14249,329.64,0.41,0.37,2024-09-18,0237,N,VIIRS,n,2,289.46,2.67,N,0
41.45236,-8.73333,310.69,0.4,0.37,2024-09-18,0237,N,VIIRS,n,2,289.26,1.5,N,0
41.34763,-8.1378,317.26,0.41,0.37,2024-09-18,0237,N,VIIRS,n,2,291.52,2.67,N,0
41.34679,-8.13308,300.13,0.41,0.37,2024-09-18,0237,N,VIIRS,n,2,288.26,4.34,N,0
41.34507,-8.1235,300.32,0.41,0.37,2024-09-18,0237,N,VIIRS,n,2,288.46,0.72,N,0
41.32764,-8.0265,308.13,0.41,0.37,2024-09-18,0237,N,VIIRS,n,2,292.03,9.09,N,0
41.34426,-8.13876,320.73,0.41,0.37,2024-09-18,0237,N,VIIRS,n,2,291.56,2.67,N,0
41.34342,-8.13404,345.52,0.41,0.37,2024-09-18,0237,N,VIIRS,n,2,294.05,4.34,N,0
41.32427,-8.02752,335.42,0.41,0.37,2024-09-18,0237,N,VIIRS,n,2,294.41,9.09,N,0
41.3234,-8.0227,344.2,0.41,0.37,2024-09-18,0237,N,VIIRS,n,2,295.95,9.09,N,0
41.32613,-8.0576,325.6,0.41,0.37,2024-09-18,0237,N,VIIRS,n,2,290.36,1.61,N,0
41.3209,-8.02856,341.35,0.41,0.37,2024-09-18,0237,N,VIIRS,n,2,294.93,2.28,N,0
41.32698,-8.0623,312.36,0.41,0.37,2024-09-18,0237,N,VIIRS,n,2,290.14,1.11,N,0
41.32004,-8.02379,306.17,0.41,0.37,2024-09-18,0237,N,VIIRS,n,2,291.03,2.28,N,0
41.31841,-8.03442,324.98,0.41,0.37,2024-09-18,0237,N,VIIRS,n,2,293.47,2.71,N,0
41.32709,-8.08266,301.68,0.41,0.37,2024-09-18,0237,N,VIIRS,n,2,289.36,0.37,N,0
41.32361,-8.06332,301.81,0.41,0.37,2024-09-18,0237,N,VIIRS,n,2,289.64,1.11,N,0
41.31755,-8.02967,306.74,0.41,0.37,2024-09-18,0237,N,VIIRS,n,2,291.1,2.28,N,0
41.31815,-8.0313,335.03,0.41,0.37,2024-09-18,0237,N,VIIRS,n,2,293.7,3.98,N,0
41.35886,-8.26211,301.81,0.4,0.37,2024-09-18,0237,N,VIIRS,n,2,289.82,0.86,N,0
41.32413,-8.06501,301.43,0.41,0.37,2024-09-18,0237,N,VIIRS,n,2,289.63,0.76,N,0
41.33107,-8.12431,315.27,0.41,0.37,2024-09-18,0237,N,VIIRS,n,2,290.05,1.14,N,0
41.3302,-8.11945,302.66,0.41,0.37,2024-09-18,0237,N,VIIRS,n,2,288.16,1.14,N,0
41.32343,-8.10116,313.89,0.41,0.37,2024-09-18,0237,N,VIIRS,n,2,289.18,2.22,N,0
41.32258,-8.09636,302.63,0.41,0.37,2024-09-18,0237,N,VIIRS,n,2,288.19,0.49,N,0
41.31757,-8.10813,300.17,0.41,0.37,2024-09-18,0237,N,VIIRS,n,2,289.22,0.39,N,0
41.24519,-7.86243,346.25,0.41,0.37,2024-09-18,0237,N,VIIRS,n,2,293.69,3.7,N,0
41.24277,-7.86883,301.84,0.41,0.37,2024-09-18,0237,N,VIIRS,n,2,282.31,3.7,N,0
41.24182,-7.86352,297.94,0.41,0.37,2024-09-18,0237,N,VIIRS,n,2,284.33,3.7,N,0
41.3665,-8.6283,305.09,0.4,0.37,2024-09-18,0237,N,VIIRS,n,2,291.43,0.87,N,0
41.26015,-8.04478,326.58,0.41,0.37,2024-09-18,0237,N,VIIRS,n,2,291.31,2.82,N,0
41.2799,-8.15535,310.68,0.41,0.37,2024-09-18,0237,N,VIIRS,n,2,289.25,1.56,N,0
41.22427,-7.88493,326.55,0.41,0.37,2024-09-18,0237,N,VIIRS,n,2,302.73,32.12,N,0
41.22333,-7.87968,344.08,0.41,0.37,2024-09-18,0237,N,VIIRS,n,2,290.69,32.12,N,0
41.22177,-7.89083,335.6,0.41,0.37,2024-09-18,0237,N,VIIRS,n,2,285.98,8.03,N,0
41.21994,-7.88068,346.46,0.41,0.37,2024-09-18,0237,N,VIIRS,n,2,300.08,16.65,N,0
41.22089,-7.88597,297.86,0.41,0.37,2024-09-18,0237,N,VIIRS,n,2,284.79,16.65,N,0
41.23562,-7.98732,351.2,0.41,0.37,2024-09-18,0237,N,VIIRS,n,2,298.92,14.29,N,0
41.23476,-7.98257,346.89,0.41,0.37,2024-09-18,0237,N,VIIRS,n,2,300.58,6.4,N,0
41.21841,-7.89192,347.86,0.41,0.37,2024-09-18,0237,N,VIIRS,n,2,294.3,8.03,N,0
41.21658,-7.88188,342.07,0.41,0.37,2024-09-18,0237,N,VIIRS,n,2,309.87,16.65,N,0
41.23646,-7.99201,310.86,0.41,0.37,2024-09-18,0237,N,VIIRS,n,2,287.47,14.29,N,0
41.23391,-7.97782,303.44,0.41,0.37,2024-09-18,0237,N,VIIRS,n,2,287.99,6.4,N,0
41.23305,-7.97304,298.45,0.41,0.37,2024-09-18,0237,N,VIIRS,n,2,287.62,0.28,N,0
41.21923,-7.89652,296.23,0.41,0.37,2024-09-18,0237,N,VIIRS,n,2,284.51,8.03,N,0
41.21754,-7.88718,311.33,0.41,0.37,2024-09-18,0237,N,VIIRS,n,2,288.71,16.65,N,0
41.23308,-7.993,344.97,0.41,0.37,2024-09-18,0237,N,VIIRS,n,2,295.16,2.98,N,0
41.22969,-7.97422,345.78,0.41,0.37,2024-09-18,0237,N,VIIRS,n,2,292.67,2.9,N,0
41.21588,-7.8977,332.12,0.41,0.37,2024-09-18,0237,N,VIIRS,n,2,290.59,13.1,N,0
41.21505,-7.89311,329.81,0.41,0.37,2024-09-18,0237,N,VIIRS,n,2,288.82,13.1,N,0
41.21324,-7.88311,347.74,0.41,0.37,2024-09-18,0237,N,VIIRS,n,2,309.83,22.72,N,0
41.23224,-7.98835,302.54,0.41,0.37,2024-09-18,0237,N,VIIRS,n,2,288.09,2.98,N,0
41.2314,-7.98367,319.07,0.41,0.37,2024-09-18,0237,N,VIIRS,n,2,290.13,3.13,N,0
41.23055,-7.97895,314.07,0.41,0.37,2024-09-18,0237,N,VIIRS,n,2,289.13,3.13,N,0
41.21669,-7.90218,298.96,0.41,0.37,2024-09-18,0237,N,VIIRS,n,2,285.62,3.92,N,0
41.21418,-7.88826,314.59,0.41,0.37,2024-09-18,0237,N,VIIRS,n,2,291.2,22.72,N,0
41.22969,-7.99398,333.32,0.41,0.37,2024-09-18,0237,N,VIIRS,n,2,292.76,2.98,N,0
41.22887,-7.98937,321.37,0.41,0.37,2024-09-18,0237,N,VIIRS,n,2,293.36,2.98,N,0
41.22717,-7.97996,348.25,0.41,0.37,2024-09-18,0237,N,VIIRS,n,2,294.06,3.13,N,0
41.22632,-7.97522,333.08,0.41,0.37,2024-09-18,0237,N,VIIRS,n,2,290.35,2.9,N,0
41.21331,-7.90322,333.08,0.41,0.37,2024-09-18,0237,N,VIIRS,n,2,289.71,3.92,N,0
41.21251,-7.89878,348.81,0.41,0.37,2024-09-18,0237,N,VIIRS,n,2,297.45,13.1,N,0
41.21081,-7.88938,343.14,0.41,0.37,2024-09-18,0237,N,VIIRS,n,2,304.74,22.72,N,0
41.20988,-7.88426,334.23,0.41,0.37,2024-09-18,0237,N,VIIRS,n,2,300.71,22.72,N,0
41.26999,-8.21903,306.01,0.41,0.37,2024-09-18,0237,N,VIIRS,n,2,288.35,0.61,N,0
41.26743,-8.20467,301.67,0.41,0.37,2024-09-18,0237,N,VIIRS,n,2,289.78,0.58,N,0
41.22802,-7.98467,311.28,0.41,0.37,2024-09-18,0237,N,VIIRS,n,2,291.06,3.13,N,0
41.22546,-7.97048,297.42,0.41,0.37,2024-09-18,0237,N,VIIRS,n,2,286.83,2.9,N,0
41.2117,-7.89425,315.1,0.41,0.37,2024-09-18,0237,N,VIIRS,n,2,285.14,13.1,N,0
41.30458,-8.43446,323.45,0.4,0.37,2024-09-18,0237,N,VIIRS,n,2,289.46,9.26,N,0
41.22633,-7.99504,326.4,0.41,0.37,2024-09-18,0237,N,VIIRS,n,2,290.35,5.65,N,0
41.22548,-7.99034,350,0.41,0.37,2024-09-18,0237,N,VIIRS,n,2,294.14,5.65,N,0
41.22462,-7.98559,332.38,0.41,0.37,2024-09-18,0237,N,VIIRS,n,2,293.61,20.38,N,0
41.22377,-7.98087,336.98,0.41,0.37,2024-09-18,0237,N,VIIRS,n,2,292.63,20.38,N,0
41.22036,-7.96194,343.79,0.41,0.37,2024-09-18,0237,N,VIIRS,n,2,294.04,4.58,N,0
41.21778,-7.94761,326.89,0.41,0.37,2024-09-18,0237,N,VIIRS,n,2,288.08,0.86,N,0
41.20992,-7.9042,367,0.41,0.37,2024-09-18,0237,N,VIIRS,h,2,335.97,59.01,N,0
41.20912,-7.89977,332.48,0.41,0.37,2024-09-18,0237,N,VIIRS,n,2,287.83,5.56,N,0
41.20742,-7.89035,321.98,0.41,0.37,2024-09-18,0237,N,VIIRS,n,2,282.93,2.69,N,0
41.30376,-8.4298,316.9,0.4,0.37,2024-09-18,0237,N,VIIRS,n,2,289.31,9.26,N,0
41.30294,-8.4251,312.92,0.4,0.37,2024-09-18,0237,N,VIIRS,n,2,289.91,5.25,N,0
41.26663,-8.22006,304.1,0.41,0.37,2024-09-18,0237,N,VIIRS,n,2,288.6,0.97,N,0
41.22293,-7.97617,311.61,0.41,0.37,2024-09-18,0237,N,VIIRS,n,2,290.05,10.34,N,0
41.22208,-7.97147,300.31,0.41,0.37,2024-09-18,0237,N,VIIRS,n,2,288.85,10.34,N,0
41.22123,-7.96672,298.83,0.41,0.37,2024-09-18,0237,N,VIIRS,n,2,287.32,4.58,N,0
41.21693,-7.94294,298.56,0.41,0.37,2024-09-18,0237,N,VIIRS,n,2,285.1,0.86,N,0
41.21077,-7.90889,299.92,0.41,0.37,2024-09-18,0237,N,VIIRS,n,2,287.16,59.01,N,0
41.20829,-7.89517,296.21,0.41,0.37,2024-09-18,0237,N,VIIRS,n,2,283.31,5.56,N,0
41.30449,-8.45394,340.49,0.4,0.37,2024-09-18,0237,N,VIIRS,n,2,301.77,21.91,N,0
41.30367,-8.4493,354.55,0.4,0.37,2024-09-18,0237,N,VIIRS,n,2,299.01,21.91,N,0
41.30286,-8.44468,355.27,0.4,0.37,2024-09-18,0237,N,VIIRS,n,2,307.51,21.43,N,0
41.30206,-8.4401,367,0.4,0.37,2024-09-18,0237,N,VIIRS,h,2,303.02,21.43,N,0
41.30125,-8.43552,353.43,0.4,0.37,2024-09-18,0237,N,VIIRS,n,2,306.36,9.26,N,0
41.30044,-8.43087,341.44,0.4,0.37,2024-09-18,0237,N,VIIRS,n,2,294.43,9.26,N,0
41.29961,-8.42616,347.68,0.4,0.37,2024-09-18,0237,N,VIIRS,n,2,295.87,5.25,N,0
41.25136,-8.15429,325.97,0.41,0.37,2024-09-18,0237,N,VIIRS,n,2,290.61,1.67,N,0
41.22298,-7.9962,347.86,0.41,0.37,2024-09-18,0237,N,VIIRS,n,2,297.9,5.65,N,0
41.2221,-7.99135,327.96,0.41,0.37,2024-09-18,0237,N,VIIRS,n,2,294.56,5.65,N,0
41.22039,-7.98183,348.35,0.41,0.37,2024-09-18,0237,N,VIIRS,n,2,316.88,20.38,N,0
41.21954,-7.97711,347.09,0.41,0.37,2024-09-18,0237,N,VIIRS,n,2,318.08,10.34,N,0
41.21869,-7.97239,325.97,0.41,0.37,2024-09-18,0237,N,VIIRS,n,2,293.97,10.34,N,0
41.21696,-7.96285,336.61,0.41,0.37,2024-09-18,0237,N,VIIRS,n,2,289.48,4.58,N,0
41.25219,-8.15896,307.68,0.41,0.37,2024-09-18,0237,N,VIIRS,n,2,290.28,1.67,N,0
41.22123,-7.98654,306.16,0.41,0.37,2024-09-18,0237,N,VIIRS,n,2,289.62,20.38,N,0
41.21783,-7.96763,298.11,0.41,0.37,2024-09-18,0237,N,VIIRS,n,2,288.01,4.58,N,0
41.21442,-7.94876,298.89,0.41,0.37,2024-09-18,0237,N,VIIRS,n,2,286.23,0.86,N,0
41.21359,-7.94413,295.34,0.41,0.37,2024-09-18,0237,N,VIIRS,n,2,285.25,0.86,N,0
41.20655,-7.90528,311.72,0.41,0.37,2024-09-18,0237,N,VIIRS,n,2,285.79,59.01,N,0
41.30114,-8.4549,346.53,0.4,0.37,2024-09-18,0237,N,VIIRS,n,2,293.98,9.32,N,0
41.30032,-8.45025,352.43,0.4,0.37,2024-09-18,0237,N,VIIRS,n,2,297.62,9.32,N,0
41.29951,-8.44565,354.2,0.4,0.37,2024-09-18,0237,N,VIIRS,n,2,302.18,31.73,N,0
41.29871,-8.44111,330.19,0.4,0.37,2024-09-18,0237,N,VIIRS,n,2,295.86,31.73,N,0
41.29792,-8.43654,328.59,0.4,0.37,2024-09-18,0237,N,VIIRS,n,2,295.31,13.08,N,0
41.2971,-8.43191,327.61,0.4,0.37,2024-09-18,0237,N,VIIRS,n,2,291.47,13.08,N,0
41.24967,-8.16469,333.12,0.41,0.37,2024-09-18,0237,N,VIIRS,n,2,292.82,4.36,N,0
41.24799,-8.15525,329.95,0.41,0.37,2024-09-18,0237,N,VIIRS,n,2,291.03,2.97,N,0
41.22826,-8.04526,345.52,0.41,0.37,2024-09-18,0237,N,VIIRS,n,2,295.44,5,N,0
41.21788,-7.98768,336.15,0.41,0.37,2024-09-18,0237,N,VIIRS,n,2,293.97,2.77,N,0
41.21616,-7.97812,339.31,0.41,0.37,2024-09-18,0237,N,VIIRS,n,2,289.91,5.51,N,0
41.21529,-7.97331,329.37,0.41,0.37,2024-09-18,0237,N,VIIRS,n,2,291.07,5.51,N,0
41.21356,-7.96375,331.08,0.41,0.37,2024-09-18,0237,N,VIIRS,n,2,290.83,3.96,N,0
41.24883,-8.15998,310.28,0.41,0.37,2024-09-18,0237,N,VIIRS,n,2,289.56,2.97,N,0
41.22744,-8.04069,306.07,0.41,0.37,2024-09-18,0237,N,VIIRS,n,2,288.07,5,N,0
41.21876,-7.99253,318.99,0.41,0.37,2024-09-18,0237,N,VIIRS,n,2,293.1,3.69,N,0
41.21701,-7.98289,314,0.41,0.37,2024-09-18,0237,N,VIIRS,n,2,290,2.77,N,0
41.29697,-8.45121,336.48,0.4,0.37,2024-09-18,0237,N,VIIRS,n,2,295.26,9.32,N,0
41.29617,-8.44662,355.76,0.4,0.37,2024-09-18,0237,N,VIIRS,n,2,305.29,31.73,N,0
41.29537,-8.44207,335.6,0.4,0.37,2024-09-18,0237,N,VIIRS,n,2,328.15,31.73,N,0
41.29457,-8.43756,335.54,0.4,0.37,2024-09-18,0237,N,VIIRS,n,2,312.65,13.08,N,0
41.2249,-8.04633,307.9,0.41,0.37,2024-09-18,0237,N,VIIRS,n,2,290.67,5,N,0
41.29202,-8.44301,351.91,0.4,0.37,2024-09-18,0237,N,VIIRS,n,2,290.98,6.15,N,0
41.20511,-7.9564,324.28,0.41,0.37,2024-09-18,0237,N,VIIRS,n,2,291.12,2.11,N,0
41.29281,-8.44757,316.05,0.4,0.37,2024-09-18,0237,N,VIIRS,n,2,290.86,6.15,N,0
41.29122,-8.43847,314.94,0.4,0.37,2024-09-18,0237,N,VIIRS,n,2,289.47,2.91,N,0
41.22154,-8.04741,303.27,0.41,0.37,2024-09-18,0237,N,VIIRS,n,2,291.24,1.99,N,0
41.20426,-7.95171,314.19,0.41,0.37,2024-09-18,0237,N,VIIRS,n,2,287.95,1.57,N,0
41.24042,-8.17241,320.62,0.41,0.37,2024-09-18,0237,N,VIIRS,n,2,292.07,2.28,N,0
41.20175,-7.95753,316.38,0.41,0.37,2024-09-18,0237,N,VIIRS,n,2,287.94,2.11,N,0
41.23706,-8.17345,297.75,0.41,0.37,2024-09-18,0237,N,VIIRS,n,2,287.54,0.4,N,0
41.20901,-8.037,299.22,0.41,0.37,2024-09-18,0237,N,VIIRS,n,2,284.83,0.58,N,0
41.21005,-8.03839,298.72,0.41,0.37,2024-09-18,0237,N,VIIRS,n,2,284.98,0.68,N,0
41.19805,-7.99089,328.15,0.41,0.37,2024-09-18,0237,N,VIIRS,n,2,287.55,2.38,N,0
41.19892,-7.99578,300.65,0.41,0.37,2024-09-18,0237,N,VIIRS,n,2,288.78,1.21,N,0
41.19718,-7.98602,310.63,0.41,0.37,2024-09-18,0237,N,VIIRS,n,2,287.62,2.38,N,0
41.19908,-8.0167,338.69,0.41,0.37,2024-09-18,0237,N,VIIRS,n,2,291.88,5.55,N,0
41.19642,-8.0017,324.97,0.41,0.37,2024-09-18,0237,N,VIIRS,n,2,290.39,1.59,N,0
41.19996,-8.02165,304.69,0.41,0.37,2024-09-18,0237,N,VIIRS,n,2,289.35,5.55,N,0
41.19731,-8.00671,304.72,0.41,0.37,2024-09-18,0237,N,VIIRS,n,2,287.66,1.26,N,0
41.19553,-7.9967,299.67,0.41,0.37,2024-09-18,0237,N,VIIRS,n,2,288.05,1.59,N,0
41.19746,-8.02759,325.09,0.41,0.37,2024-09-18,0237,N,VIIRS,n,2,288.39,4.33,N,0
41.19659,-8.02268,367,0.41,0.37,2024-09-18,0237,N,VIIRS,h,2,311.22,5.55,N,0
41.19571,-8.01769,319.98,0.41,0.37,2024-09-18,0237,N,VIIRS,n,2,286.37,5.55,N,0
41.19409,-8.0286,328.5,0.41,0.37,2024-09-18,0237,N,VIIRS,n,2,292.67,12.36,N,0
41.19321,-8.02364,326.36,0.41,0.37,2024-09-18,0237,N,VIIRS,n,2,305.19,13.11,N,0
41.19071,-8.02955,328.87,0.41,0.37,2024-09-18,0237,N,VIIRS,n,2,289.17,12.36,N,0
41.18982,-8.02454,323.54,0.41,0.37,2024-09-18,0237,N,VIIRS,n,2,294.52,13.11,N,0
41.17963,-8.02716,342.69,0.41,0.37,2024-09-18,0237,N,VIIRS,n,2,293.02,8.23,N,0
41.16928,-7.96936,336.91,0.41,0.37,2024-09-18,0237,N,VIIRS,n,2,290.33,5.69,N,0
41.16682,-7.97552,332.29,0.41,0.37,2024-09-18,0237,N,VIIRS,n,2,287.99,3.53,N,0
41.16346,-7.97663,342.44,0.41,0.37,2024-09-18,0237,N,VIIRS,n,2,289.42,2.92,N,0
41.16097,-7.98261,303.68,0.41,0.37,2024-09-18,0237,N,VIIRS,n,2,285.82,2.92,N,0
41.16008,-7.97761,303.29,0.41,0.37,2024-09-18,0237,N,VIIRS,n,2,285.45,2.92,N,0
41.15758,-7.98352,353.09,0.41,0.37,2024-09-18,0237,N,VIIRS,n,2,297.24,8.28,N,0
41.15668,-7.97853,321.17,0.41,0.37,2024-09-18,0237,N,VIIRS,n,2,287.3,8.28,N,0
41.15508,-7.98943,335.44,0.41,0.37,2024-09-18,0237,N,VIIRS,n,2,289.4,6.3,N,0
41.15419,-7.98443,335.04,0.41,0.37,2024-09-18,0237,N,VIIRS,n,2,289.86,8.28,N,0
41.15257,-7.9953,346.37,0.41,0.37,2024-09-18,0237,N,VIIRS,n,2,292.35,5.79,N,0
41.15168,-7.99034,340.3,0.41,0.37,2024-09-18,0237,N,VIIRS,n,2,288.29,5.79,N,0
41.15343,-8.01992,324.6,0.41,0.37,2024-09-18,0237,N,VIIRS,n,2,289.3,2.72,N,0
41.15006,-8.00113,346.62,0.41,0.37,2024-09-18,0237,N,VIIRS,n,2,303.3,15,N,0
41.14918,-7.99624,327.53,0.41,0.37,2024-09-18,0237,N,VIIRS,n,2,289.38,5.79,N,0
41.1526,-8.01529,311.43,0.41,0.37,2024-09-18,0237,N,VIIRS,n,2,290.33,1.1,N,0
41.15177,-8.01064,303.67,0.41,0.37,2024-09-18,0237,N,VIIRS,n,2,287.98,1.1,N,0
41.17051,-8.13525,327.2,0.41,0.37,2024-09-18,0237,N,VIIRS,n,2,290.88,2.23,N,0
41.15008,-8.02106,332.37,0.41,0.37,2024-09-18,0237,N,VIIRS,n,2,289.51,3.25,N,0
41.14925,-8.01642,335.93,0.41,0.37,2024-09-18,0237,N,VIIRS,n,2,303.61,17.66,N,0
41.14841,-8.01173,356.36,0.41,0.37,2024-09-18,0237,N,VIIRS,n,2,307.21,17.66,N,0
41.14755,-8.00699,314.68,0.41,0.37,2024-09-18,0237,N,VIIRS,n,2,289.95,1.62,N,0
41.14668,-8.00213,304.94,0.41,0.37,2024-09-18,0237,N,VIIRS,n,2,286.81,1.62,N,0
41.14579,-7.99717,302.98,0.41,0.37,2024-09-18,0237,N,VIIRS,n,2,286.35,0.83,N,0
41.14589,-8.01753,355.01,0.41,0.37,2024-09-18,0237,N,VIIRS,n,2,315.21,17.66,N,0
41.14504,-8.01279,342,0.41,0.37,2024-09-18,0237,N,VIIRS,n,2,293.88,17.66,N,0
41.18941,-8.26138,303.1,0.41,0.37,2024-09-18,0237,N,VIIRS,n,2,288.62,0.73,N,0
41.18004,-8.20859,305.94,0.41,0.37,2024-09-18,0237,N,VIIRS,n,2,288.77,0.85,N,0
41.16804,-8.14124,313.46,0.41,0.37,2024-09-18,0237,N,VIIRS,n,2,290.55,2.23,N,0
41.14672,-8.02218,300.22,0.41,0.37,2024-09-18,0237,N,VIIRS,n,2,287.43,3.25,N,0
41.04426,-7.47979,333.64,0.43,0.38,2024-09-18,0237,N,VIIRS,n,2,300.41,17.17,N,0
41.04336,-7.4749,345.42,0.43,0.38,2024-09-18,0237,N,VIIRS,n,2,291.37,17.17,N,0
41.17668,-8.20964,309.6,0.41,0.37,2024-09-18,0237,N,VIIRS,n,2,288.92,1.19,N,0
41.04246,-7.47002,311.8,0.43,0.38,2024-09-18,0237,N,VIIRS,n,2,284.07,3.02,N,0
41.1596,-8.13374,330.48,0.41,0.37,2024-09-18,0237,N,VIIRS,n,2,291.74,4.17,N,0
41.04084,-7.48084,340.7,0.43,0.38,2024-09-18,0237,N,VIIRS,n,2,292.55,17.17,N,0
41.03904,-7.47111,342.99,0.43,0.38,2024-09-18,0237,N,VIIRS,n,2,288.51,3.02,N,0
41.03994,-7.47597,309.48,0.43,0.38,2024-09-18,0237,N,VIIRS,n,2,286.82,17.17,N,0
41.03814,-7.46626,301.09,0.43,0.38,2024-09-18,0237,N,VIIRS,n,2,283.97,3.02,N,0
41.15627,-8.13494,330.88,0.41,0.37,2024-09-18,0237,N,VIIRS,n,2,291.13,3.47,N,0
41.11039,-7.88012,339.42,0.41,0.37,2024-09-18,0237,N,VIIRS,n,2,291.74,5.41,N,0
41.10957,-7.87558,356.6,0.41,0.37,2024-09-18,0237,N,VIIRS,n,2,304.94,17.09,N,0
41.10875,-7.87108,324.07,0.41,0.37,2024-09-18,0237,N,VIIRS,n,2,286.79,17.09,N,0
41.03741,-7.48189,328.22,0.43,0.38,2024-09-18,0237,N,VIIRS,n,2,285.76,9.46,N,0
41.11122,-7.88471,307.79,0.41,0.37,2024-09-18,0237,N,VIIRS,n,2,286.31,5.41,N,0
41.03651,-7.47703,318.74,0.43,0.38,2024-09-18,0237,N,VIIRS,n,2,288.86,9.46,N,0
41.03561,-7.47217,307.39,0.43,0.38,2024-09-18,0237,N,VIIRS,n,2,286.36,2.25,N,0
41.10786,-7.8859,341.69,0.41,0.37,2024-09-18,0237,N,VIIRS,n,2,291.69,5.41,N,0
41.10705,-7.88138,342.81,0.41,0.37,2024-09-18,0237,N,VIIRS,n,2,293.63,5.41,N,0
41.10623,-7.87687,367,0.41,0.37,2024-09-18,0237,N,VIIRS,h,2,296.03,17.09,N,0
41.10542,-7.87236,354.33,0.41,0.37,2024-09-18,0237,N,VIIRS,n,2,303.6,17.09,N,0
41.03308,-7.4781,352.32,0.43,0.38,2024-09-18,0237,N,VIIRS,n,2,304.73,9.46,N,0
41.03218,-7.47322,333.88,0.43,0.38,2024-09-18,0237,N,VIIRS,n,2,294.15,2.25,N,0
41.10868,-7.89041,310.86,0.41,0.37,2024-09-18,0237,N,VIIRS,n,2,289.3,1.74,N,0
41.10459,-7.8678,317.36,0.41,0.37,2024-09-18,0237,N,VIIRS,n,2,285.38,1.68,N,0
41.03128,-7.46838,310.98,0.43,0.38,2024-09-18,0237,N,VIIRS,n,2,286,2.25,N,0
41.02966,-7.47916,348.45,0.43,0.38,2024-09-18,0237,N,VIIRS,n,2,318.81,29.86,N,0
41.02876,-7.47429,340.1,0.43,0.38,2024-09-18,0237,N,VIIRS,n,2,293.71,12.5,N,0
41.02786,-7.46942,332.68,0.43,0.38,2024-09-18,0237,N,VIIRS,n,2,288.66,12.5,N,0
41.10206,-7.87355,315.96,0.41,0.37,2024-09-18,0237,N,VIIRS,n,2,287.78,2.57,N,0
41.10122,-7.86892,306.96,0.41,0.37,2024-09-18,0237,N,VIIRS,n,2,285.24,1.19,N,0
41.03056,-7.48402,295.12,0.43,0.38,2024-09-18,0237,N,VIIRS,n,2,284.86,29.86,N,0
41.02625,-7.48026,341.58,0.43,0.38,2024-09-18,0237,N,VIIRS,n,2,289.13,29.86,N,0
41.12468,-8.01837,299.68,0.41,0.37,2024-09-18,0237,N,VIIRS,n,2,288.46,0.35,N,0
41.02534,-7.47538,314.37,0.43,0.38,2024-09-18,0237,N,VIIRS,n,2,285.92,12.5,N,0
41.12127,-8.01923,331.22,0.41,0.37,2024-09-18,0237,N,VIIRS,n,2,290.54,3.74,N,0
41.14723,-8.18357,308.43,0.41,0.37,2024-09-18,0237,N,VIIRS,n,2,288.42,1.15,N,0
41.09587,-8.03337,329.23,0.41,0.37,2024-09-18,0237,N,VIIRS,n,2,293.61,4.91,N,0
41.09501,-8.02854,351.54,0.41,0.37,2024-09-18,0237,N,VIIRS,n,2,300.55,8.14,N,0
41.09166,-8.02974,300.18,0.41,0.37,2024-09-18,0237,N,VIIRS,n,2,290.09,1.1,N,0
41.06522,-7.8823,312.93,0.41,0.37,2024-09-18,0237,N,VIIRS,n,2,282.75,15.76,N,0
41.06184,-7.8834,354.08,0.41,0.37,2024-09-18,0237,N,VIIRS,n,2,296.35,15.76,N,0
41.0799,-7.98402,307.04,0.41,0.37,2024-09-18,0237,N,VIIRS,n,2,287.39,0.75,N,0
41.07655,-7.98521,302.98,0.41,0.37,2024-09-18,0237,N,VIIRS,n,2,285.4,0.42,N,0
41.05755,-7.87936,295.98,0.42,0.37,2024-09-18,0237,N,VIIRS,n,2,282.35,0.33,N,0
41.0543,-7.901,335.86,0.41,0.37,2024-09-18,0237,N,VIIRS,n,2,287.69,10.04,N,0
41.05345,-7.89628,352.61,0.41,0.37,2024-09-18,0237,N,VIIRS,n,2,301.29,10.04,N,0
41.05006,-7.89734,322.42,0.41,0.37,2024-09-18,0237,N,VIIRS,n,2,283.12,10.04,N,0
41.05093,-7.90212,299.86,0.41,0.37,2024-09-18,0237,N,VIIRS,n,2,284.88,10.04,N,0
41.04756,-7.90324,295.7,0.41,0.37,2024-09-18,0237,N,VIIRS,n,2,283.76,1.03,N,0
41.0424,-7.89447,333.1,0.41,0.37,2024-09-18,0237,N,VIIRS,n,2,286.15,3.35,N,0
41.09208,-8.17184,301.32,0.41,0.37,2024-09-18,0237,N,VIIRS,n,2,290.34,0.79,N,0
41.09123,-8.16704,313.03,0.41,0.37,2024-09-18,0237,N,VIIRS,n,2,290.79,0.79,N,0
41.06564,-8.02372,311.38,0.41,0.37,2024-09-18,0237,N,VIIRS,n,2,287.66,1.33,N,0
41.0887,-8.17276,329.06,0.41,0.37,2024-09-18,0237,N,VIIRS,n,2,293.08,3.99,N,0
41.08785,-8.16803,326.44,0.41,0.37,2024-09-18,0237,N,VIIRS,n,2,291.73,3.99,N,0
41.06232,-8.02503,320.49,0.41,0.37,2024-09-18,0237,N,VIIRS,n,2,288.18,10.91,N,0
41.06145,-8.02017,344.36,0.41,0.37,2024-09-18,0237,N,VIIRS,n,2,294.57,12.93,N,0
41.0408,-7.90539,330.41,0.41,0.37,2024-09-18,0237,N,VIIRS,n,2,287.32,4.99,N,0
41.03902,-7.89549,340.86,0.41,0.37,2024-09-18,0237,N,VIIRS,n,2,290.73,20.43,N,0
41.03991,-7.90045,314.63,0.41,0.37,2024-09-18,0237,N,VIIRS,n,2,283.7,4.99,N,0
41.05898,-8.02629,329.85,0.41,0.37,2024-09-18,0237,N,VIIRS,n,2,291.55,10.91,N,0
41.05812,-8.0215,330.31,0.41,0.37,2024-09-18,0237,N,VIIRS,n,2,293.25,12.93,N,0
41.03831,-7.91137,324.85,0.41,0.37,2024-09-18,0237,N,VIIRS,n,2,283.19,3.39,N,0
41.03742,-7.90645,344.23,0.41,0.37,2024-09-18,0237,N,VIIRS,n,2,285.23,4.99,N,0
41.05564,-8.02753,328.33,0.41,0.37,2024-09-18,0237,N,VIIRS,n,2,290.6,5.3,N,0
41.05479,-8.02278,349.78,0.41,0.37,2024-09-18,0237,N,VIIRS,n,2,302,15.59,N,0
41.11499,-8.3613,302.12,0.4,0.37,2024-09-18,0237,N,VIIRS,n,2,290.44,0.78,N,0
41.05145,-8.02398,355.41,0.41,0.37,2024-09-18,0237,N,VIIRS,n,2,290.96,15.59,N,0
41.11164,-8.36235,307.45,0.4,0.37,2024-09-18,0237,N,VIIRS,n,2,290.91,0.78,N,0
41.11082,-8.35763,302.42,0.4,0.37,2024-09-18,0237,N,VIIRS,n,2,290.26,0.98,N,0
41.0523,-8.02872,304.8,0.41,0.37,2024-09-18,0237,N,VIIRS,n,2,286.72,5.3,N,0
41.05058,-8.01915,299.87,0.41,0.37,2024-09-18,0237,N,VIIRS,n,2,285.25,15.59,N,0
41.06347,-8.11095,335.39,0.41,0.37,2024-09-18,0237,N,VIIRS,n,2,303.71,14.78,N,0
41.05391,-8.0575,328.97,0.41,0.37,2024-09-18,0237,N,VIIRS,n,2,291.26,3.26,N,0
41.04723,-8.02033,324.82,0.41,0.37,2024-09-18,0237,N,VIIRS,n,2,286.31,1.87,N,0
41.06264,-8.10631,303.14,0.41,0.37,2024-09-18,0237,N,VIIRS,n,2,287.4,14.78,N,0
41.05309,-8.05295,306.42,0.41,0.37,2024-09-18,0237,N,VIIRS,n,2,288.27,1.34,N,0
41.0481,-8.02515,303.97,0.41,0.37,2024-09-18,0237,N,VIIRS,n,2,286.28,1.87,N,0
41.11665,-8.4308,325.42,0.4,0.37,2024-09-18,0237,N,VIIRS,n,2,292.32,2.15,N,0
41.04388,-8.02151,328.06,0.41,0.37,2024-09-18,0237,N,VIIRS,n,2,287,1.87,N,0
41.06097,-8.11682,310.31,0.41,0.37,2024-09-18,0237,N,VIIRS,n,2,291.52,2.05,N,0
41.06013,-8.11215,310.48,0.41,0.37,2024-09-18,0237,N,VIIRS,n,2,287.84,14.78,N,0
41.04473,-8.02625,318.72,0.41,0.37,2024-09-18,0237,N,VIIRS,n,2,288.7,1.87,N,0
41.04135,-8.02724,343.28,0.41,0.37,2024-09-18,0237,N,VIIRS,n,2,302.69,21.19,N,0
41.11575,-8.44572,309.18,0.4,0.37,2024-09-18,0237,N,VIIRS,n,2,291.93,0.88,N,0
41.11492,-8.44103,304.37,0.4,0.37,2024-09-18,0237,N,VIIRS,n,2,291.7,0.88,N,0
41.05762,-8.11798,305.28,0.41,0.37,2024-09-18,0237,N,VIIRS,n,2,287.83,1.01,N,0
41.04051,-8.02255,307.7,0.41,0.37,2024-09-18,0237,N,VIIRS,n,2,291.59,21.19,N,0
41.11407,-8.45623,321.14,0.4,0.37,2024-09-18,0237,N,VIIRS,n,2,292.6,1.7,N,0
41.03796,-8.0282,340.79,0.41,0.37,2024-09-18,0237,N,VIIRS,n,2,289.34,21.19,N,0
41.11323,-8.4715,336.68,0.4,0.37,2024-09-18,0237,N,VIIRS,n,2,301.49,9.43,N,0
41.11239,-8.46672,332.94,0.4,0.37,2024-09-18,0237,N,VIIRS,n,2,297.79,12.62,N,0
41.04845,-8.10643,324.06,0.41,0.37,2024-09-18,0237,N,VIIRS,n,2,288.15,6.12,N,0
41.0476,-8.10167,356.51,0.41,0.37,2024-09-18,0237,N,VIIRS,n,2,295.56,6.12,N,0
41.04674,-8.09688,339.6,0.41,0.37,2024-09-18,0237,N,VIIRS,n,2,291.67,11.46,N,0
41.04588,-8.09209,353.2,0.41,0.37,2024-09-18,0237,N,VIIRS,n,2,297.18,11.46,N,0
41.04502,-8.08727,344.94,0.41,0.37,2024-09-18,0237,N,VIIRS,n,2,299.91,7.97,N,0
41.04412,-8.0823,330.55,0.41,0.37,2024-09-18,0237,N,VIIRS,n,2,287.14,7.97,N,0
41.03705,-8.04294,333.26,0.41,0.37,2024-09-18,0237,N,VIIRS,n,2,293.67,9.28,N,0
41.11406,-8.47622,311.24,0.4,0.37,2024-09-18,0237,N,VIIRS,n,2,292.52,9.43,N,0
41.04142,-8.06727,300.38,0.41,0.37,2024-09-18,0237,N,VIIRS,n,2,286.41,1.93,N,0
41.03788,-8.04758,303.06,0.41,0.37,2024-09-18,0237,N,VIIRS,n,2,288.32,9.28,N,0
41.11072,-8.47722,338.48,0.4,0.37,2024-09-18,0237,N,VIIRS,n,2,295.62,9.43,N,0
41.10988,-8.47245,342.33,0.4,0.37,2024-09-18,0237,N,VIIRS,n,2,294.34,9.43,N,0
41.10904,-8.46772,336.87,0.4,0.37,2024-09-18,0237,N,VIIRS,n,2,296.36,12.62,N,0
41.04168,-8.08845,322.27,0.41,0.37,2024-09-18,0237,N,VIIRS,n,2,284.6,7.97,N,0
41.04079,-8.0835,331.13,0.41,0.37,2024-09-18,0237,N,VIIRS,n,2,287.04,7.97,N,0
41.0363,-8.05856,345.85,0.41,0.37,2024-09-18,0237,N,VIIRS,n,2,293.02,8.93,N,0
41.03366,-8.04392,344.3,0.41,0.37,2024-09-18,0237,N,VIIRS,n,2,288.83,9.28,N,0
41.03283,-8.03929,329.34,0.41,0.37,2024-09-18,0237,N,VIIRS,n,2,287.87,32.57,N,0
41.11155,-8.48195,310.81,0.4,0.37,2024-09-18,0237,N,VIIRS,n,2,293.3,0.91,N,0
41.04426,-8.10286,314.45,0.41,0.37,2024-09-18,0237,N,VIIRS,n,2,288.09,6.12,N,0
41.0434,-8.09806,312.45,0.41,0.37,2024-09-18,0237,N,VIIRS,n,2,288.42,11.46,N,0
41.04254,-8.09327,308.39,0.41,0.37,2024-09-18,0237,N,VIIRS,n,2,286.79,11.46,N,0
41.03722,-8.06366,310.22,0.41,0.37,2024-09-18,0237,N,VIIRS,n,2,286.74,1.93,N,0
41.03452,-8.04866,302.11,0.41,0.37,2024-09-18,0237,N,VIIRS,n,2,286.12,9.28,N,0
41.11236,-8.50663,336.61,0.4,0.37,2024-09-18,0237,N,VIIRS,n,2,295.12,3.84,N,0
41.1082,-8.48293,335.79,0.4,0.37,2024-09-18,0237,N,VIIRS,n,2,297.51,2.61,N,0
41.04092,-8.10402,342.85,0.41,0.37,2024-09-18,0237,N,VIIRS,n,2,288.22,5.67,N,0
41.10737,-8.47821,312.9,0.4,0.37,2024-09-18,0237,N,VIIRS,n,2,292.07,2.55,N,0
41.03298,-8.0599,306.83,0.41,0.37,2024-09-18,0237,N,VIIRS,n,2,286.43,0.98,N,0
41.10903,-8.50768,305.26,0.4,0.37,2024-09-18,0237,N,VIIRS,n,2,291.1,3.84,N,0
41.10486,-8.48394,307.24,0.4,0.37,2024-09-18,0237,N,VIIRS,n,2,292.35,2.61,N,0
41.09657,-8.43684,302.68,0.4,0.37,2024-09-18,0237,N,VIIRS,n,2,291.24,0.84,N,0
41.09326,-8.41808,306.22,0.4,0.37,2024-09-18,0237,N,VIIRS,n,2,290.86,1.19,N,0
41.03322,-8.08094,296.45,0.41,0.37,2024-09-18,0237,N,VIIRS,n,2,284.91,0.81,N,0
41.02988,-8.08217,332.56,0.41,0.37,2024-09-18,0237,N,VIIRS,n,2,285.64,2.97,N,0
41.08989,-8.419,310.35,0.4,0.37,2024-09-18,0237,N,VIIRS,n,2,291.32,1.17,N,0
41.08822,-8.42949,330.12,0.4,0.37,2024-09-18,0237,N,VIIRS,n,2,294.46,2.14,N,0
41.08236,-8.3963,326.79,0.4,0.37,2024-09-18,0237,N,VIIRS,n,2,295.55,13.32,N,0
41.08153,-8.39162,349.01,0.4,0.37,2024-09-18,0237,N,VIIRS,n,2,306.78,13.32,N,0
41.09567,-8.47175,302.57,0.4,0.37,2024-09-18,0237,N,VIIRS,n,2,291.12,1.1,N,0
41.09074,-8.44378,304.48,0.4,0.37,2024-09-18,0237,N,VIIRS,n,2,291.88,1.29,N,0
41.08907,-8.43431,313.43,0.4,0.37,2024-09-18,0237,N,VIIRS,n,2,294.54,2.14,N,0
41.08654,-8.41999,304.03,0.4,0.37,2024-09-18,0237,N,VIIRS,n,2,291.93,1.17,N,0
41.07898,-8.39715,354.01,0.4,0.37,2024-09-18,0237,N,VIIRS,n,2,311.12,18.31,N,0
41.07816,-8.3925,331.54,0.4,0.37,2024-09-18,0237,N,VIIRS,n,2,291.93,18.31,N,0
41.08821,-8.44943,309.26,0.4,0.37,2024-09-18,0237,N,VIIRS,n,2,292.77,1.78,N,0
41.08739,-8.44477,314.7,0.4,0.37,2024-09-18,0237,N,VIIRS,n,2,293.42,2.41,N,0
41.08657,-8.44013,312.46,0.4,0.37,2024-09-18,0237,N,VIIRS,n,2,294.61,2.41,N,0
41.08573,-8.43535,307.29,0.4,0.37,2024-09-18,0237,N,VIIRS,n,2,292.49,1.11,N,0
41.08488,-8.43057,316.09,0.4,0.37,2024-09-18,0237,N,VIIRS,n,2,293.93,1.11,N,0
41.08403,-8.42576,310.67,0.4,0.37,2024-09-18,0237,N,VIIRS,n,2,292.2,3.87,N,0
41.08234,-8.41619,306.86,0.4,0.37,2024-09-18,0237,N,VIIRS,n,2,293.42,0.92,N,0
41.0815,-8.41144,308.85,0.4,0.37,2024-09-18,0237,N,VIIRS,n,2,294.08,0.92,N,0
41.08064,-8.4066,311.37,0.4,0.37,2024-09-18,0237,N,VIIRS,n,2,293.76,16.09,N,0
41.07982,-8.40191,319.09,0.4,0.37,2024-09-18,0237,N,VIIRS,n,2,294.61,16.09,N,0
41.08485,-8.45037,331.14,0.4,0.37,2024-09-18,0237,N,VIIRS,n,2,300.03,1.78,N,0
41.08403,-8.44571,340.81,0.4,0.37,2024-09-18,0237,N,VIIRS,n,2,301.31,2.41,N,0
41.08321,-8.44104,330.11,0.4,0.37,2024-09-18,0237,N,VIIRS,n,2,298.15,2.41,N,0
41.0807,-8.4268,344.75,0.4,0.37,2024-09-18,0237,N,VIIRS,n,2,296,3.87,N,0
41.07728,-8.40755,324.35,0.4,0.37,2024-09-18,0237,N,VIIRS,n,2,296.4,16.09,N,0
41.07645,-8.40281,347.82,0.4,0.37,2024-09-18,0237,N,VIIRS,n,2,320.04,16.09,N,0
41.07562,-8.39811,331.54,0.4,0.37,2024-09-18,0237,N,VIIRS,n,2,299.32,18.31,N,0
41.08569,-8.45507,306.08,0.4,0.37,2024-09-18,0237,N,VIIRS,n,2,293.1,1.78,N,0
41.08238,-8.43636,315.11,0.4,0.37,2024-09-18,0237,N,VIIRS,n,2,293.46,1.11,N,0
41.08154,-8.43159,306.19,0.4,0.37,2024-09-18,0237,N,VIIRS,n,2,292.18,1.11,N,0
41.07899,-8.41716,314.61,0.4,0.37,2024-09-18,0237,N,VIIRS,n,2,293.87,0.92,N,0
41.07814,-8.41239,307.57,0.4,0.37,2024-09-18,0237,N,VIIRS,n,2,292.74,0.92,N,0
41.08316,-8.46072,324.45,0.4,0.37,2024-09-18,0237,N,VIIRS,n,2,294.81,41.63,N,0
41.08233,-8.45603,352.28,0.4,0.37,2024-09-18,0237,N,VIIRS,n,2,301.94,19.98,N,0
41.0815,-8.45135,367,0.4,0.37,2024-09-18,0237,N,VIIRS,h,2,316.79,19.98,N,0
41.08068,-8.44668,367,0.4,0.37,2024-09-18,0237,N,VIIRS,h,2,319.49,46.3,N,0
41.07985,-8.44199,356.73,0.4,0.37,2024-09-18,0237,N,VIIRS,n,2,306.41,46.3,N,0
41.07903,-8.4373,351.35,0.4,0.37,2024-09-18,0237,N,VIIRS,n,2,303.41,31.95,N,0
41.07819,-8.43256,341.09,0.4,0.37,2024-09-18,0237,N,VIIRS,n,2,295.71,31.95,N,0
41.07735,-8.42785,346.28,0.4,0.37,2024-09-18,0237,N,VIIRS,n,2,300.14,14.43,N,0
41.07649,-8.42299,340.92,0.4,0.37,2024-09-18,0237,N,VIIRS,n,2,297.94,14.43,N,0
41.07564,-8.41818,337.78,0.4,0.37,2024-09-18,0237,N,VIIRS,n,2,295.99,4.91,N,0
41.07394,-8.40856,342.58,0.4,0.37,2024-09-18,0237,N,VIIRS,n,2,296.08,10.2,N,0
41.07309,-8.4038,339.22,0.4,0.37,2024-09-18,0237,N,VIIRS,n,2,292.33,10.2,N,0
41.08398,-8.46541,310.17,0.4,0.37,2024-09-18,0237,N,VIIRS,n,2,292.86,41.63,N,0
41.07478,-8.41332,306.98,0.4,0.37,2024-09-18,0237,N,VIIRS,n,2,292.86,4.91,N,0
41.08064,-8.46642,335.34,0.4,0.37,2024-09-18,0237,N,VIIRS,n,2,318.92,41.63,N,0
41.07981,-8.46173,341,0.4,0.37,2024-09-18,0237,N,VIIRS,n,2,331.83,41.63,N,0
41.07898,-8.45704,356.52,0.4,0.37,2024-09-18,0237,N,VIIRS,n,2,305.45,19.98,N,0
41.07815,-8.45232,352.72,0.4,0.37,2024-09-18,0237,N,VIIRS,n,2,304.66,19.98,N,0
41.07732,-8.44762,367,0.4,0.37,2024-09-18,0237,N,VIIRS,h,2,342.05,46.3,N,0
41.0765,-8.44293,344.42,0.4,0.37,2024-09-18,0237,N,VIIRS,n,2,311.39,46.3,N,0
41.07566,-8.43823,329.56,0.4,0.37,2024-09-18,0237,N,VIIRS,n,2,317.15,31.95,N,0
41.07483,-8.43351,353.37,0.4,0.37,2024-09-18,0237,N,VIIRS,n,2,306.12,31.95,N,0
41.07399,-8.42879,345.79,0.4,0.37,2024-09-18,0237,N,VIIRS,n,2,304.32,14.43,N,0
41.07314,-8.42399,344.01,0.4,0.37,2024-09-18,0237,N,VIIRS,n,2,294.52,14.43,N,0
41.08147,-8.47112,304.22,0.4,0.37,2024-09-18,0237,N,VIIRS,n,2,291.2,2.5,N,0
41.07729,-8.46741,347.32,0.4,0.37,2024-09-18,0237,N,VIIRS,n,2,293.45,47.55,N,0
41.07646,-8.46271,343.47,0.4,0.37,2024-09-18,0237,N,VIIRS,n,2,305.75,47.55,N,0
41.07563,-8.45801,348.55,0.4,0.37,2024-09-18,0237,N,VIIRS,n,2,297.95,30.65,N,0
41.0748,-8.45333,345.68,0.4,0.37,2024-09-18,0237,N,VIIRS,n,2,300.11,30.65,N,0
41.07397,-8.4486,338.32,0.4,0.37,2024-09-18,0237,N,VIIRS,n,2,297.63,16.68,N,0
41.07812,-8.47212,302.81,0.4,0.37,2024-09-18,0237,N,VIIRS,n,2,291.98,1.4,N,0
41.07314,-8.44391,307.36,0.4,0.37,2024-09-18,0237,N,VIIRS,n,2,291.54,16.68,N,0
41.0723,-8.43919,303.51,0.4,0.37,2024-09-18,0237,N,VIIRS,n,2,291.26,1.72,N,0
40.99856,-8.0663,333.26,0.41,0.37,2024-09-18,0237,N,VIIRS,n,2,289.85,2.05,N,0
40.9952,-8.06741,301.59,0.41,0.37,2024-09-18,0237,N,VIIRS,n,2,283.88,2.05,N,0
40.99651,-8.06961,307.19,0.41,0.37,2024-09-18,0237,N,VIIRS,n,2,284.55,1,N,0
40.98645,-8.07306,329.32,0.41,0.37,2024-09-18,0237,N,VIIRS,n,2,286.68,2.78,N,0
40.97469,-8.12659,330.49,0.41,0.37,2024-09-18,0237,N,VIIRS,n,2,291.75,1.54,N,0
40.97552,-8.13122,304.62,0.41,0.37,2024-09-18,0237,N,VIIRS,n,2,290.18,1.75,N,0
40.97386,-8.12194,301.31,0.41,0.37,2024-09-18,0237,N,VIIRS,n,2,288.95,1.54,N,0
40.97303,-8.11728,301.51,0.41,0.37,2024-09-18,0237,N,VIIRS,n,2,287.66,1.23,N,0
40.97217,-8.13234,341.9,0.41,0.37,2024-09-18,0237,N,VIIRS,n,2,313.65,23.3,N,0
40.97133,-8.12771,349.89,0.41,0.37,2024-09-18,0237,N,VIIRS,n,2,310.47,36.56,N,0
40.9705,-8.12305,323.85,0.41,0.37,2024-09-18,0237,N,VIIRS,n,2,298.2,36.56,N,0
40.97299,-8.13695,303.75,0.41,0.37,2024-09-18,0237,N,VIIRS,n,2,290.68,23.3,N,0
40.96967,-8.11836,310.17,0.41,0.37,2024-09-18,0237,N,VIIRS,n,2,288.5,24,N,0
40.96881,-8.1136,302.87,0.41,0.37,2024-09-18,0237,N,VIIRS,n,2,287.64,24,N,0
40.96963,-8.13801,344.49,0.41,0.37,2024-09-18,0237,N,VIIRS,n,2,293.1,23.3,N,0
40.96879,-8.13336,345.02,0.41,0.37,2024-09-18,0237,N,VIIRS,n,2,303.62,23.3,N,0
40.96796,-8.12872,344.34,0.41,0.37,2024-09-18,0237,N,VIIRS,n,2,309.76,36.56,N,0
40.96713,-8.12408,343.52,0.41,0.37,2024-09-18,0237,N,VIIRS,n,2,311.72,36.56,N,0
40.9663,-8.11942,367,0.41,0.37,2024-09-18,0237,N,VIIRS,h,2,331.13,24,N,0
40.96544,-8.1146,323.46,0.41,0.37,2024-09-18,0237,N,VIIRS,n,2,290.59,24,N,0
40.96456,-8.10969,311.47,0.41,0.37,2024-09-18,0237,N,VIIRS,n,2,288.73,1.75,N,0
40.96367,-8.10466,309.58,0.41,0.37,2024-09-18,0237,N,VIIRS,n,2,289.2,1.75,N,0
40.96278,-8.09971,309.98,0.41,0.37,2024-09-18,0237,N,VIIRS,n,2,289.57,1.36,N,0
40.96189,-8.09475,305.31,0.41,0.37,2024-09-18,0237,N,VIIRS,n,2,289.45,1.36,N,0
40.96101,-8.08979,306.47,0.41,0.37,2024-09-18,0237,N,VIIRS,n,2,288.83,1.53,N,0
40.96014,-8.08494,308.78,0.41,0.37,2024-09-18,0237,N,VIIRS,n,2,288.85,1.53,N,0
40.95929,-8.08019,315.75,0.41,0.37,2024-09-18,0237,N,VIIRS,n,2,289.87,1.87,N,0
40.95844,-8.07546,308.61,0.41,0.37,2024-09-18,0237,N,VIIRS,n,2,290,1.87,N,0
40.96458,-8.12966,333.78,0.41,0.37,2024-09-18,0237,N,VIIRS,n,2,325.04,29.24,N,0
40.96376,-8.12507,345.06,0.41,0.37,2024-09-18,0237,N,VIIRS,n,2,298.26,29.24,N,0
40.96293,-8.12043,346.57,0.41,0.37,2024-09-18,0237,N,VIIRS,n,2,321.59,40.74,N,0
40.96207,-8.1156,346.41,0.41,0.37,2024-09-18,0237,N,VIIRS,n,2,308.61,40.74,N,0
40.96117,-8.11063,346.54,0.41,0.37,2024-09-18,0237,N,VIIRS,n,2,292.83,76.25,N,0
40.96027,-8.10558,326.12,0.41,0.37,2024-09-18,0237,N,VIIRS,n,2,290.95,76.25,N,0
40.95938,-8.10058,326.72,0.41,0.37,2024-09-18,0237,N,VIIRS,n,2,291.78,43.33,N,0
40.95848,-8.09559,320.42,0.41,0.37,2024-09-18,0237,N,VIIRS,n,2,291.32,43.33,N,0
40.95673,-8.08579,326.43,0.41,0.37,2024-09-18,0237,N,VIIRS,n,2,291,30.29,N,0
40.95589,-8.08106,352.69,0.41,0.37,2024-09-18,0237,N,VIIRS,n,2,294.55,112.33,N,0
40.95505,-8.07641,351.49,0.41,0.37,2024-09-18,0237,N,VIIRS,n,2,295.48,112.33,N,0
40.96625,-8.139,304.57,0.41,0.37,2024-09-18,0237,N,VIIRS,n,2,290.14,28.61,N,0
40.96541,-8.13432,313.42,0.41,0.37,2024-09-18,0237,N,VIIRS,n,2,290.41,28.61,N,0
40.9576,-8.09065,318.75,0.41,0.37,2024-09-18,0237,N,VIIRS,n,2,290.51,30.29,N,0
40.95422,-8.07181,312.49,0.41,0.37,2024-09-18,0237,N,VIIRS,n,2,289.17,19.74,N,0
40.9492,-8.04382,308.35,0.41,0.37,2024-09-18,0237,N,VIIRS,n,2,288.19,1.31,N,0
40.94227,-8.00526,299.9,0.41,0.37,2024-09-18,0237,N,VIIRS,n,2,286.27,0.77,N,0
40.96539,-8.15408,320.31,0.41,0.37,2024-09-18,0237,N,VIIRS,n,2,292.2,5,N,0
40.96455,-8.14938,367,0.41,0.37,2024-09-18,0237,N,VIIRS,h,2,306.98,11.92,N,0
40.96371,-8.14469,336.89,0.41,0.37,2024-09-18,0237,N,VIIRS,n,2,296.89,11.92,N,0
40.96287,-8.13999,341.18,0.41,0.37,2024-09-18,0237,N,VIIRS,n,2,302.19,28.61,N,0
40.96204,-8.1353,367,0.41,0.37,2024-09-18,0237,N,VIIRS,h,2,329.29,28.61,N,0
40.9612,-8.13064,340.28,0.41,0.37,2024-09-18,0237,N,VIIRS,n,2,292.12,29.24,N,0
40.96037,-8.12603,347.53,0.41,0.37,2024-09-18,0237,N,VIIRS,n,2,295.64,29.24,N,0
40.95955,-8.12138,324.83,0.41,0.37,2024-09-18,0237,N,VIIRS,n,2,292.02,40.74,N,0
40.95868,-8.11653,348.4,0.41,0.37,2024-09-18,0237,N,VIIRS,n,2,304.06,40.74,N,0
40.95779,-8.11156,367,0.41,0.37,2024-09-18,0237,N,VIIRS,h,2,321.84,76.25,N,0
40.95689,-8.10652,367,0.41,0.37,2024-09-18,0237,N,VIIRS,h,2,346.79,76.25,N,0
40.95599,-8.10149,367,0.41,0.37,2024-09-18,0237,N,VIIRS,h,2,334.06,43.33,N,0
40.95509,-8.09646,353.15,0.41,0.37,2024-09-18,0237,N,VIIRS,n,2,306.67,43.33,N,0
40.9542,-8.09151,355.64,0.41,0.37,2024-09-18,0237,N,VIIRS,n,2,303.56,30.29,N,0
40.95335,-8.08674,332.5,0.41,0.37,2024-09-18,0237,N,VIIRS,n,2,328.37,30.29,N,0
40.9525,-8.08201,367,0.41,0.37,2024-09-18,0237,N,VIIRS,h,2,355.92,112.33,N,0
40.95166,-8.07735,367,0.41,0.37,2024-09-18,0237,N,VIIRS,h,2,331.58,112.33,N,0
40.95083,-8.07273,341.61,0.41,0.37,2024-09-18,0237,N,VIIRS,n,2,315.2,19.74,N,0
40.94999,-8.06806,332.04,0.41,0.37,2024-09-18,0237,N,VIIRS,n,2,291.5,19.74,N,0
40.94578,-8.04458,326.34,0.41,0.37,2024-09-18,0237,N,VIIRS,n,2,290.72,1.31,N,0
40.94662,-8.04931,313.89,0.41,0.37,2024-09-18,0237,N,VIIRS,n,2,290.4,3.03,N,0
40.94491,-8.03976,303.89,0.41,0.37,2024-09-18,0237,N,VIIRS,n,2,289.12,1.31,N,0
40.94056,-8.01558,307.49,0.41,0.37,2024-09-18,0237,N,VIIRS,n,2,289.55,1.5,N,0
40.93971,-8.01085,315.94,0.41,0.37,2024-09-18,0237,N,VIIRS,n,2,289.17,1.5,N,0
40.93888,-8.00621,313.77,0.41,0.37,2024-09-18,0237,N,VIIRS,n,2,287.87,0.77,N,0
40.93802,-8.00146,301.06,0.41,0.37,2024-09-18,0237,N,VIIRS,n,2,286.28,0.77,N,0
40.96539,-8.17392,333.48,0.41,0.37,2024-09-18,0237,N,VIIRS,n,2,299.58,17.6,N,0
40.96454,-8.1692,344.65,0.41,0.37,2024-09-18,0237,N,VIIRS,n,2,299.13,10.27,N,0
40.96202,-8.15509,342.59,0.41,0.37,2024-09-18,0237,N,VIIRS,n,2,300.89,17.9,N,0
40.96118,-8.15039,355.62,0.41,0.37,2024-09-18,0237,N,VIIRS,n,2,310.3,17.01,N,0
40.96034,-8.14569,367,0.41,0.37,2024-09-18,0237,N,VIIRS,h,2,312.14,17.01,N,0
40.9595,-8.14098,349.16,0.41,0.37,2024-09-18,0237,N,VIIRS,n,2,316.47,13.2,N,0
40.95866,-8.13628,355.4,0.41,0.37,2024-09-18,0237,N,VIIRS,n,2,295.86,13.2,N,0
40.9544,-8.11245,331.6,0.41,0.37,2024-09-18,0237,N,VIIRS,n,2,305.27,31.29,N,0
40.9535,-8.10745,331.92,0.41,0.37,2024-09-18,0237,N,VIIRS,n,2,303.72,31.29,N,0
40.95259,-8.10241,340.91,0.41,0.37,2024-09-18,0237,N,VIIRS,n,2,308.75,36.42,N,0
40.95169,-8.09738,346.73,0.41,0.37,2024-09-18,0237,N,VIIRS,n,2,317.61,36.42,N,0
40.95082,-8.09251,367,0.41,0.37,2024-09-18,0237,N,VIIRS,h,2,315.16,26.04,N,0
40.94997,-8.08777,355.02,0.41,0.37,2024-09-18,0237,N,VIIRS,n,2,312,26.04,N,0
40.94913,-8.08307,367,0.41,0.37,2024-09-18,0237,N,VIIRS,h,2,342.66,56.17,N,0
40.94828,-8.07836,345.8,0.41,0.37,2024-09-18,0237,N,VIIRS,n,2,326.12,56.17,N,0
40.94744,-8.07364,367,0.41,0.37,2024-09-18,0237,N,VIIRS,h,2,313.04,38.49,N,0
40.94658,-8.0689,345.84,0.41,0.37,2024-09-18,0237,N,VIIRS,n,2,309.93,38.49,N,0
40.94321,-8.0501,336.52,0.41,0.37,2024-09-18,0237,N,VIIRS,n,2,326.77,36.39,N,0
40.93716,-8.01645,330.65,0.41,0.37,2024-09-18,0237,N,VIIRS,n,2,291.57,200.12,N,0
40.93631,-8.01178,330.57,0.41,0.37,2024-09-18,0237,N,VIIRS,n,2,323.32,200.12,N,0
40.96287,-8.15983,301.85,0.41,0.37,2024-09-18,0237,N,VIIRS,n,2,289.95,17.9,N,0
40.95783,-8.13164,311.7,0.41,0.37,2024-09-18,0237,N,VIIRS,n,2,291.05,1.7,N,0
40.95699,-8.12699,317.47,0.41,0.37,2024-09-18,0237,N,VIIRS,n,2,292.07,1.7,N,0
40.95615,-8.1223,306.68,0.41,0.37,2024-09-18,0237,N,VIIRS,n,2,289.47,2.87,N,0
40.95529,-8.11744,318.85,0.41,0.37,2024-09-18,0237,N,VIIRS,n,2,291.86,2.87,N,0
40.94574,-8.06421,302.53,0.41,0.37,2024-09-18,0237,N,VIIRS,n,2,288.08,9.78,N,0
40.94405,-8.0548,306.79,0.41,0.37,2024-09-18,0237,N,VIIRS,n,2,289.73,36.39,N,0
40.94148,-8.04051,318.18,0.41,0.37,2024-09-18,0237,N,VIIRS,n,2,297.15,92.01,N,0
40.93801,-8.02117,312.2,0.41,0.37,2024-09-18,0237,N,VIIRS,n,2,290.82,18.07,N,0
40.96376,-8.18475,353.22,0.41,0.37,2024-09-18,0237,N,VIIRS,n,2,307.92,20.96,N,0
40.96287,-8.17973,356.26,0.41,0.37,2024-09-18,0237,N,VIIRS,n,2,302.14,17.6,N,0
40.96201,-8.17492,367,0.41,0.37,2024-09-18,0237,N,VIIRS,h,2,301.95,17.6,N,0
40.96117,-8.1702,353.57,0.41,0.37,2024-09-18,0237,N,VIIRS,n,2,300.36,10.27,N,0
40.95951,-8.16089,343.7,0.41,0.37,2024-09-18,0237,N,VIIRS,n,2,310.04,17.9,N,0
40.95866,-8.15615,330.27,0.41,0.37,2024-09-18,0237,N,VIIRS,n,2,294.69,17.9,N,0
40.95781,-8.15142,348.46,0.41,0.37,2024-09-18,0237,N,VIIRS,n,2,298.17,17.01,N,0
40.95697,-8.14671,336.15,0.41,0.37,2024-09-18,0237,N,VIIRS,n,2,294.36,17.01,N,0
40.95098,-8.11329,336.33,0.41,0.37,2024-09-18,0237,N,VIIRS,n,2,292.48,31.29,N,0
40.95009,-8.10829,335.7,0.41,0.37,2024-09-18,0237,N,VIIRS,n,2,295.94,31.29,N,0
40.9492,-8.10331,352.92,0.41,0.37,2024-09-18,0237,N,VIIRS,n,2,298.5,36.42,N,0
40.9483,-8.0983,351.81,0.41,0.37,2024-09-18,0237,N,VIIRS,n,2,306.56,36.42,N,0
40.94744,-8.09349,352.35,0.41,0.37,2024-09-18,0237,N,VIIRS,n,2,318.41,26.04,N,0
40.9466,-8.0888,352.39,0.41,0.37,2024-09-18,0237,N,VIIRS,n,2,305.94,26.04,N,0
40.94575,-8.08409,355.02,0.41,0.37,2024-09-18,0237,N,VIIRS,n,2,300.86,56.17,N,0
40.9449,-8.07933,352.64,0.41,0.37,2024-09-18,0237,N,VIIRS,n,2,303.8,56.17,N,0
40.94403,-8.07451,356.16,0.41,0.37,2024-09-18,0237,N,VIIRS,n,2,307.92,38.49,N,0
40.94317,-8.06973,345.42,0.41,0.37,2024-09-18,0237,N,VIIRS,n,2,328.38,38.49,N,0
40.94064,-8.05559,329.75,0.41,0.37,2024-09-18,0237,N,VIIRS,n,2,292.08,36.39,N,0
40.93979,-8.05087,346.28,0.41,0.37,2024-09-18,0237,N,VIIRS,n,2,294.6,36.39,N,0
40.93894,-8.04615,320.91,0.41,0.37,2024-09-18,0237,N,VIIRS,n,2,291.29,92.01,N,0
40.93806,-8.04128,352.22,0.41,0.37,2024-09-18,0237,N,VIIRS,n,2,301.72,92.01,N,0
40.93461,-8.02209,350.04,0.41,0.37,2024-09-18,0237,N,VIIRS,n,2,312.89,18.07,N,0
40.93377,-8.01741,367,0.41,0.37,2024-09-18,0237,N,VIIRS,h,2,346.1,200.12,N,0
40.93209,-8.00808,341.4,0.41,0.37,2024-09-18,0237,N,VIIRS,n,2,302.91,171.04,N,0
40.93123,-8.00332,327.15,0.41,0.37,2024-09-18,0237,N,VIIRS,n,2,310.12,171.04,N,0
40.90216,-7.84273,353.81,0.42,0.37,2024-09-18,0237,N,VIIRS,n,2,299.52,10.26,N,0
40.90129,-7.83795,349.67,0.42,0.37,2024-09-18,0237,N,VIIRS,n,2,300.39,10.26,N,0
40.96719,-8.20391,304.14,0.41,0.37,2024-09-18,0237,N,VIIRS,n,2,290.98,0.67,N,0
40.96463,-8.18959,315.92,0.41,0.37,2024-09-18,0237,N,VIIRS,n,2,291.79,20.96,N,0
40.96034,-8.16555,317.09,0.41,0.37,2024-09-18,0237,N,VIIRS,n,2,293.05,10.27,N,0
40.95613,-8.14199,312.83,0.41,0.37,2024-09-18,0237,N,VIIRS,n,2,291.1,13.2,N,0
40.95528,-8.13728,308.68,0.41,0.37,2024-09-18,0237,N,VIIRS,n,2,290.58,13.2,N,0
40.95445,-8.13263,305.26,0.41,0.37,2024-09-18,0237,N,VIIRS,n,2,289.91,1.7,N,0
40.95188,-8.11829,303.7,0.41,0.37,2024-09-18,0237,N,VIIRS,n,2,290.08,2.87,N,0
40.94233,-8.06504,318.42,0.41,0.37,2024-09-18,0237,N,VIIRS,n,2,296.62,9.78,N,0
40.93546,-8.02682,310.9,0.41,0.37,2024-09-18,0237,N,VIIRS,n,2,289.65,18.07,N,0
40.93031,-7.99823,309.64,0.41,0.37,2024-09-18,0237,N,VIIRS,n,2,288.69,3.11,N,0
40.90477,-7.85709,301.77,0.42,0.37,2024-09-18,0237,N,VIIRS,n,2,286.37,0.76,N,0
40.9039,-7.8523,312.48,0.42,0.37,2024-09-18,0237,N,VIIRS,n,2,287.11,1.13,N,0
40.90303,-7.84751,297.61,0.42,0.37,2024-09-18,0237,N,VIIRS,n,2,285.75,1.13,N,0
40.89955,-7.82836,303.7,0.42,0.37,2024-09-18,0237,N,VIIRS,n,2,285.75,2.01,N,0
40.96384,-8.20508,330.96,0.41,0.37,2024-09-18,0237,N,VIIRS,n,2,292.36,3.27,N,0
40.96041,-8.18585,349.25,0.41,0.37,2024-09-18,0237,N,VIIRS,n,2,293.2,37.58,N,0
40.95951,-8.18081,351.08,0.41,0.37,2024-09-18,0237,N,VIIRS,n,2,301.29,15.95,N,0
40.95864,-8.17592,356.54,0.41,0.37,2024-09-18,0237,N,VIIRS,n,2,301.93,15.95,N,0
40.95779,-8.17116,350.4,0.41,0.37,2024-09-18,0237,N,VIIRS,n,2,299.69,9.89,N,0
40.95697,-8.16657,334.87,0.41,0.37,2024-09-18,0237,N,VIIRS,n,2,299.39,9.89,N,0
40.95615,-8.162,346.13,0.41,0.37,2024-09-18,0237,N,VIIRS,n,2,308.59,25.62,N,0
40.9553,-8.15724,334.6,0.41,0.37,2024-09-18,0237,N,VIIRS,n,2,300.89,25.62,N,0
40.95277,-8.14305,334.97,0.41,0.37,2024-09-18,0237,N,VIIRS,n,2,291.7,5.02,N,0
40.9458,-8.10419,342.37,0.41,0.37,2024-09-18,0237,N,VIIRS,n,2,296.99,13.03,N,0
40.94491,-8.09925,353.41,0.41,0.37,2024-09-18,0237,N,VIIRS,n,2,311.46,13.03,N,0
40.94405,-8.09442,367,0.41,0.37,2024-09-18,0237,N,VIIRS,h,2,329.24,27.82,N,0
40.94321,-8.08977,367,0.41,0.37,2024-09-18,0237,N,VIIRS,h,2,315.56,27.82,N,0
40.94236,-8.085,348.6,0.41,0.37,2024-09-18,0237,N,VIIRS,n,2,303.45,7.65,N,0
40.94062,-8.07532,321.53,0.41,0.37,2024-09-18,0237,N,VIIRS,n,2,294.35,2.57,N,0
40.93976,-8.07057,337.55,0.41,0.37,2024-09-18,0237,N,VIIRS,n,2,296.85,2.57,N,0
40.93892,-8.06587,323.91,0.41,0.37,2024-09-18,0237,N,VIIRS,n,2,293.77,2.59,N,0
40.93721,-8.0564,344.05,0.41,0.37,2024-09-18,0237,N,VIIRS,n,2,298.78,5.02,N,0
40.93636,-8.05166,321.12,0.41,0.37,2024-09-18,0237,N,VIIRS,n,2,294.04,5.02,N,0
40.93464,-8.04207,346.64,0.41,0.37,2024-09-18,0237,N,VIIRS,n,2,296.43,6.94,N,0
40.93377,-8.03721,330.12,0.41,0.37,2024-09-18,0237,N,VIIRS,n,2,293.45,6.05,N,0
40.93291,-8.03246,320.83,0.41,0.37,2024-09-18,0237,N,VIIRS,n,2,291.82,6.05,N,0
40.93206,-8.02775,350.6,0.41,0.37,2024-09-18,0237,N,VIIRS,n,2,297.3,11,N,0
40.93122,-8.02304,349.61,0.41,0.37,2024-09-18,0237,N,VIIRS,n,2,300.99,11,N,0
40.92781,-8.00414,340.03,0.41,0.37,2024-09-18,0237,N,VIIRS,n,2,328.62,49.93,N,0
40.92689,-7.99908,321.55,0.41,0.37,2024-09-18,0237,N,VIIRS,n,2,292.76,75.75,N,0
40.90139,-7.8582,356.89,0.42,0.37,2024-09-18,0237,N,VIIRS,n,2,295.03,7.64,N,0
40.90052,-7.85343,327.61,0.42,0.37,2024-09-18,0237,N,VIIRS,n,2,288.66,3.1,N,0
40.89966,-7.84867,339.79,0.42,0.37,2024-09-18,0237,N,VIIRS,n,2,294.04,3.1,N,0
40.89703,-7.83426,337.48,0.42,0.37,2024-09-18,0237,N,VIIRS,n,2,293.13,6.69,N,0
40.89616,-7.82944,343.25,0.42,0.37,2024-09-18,0237,N,VIIRS,n,2,294.41,6.69,N,0
40.96128,-8.19071,308.7,0.41,0.37,2024-09-18,0237,N,VIIRS,n,2,291.11,37.58,N,0
40.95445,-8.15248,319.54,0.41,0.37,2024-09-18,0237,N,VIIRS,n,2,293.93,1.4,N,0
40.95361,-8.14778,308.16,0.41,0.37,2024-09-18,0237,N,VIIRS,n,2,291.98,1.4,N,0
40.94668,-8.10912,312.97,0.41,0.37,2024-09-18,0237,N,VIIRS,n,2,291.66,3.2,N,0
40.93807,-8.06116,319.72,0.41,0.37,2024-09-18,0237,N,VIIRS,n,2,291.34,2.59,N,0
40.93552,-8.04694,304.46,0.41,0.37,2024-09-18,0237,N,VIIRS,n,2,291.48,6.94,N,0
40.93038,-8.01838,317.97,0.41,0.37,2024-09-18,0237,N,VIIRS,n,2,291.91,2.03,N,0
40.92953,-8.01369,313.03,0.41,0.37,2024-09-18,0237,N,VIIRS,n,2,289.66,2.03,N,0
40.92868,-8.00901,311.6,0.41,0.37,2024-09-18,0237,N,VIIRS,n,2,288.77,49.93,N,0
40.90226,-7.863,299.77,0.42,0.37,2024-09-18,0237,N,VIIRS,n,2,287.77,7.64,N,0
40.89879,-7.84389,303.28,0.42,0.37,2024-09-18,0237,N,VIIRS,n,2,287.88,1.07,N,0
40.89791,-7.83908,297.69,0.42,0.37,2024-09-18,0237,N,VIIRS,n,2,286.57,1.07,N,0
40.95792,-8.19176,336.38,0.41,0.37,2024-09-18,0237,N,VIIRS,n,2,298.03,37.58,N,0
40.95706,-8.18693,367,0.41,0.37,2024-09-18,0237,N,VIIRS,h,2,333.19,37.58,N,0
40.95527,-8.17694,348.4,0.41,0.37,2024-09-18,0237,N,VIIRS,n,2,299.54,15.95,N,0
40.95441,-8.17215,353.85,0.41,0.37,2024-09-18,0237,N,VIIRS,n,2,302,9.89,N,0
40.9536,-8.16759,321.62,0.41,0.37,2024-09-18,0237,N,VIIRS,n,2,296.22,9.89,N,0
40.95195,-8.15838,322.59,0.41,0.37,2024-09-18,0237,N,VIIRS,n,2,295.2,25.62,N,0
40.94153,-8.10024,325.71,0.41,0.37,2024-09-18,0237,N,VIIRS,n,2,295.49,13.03,N,0
40.94067,-8.09545,333.69,0.41,0.37,2024-09-18,0237,N,VIIRS,n,2,293.59,27.82,N,0
40.93983,-8.09072,350.81,0.41,0.37,2024-09-18,0237,N,VIIRS,n,2,308.69,27.82,N,0
40.93896,-8.08591,341.46,0.41,0.37,2024-09-18,0237,N,VIIRS,n,2,301.72,7.65,N,0
40.93808,-8.081,328.13,0.41,0.37,2024-09-18,0237,N,VIIRS,n,2,292.6,7.65,N,0
40.93551,-8.0667,323.74,0.41,0.37,2024-09-18,0237,N,VIIRS,n,2,293.54,2.59,N,0
40.93466,-8.06199,333.65,0.41,0.37,2024-09-18,0237,N,VIIRS,n,2,292.15,2.59,N,0
40.93122,-8.04286,342.61,0.41,0.37,2024-09-18,0237,N,VIIRS,n,2,294.81,6.94,N,0
40.93035,-8.03803,338.95,0.41,0.37,2024-09-18,0237,N,VIIRS,n,2,300.24,6.05,N,0
40.92438,-8.00494,328.93,0.41,0.37,2024-09-18,0237,N,VIIRS,n,2,306.66,49.93,N,0
40.95615,-8.18186,316.77,0.41,0.37,2024-09-18,0237,N,VIIRS,n,2,293.5,15.95,N,0
40.95279,-8.16306,319.68,0.41,0.37,2024-09-18,0237,N,VIIRS,n,2,294.86,25.62,N,0
40.95111,-8.15364,313.5,0.41,0.37,2024-09-18,0237,N,VIIRS,n,2,293.99,1.4,N,0
40.95026,-8.14893,307,0.41,0.37,2024-09-18,0237,N,VIIRS,n,2,292.85,1.4,N,0
40.94241,-8.10511,308.94,0.41,0.37,2024-09-18,0237,N,VIIRS,n,2,291.61,13.03,N,0
40.93721,-8.07617,307.44,0.41,0.37,2024-09-18,0237,N,VIIRS,n,2,292.41,2.57,N,0
40.93635,-8.0714,313.93,0.41,0.37,2024-09-18,0237,N,VIIRS,n,2,294.17,2.57,N,0
40.9338,-8.05724,306.99,0.41,0.37,2024-09-18,0237,N,VIIRS,n,2,289.55,5.02,N,0
40.93296,-8.0525,312.7,0.41,0.37,2024-09-18,0237,N,VIIRS,n,2,292.45,5.02,N,0
40.93209,-8.0477,305.19,0.41,0.37,2024-09-18,0237,N,VIIRS,n,2,291.37,6.94,N,0
40.9295,-8.03333,303.02,0.41,0.37,2024-09-18,0237,N,VIIRS,n,2,289.69,6.05,N,0
40.92525,-8.00974,301.54,0.41,0.37,2024-09-18,0237,N,VIIRS,n,2,288.94,49.93,N,0
40.89975,-7.86888,304.17,0.42,0.37,2024-09-18,0237,N,VIIRS,n,2,287.43,1.17,N,0
40.89715,-7.85459,296.09,0.42,0.37,2024-09-18,0237,N,VIIRS,n,2,284.63,3.1,N,0
40.95368,-8.18791,350.23,0.41,0.37,2024-09-18,0237,N,VIIRS,n,2,310,18.45,N,0
40.95278,-8.18288,345.78,0.41,0.37,2024-09-18,0237,N,VIIRS,n,2,302.72,16,N,0
40.9519,-8.17797,367,0.41,0.37,2024-09-18,0237,N,VIIRS,h,2,306.76,16,N,0
40.95107,-8.17327,367,0.41,0.37,2024-09-18,0237,N,VIIRS,h,2,306.01,10.26,N,0
40.95024,-8.16867,324.83,0.41,0.37,2024-09-18,0237,N,VIIRS,n,2,297.22,10.26,N,0
40.93211,-8.0676,333.58,0.41,0.37,2024-09-18,0237,N,VIIRS,n,2,295.21,2.69,N,0
40.95456,-8.1928,310.48,0.41,0.37,2024-09-18,0237,N,VIIRS,n,2,291.74,18.45,N,0
40.94944,-8.16417,308.32,0.41,0.37,2024-09-18,0237,N,VIIRS,n,2,294.65,2.16,N,0
40.9486,-8.15951,305.64,0.41,0.37,2024-09-18,0237,N,VIIRS,n,2,292.45,2.16,N,0
40.94347,-8.13087,309.72,0.41,0.37,2024-09-18,0237,N,VIIRS,n,2,291.19,1.74,N,0
40.93644,-8.09169,306.66,0.41,0.37,2024-09-18,0237,N,VIIRS,n,2,292.66,1.97,N,0
40.93296,-8.07237,312.16,0.41,0.37,2024-09-18,0237,N,VIIRS,n,2,293.28,4.59,N,0
40.93125,-8.06282,310.58,0.41,0.37,2024-09-18,0237,N,VIIRS,n,2,291.3,2.69,N,0
40.92006,-8.00073,311.41,0.41,0.37,2024-09-18,0237,N,VIIRS,n,2,290.26,1.24,N,0
40.9503,-8.18886,321.98,0.41,0.37,2024-09-18,0237,N,VIIRS,n,2,292.34,18.45,N,0
40.94942,-8.18393,341.23,0.41,0.37,2024-09-18,0237,N,VIIRS,n,2,295.44,16,N,0
40.94854,-8.17902,353.41,0.41,0.37,2024-09-18,0237,N,VIIRS,n,2,296.21,16,N,0
40.94771,-8.17439,343.07,0.41,0.37,2024-09-18,0237,N,VIIRS,n,2,296.1,10.26,N,0
40.94689,-8.16981,347.24,0.41,0.37,2024-09-18,0237,N,VIIRS,n,2,302.13,10.26,N,0
40.94607,-8.1652,332.59,0.41,0.37,2024-09-18,0237,N,VIIRS,n,2,300.08,2.16,N,0
40.94525,-8.16059,327.4,0.41,0.37,2024-09-18,0237,N,VIIRS,n,2,298.84,2.16,N,0
40.9365,-8.11184,332,0.41,0.37,2024-09-18,0237,N,VIIRS,n,2,293.38,4.94,N,0
40.91663,-8.00155,325.22,0.41,0.37,2024-09-18,0237,N,VIIRS,n,2,290.38,1.24,N,0
40.9444,-8.15587,313.65,0.41,0.37,2024-09-18,0237,N,VIIRS,n,2,293.84,1.72,N,0
40.94355,-8.15111,306.69,0.41,0.37,2024-09-18,0237,N,VIIRS,n,2,292.05,1.72,N,0
40.94094,-8.1366,308.77,0.41,0.37,2024-09-18,0237,N,VIIRS,n,2,293.23,1.74,N,0
40.93392,-8.09749,318.13,0.41,0.37,2024-09-18,0237,N,VIIRS,n,2,293.46,1.97,N,0
40.94351,-8.17075,355.22,0.41,0.37,2024-09-18,0237,N,VIIRS,n,2,309.58,17.26,N,0
40.94269,-8.16614,352.76,0.41,0.37,2024-09-18,0237,N,VIIRS,n,2,305.55,25.95,N,0
40.94185,-8.16148,348.4,0.41,0.37,2024-09-18,0237,N,VIIRS,n,2,302.7,25.95,N,0
40.94101,-8.15677,322.34,0.41,0.37,2024-09-18,0237,N,VIIRS,n,2,296.21,32.08,N,0
40.93843,-8.1424,328.62,0.41,0.37,2024-09-18,0237,N,VIIRS,n,2,295.14,9.23,N,0
40.93755,-8.13748,345.15,0.41,0.37,2024-09-18,0237,N,VIIRS,n,2,304.43,10.8,N,0
40.91409,-8.00722,347.07,0.41,0.37,2024-09-18,0237,N,VIIRS,n,2,300.3,20.99,N,0
40.94434,-8.17537,303.42,0.41,0.37,2024-09-18,0237,N,VIIRS,n,2,291.9,17.26,N,0
40.94016,-8.15204,313.44,0.41,0.37,2024-09-18,0237,N,VIIRS,n,2,294.23,32.08,N,0
40.93669,-8.13268,317.73,0.41,0.37,2024-09-18,0237,N,VIIRS,n,2,293.11,10.8,N,0
40.94012,-8.17167,327.53,0.41,0.37,2024-09-18,0237,N,VIIRS,n,2,292.22,17.26,N,0
40.93929,-8.16702,367,0.41,0.37,2024-09-18,0237,N,VIIRS,h,2,299.89,25.95,N,0
40.93845,-8.16235,350.04,0.41,0.37,2024-09-18,0237,N,VIIRS,n,2,317.39,25.95,N,0
40.93761,-8.15765,367,0.41,0.37,2024-09-18,0237,N,VIIRS,h,2,335.14,32.08,N,0
40.93676,-8.1529,345.27,0.41,0.37,2024-09-18,0237,N,VIIRS,n,2,305.42,32.08,N,0
40.9359,-8.14812,353.05,0.41,0.37,2024-09-18,0237,N,VIIRS,n,2,303.04,9.23,N,0
40.93502,-8.14324,367,0.41,0.37,2024-09-18,0237,N,VIIRS,h,2,299.51,9.23,N,0
40.93415,-8.13835,338.45,0.41,0.37,2024-09-18,0237,N,VIIRS,n,2,294.66,10.8,N,0
40.93328,-8.13356,326.89,0.41,0.37,2024-09-18,0237,N,VIIRS,n,2,293.27,10.8,N,0
40.93151,-8.12371,322.91,0.41,0.37,2024-09-18,0237,N,VIIRS,n,2,293.12,2.15,N,0
40.91069,-8.00816,352.15,0.41,0.37,2024-09-18,0237,N,VIIRS,n,2,302.01,20.99,N,0
40.93242,-8.12872,308.83,0.41,0.37,2024-09-18,0237,N,VIIRS,n,2,291.05,2.15,N,0
40.91242,-8.01774,305.24,0.41,0.37,2024-09-18,0237,N,VIIRS,n,2,291.83,0.88,N,0
40.89057,-7.89722,297.25,0.42,0.37,2024-09-18,0237,N,VIIRS,n,2,286.27,0.36,N,0
40.93421,-8.1585,337.23,0.41,0.37,2024-09-18,0237,N,VIIRS,n,2,293.63,8.95,N,0
40.93334,-8.15368,350.08,0.41,0.37,2024-09-18,0237,N,VIIRS,n,2,293.96,8.95,N,0
40.93248,-8.14887,342.93,0.41,0.37,2024-09-18,0237,N,VIIRS,n,2,297.18,12.81,N,0
40.93161,-8.14402,351.98,0.41,0.37,2024-09-18,0237,N,VIIRS,n,2,302.29,12.81,N,0
40.93074,-8.13921,340.91,0.41,0.37,2024-09-18,0237,N,VIIRS,n,2,294.82,14.84,N,0
40.92989,-8.13445,344.74,0.41,0.37,2024-09-18,0237,N,VIIRS,n,2,295.84,14.84,N,0
40.92903,-8.12968,350.14,0.41,0.37,2024-09-18,0237,N,VIIRS,n,2,305.64,40.16,N,0
40.92814,-8.12471,342.71,0.41,0.37,2024-09-18,0237,N,VIIRS,n,2,297.84,40.16,N,0
40.92727,-8.11986,321.48,0.41,0.37,2024-09-18,0237,N,VIIRS,n,2,293.93,3.37,N,0
40.90905,-8.01882,333.34,0.41,0.37,2024-09-18,0237,N,VIIRS,n,2,291.7,8.62,N,0
40.90818,-8.01402,330.47,0.41,0.37,2024-09-18,0237,N,VIIRS,n,2,296.73,9.06,N,0
40.90731,-8.00919,347.84,0.41,0.37,2024-09-18,0237,N,VIIRS,n,2,290.02,9.06,N,0
40.88717,-7.8982,329.1,0.42,0.37,2024-09-18,0237,N,VIIRS,n,2,287.05,2.86,N,0
40.93506,-8.16325,308.12,0.41,0.37,2024-09-18,0237,N,VIIRS,n,2,292.81,1.5,N,0
40.90991,-8.02362,314.39,0.41,0.37,2024-09-18,0237,N,VIIRS,n,2,290.49,8.62,N,0
40.88894,-7.90794,299.32,0.42,0.37,2024-09-18,0237,N,VIIRS,n,2,285.99,0.45,N,0
40.87314,-7.82122,298.84,0.42,0.38,2024-09-18,0237,N,VIIRS,n,2,284,0.32,N,0
40.92907,-8.14967,346.92,0.41,0.37,2024-09-18,0237,N,VIIRS,n,2,297.63,12.81,N,0
40.92651,-8.13546,337.93,0.41,0.37,2024-09-18,0237,N,VIIRS,n,2,296.66,14.84,N,0
40.92564,-8.13062,367,0.41,0.37,2024-09-18,0237,N,VIIRS,h,2,331.82,40.16,N,0
40.92476,-8.12569,336.63,0.41,0.37,2024-09-18,0237,N,VIIRS,n,2,293.42,40.16,N,0
40.90656,-8.0248,332.68,0.41,0.37,2024-09-18,0237,N,VIIRS,n,2,293.87,8.62,N,0
40.90569,-8.01999,334.51,0.41,0.37,2024-09-18,0237,N,VIIRS,n,2,297.92,8.62,N,0
40.8882,-7.92355,343.74,0.42,0.37,2024-09-18,0237,N,VIIRS,n,2,290.05,6.37,N,0
40.88732,-7.91871,341.52,0.42,0.37,2024-09-18,0237,N,VIIRS,n,2,291.09,4.92,N,0
40.88643,-7.91384,336.36,0.42,0.37,2024-09-18,0237,N,VIIRS,n,2,288.9,4.92,N,0
40.93253,-8.16897,303.74,0.41,0.37,2024-09-18,0237,N,VIIRS,n,2,291.62,1.5,N,0
40.92737,-8.14022,307.39,0.41,0.37,2024-09-18,0237,N,VIIRS,n,2,293.5,14.84,N,0
40.93002,-8.17474,325.51,0.41,0.37,2024-09-18,0237,N,VIIRS,n,2,292.02,12.32,N,0
40.92918,-8.17008,355.65,0.41,0.37,2024-09-18,0237,N,VIIRS,n,2,305.3,15.61,N,0
40.92831,-8.16523,367,0.41,0.37,2024-09-18,0237,N,VIIRS,h,2,299.67,15.61,N,0
40.92744,-8.16038,342.28,0.41,0.37,2024-09-18,0237,N,VIIRS,n,2,297.36,3.99,N,0
40.92656,-8.15548,329.22,0.41,0.37,2024-09-18,0237,N,VIIRS,n,2,295.62,3.99,N,0
40.9257,-8.15074,354.78,0.41,0.37,2024-09-18,0237,N,VIIRS,n,2,299.06,6.69,N,0
40.92486,-8.14604,352.92,0.41,0.37,2024-09-18,0237,N,VIIRS,n,2,300.5,6.69,N,0
40.92402,-8.14135,348.9,0.41,0.37,2024-09-18,0237,N,VIIRS,n,2,297.08,9.17,N,0
40.92316,-8.1366,356.81,0.41,0.37,2024-09-18,0237,N,VIIRS,n,2,297.89,9.17,N,0
40.92052,-8.12191,355.62,0.41,0.37,2024-09-18,0237,N,VIIRS,n,2,296.46,3.65,N,0
40.90321,-8.026,349.39,0.41,0.37,2024-09-18,0237,N,VIIRS,n,2,307.02,17.18,N,0
40.90234,-8.02119,330.48,0.41,0.37,2024-09-18,0237,N,VIIRS,n,2,295.76,17.18,N,0
40.88572,-7.92956,321.19,0.42,0.37,2024-09-18,0237,N,VIIRS,n,2,290.61,3.85,N,0
40.92226,-8.1316,318.71,0.41,0.37,2024-09-18,0237,N,VIIRS,n,2,293.62,2.93,N,0
40.92138,-8.12673,314.6,0.41,0.37,2024-09-18,0237,N,VIIRS,n,2,293.2,2.93,N,0
40.91968,-8.11723,314.6,0.41,0.37,2024-09-18,0237,N,VIIRS,n,2,293.78,3.65,N,0
40.91798,-8.1078,311.56,0.41,0.37,2024-09-18,0237,N,VIIRS,n,2,293.49,1.37,N,0
40.91713,-8.10309,306.39,0.41,0.37,2024-09-18,0237,N,VIIRS,n,2,292.59,1.4,N,0
40.88483,-7.92467,310.77,0.42,0.37,2024-09-18,0237,N,VIIRS,n,2,287.7,3.85,N,0
40.92667,-8.17588,338.36,0.41,0.37,2024-09-18,0237,N,VIIRS,n,2,299.61,12.32,N,0
40.92583,-8.17121,346.84,0.41,0.37,2024-09-18,0237,N,VIIRS,n,2,301.54,15.61,N,0
40.92497,-8.16643,324.52,0.41,0.37,2024-09-18,0237,N,VIIRS,n,2,296.17,15.61,N,0
40.92321,-8.15662,331.85,0.41,0.37,2024-09-18,0237,N,VIIRS,n,2,298.21,3.99,N,0
40.91893,-8.13283,323.79,0.41,0.37,2024-09-18,0237,N,VIIRS,n,2,294.31,2.93,N,0
40.91805,-8.12794,342.99,0.41,0.37,2024-09-18,0237,N,VIIRS,n,2,296.53,2.93,N,0
40.9172,-8.12322,328.08,0.41,0.37,2024-09-18,0237,N,VIIRS,n,2,293.86,3.65,N,0
40.9016,-8.0368,326.41,0.41,0.37,2024-09-18,0237,N,VIIRS,n,2,294.08,5.9,N,0
40.90075,-8.03206,332.96,0.41,0.37,2024-09-18,0237,N,VIIRS,n,2,295.77,5.9,N,0
40.89988,-8.02726,323.9,0.41,0.37,2024-09-18,0237,N,VIIRS,n,2,291.79,17.18,N,0
40.88326,-7.93568,328.74,0.42,0.37,2024-09-18,0237,N,VIIRS,n,2,289.65,11.07,N,0
40.88235,-7.9307,323.14,0.42,0.37,2024-09-18,0237,N,VIIRS,n,2,289.93,3.85,N,0
40.92409,-8.16154,314.6,0.41,0.37,2024-09-18,0237,N,VIIRS,n,2,295.35,3.99,N,0
40.92235,-8.15183,313.95,0.41,0.37,2024-09-18,0237,N,VIIRS,n,2,295.08,6.69,N,0
40.92151,-8.14719,306.23,0.41,0.37,2024-09-18,0237,N,VIIRS,n,2,292.5,6.69,N,0
40.91634,-8.11843,319.85,0.41,0.37,2024-09-18,0237,N,VIIRS,n,2,293.6,3.65,N,0
40.91545,-8.11355,311.94,0.41,0.37,2024-09-18,0237,N,VIIRS,n,2,293.04,1.37,N,0
40.91459,-8.10876,313.48,0.41,0.37,2024-09-18,0237,N,VIIRS,n,2,293.09,1.37,N,0
40.90602,-8.06121,305.29,0.41,0.37,2024-09-18,0237,N,VIIRS,n,2,291.01,0.85,N,0
40.92331,-8.17698,332.01,0.41,0.37,2024-09-18,0237,N,VIIRS,n,2,291.46,7.02,N,0
40.9225,-8.17244,351.09,0.41,0.37,2024-09-18,0237,N,VIIRS,n,2,304.34,8.49,N,0
40.92164,-8.16764,367,0.41,0.37,2024-09-18,0237,N,VIIRS,h,2,298.5,8.49,N,0
40.92075,-8.16272,351.07,0.41,0.37,2024-09-18,0237,N,VIIRS,n,2,299.96,19.94,N,0
40.91986,-8.15779,355.51,0.41,0.37,2024-09-18,0237,N,VIIRS,n,2,303.42,19.94,N,0
40.91899,-8.15296,324.6,0.41,0.37,2024-09-18,0237,N,VIIRS,n,2,297.89,5.15,N,0
40.91815,-8.14825,321.97,0.41,0.37,2024-09-18,0237,N,VIIRS,n,2,297.76,5.15,N,0
40.8983,-8.03823,320.89,0.41,0.37,2024-09-18,0237,N,VIIRS,n,2,295.46,7.85,N,0
40.89742,-8.0334,355.94,0.41,0.37,2024-09-18,0237,N,VIIRS,n,2,299.87,7.85,N,0
40.88255,-7.9514,345.58,0.41,0.37,2024-09-18,0237,N,VIIRS,n,2,290.95,3,N,0
40.89655,-8.02855,310.07,0.41,0.37,2024-09-18,0237,N,VIIRS,n,2,288.53,2.06,N,0
40.8887,-7.98529,313.02,0.41,0.37,2024-09-18,0237,N,VIIRS,n,2,287.85,60.51,N,0
40.8843,-7.96107,318.45,0.41,0.37,2024-09-18,0237,N,VIIRS,n,2,287.12,8.49,N,0
40.88342,-7.95621,311.94,0.41,0.37,2024-09-18,0237,N,VIIRS,n,2,287.85,8.49,N,0
40.91742,-8.16391,335.06,0.41,0.37,2024-09-18,0237,N,VIIRS,n,2,298.35,19.94,N,0
40.91653,-8.15902,350.97,0.41,0.37,2024-09-18,0237,N,VIIRS,n,2,315.54,19.94,N,0
40.91565,-8.15413,332.95,0.41,0.37,2024-09-18,0237,N,VIIRS,n,2,297.99,5.15,N,0
40.91479,-8.14933,345.36,0.41,0.37,2024-09-18,0237,N,VIIRS,n,2,301.49,5.15,N,0
40.91394,-8.1446,328.77,0.41,0.37,2024-09-18,0237,N,VIIRS,n,2,295.4,9.76,N,0
40.91311,-8.13999,346.86,0.41,0.37,2024-09-18,0237,N,VIIRS,n,2,301.4,9.76,N,0
40.91227,-8.13535,335.28,0.41,0.37,2024-09-18,0237,N,VIIRS,n,2,299.01,9.94,N,0
40.8941,-8.03469,344.65,0.41,0.37,2024-09-18,0237,N,VIIRS,n,2,292.6,7.85,N,0
40.88698,-7.99552,325.33,0.41,0.37,2024-09-18,0237,N,VIIRS,n,2,289.56,3.47,N,0
40.88615,-7.99095,356.9,0.41,0.37,2024-09-18,0237,N,VIIRS,n,2,308.24,60.51,N,0
40.88533,-7.98639,367,0.41,0.37,2024-09-18,0237,N,VIIRS,h,2,348.8,60.51,N,0
40.88449,-7.98175,355.8,0.41,0.37,2024-09-18,0237,N,VIIRS,n,2,311.08,40.83,N,0
40.88363,-7.97698,348.24,0.41,0.37,2024-09-18,0237,N,VIIRS,n,2,309.24,40.83,N,0
40.88183,-7.96711,331.02,0.41,0.37,2024-09-18,0237,N,VIIRS,n,2,293.07,7.85,N,0
40.88093,-7.96218,339.86,0.41,0.37,2024-09-18,0237,N,VIIRS,n,2,299.61,8.49,N,0
40.8783,-7.94773,321.29,0.41,0.37,2024-09-18,0237,N,VIIRS,n,2,287.41,3,N,0
40.8774,-7.9428,327.37,0.42,0.37,2024-09-18,0237,N,VIIRS,n,2,288.34,4.22,N,0
40.87649,-7.93782,333.22,0.42,0.37,2024-09-18,0237,N,VIIRS,n,2,290.36,4.22,N,0
40.85876,-7.84073,331.73,0.42,0.37,2024-09-18,0237,N,VIIRS,n,2,300.14,33.07,N,0
40.91914,-8.17352,314.54,0.41,0.37,2024-09-18,0237,N,VIIRS,n,2,290.76,8.49,N,0
40.9183,-8.16883,308.59,0.41,0.37,2024-09-18,0237,N,VIIRS,n,2,291.17,8.49,N,0
40.89498,-8.03958,303.91,0.41,0.37,2024-09-18,0237,N,VIIRS,n,2,288.67,7.85,N,0
40.88787,-8.00044,310.45,0.41,0.37,2024-09-18,0237,N,VIIRS,n,2,288.62,3.47,N,0
40.88273,-7.97207,302.37,0.41,0.37,2024-09-18,0237,N,VIIRS,n,2,287.91,7.85,N,0
40.87917,-7.95253,310.97,0.41,0.37,2024-09-18,0237,N,VIIRS,n,2,286.8,3,N,0
40.85788,-7.83591,313.73,0.42,0.38,2024-09-18,0237,N,VIIRS,n,2,286.16,4.16,N,0
40.91408,-8.16508,331.78,0.41,0.37,2024-09-18,0237,N,VIIRS,n,2,292.85,17.96,N,0
40.9132,-8.16024,353.23,0.41,0.37,2024-09-18,0237,N,VIIRS,n,2,316.59,17.96,N,0
40.91233,-8.15538,343.79,0.41,0.37,2024-09-18,0237,N,VIIRS,n,2,300.16,11.49,N,0
40.91059,-8.14572,343.73,0.41,0.37,2024-09-18,0237,N,VIIRS,n,2,296.11,14.82,N,0
40.90976,-8.14112,323.06,0.41,0.37,2024-09-18,0237,N,VIIRS,n,2,294.04,14.82,N,0
40.89165,-8.04087,343.76,0.41,0.37,2024-09-18,0237,N,VIIRS,n,2,307.9,29.05,N,0
40.89075,-8.0359,332.33,0.41,0.37,2024-09-18,0237,N,VIIRS,n,2,289.14,29.05,N,0
40.8854,-8.00649,337.15,0.41,0.37,2024-09-18,0237,N,VIIRS,n,2,290.19,8.54,N,0
40.88451,-8.00157,339.41,0.41,0.37,2024-09-18,0237,N,VIIRS,n,2,326.26,92.13,N,0
40.88363,-7.9967,336.61,0.41,0.37,2024-09-18,0237,N,VIIRS,n,2,317.84,92.13,N,0
40.88278,-7.99205,353.98,0.41,0.37,2024-09-18,0237,N,VIIRS,n,2,304.83,6.61,N,0
40.88196,-7.9875,336.53,0.41,0.37,2024-09-18,0237,N,VIIRS,n,2,296.89,6.61,N,0
40.88112,-7.98283,337.23,0.41,0.37,2024-09-18,0237,N,VIIRS,n,2,292.41,4.15,N,0
40.8731,-7.93887,354,0.42,0.37,2024-09-18,0237,N,VIIRS,n,2,297.91,21.47,N,0
40.85535,-7.8417,336.46,0.42,0.37,2024-09-18,0237,N,VIIRS,n,2,292.2,11.43,N,0
40.85447,-7.83688,325.48,0.42,0.38,2024-09-18,0237,N,VIIRS,n,2,286.57,4.16,N,0
40.91145,-8.15054,316.08,0.41,0.37,2024-09-18,0237,N,VIIRS,n,2,293.71,11.49,N,0
40.90894,-8.13654,308.32,0.41,0.37,2024-09-18,0237,N,VIIRS,n,2,291.88,1.26,N,0
40.9081,-8.13187,306.1,0.41,0.37,2024-09-18,0237,N,VIIRS,n,2,291.18,1.26,N,0
40.8976,-8.07381,306.81,0.41,0.37,2024-09-18,0237,N,VIIRS,n,2,291.03,1.72,N,0
40.88024,-7.97802,310.21,0.41,0.37,2024-09-18,0237,N,VIIRS,n,2,289.49,4.15,N,0
40.87934,-7.9731,304.04,0.41,0.37,2024-09-18,0237,N,VIIRS,n,2,289,1.39,N,0
40.87844,-7.96815,311.76,0.41,0.37,2024-09-18,0237,N,VIIRS,n,2,291.27,1.39,N,0
40.87755,-7.96325,304.2,0.41,0.37,2024-09-18,0237,N,VIIRS,n,2,288.35,1.95,N,0
40.87402,-7.94386,300.1,0.42,0.37,2024-09-18,0237,N,VIIRS,n,2,287.18,21.47,N,0
40.90814,-8.15185,346.82,0.41,0.37,2024-09-18,0237,N,VIIRS,n,2,302.92,11.49,N,0
40.90726,-8.14699,330.11,0.41,0.37,2024-09-18,0237,N,VIIRS,n,2,313,14.82,N,0
40.90642,-8.14231,338.32,0.41,0.37,2024-09-18,0237,N,VIIRS,n,2,296.25,14.82,N,0
40.88832,-8.04212,346.66,0.41,0.37,2024-09-18,0237,N,VIIRS,n,2,299.12,29.05,N,0
40.88289,-8.01231,349.59,0.41,0.37,2024-09-18,0237,N,VIIRS,n,2,293.08,8.54,N,0
40.88202,-8.0075,367,0.41,0.37,2024-09-18,0237,N,VIIRS,h,2,297.09,8.54,N,0
40.88114,-8.00266,333.27,0.41,0.37,2024-09-18,0237,N,VIIRS,n,2,331.63,92.13,N,0
40.88026,-7.99779,350.14,0.41,0.37,2024-09-18,0237,N,VIIRS,n,2,317.34,92.13,N,0
40.86972,-7.93992,343.37,0.42,0.37,2024-09-18,0237,N,VIIRS,n,2,311.34,21.47,N,0
40.85106,-7.83787,329.11,0.42,0.38,2024-09-18,0237,N,VIIRS,n,2,286.68,4.16,N,0
40.90987,-8.16148,305.92,0.41,0.37,2024-09-18,0237,N,VIIRS,n,2,291.08,17.96,N,0
40.90901,-8.15669,316.22,0.41,0.37,2024-09-18,0237,N,VIIRS,n,2,292.08,11.49,N,0
40.89506,-8.07946,319.63,0.41,0.37,2024-09-18,0237,N,VIIRS,n,2,294.57,1.72,N,0
40.88923,-8.0471,306.49,0.41,0.37,2024-09-18,0237,N,VIIRS,n,2,286.69,4.6,N,0
40.87941,-7.99315,315.12,0.41,0.37,2024-09-18,0237,N,VIIRS,n,2,291.34,6.61,N,0
40.87596,-7.97411,301.78,0.41,0.37,2024-09-18,0237,N,VIIRS,n,2,288.44,1.39,N,0
40.87063,-7.94491,319.44,0.42,0.37,2024-09-18,0237,N,VIIRS,n,2,291.57,21.47,N,0
40.90569,-8.15797,351.32,0.41,0.37,2024-09-18,0237,N,VIIRS,n,2,300.17,9.1,N,0
40.90483,-8.15321,348.68,0.41,0.37,2024-09-18,0237,N,VIIRS,n,2,297.69,9.1,N,0
40.90226,-8.13891,342.27,0.41,0.37,2024-09-18,0237,N,VIIRS,n,2,295.46,5.33,N,0
40.89522,-8.1,328.18,0.41,0.37,2024-09-18,0237,N,VIIRS,n,2,293.47,2.88,N,0
40.8867,-8.05288,342.23,0.41,0.37,2024-09-18,0237,N,VIIRS,n,2,304.73,50.2,N,0
40.88585,-8.04815,340.29,0.41,0.37,2024-09-18,0237,N,VIIRS,n,2,299.14,50.2,N,0
40.88036,-8.01804,341.39,0.41,0.37,2024-09-18,0237,N,VIIRS,n,2,300.3,13.52,N,0
40.87949,-8.01327,335.62,0.41,0.37,2024-09-18,0237,N,VIIRS,n,2,293.46,4.13,N,0
40.86725,-7.94598,348.65,0.42,0.37,2024-09-18,0237,N,VIIRS,n,2,311.75,19.63,N,0
40.86633,-7.94096,326.03,0.42,0.37,2024-09-18,0237,N,VIIRS,n,2,290.8,19.63,N,0
40.84765,-7.83888,330.85,0.42,0.38,2024-09-18,0237,N,VIIRS,n,2,293.61,10.09,N,0
40.84676,-7.834,340.94,0.42,0.38,2024-09-18,0237,N,VIIRS,n,2,299.74,10.09,N,0
40.90395,-8.14829,318.95,0.41,0.37,2024-09-18,0237,N,VIIRS,n,2,293.37,8.23,N,0
40.90309,-8.14353,314.36,0.41,0.37,2024-09-18,0237,N,VIIRS,n,2,293.42,8.23,N,0
40.8961,-8.10489,309.9,0.41,0.37,2024-09-18,0237,N,VIIRS,n,2,293.52,3.42,N,0
40.88754,-8.05747,305.32,0.41,0.37,2024-09-18,0237,N,VIIRS,n,2,291.25,2.35,N,0
40.88125,-8.02292,308.05,0.41,0.37,2024-09-18,0237,N,VIIRS,n,2,290,13.52,N,0
40.87862,-8.00848,309.7,0.41,0.37,2024-09-18,0237,N,VIIRS,n,2,289.1,4.13,N,0
40.87775,-8.00366,307.56,0.41,0.37,2024-09-18,0237,N,VIIRS,n,2,290.3,1.82,N,0
40.87688,-7.99888,308.82,0.41,0.37,2024-09-18,0237,N,VIIRS,n,2,288.9,1.82,N,0
40.87256,-7.9751,304.34,0.41,0.37,2024-09-18,0237,N,VIIRS,n,2,288.32,1.22,N,0
40.87166,-7.97017,303.89,0.41,0.37,2024-09-18,0237,N,VIIRS,n,2,287.06,1.22,N,0
40.87077,-7.96528,304.41,0.41,0.37,2024-09-18,0237,N,VIIRS,n,2,289.09,1.22,N,0
40.86814,-7.95085,306.01,0.41,0.37,2024-09-18,0237,N,VIIRS,n,2,288.74,1.48,N,0
40.90062,-8.14956,345.9,0.41,0.37,2024-09-18,0237,N,VIIRS,n,2,301.63,8.23,N,0
40.89977,-8.14479,331.27,0.41,0.37,2024-09-18,0237,N,VIIRS,n,2,292.49,8.23,N,0
40.89893,-8.14014,345.57,0.41,0.37,2024-09-18,0237,N,VIIRS,n,2,294.06,5.33,N,0
40.89366,-8.11103,333.91,0.41,0.37,2024-09-18,0237,N,VIIRS,n,2,292.98,3.42,N,0
40.89276,-8.10605,343.96,0.41,0.37,2024-09-18,0237,N,VIIRS,n,2,296.67,3.42,N,0
40.89186,-8.10111,331.89,0.41,0.37,2024-09-18,0237,N,VIIRS,n,2,295.52,2.88,N,0
40.891,-8.09633,337.7,0.41,0.37,2024-09-18,0237,N,VIIRS,n,2,293.75,2.88,N,0
40.89015,-8.09165,321.25,0.41,0.37,2024-09-18,0237,N,VIIRS,n,2,290.62,2.14,N,0
40.88334,-8.05397,339.4,0.41,0.37,2024-09-18,0237,N,VIIRS,n,2,339.06,50.2,N,0
40.88247,-8.04917,349.5,0.41,0.37,2024-09-18,0237,N,VIIRS,n,2,298.19,50.2,N,0
40.87879,-8.029,367,0.41,0.37,2024-09-18,0237,N,VIIRS,h,2,297.1,8.13,N,0
40.87786,-8.02393,347.53,0.41,0.37,2024-09-18,0237,N,VIIRS,n,2,302.21,13.52,N,0
40.87696,-8.01899,327.65,0.41,0.37,2024-09-18,0237,N,VIIRS,n,2,291.54,13.52,N,0
40.86386,-7.94701,333.06,0.42,0.37,2024-09-18,0237,N,VIIRS,n,2,293.02,19.63,N,0
40.86295,-7.94202,352.72,0.42,0.37,2024-09-18,0237,N,VIIRS,n,2,307.28,19.63,N,0
40.84607,-7.8498,340.2,0.42,0.37,2024-09-18,0237,N,VIIRS,n,2,293.2,18.94,N,0
40.84517,-7.84487,338.54,0.42,0.37,2024-09-18,0237,N,VIIRS,n,2,298.75,18.94,N,0
40.90235,-8.15913,318.01,0.41,0.37,2024-09-18,0237,N,VIIRS,n,2,291.85,9.1,N,0
40.9015,-8.1544,312.38,0.41,0.37,2024-09-18,0237,N,VIIRS,n,2,291.68,9.1,N,0
40.89726,-8.13085,303.6,0.41,0.37,2024-09-18,0237,N,VIIRS,n,2,289.15,0.52,N,0
40.88418,-8.05862,317.88,0.41,0.37,2024-09-18,0237,N,VIIRS,n,2,295.57,2.35,N,0
40.88065,-8.03916,307.69,0.41,0.37,2024-09-18,0237,N,VIIRS,n,2,287.98,4.97,N,0
40.87972,-8.03409,306.53,0.41,0.37,2024-09-18,0237,N,VIIRS,n,2,288.49,8.13,N,0
40.86738,-7.96632,304.29,0.41,0.37,2024-09-18,0237,N,VIIRS,n,2,289.51,1.22,N,0
40.86475,-7.95187,305.49,0.41,0.37,2024-09-18,0237,N,VIIRS,n,2,290.25,1.48,N,0
40.84337,-7.83512,304.47,0.42,0.38,2024-09-18,0237,N,VIIRS,n,2,286.13,10.09,N,0
40.90126,-8.15128,333.95,0.41,0.37,2024-09-18,0237,N,VIIRS,n,2,293.78,3.45,N,0
40.90041,-8.14645,346.01,0.41,0.37,2024-09-18,0237,N,VIIRS,n,2,299.01,9.15,N,0
40.89957,-8.14176,345.89,0.41,0.37,2024-09-18,0237,N,VIIRS,n,2,294.53,9.15,N,0
40.89265,-8.10278,332.18,0.41,0.37,2024-09-18,0237,N,VIIRS,n,2,297.7,11.15,N,0
40.8842,-8.05551,346.05,0.41,0.37,2024-09-18,0237,N,VIIRS,n,2,320.66,39.2,N,0
40.88336,-8.05078,341.39,0.41,0.37,2024-09-18,0237,N,VIIRS,n,2,320.79,43.31,N,0
40.88249,-8.04589,320.34,0.41,0.37,2024-09-18,0237,N,VIIRS,n,2,291.82,43.31,N,0
40.87978,-8.03067,328.56,0.41,0.37,2024-09-18,0237,N,VIIRS,n,2,290.66,18.87,N,0
40.87888,-8.02557,367,0.41,0.37,2024-09-18,0237,N,VIIRS,h,2,300.69,18.87,N,0
40.87798,-8.02055,344.81,0.41,0.37,2024-09-18,0237,N,VIIRS,n,2,292.69,3.9,N,0
40.87712,-8.01575,325.47,0.41,0.37,2024-09-18,0237,N,VIIRS,n,2,291.87,3.9,N,0
40.86507,-7.94849,324.94,0.42,0.37,2024-09-18,0237,N,VIIRS,n,2,294.25,3.48,N,0
40.86419,-7.94355,356.51,0.42,0.37,2024-09-18,0237,N,VIIRS,n,2,303.08,14.25,N,0
40.86328,-7.93848,326.43,0.42,0.37,2024-09-18,0237,N,VIIRS,n,2,292.91,14.25,N,0
40.84666,-7.84615,355.32,0.42,0.38,2024-09-18,0237,N,VIIRS,n,2,299.52,26.1,N,0
40.8449,-7.8364,347.04,0.42,0.38,2024-09-18,0237,N,VIIRS,n,2,290.43,10.62,N,0
40.90296,-8.1608,303.01,0.41,0.37,2024-09-18,0237,N,VIIRS,n,2,290.78,3.35,N,0
40.90211,-8.15609,310.17,0.41,0.37,2024-09-18,0237,N,VIIRS,n,2,291.93,3.45,N,0
40.89875,-8.13712,312.84,0.41,0.37,2024-09-18,0237,N,VIIRS,n,2,292.8,1.25,N,0
40.89791,-8.13249,307.47,0.41,0.37,2024-09-18,0237,N,VIIRS,n,2,290.72,1.25,N,0
40.89353,-8.10774,313.46,0.41,0.37,2024-09-18,0237,N,VIIRS,n,2,292.64,11.15,N,0
40.89179,-8.09794,314.8,0.41,0.37,2024-09-18,0237,N,VIIRS,n,2,292.36,12.54,N,0
40.89094,-8.09321,315.52,0.41,0.37,2024-09-18,0237,N,VIIRS,n,2,292.37,12.54,N,0
40.84756,-7.85113,305.6,0.42,0.37,2024-09-18,0237,N,VIIRS,n,2,286.9,3.84,N,0
40.89959,-8.16183,347.28,0.41,0.37,2024-09-18,0237,N,VIIRS,n,2,295.56,3.35,N,0
40.89876,-8.15718,322.61,0.41,0.37,2024-09-18,0237,N,VIIRS,n,2,293.07,3.45,N,0
40.89707,-8.14768,346.78,0.41,0.37,2024-09-18,0237,N,VIIRS,n,2,293.6,9.15,N,0
40.89108,-8.11401,336.41,0.41,0.37,2024-09-18,0237,N,VIIRS,n,2,300.19,29.84,N,0
40.89018,-8.10894,336.58,0.41,0.37,2024-09-18,0237,N,VIIRS,n,2,309.26,11.15,N,0
40.88929,-8.10389,347.06,0.41,0.37,2024-09-18,0237,N,VIIRS,n,2,294.1,11.15,N,0
40.8876,-8.09441,346.2,0.41,0.37,2024-09-18,0237,N,VIIRS,n,2,311.17,12.54,N,0
40.88677,-8.0898,330.54,0.41,0.37,2024-09-18,0237,N,VIIRS,n,2,295.73,11.49,N,0
40.8817,-8.06144,320.03,0.41,0.37,2024-09-18,0237,N,VIIRS,n,2,297.07,39.2,N,0
38.62873,-9.07573,300.55,0.41,0.37,2024-09-18,0238,N,VIIRS,n,2,289.74,0.8,N,2
38.62955,-9.08037,305.6,0.41,0.37,2024-09-18,0238,N,VIIRS,n,2,290.1,0.8,N,2
40.58996,-7.66881,367,0.59,0.7,2024-09-18,1219,N,VIIRS,h,2,299.17,18.53,D,0
40.57027,-7.70893,339.11,0.59,0.7,2024-09-18,1219,N,VIIRS,n,2,297.94,8.17,D,0
40.57439,-7.69582,339.17,0.59,0.7,2024-09-18,1219,N,VIIRS,n,2,299.97,10.29,D,0
40.57652,-7.68904,346,0.59,0.7,2024-09-18,1219,N,VIIRS,n,2,299.49,10.29,D,0
40.58336,-7.66719,348.51,0.59,0.7,2024-09-18,1219,N,VIIRS,n,2,300.87,14.16,D,0
40.56593,-7.70009,330.63,0.59,0.7,2024-09-18,1219,N,VIIRS,l,2,301.25,8.17,D,0
40.57241,-7.67947,342,0.59,0.7,2024-09-18,1219,N,VIIRS,n,2,301.23,12.06,D,0
40.56598,-7.67731,345.61,0.59,0.7,2024-09-18,1219,N,VIIRS,n,2,298.04,6.96,D,0
40.57455,-7.67263,346.54,0.59,0.7,2024-09-18,1219,N,VIIRS,n,2,301.02,12.06,D,0
40.45511,-8.00493,329.88,0.62,0.71,2024-09-18,1219,N,VIIRS,n,2,295.1,4.31,D,0
40.92538,-8.1827,329.9,0.61,0.71,2024-09-18,1220,N,VIIRS,n,2,292.33,5.27,D,0
40.97954,-8.01378,367,0.6,0.7,2024-09-18,1220,N,VIIRS,h,2,292.33,11.92,D,0
40.94459,-8.03643,367,0.6,0.7,2024-09-18,1220,N,VIIRS,h,2,297.29,27.47,D,0
40.94736,-8.02764,367,0.6,0.7,2024-09-18,1220,N,VIIRS,h,2,305.93,27.47,D,0
40.94981,-8.01982,367,0.6,0.7,2024-09-18,1220,N,VIIRS,h,2,298.04,63.9,D,0
40.94288,-8.01916,352.76,0.6,0.7,2024-09-18,1220,N,VIIRS,n,2,301.17,28.93,D,0
40.94566,-8.01033,367,0.6,0.7,2024-09-18,1220,N,VIIRS,h,2,295.7,28.93,D,0
40.81381,-8.40223,329.24,0.63,0.72,2024-09-18,1220,N,VIIRS,n,2,292.22,5.82,D,0
40.93928,-8.0079,354.72,0.6,0.7,2024-09-18,1220,N,VIIRS,n,2,301.86,28.93,D,0
40.9421,-7.99895,354.2,0.6,0.7,2024-09-18,1220,N,VIIRS,n,2,293.67,38.94,D,0
40.93303,-8.00503,334.14,0.6,0.7,2024-09-18,1220,N,VIIRS,n,2,295.71,19.03,D,0
40.93524,-7.99805,367,0.6,0.7,2024-09-18,1220,N,VIIRS,h,2,304.38,30.32,D,0
40.92799,-7.99836,336.54,0.6,0.7,2024-09-18,1220,N,VIIRS,n,2,297.58,30.32,D,0
40.88345,-8.11606,335.67,0.61,0.71,2024-09-18,1220,N,VIIRS,n,2,293.53,5.85,D,0
40.88511,-8.11085,334.72,0.61,0.71,2024-09-18,1220,N,VIIRS,n,2,292.65,5.85,D,0
40.88799,-8.10181,346.67,0.6,0.71,2024-09-18,1220,N,VIIRS,n,2,294.26,10.71,D,0
40.78814,-8.39107,327.97,0.63,0.72,2024-09-18,1220,N,VIIRS,n,2,295.46,5.12,D,0
40.90486,-8.02615,336.93,0.6,0.7,2024-09-18,1220,N,VIIRS,n,2,291.21,6.22,D,0
40.90684,-8.01995,340.96,0.6,0.7,2024-09-18,1220,N,VIIRS,n,2,292.1,6.22,D,0
40.89928,-8.02114,342,0.6,0.7,2024-09-18,1220,N,VIIRS,n,2,292.44,4.46,D,0
40.90114,-8.01531,333.58,0.6,0.7,2024-09-18,1220,N,VIIRS,n,2,292.31,4.46,D,0
40.57365,-7.67465,353.34,0.59,0.7,2024-09-18,1220,N,VIIRS,n,2,302.23,12.33,D,0
40.57145,-7.68152,332.05,0.59,0.7,2024-09-18,1220,N,VIIRS,n,2,300.93,10.99,D,0
40.58245,-7.66941,344.81,0.59,0.7,2024-09-18,1220,N,VIIRS,n,2,301.64,12.33,D,0
40.57556,-7.69097,350.14,0.59,0.7,2024-09-18,1220,N,VIIRS,n,2,300.26,10.99,D,0
40.57344,-7.6976,335.6,0.59,0.7,2024-09-18,1220,N,VIIRS,n,2,300.3,19.53,D,0
40.5692,-7.71084,342.23,0.59,0.7,2024-09-18,1220,N,VIIRS,n,2,297.68,9.05,D,0
40.59169,-7.6628,340.85,0.59,0.7,2024-09-18,1220,N,VIIRS,n,2,296.24,13.16,D,0
40.589,-7.67123,354.22,0.59,0.7,2024-09-18,1220,N,VIIRS,n,2,297.95,11.85,D,0
40.66922,-7.57486,342.54,0.58,0.7,2024-09-18,1220,N,VIIRS,n,2,297.23,5.98,D,0
40.66721,-7.58124,335.95,0.58,0.7,2024-09-18,1220,N,VIIRS,n,2,295.86,5.98,D,0
40.67488,-7.57934,367,0.58,0.7,2024-09-18,1220,N,VIIRS,h,2,299.06,12.92,D,0
40.66762,-7.64733,367,0.58,0.7,2024-09-18,1220,N,VIIRS,h,2,295.94,9.44,D,0
40.67614,-7.62026,331.18,0.58,0.7,2024-09-18,1220,N,VIIRS,n,2,295.47,10.74,D,0
40.67405,-7.62691,355.23,0.58,0.7,2024-09-18,1220,N,VIIRS,n,2,295.84,20.88,D,0
40.67178,-7.63411,356.67,0.58,0.7,2024-09-18,1220,N,VIIRS,n,2,297.22,20.88,D,0
40.66965,-7.64089,333.65,0.58,0.7,2024-09-18,1220,N,VIIRS,n,2,294.01,9.44,D,0
40.67596,-7.64334,334.08,0.58,0.7,2024-09-18,1220,N,VIIRS,n,2,294.82,9.44,D,0
40.67384,-7.65009,345.28,0.58,0.7,2024-09-18,1220,N,VIIRS,n,2,295.67,9.44,D,0
40.71037,-7.66913,367,0.58,0.7,2024-09-18,1220,N,VIIRS,h,2,296.49,38.75,D,0
40.70819,-7.67611,350,0.58,0.7,2024-09-18,1220,N,VIIRS,n,2,298.66,36.3,D,0
40.70485,-7.66784,337.85,0.58,0.7,2024-09-18,1220,N,VIIRS,n,2,297.37,17.53,D,0
40.71082,-7.67137,367,0.58,0.7,2024-09-18,1220,N,VIIRS,h,2,296.48,17.53,D,0
40.7086,-7.67836,354.95,0.58,0.7,2024-09-18,1220,N,VIIRS,n,2,294.68,17.53,D,0
40.60144,-8.37543,325.52,0.63,0.72,2024-09-18,1220,N,VIIRS,n,2,294.86,2.53,D,0
40.62003,-8.34026,327.3,0.63,0.72,2024-09-18,1220,N,VIIRS,n,2,293.77,6.14,D,0
40.61752,-8.34811,335.5,0.63,0.72,2024-09-18,1220,N,VIIRS,n,2,294.97,6.14,D,0
40.63575,-8.31393,367,0.63,0.72,2024-09-18,1220,N,VIIRS,h,2,296.33,14.42,D,0
40.63107,-8.32861,367,0.63,0.72,2024-09-18,1220,N,VIIRS,h,2,296.33,17.26,D,0
40.63798,-8.30693,346.14,0.63,0.72,2024-09-18,1220,N,VIIRS,n,2,297.45,13.05,D,0
40.63358,-8.3207,336.12,0.63,0.72,2024-09-18,1220,N,VIIRS,n,2,294.15,14.42,D,0
40.61694,-8.33876,327.71,0.63,0.72,2024-09-18,1220,N,VIIRS,n,2,293.15,12.57,D,0
40.61435,-8.34671,326.22,0.63,0.72,2024-09-18,1220,N,VIIRS,n,2,295.84,7.81,D,0
40.60398,-8.37851,331.83,0.63,0.72,2024-09-18,1220,N,VIIRS,n,2,296.09,4.79,D,0
40.6306,-8.31933,327.69,0.63,0.72,2024-09-18,1220,N,VIIRS,n,2,293.54,8.09,D,0
40.62801,-8.32732,354.6,0.63,0.72,2024-09-18,1220,N,VIIRS,n,2,295.32,8.09,D,0
40.63831,-8.31819,367,0.63,0.72,2024-09-18,1220,N,VIIRS,h,2,296.51,16,D,0
40.64063,-8.31103,354.99,0.63,0.72,2024-09-18,1220,N,VIIRS,n,2,298.11,16,D,0
40.63589,-8.32562,325.43,0.63,0.72,2024-09-18,1220,N,VIIRS,n,2,294.9,11.78,D,0
40.6354,-8.34974,326.44,0.63,0.72,2024-09-18,1220,N,VIIRS,n,2,294.48,8.06,D,0
40.78727,-7.94525,367,0.6,0.7,2024-09-18,1220,N,VIIRS,h,2,298.94,13.77,D,0
40.78326,-7.95783,367,0.6,0.71,2024-09-18,1220,N,VIIRS,h,2,298.94,21.01,D,0
40.77851,-7.97273,367,0.6,0.71,2024-09-18,1220,N,VIIRS,h,2,300.45,19.26,D,0
40.78917,-7.93929,327.26,0.6,0.7,2024-09-18,1220,N,VIIRS,n,2,296.07,7.61,D,0
40.78534,-7.95131,353.44,0.6,0.7,2024-09-18,1220,N,VIIRS,n,2,299.37,13.77,D,0
40.78098,-7.96498,354.68,0.6,0.71,2024-09-18,1220,N,VIIRS,n,2,299.42,21.01,D,0
40.78699,-7.96865,367,0.6,0.71,2024-09-18,1220,N,VIIRS,h,2,298.79,21.01,D,0
40.77847,-7.99538,367,0.6,0.71,2024-09-18,1220,N,VIIRS,h,2,299.44,18.52,D,0
40.82164,-7.85964,346.6,0.59,0.7,2024-09-18,1220,N,VIIRS,n,2,294.72,7.14,D,0
40.819,-7.86797,334.9,0.59,0.7,2024-09-18,1220,N,VIIRS,n,2,295.29,7.14,D,0
40.81628,-7.87654,332.67,0.59,0.7,2024-09-18,1220,N,VIIRS,n,2,296.44,7.14,D,0
40.79976,-7.92852,325.99,0.6,0.7,2024-09-18,1220,N,VIIRS,n,2,295.29,6.47,D,0
40.7975,-7.93564,340.24,0.6,0.7,2024-09-18,1220,N,VIIRS,n,2,297.34,7.61,D,0
40.79557,-7.94169,340.73,0.6,0.7,2024-09-18,1220,N,VIIRS,n,2,297.9,7.61,D,0
40.79372,-7.94752,328.93,0.6,0.7,2024-09-18,1220,N,VIIRS,n,2,296.58,13.77,D,0
40.7894,-7.9611,340.36,0.6,0.71,2024-09-18,1220,N,VIIRS,n,2,294.87,21.01,D,0
40.78472,-7.97577,345.03,0.6,0.71,2024-09-18,1220,N,VIIRS,n,2,294.87,19.26,D,0
40.7825,-7.98275,337.14,0.6,0.71,2024-09-18,1220,N,VIIRS,n,2,294.95,19.26,D,0
40.78039,-7.98936,337.08,0.6,0.71,2024-09-18,1220,N,VIIRS,n,2,295.06,18.52,D,0
40.77639,-8.00191,353.77,0.6,0.71,2024-09-18,1220,N,VIIRS,n,2,298.04,10.34,D,0
40.774,-8.00939,331.19,0.6,0.71,2024-09-18,1220,N,VIIRS,n,2,295.1,10.34,D,0
40.83461,-7.8412,367,0.59,0.7,2024-09-18,1220,N,VIIRS,h,2,297.85,17.94,D,0
40.82695,-7.8654,367,0.59,0.7,2024-09-18,1220,N,VIIRS,h,2,296.62,21.48,D,0
40.82446,-7.87326,367,0.59,0.7,2024-09-18,1220,N,VIIRS,h,2,297.64,21.48,D,0
40.83273,-7.84714,334.95,0.59,0.7,2024-09-18,1220,N,VIIRS,n,2,293.92,19.24,D,0
40.82193,-7.88124,353.82,0.59,0.7,2024-09-18,1220,N,VIIRS,n,2,296.93,9.76,D,0
40.8197,-7.88826,331.16,0.59,0.7,2024-09-18,1220,N,VIIRS,n,2,296,9.76,D,0
40.84028,-7.8458,367,0.59,0.7,2024-09-18,1220,N,VIIRS,h,2,295.02,17.94,D,0
40.79767,-7.98019,367,0.6,0.71,2024-09-18,1220,N,VIIRS,h,2,298.68,19.91,D,0
40.79977,-7.97359,332.66,0.6,0.71,2024-09-18,1220,N,VIIRS,n,2,294.34,20.46,D,0
40.80416,-7.98233,367,0.6,0.71,2024-09-18,1220,N,VIIRS,h,2,301.69,42.42,D,0
40.80829,-7.96934,337,0.6,0.71,2024-09-18,1220,N,VIIRS,n,2,295.23,17.99,D,0
40.80618,-7.97599,337.23,0.6,0.71,2024-09-18,1220,N,VIIRS,n,2,294.13,17.99,D,0
40.82074,-7.95266,367,0.6,0.7,2024-09-18,1220,N,VIIRS,h,2,298.55,32.73,D,0
40.81882,-7.95874,367,0.6,0.7,2024-09-18,1220,N,VIIRS,h,2,300.88,19.65,D,0
40.79903,-8.02111,367,0.6,0.71,2024-09-18,1220,N,VIIRS,h,2,297.31,15.71,D,0
40.81683,-7.96501,345.29,0.6,0.7,2024-09-18,1220,N,VIIRS,n,2,297.09,19.65,D,0
40.80121,-8.01423,335.92,0.6,0.71,2024-09-18,1220,N,VIIRS,n,2,294.94,15.71,D,0
40.80954,-8.01065,367,0.6,0.71,2024-09-18,1220,N,VIIRS,h,2,297.64,21.11,D,0
40.82095,-7.9746,326.79,0.6,0.71,2024-09-18,1220,N,VIIRS,n,2,296.62,6.58,D,0
40.81861,-7.98201,339.51,0.6,0.71,2024-09-18,1220,N,VIIRS,n,2,296.41,6.58,D,0
40.81631,-7.98928,334.37,0.6,0.71,2024-09-18,1220,N,VIIRS,n,2,295.07,8.44,D,0
40.81395,-7.99671,336.65,0.6,0.71,2024-09-18,1220,N,VIIRS,n,2,294.46,8.44,D,0
40.8117,-8.00384,351.08,0.6,0.71,2024-09-18,1220,N,VIIRS,n,2,295.27,21.11,D,0
40.80705,-8.01849,330.07,0.6,0.71,2024-09-18,1220,N,VIIRS,n,2,291.34,9.15,D,0
40.82681,-7.97873,341.91,0.6,0.71,2024-09-18,1220,N,VIIRS,n,2,292.41,6.58,D,0
40.81395,-8.04209,332.46,0.6,0.71,2024-09-18,1220,N,VIIRS,n,2,291.28,4.72,D,0
40.8623,-7.93426,327.02,0.6,0.7,2024-09-18,1220,N,VIIRS,n,2,294.26,7.91,D,0
40.86037,-7.9404,333.76,0.6,0.7,2024-09-18,1220,N,VIIRS,n,2,294.29,7.91,D,0
40.84958,-7.97467,334.78,0.6,0.7,2024-09-18,1220,N,VIIRS,n,2,294.45,3.45,D,0
40.86867,-7.93672,367,0.6,0.7,2024-09-18,1220,N,VIIRS,h,2,297.85,7.91,D,0
40.8706,-7.93056,346.88,0.59,0.7,2024-09-18,1220,N,VIIRS,n,2,295.06,19.03,D,0
40.86686,-7.94247,332.51,0.6,0.7,2024-09-18,1220,N,VIIRS,n,2,294.43,7.91,D,0
40.88505,-7.90724,352.85,0.59,0.7,2024-09-18,1220,N,VIIRS,n,2,297.15,8.5,D,0
40.88307,-7.91357,343.62,0.59,0.7,2024-09-18,1220,N,VIIRS,n,2,295.32,10.4,D,0
40.87694,-7.93311,328.19,0.59,0.7,2024-09-18,1220,N,VIIRS,n,2,294.16,8.02,D,0
40.88495,-8.04361,332.27,0.6,0.71,2024-09-18,1220,N,VIIRS,n,2,292.22,10.74,D,0
40.88292,-8.04994,367,0.6,0.71,2024-09-18,1220,N,VIIRS,h,2,294.37,10.74,D,0
40.85136,-8.12623,295.11,0.61,0.71,2024-09-18,1220,N,VIIRS,l,2,299.78,75.01,D,0
40.76091,-8.40737,329.16,0.63,0.72,2024-09-18,1220,N,VIIRS,n,2,294.86,5.13,D,0
40.86199,-8.09297,352.42,0.61,0.71,2024-09-18,1220,N,VIIRS,n,2,295.81,14.46,D,0
40.87622,-8.04844,332.5,0.6,0.71,2024-09-18,1220,N,VIIRS,n,2,293.9,4.93,D,0
40.87998,-8.03668,329.45,0.6,0.71,2024-09-18,1220,N,VIIRS,n,2,291.9,8.25,D,0
40.88171,-8.03127,355.25,0.6,0.71,2024-09-18,1220,N,VIIRS,n,2,293.46,8.25,D,0
40.88344,-8.02582,343.29,0.6,0.71,2024-09-18,1220,N,VIIRS,n,2,292,23.06,D,0
40.89333,-7.99483,329.02,0.6,0.7,2024-09-18,1220,N,VIIRS,n,2,290.38,13.49,D,0
40.85466,-8.1159,367,0.61,0.71,2024-09-18,1220,N,VIIRS,h,2,312.54,83.3,D,0
40.8853,-8.02,367,0.6,0.71,2024-09-18,1220,N,VIIRS,h,2,298.02,23.06,D,0
40.88768,-8.01252,367,0.6,0.7,2024-09-18,1220,N,VIIRS,h,2,294.67,27.33,D,0
40.87506,-7.93907,329.47,0.6,0.7,2024-09-18,1220,N,VIIRS,n,2,294.37,7.61,D,0
40.83632,-8.08505,367,0.61,0.71,2024-09-18,1220,N,VIIRS,h,2,295.23,28.24,D,0
40.89125,-7.91021,326.46,0.59,0.7,2024-09-18,1220,N,VIIRS,n,2,294.14,8.5,D,0
40.88321,-7.93587,341.35,0.59,0.7,2024-09-18,1220,N,VIIRS,n,2,296.17,8.02,D,0
40.88137,-7.94173,347.58,0.6,0.7,2024-09-18,1220,N,VIIRS,n,2,297.17,7.61,D,0
40.84519,-8.05693,350.54,0.6,0.71,2024-09-18,1220,N,VIIRS,n,2,295.07,12.13,D,0
40.83497,-8.08931,334.97,0.61,0.71,2024-09-18,1220,N,VIIRS,n,2,292.75,11.75,D,0
40.81113,-8.00479,367,0.6,0.71,2024-09-18,1220,N,VIIRS,h,2,295.9,17.34,D,0
40.80894,-8.01157,367,0.6,0.71,2024-09-18,1220,N,VIIRS,h,2,297.14,15.48,D,0
40.81811,-7.98318,339.92,0.6,0.71,2024-09-18,1220,N,VIIRS,n,2,296.43,9.98,D,0
40.81578,-7.99039,333.38,0.6,0.71,2024-09-18,1220,N,VIIRS,n,2,295.13,9.98,D,0
40.81341,-7.99775,336.8,0.6,0.71,2024-09-18,1220,N,VIIRS,n,2,294.48,17.34,D,0
40.80639,-8.01949,329.39,0.6,0.71,2024-09-18,1220,N,VIIRS,n,2,291.44,15.48,D,0
40.82634,-7.97996,346.44,0.6,0.7,2024-09-18,1220,N,VIIRS,n,2,292.34,15.65,D,0
40.81321,-8.04297,333.53,0.6,0.71,2024-09-18,1220,N,VIIRS,n,2,291.45,4.54,D,0
40.86216,-7.93545,333.5,0.59,0.7,2024-09-18,1220,N,VIIRS,n,2,294.37,12.53,D,0
40.86024,-7.94143,328.82,0.6,0.7,2024-09-18,1220,N,VIIRS,n,2,294.22,4.96,D,0
40.84919,-7.97587,334.36,0.6,0.7,2024-09-18,1220,N,VIIRS,n,2,294.11,4.53,D,0
40.86859,-7.93774,367,0.59,0.7,2024-09-18,1220,N,VIIRS,h,2,297.74,12.53,D,0
40.87053,-7.93169,355.91,0.59,0.7,2024-09-18,1220,N,VIIRS,n,2,295.59,12.53,D,0
40.88979,-8.00593,367,0.6,0.7,2024-09-18,1220,N,VIIRS,h,2,294.33,27.33,D,0
40.89146,-8.00066,367,0.6,0.7,2024-09-18,1220,N,VIIRS,h,2,293.71,13.49,D,0
40.75428,-8.40519,336.68,0.63,0.72,2024-09-18,1220,N,VIIRS,n,2,298.15,5.13,D,0
40.84552,-8.12193,331.87,0.61,0.71,2024-09-18,1220,N,VIIRS,n,2,292.78,75.01,D,0
40.85134,-8.10373,336.46,0.61,0.71,2024-09-18,1220,N,VIIRS,n,2,292.32,83.3,D,0
40.88839,-7.98782,341.08,0.6,0.7,2024-09-18,1220,N,VIIRS,n,2,292.73,13.49,D,0
40.89131,-7.97866,334.42,0.6,0.7,2024-09-18,1220,N,VIIRS,n,2,291.54,9.45,D,0
40.84825,-8.1134,367,0.61,0.71,2024-09-18,1220,N,VIIRS,h,2,298.54,83.3,D,0
40.8448,-8.10166,355.57,0.61,0.71,2024-09-18,1220,N,VIIRS,n,2,300.56,38.02,D,0
40.84833,-8.09064,348.85,0.61,0.71,2024-09-18,1220,N,VIIRS,n,2,295.37,61.57,D,0
40.84671,-8.09569,367,0.61,0.71,2024-09-18,1220,N,VIIRS,h,2,307.95,61.57,D,0
40.88543,-7.97463,367,0.6,0.7,2024-09-18,1220,N,VIIRS,h,2,297.32,11.12,D,0
40.84049,-8.0926,348.78,0.61,0.71,2024-09-18,1220,N,VIIRS,n,2,293.88,61.57,D,0
40.84192,-8.08817,353.95,0.61,0.71,2024-09-18,1220,N,VIIRS,n,2,309.48,61.57,D,0
40.84332,-8.08378,335.33,0.61,0.71,2024-09-18,1220,N,VIIRS,n,2,291.91,73.89,D,0
40.87907,-7.97213,334.62,0.6,0.7,2024-09-18,1220,N,VIIRS,n,2,294.45,11.12,D,0
40.88102,-7.96603,367,0.6,0.7,2024-09-18,1220,N,VIIRS,h,2,295.39,11.12,D,0
40.88719,-7.9467,367,0.59,0.7,2024-09-18,1220,N,VIIRS,h,2,295.21,17.56,D,0
40.83423,-8.08964,328.76,0.61,0.71,2024-09-18,1220,N,VIIRS,n,2,292.42,6.97,D,0
40.84454,-8.05756,349.71,0.6,0.71,2024-09-18,1220,N,VIIRS,n,2,295.06,13.5,D,0
40.88129,-7.94274,347.31,0.59,0.7,2024-09-18,1220,N,VIIRS,n,2,297.65,5.93,D,0
40.88317,-7.93686,344.92,0.59,0.7,2024-09-18,1220,N,VIIRS,n,2,296.24,5.93,D,0
40.875,-7.94007,325.99,0.59,0.7,2024-09-18,1220,N,VIIRS,n,2,294.25,5.93,D,0
40.8769,-7.93413,329.7,0.59,0.7,2024-09-18,1220,N,VIIRS,n,2,294.23,5.93,D,0
40.88307,-7.91481,339.06,0.59,0.7,2024-09-18,1220,N,VIIRS,n,2,294.71,9.34,D,0
40.8851,-7.90847,367,0.59,0.7,2024-09-18,1220,N,VIIRS,h,2,297.95,9.34,D,0
40.86674,-7.9435,327.25,0.6,0.7,2024-09-18,1220,N,VIIRS,n,2,294.18,4.96,D,0
40.9552,-8.06741,349.56,0.6,0.71,2024-09-18,1220,N,VIIRS,n,2,292.17,13.34,D,0
40.97416,-8.00819,329.65,0.6,0.7,2024-09-18,1220,N,VIIRS,n,2,292.88,3.73,D,0
40.94263,-8.08417,344.14,0.6,0.71,2024-09-18,1220,N,VIIRS,n,2,292.59,14.55,D,0
40.9544,-8.02516,333.47,0.6,0.7,2024-09-18,1220,N,VIIRS,n,2,290.85,38.69,D,0
40.95218,-8.03209,367,0.6,0.7,2024-09-18,1220,N,VIIRS,h,2,298.27,27.09,D,0
40.94152,-8.04292,326.39,0.6,0.7,2024-09-18,1220,N,VIIRS,n,2,293.42,27.09,D,0
40.94447,-8.03373,355.92,0.6,0.7,2024-09-18,1220,N,VIIRS,n,2,301.34,27.09,D,0
40.9473,-8.02495,350.16,0.6,0.7,2024-09-18,1220,N,VIIRS,n,2,301.72,38.69,D,0
40.94982,-8.0171,367,0.6,0.7,2024-09-18,1220,N,VIIRS,h,2,293.19,38.69,D,0
40.9367,-8.03558,329.24,0.6,0.7,2024-09-18,1220,N,VIIRS,n,2,292.64,8.44,D,0
40.94584,-8.00718,335.79,0.6,0.7,2024-09-18,1220,N,VIIRS,n,2,291.43,35.02,D,0
40.94291,-8.01629,367,0.6,0.7,2024-09-18,1220,N,VIIRS,h,2,302.02,25.81,D,0
40.81192,-8.39794,325.49,0.63,0.72,2024-09-18,1220,N,VIIRS,n,2,291.31,5.28,D,0
40.93617,-8.01494,327.35,0.6,0.7,2024-09-18,1220,N,VIIRS,n,2,294.43,25.81,D,0
40.93956,-8.00442,367,0.6,0.7,2024-09-18,1220,N,VIIRS,h,2,305.66,35.02,D,0
40.93294,-8.0027,354.57,0.6,0.7,2024-09-18,1220,N,VIIRS,n,2,300.24,18.33,D,0
40.9351,-7.99601,367,0.6,0.7,2024-09-18,1220,N,VIIRS,h,2,297.65,18.33,D,0
40.8903,-8.11238,326.37,0.61,0.71,2024-09-18,1220,N,VIIRS,n,2,292.51,9.25,D,0
40.89347,-8.10258,327.09,0.6,0.71,2024-09-18,1220,N,VIIRS,n,2,293.55,5.99,D,0
40.92775,-7.99655,341.82,0.6,0.7,2024-09-18,1220,N,VIIRS,n,2,296.47,18.33,D,0
40.9549,-8.07195,343.51,0.6,0.71,2024-09-18,1220,N,VIIRS,n,2,291.53,16.23,D,0
40.97646,-8.00323,347.09,0.6,0.7,2024-09-18,1220,N,VIIRS,n,2,293.23,11.59,D,0
40.94291,-8.08726,334.65,0.6,0.71,2024-09-18,1220,N,VIIRS,n,2,291.37,6.64,D,0
40.95238,-8.03436,356.16,0.6,0.7,2024-09-18,1220,N,VIIRS,n,2,294.26,27.47,D,0
40.95459,-8.02735,343.87,0.6,0.7,2024-09-18,1220,N,VIIRS,n,2,291.01,27.47,D,0
40.93224,-8.16135,327.54,0.61,0.71,2024-09-18,1220,N,VIIRS,n,2,291.82,9.06,D,0
40.92999,-8.16836,344.12,0.61,0.71,2024-09-18,1220,N,VIIRS,n,2,294.11,7.22,D,0
40.92333,-8.18907,334.57,0.61,0.71,2024-09-18,1220,N,VIIRS,n,2,291.98,5.27,D,0
40.95794,-8.10373,327.1,0.6,0.71,2024-09-18,1220,N,VIIRS,n,2,290.05,8.69,D,0
40.93583,-8.17264,325.89,0.61,0.71,2024-09-18,1220,N,VIIRS,n,2,292.3,7.22,D,0
40.965,-8.1041,354.73,0.6,0.71,2024-09-18,1220,N,VIIRS,n,2,291.72,22.44,D,0
40.963,-8.11037,329.97,0.6,0.71,2024-09-18,1220,N,VIIRS,n,2,291.15,12.73,D,0
40.96415,-8.12926,367,0.6,0.71,2024-09-18,1220,N,VIIRS,h,2,294.18,12.9,D,0
41.03965,-7.89218,336.98,0.59,0.7,2024-09-18,1220,N,VIIRS,n,2,296.33,10.45,D,0
40.96971,-8.11188,354.87,0.6,0.71,2024-09-18,1220,N,VIIRS,n,2,293.7,12.73,D,0
40.96109,-8.13882,341.41,0.6,0.71,2024-09-18,1220,N,VIIRS,n,2,291.92,12.9,D,0
40.9755,-8.11625,367,0.6,0.71,2024-09-18,1220,N,VIIRS,h,2,297.7,36.58,D,0
40.95061,-8.19413,367,0.61,0.71,2024-09-18,1220,N,VIIRS,h,2,294.69,17.55,D,0
40.98094,-8.12175,367,0.6,0.71,2024-09-18,1220,N,VIIRS,h,2,301.74,36.58,D,0
40.97813,-8.13056,354.84,0.6,0.71,2024-09-18,1220,N,VIIRS,n,2,302.47,36.58,D,0
40.97552,-8.13872,341.67,0.6,0.71,2024-09-18,1220,N,VIIRS,n,2,292.41,11.71,D,0
40.97312,-8.14627,331.98,0.6,0.71,2024-09-18,1220,N,VIIRS,n,2,292.12,11.71,D,0
40.98133,-8.14308,367,0.6,0.71,2024-09-18,1220,N,VIIRS,h,2,291.53,97.02,D,0
40.9611,-8.20647,367,0.61,0.71,2024-09-18,1220,N,VIIRS,h,2,293.42,44.65,D,0
40.98711,-8.12493,349.71,0.6,0.71,2024-09-18,1220,N,VIIRS,n,2,289.84,16.8,D,0
40.98391,-8.13501,349.32,0.6,0.71,2024-09-18,1220,N,VIIRS,n,2,289.65,16.8,D,0
40.97935,-8.14929,353.08,0.6,0.71,2024-09-18,1220,N,VIIRS,n,2,302.05,97.02,D,0
40.96705,-8.18788,330.49,0.61,0.71,2024-09-18,1220,N,VIIRS,n,2,291.27,8.34,D,0
40.9591,-8.21272,354.13,0.61,0.71,2024-09-18,1220,N,VIIRS,n,2,292.69,33.31,D,0
41.03078,-8.05519,367,0.6,0.7,2024-09-18,1220,N,VIIRS,h,2,292.84,8.74,D,0
40.98449,-8.20105,341.18,0.61,0.71,2024-09-18,1220,N,VIIRS,n,2,287.66,10.3,D,0
40.98262,-8.20693,350.8,0.61,0.71,2024-09-18,1220,N,VIIRS,n,2,290.37,10.3,D,0
41.05056,-8.01522,346.08,0.59,0.7,2024-09-18,1220,N,VIIRS,n,2,296.27,9.77,D,0
41.04895,-8.02029,349.49,0.59,0.7,2024-09-18,1220,N,VIIRS,n,2,297.46,9.77,D,0
41.05778,-8.01497,367,0.59,0.7,2024-09-18,1220,N,VIIRS,h,2,296.57,20.77,D,0
41.10532,-7.8637,348.33,0.58,0.7,2024-09-18,1220,N,VIIRS,n,2,294.8,7.62,D,0
41.10286,-7.87156,338.37,0.58,0.7,2024-09-18,1220,N,VIIRS,n,2,295.75,7.62,D,0
41.05631,-8.01961,346.95,0.59,0.7,2024-09-18,1220,N,VIIRS,n,2,295.67,9.77,D,0
41.11261,-7.86302,330.96,0.58,0.7,2024-09-18,1220,N,VIIRS,n,2,291.99,9.36,D,0
41.10971,-7.8723,350.11,0.58,0.7,2024-09-18,1220,N,VIIRS,n,2,295.73,10.48,D,0
41.06345,-8.01962,326.52,0.59,0.7,2024-09-18,1220,N,VIIRS,n,2,293.75,3.73,D,0
41.0973,-7.93455,367,0.59,0.7,2024-09-18,1220,N,VIIRS,h,2,298.03,16.41,D,0
41.04803,-8.09116,326.45,0.6,0.7,2024-09-18,1220,N,VIIRS,n,2,290.53,7.66,D,0
41.03216,-8.05149,329.42,0.6,0.7,2024-09-18,1220,N,VIIRS,n,2,289.73,7.48,D,0
41.0307,-8.056,355.89,0.6,0.7,2024-09-18,1220,N,VIIRS,n,2,292.4,7.48,D,0
40.9836,-8.20156,347.39,0.61,0.71,2024-09-18,1220,N,VIIRS,n,2,288.37,16.87,D,0
40.98174,-8.20731,347.42,0.61,0.71,2024-09-18,1220,N,VIIRS,n,2,290.93,14.53,D,0
41.0507,-8.01616,352.54,0.59,0.7,2024-09-18,1220,N,VIIRS,n,2,297.21,11.34,D,0
41.04904,-8.02133,345.92,0.59,0.7,2024-09-18,1220,N,VIIRS,n,2,296.33,13.07,D,0
41.03786,-8.05604,326.74,0.6,0.7,2024-09-18,1220,N,VIIRS,n,2,290.91,4.29,D,0
41.05793,-8.01594,367,0.59,0.7,2024-09-18,1220,N,VIIRS,h,2,297.26,11.34,D,0
41.10594,-7.86613,354.32,0.58,0.7,2024-09-18,1220,N,VIIRS,n,2,295.88,14.02,D,0
41.05643,-8.0206,336.51,0.59,0.7,2024-09-18,1220,N,VIIRS,n,2,295.21,11.34,D,0
41.11292,-7.86649,336.46,0.58,0.7,2024-09-18,1220,N,VIIRS,n,2,292.22,6.15,D,0
41.10998,-7.87569,339.47,0.58,0.7,2024-09-18,1220,N,VIIRS,n,2,295.3,6.15,D,0
41.09784,-7.9359,367,0.59,0.7,2024-09-18,1220,N,VIIRS,h,2,298.07,21.16,D,0
41.04957,-8.08651,327.24,0.6,0.7,2024-09-18,1220,N,VIIRS,n,2,289.59,10.74,D,0
41.14418,-7.99152,340.89,0.59,0.7,2024-09-18,1220,N,VIIRS,n,2,294.42,12.63,D,0
41.15115,-7.99194,367,0.59,0.7,2024-09-18,1220,N,VIIRS,h,2,297.1,12.63,D,0
41.15516,-7.97928,341.35,0.59,0.7,2024-09-18,1220,N,VIIRS,n,2,295.01,8.87,D,0
41.15318,-7.98555,337.4,0.59,0.7,2024-09-18,1220,N,VIIRS,n,2,295.45,12.63,D,0
41.18305,-7.91339,325.42,0.58,0.7,2024-09-18,1220,N,VIIRS,n,2,295.27,4.4,D,0
41.19008,-7.91353,344.47,0.58,0.7,2024-09-18,1220,N,VIIRS,n,2,297.51,4.4,D,0
41.20828,-7.87806,367,0.58,0.7,2024-09-18,1220,N,VIIRS,h,2,307.9,22.95,D,0
41.20684,-7.88266,367,0.58,0.7,2024-09-18,1220,N,VIIRS,h,2,312.46,26.87,D,0
41.20969,-7.87358,341.69,0.58,0.7,2024-09-18,1220,N,VIIRS,n,2,295.07,22.95,D,0
41.20521,-7.88783,352.54,0.58,0.7,2024-09-18,1220,N,VIIRS,n,2,300.35,26.87,D,0
41.21591,-7.87625,367,0.58,0.7,2024-09-18,1220,N,VIIRS,h,2,306.44,22.95,D,0
41.2174,-7.87151,354.66,0.58,0.7,2024-09-18,1220,N,VIIRS,n,2,298.07,28.59,D,0
41.21455,-7.88059,340.58,0.58,0.7,2024-09-18,1220,N,VIIRS,n,2,301.71,22.95,D,0
41.22229,-7.8784,326.49,0.58,0.7,2024-09-18,1220,N,VIIRS,n,2,298.96,8.87,D,0
41.23459,-7.88413,346.24,0.58,0.7,2024-09-18,1220,N,VIIRS,n,2,293.91,5.08,D,0
41.19384,-8.01436,325.4,0.59,0.7,2024-09-18,1220,N,VIIRS,n,2,291.76,6.61,D,0
41.18276,-7.91565,339.97,0.58,0.7,2024-09-18,1220,N,VIIRS,n,2,296.69,5.33,D,0
41.18938,-7.91714,331.38,0.58,0.7,2024-09-18,1220,N,VIIRS,n,2,296.19,5.33,D,0
41.20998,-7.87496,367,0.58,0.7,2024-09-18,1220,N,VIIRS,h,2,299.43,24.25,D,0
41.20856,-7.8794,367,0.58,0.7,2024-09-18,1220,N,VIIRS,h,2,310.27,40.03,D,0
41.20709,-7.884,367,0.58,0.7,2024-09-18,1220,N,VIIRS,h,2,311.77,40.03,D,0
41.20529,-7.88962,335.18,0.58,0.7,2024-09-18,1220,N,VIIRS,n,2,298.79,15.96,D,0
41.21768,-7.87299,367,0.58,0.69,2024-09-18,1220,N,VIIRS,h,2,301.08,24.25,D,0
41.21619,-7.87766,367,0.58,0.7,2024-09-18,1220,N,VIIRS,h,2,304.59,24.25,D,0
41.23463,-7.88637,344.79,0.58,0.7,2024-09-18,1220,N,VIIRS,n,2,293.35,5.69,D,0
41.23378,-7.97812,355.72,0.58,0.7,2024-09-18,1220,N,VIIRS,n,2,302.8,17.79,D,0
41.23915,-7.98357,367,0.58,0.7,2024-09-18,1220,N,VIIRS,h,2,302.65,17.79,D,0
41.23709,-7.99006,367,0.58,0.7,2024-09-18,1220,N,VIIRS,h,2,300.07,17.79,D,0
41.24244,-7.99559,335.62,0.58,0.7,2024-09-18,1220,N,VIIRS,n,2,292.63,8.88,D,0
41.39157,-7.72217,336.58,0.56,0.69,2024-09-18,1220,N,VIIRS,n,2,301.08,6.41,D,0
41.38685,-7.73733,330.55,0.56,0.69,2024-09-18,1220,N,VIIRS,n,2,299.05,6.78,D,0
41.39648,-7.72878,329.03,0.56,0.69,2024-09-18,1220,N,VIIRS,n,2,298.57,10.96,D,0
41.39196,-7.74333,329.33,0.56,0.69,2024-09-18,1220,N,VIIRS,n,2,296.93,5.44,D,0
41.41628,-7.68739,367,0.56,0.69,2024-09-18,1220,N,VIIRS,h,2,299.33,24.53,D,0
41.41259,-7.69933,367,0.56,0.69,2024-09-18,1220,N,VIIRS,h,2,301.24,16.6,D,0
41.41445,-7.69331,346.38,0.56,0.69,2024-09-18,1220,N,VIIRS,n,2,296.88,16.6,D,0
41.40131,-7.73564,343.14,0.56,0.69,2024-09-18,1220,N,VIIRS,n,2,297.15,14.82,D,0
41.39408,-7.72387,343.82,0.56,0.69,2024-09-18,1220,N,VIIRS,n,2,300.11,9.33,D,0
41.38946,-7.73847,336.09,0.56,0.69,2024-09-18,1220,N,VIIRS,n,2,300.49,4.54,D,0
41.38789,-7.74345,328.93,0.56,0.69,2024-09-18,1220,N,VIIRS,l,2,298.93,4.54,D,0
41.41285,-7.68658,325.68,0.56,0.69,2024-09-18,1220,N,VIIRS,n,2,298.62,13.84,D,0
41.39894,-7.73059,342.84,0.56,0.69,2024-09-18,1220,N,VIIRS,n,2,298.28,7.06,D,0
41.39754,-7.73502,334.58,0.56,0.69,2024-09-18,1220,N,VIIRS,n,2,301.24,7.06,D,0
41.39605,-7.73974,327.03,0.56,0.69,2024-09-18,1220,N,VIIRS,n,2,296.14,5.61,D,0
41.4187,-7.69012,367,0.56,0.69,2024-09-18,1220,N,VIIRS,h,2,297.93,13.84,D,0
41.41496,-7.70201,367,0.56,0.69,2024-09-18,1220,N,VIIRS,h,2,300.86,12.1,D,0
41.41685,-7.69599,338.9,0.56,0.69,2024-09-18,1220,N,VIIRS,n,2,296.13,13.84,D,0
41.41309,-7.70794,337.7,0.56,0.69,2024-09-18,1220,N,VIIRS,n,2,298.51,12.1,D,0
41.41924,-7.71053,367,0.56,0.69,2024-09-18,1220,N,VIIRS,h,2,306.71,91.22,D,0
41.4176,-7.71575,336.54,0.56,0.69,2024-09-18,1220,N,VIIRS,n,2,305.64,60.24,D,0
41.46866,-7.61958,367,0.55,0.68,2024-09-18,1220,N,VIIRS,h,2,298.64,13.4,D,0
41.46673,-7.62576,337.67,0.55,0.68,2024-09-18,1220,N,VIIRS,n,2,303.18,13.4,D,0
41.47277,-7.62861,345.42,0.55,0.68,2024-09-18,1220,N,VIIRS,n,2,298.63,6.99,D,0
41.32161,-8.10787,332.9,0.59,0.7,2024-09-18,1220,N,VIIRS,n,2,292.81,3.44,D,0
41.59266,-7.58675,367,0.55,0.68,2024-09-18,1220,N,VIIRS,h,2,299.2,15.84,D,0
41.59434,-7.58136,333.19,0.55,0.68,2024-09-18,1220,N,VIIRS,n,2,295.05,13,D,0
41.59329,-7.60681,348.8,0.55,0.68,2024-09-18,1220,N,VIIRS,n,2,296.64,9.7,D,0
41.51869,-7.91165,333.6,0.57,0.69,2024-09-18,1220,N,VIIRS,n,2,295.3,4.42,D,0
41.54705,-8.1405,335.14,0.58,0.7,2024-09-18,1220,N,VIIRS,n,2,296.27,5.05,D,0
41.05021,-8.0971,339.66,0.48,0.48,2024-09-18,1400,N,VIIRS,n,2,293.85,6.64,D,0
41.04976,-8.10294,338.82,0.48,0.48,2024-09-18,1400,N,VIIRS,n,2,293.9,6.64,D,0
41.10043,-7.86214,340.81,0.5,0.49,2024-09-18,1400,N,VIIRS,n,2,300.1,23.83,D,0
41.09998,-7.86787,342.01,0.5,0.49,2024-09-18,1400,N,VIIRS,n,2,301.54,17.89,D,0
41.10498,-7.86249,343.72,0.5,0.49,2024-09-18,1400,N,VIIRS,n,2,301.95,23.83,D,0
41.09936,-7.93419,350.73,0.49,0.49,2024-09-18,1400,N,VIIRS,n,2,299.76,18.53,D,0
41.73692,-7.39901,332.68,0.53,0.5,2024-09-18,1400,N,VIIRS,n,2,299.07,3.7,D,0
41.74162,-7.39935,330.2,0.53,0.5,2024-09-18,1400,N,VIIRS,n,2,299.73,6.59,D,0
40.93385,-8.1688,344.98,0.48,0.48,2024-09-18,1400,N,VIIRS,n,2,308.36,35.96,D,0
40.93869,-8.16446,367,0.48,0.48,2024-09-18,1400,N,VIIRS,h,2,295.75,35.96,D,0
40.45372,-7.99972,347.49,0.48,0.48,2024-09-18,1400,N,VIIRS,n,2,313.12,33.61,D,0
40.45816,-8.00054,334.97,0.48,0.48,2024-09-18,1400,N,VIIRS,n,2,300.05,33.61,D,0
40.4577,-8.00627,340.76,0.48,0.48,2024-09-18,1400,N,VIIRS,n,2,299.63,33.61,D,0
40.57166,-7.67353,367,0.5,0.49,2024-09-18,1400,N,VIIRS,h,2,311.48,10.48,D,0
40.57214,-7.66721,337.52,0.5,0.49,2024-09-18,1400,N,VIIRS,n,2,302.33,10.48,D,0
40.56883,-7.70997,348.24,0.5,0.49,2024-09-18,1400,N,VIIRS,n,2,308.09,10.61,D,0
40.57665,-7.66841,349.76,0.5,0.49,2024-09-18,1400,N,VIIRS,n,2,306.33,8.69,D,0
40.5743,-7.69865,335.46,0.5,0.49,2024-09-18,1400,N,VIIRS,l,2,307.93,5.93,D,0
40.58115,-7.66965,345.38,0.5,0.49,2024-09-18,1400,N,VIIRS,n,2,306.22,8.69,D,0
40.66064,-7.65668,367,0.5,0.49,2024-09-18,1400,N,VIIRS,h,2,310.06,19.45,D,0
40.66109,-7.65078,344.77,0.5,0.49,2024-09-18,1400,N,VIIRS,n,2,292.48,19.45,D,0
40.66017,-7.66284,337.87,0.5,0.49,2024-09-18,1400,N,VIIRS,n,2,298.27,11.21,D,0
40.67155,-7.57356,341.12,0.51,0.49,2024-09-18,1400,N,VIIRS,n,2,296.16,10.91,D,0
40.66566,-7.6511,333.32,0.5,0.49,2024-09-18,1400,N,VIIRS,n,2,287.37,11.74,D,0
40.66521,-7.65709,349.82,0.5,0.49,2024-09-18,1400,N,VIIRS,n,2,297.13,11.74,D,0
40.66475,-7.66312,337.13,0.5,0.49,2024-09-18,1400,N,VIIRS,n,2,295.48,8.82,D,0
40.61512,-8.34525,367,0.46,0.47,2024-09-18,1400,N,VIIRS,h,2,306.51,6.49,D,0
40.67207,-7.62764,346,0.51,0.49,2024-09-18,1400,N,VIIRS,n,2,294.58,7.47,D,0
40.67162,-7.63345,336.28,0.51,0.49,2024-09-18,1400,N,VIIRS,n,2,291.42,7.47,D,0
40.67117,-7.63944,348.98,0.51,0.49,2024-09-18,1400,N,VIIRS,n,2,296.4,13.3,D,0
40.6147,-8.35039,332.74,0.46,0.47,2024-09-18,1400,N,VIIRS,n,2,304.78,6.49,D,0
40.61427,-8.35552,346.84,0.46,0.47,2024-09-18,1400,N,VIIRS,n,2,302.84,4.66,D,0
40.61385,-8.3606,342.62,0.46,0.47,2024-09-18,1400,N,VIIRS,n,2,301.77,4.66,D,0
40.78656,-7.98148,341.11,0.49,0.48,2024-09-18,1400,N,VIIRS,n,2,305.05,59.65,D,0
40.78704,-7.97548,344.07,0.49,0.48,2024-09-18,1400,N,VIIRS,n,2,316.63,59.65,D,0
40.78752,-7.96965,347.46,0.49,0.48,2024-09-18,1400,N,VIIRS,n,2,314.12,40.17,D,0
40.61199,-8.3831,340.67,0.46,0.47,2024-09-18,1400,N,VIIRS,n,2,303.91,3.29,D,0
40.61956,-8.34527,367,0.46,0.47,2024-09-18,1400,N,VIIRS,h,2,306.72,18.79,D,0
40.78797,-7.96404,356.64,0.49,0.48,2024-09-18,1400,N,VIIRS,n,2,310.42,40.17,D,0
40.6757,-7.64041,343.57,0.51,0.49,2024-09-18,1400,N,VIIRS,n,2,292.98,18.68,D,0
40.62654,-8.3146,330.6,0.47,0.47,2024-09-18,1400,N,VIIRS,n,2,295.3,39.11,D,0
40.62608,-8.32011,355.2,0.47,0.47,2024-09-18,1400,N,VIIRS,n,2,312.26,39.11,D,0
40.62566,-8.32527,343.8,0.47,0.47,2024-09-18,1400,N,VIIRS,n,2,312.9,26.75,D,0
40.62525,-8.33026,339.08,0.47,0.47,2024-09-18,1400,N,VIIRS,n,2,300.26,26.75,D,0
40.62442,-8.34025,336.28,0.46,0.47,2024-09-18,1400,N,VIIRS,n,2,300.16,10.77,D,0
40.6231,-8.3562,335.58,0.46,0.47,2024-09-18,1400,N,VIIRS,n,2,304.49,3.49,D,0
40.63053,-8.3202,356.4,0.47,0.47,2024-09-18,1400,N,VIIRS,n,2,303.54,21.77,D,0
40.6301,-8.32538,355.89,0.47,0.47,2024-09-18,1400,N,VIIRS,n,2,306.24,15.45,D,0
40.62968,-8.33041,342.27,0.47,0.47,2024-09-18,1400,N,VIIRS,n,2,302.34,15.45,D,0
40.63544,-8.31456,340.44,0.47,0.47,2024-09-18,1400,N,VIIRS,n,2,298.01,21.77,D,0
40.63499,-8.32008,343.85,0.47,0.47,2024-09-18,1400,N,VIIRS,n,2,298.21,21.77,D,0
40.63456,-8.3253,330.23,0.47,0.47,2024-09-18,1400,N,VIIRS,n,2,299.78,15.45,D,0
40.64034,-8.30921,349.77,0.47,0.47,2024-09-18,1400,N,VIIRS,n,2,299.01,12.92,D,0
40.64521,-8.30427,340.38,0.47,0.48,2024-09-18,1400,N,VIIRS,n,2,296.29,12.92,D,0
40.64476,-8.30967,343.58,0.47,0.47,2024-09-18,1400,N,VIIRS,n,2,300.92,12.92,D,0
40.64912,-8.31072,331.7,0.47,0.47,2024-09-18,1400,N,VIIRS,n,2,297.5,6.23,D,0
40.66492,-8.59692,329.83,0.45,0.47,2024-09-18,1400,N,VIIRS,n,2,301.41,3.4,D,0
40.74139,-8.36725,332.08,0.46,0.47,2024-09-18,1400,N,VIIRS,n,2,298.53,4.47,D,0
40.77854,-7.96842,367,0.49,0.48,2024-09-18,1400,N,VIIRS,h,2,308.39,13.17,D,0
40.77996,-7.95064,333.87,0.49,0.48,2024-09-18,1400,N,VIIRS,n,2,300.96,6.9,D,0
40.77947,-7.95686,348.63,0.49,0.48,2024-09-18,1400,N,VIIRS,n,2,301.87,6.9,D,0
40.77898,-7.96296,352.21,0.49,0.48,2024-09-18,1400,N,VIIRS,n,2,305.67,13.17,D,0
40.7781,-7.97397,343.5,0.49,0.48,2024-09-18,1400,N,VIIRS,n,2,303.49,8.13,D,0
40.77668,-7.99159,355.77,0.49,0.48,2024-09-18,1400,N,VIIRS,n,2,305.49,23.64,D,0
40.77617,-7.99792,352.33,0.49,0.48,2024-09-18,1400,N,VIIRS,n,2,318.51,63.8,D,0
40.77569,-8.00389,351.65,0.49,0.48,2024-09-18,1400,N,VIIRS,n,2,321.67,63.8,D,0
40.77523,-8.00962,344.11,0.49,0.48,2024-09-18,1400,N,VIIRS,n,2,305.8,12.31,D,0
40.78303,-7.96901,367,0.49,0.48,2024-09-18,1400,N,VIIRS,h,2,308.68,40.17,D,0
40.78542,-7.93927,345.45,0.49,0.49,2024-09-18,1400,N,VIIRS,n,2,302.1,11.72,D,0
40.78493,-7.94537,347.85,0.49,0.48,2024-09-18,1400,N,VIIRS,n,2,304.36,11.72,D,0
40.78348,-7.96348,337.34,0.49,0.48,2024-09-18,1400,N,VIIRS,n,2,304.55,40.17,D,0
40.78211,-7.98047,352.1,0.49,0.48,2024-09-18,1400,N,VIIRS,n,2,310.47,59.65,D,0
40.78163,-7.9864,357.45,0.49,0.48,2024-09-18,1400,N,VIIRS,n,2,304.16,10.51,D,0
40.78113,-7.99262,345.85,0.49,0.48,2024-09-18,1400,N,VIIRS,n,2,301.95,10.51,D,0
40.78257,-7.97469,367,0.49,0.48,2024-09-18,1400,N,VIIRS,l,2,331.56,59.65,D,0
40.7894,-7.94628,367,0.49,0.48,2024-09-18,1400,N,VIIRS,h,2,306.15,11.72,D,0
40.78993,-7.9398,334.5,0.49,0.49,2024-09-18,1400,N,VIIRS,n,2,300.15,11.72,D,0
40.93032,-8.15642,348.8,0.48,0.48,2024-09-18,1400,N,VIIRS,n,2,297.07,8.21,D,0
40.92986,-8.16233,338.82,0.48,0.48,2024-09-18,1400,N,VIIRS,n,2,294.83,4.38,D,0
40.94691,-8.00232,332.31,0.49,0.48,2024-09-18,1400,N,VIIRS,n,2,283.06,7.16,D,0
40.9465,-8.00764,340,0.49,0.48,2024-09-18,1400,N,VIIRS,n,2,286.34,33.83,D,0
40.94477,-8.02981,336.56,0.49,0.48,2024-09-18,1400,N,VIIRS,n,2,293.26,8.11,D,0
40.93427,-8.16342,351.14,0.48,0.48,2024-09-18,1400,N,VIIRS,n,2,301.59,35.96,D,0
41.3071,-8.42918,329.57,0.47,0.48,2024-09-18,1400,N,VIIRS,n,2,295,4.75,D,0
41.30577,-8.43162,339.93,0.47,0.48,2024-09-18,1400,N,VIIRS,n,2,296.57,6.86,D,0
41.38568,-7.73976,344.15,0.51,0.49,2024-09-18,1400,N,VIIRS,n,2,303.89,11.21,D,0
41.39468,-7.68044,341.68,0.51,0.5,2024-09-18,1400,N,VIIRS,n,2,301.81,3.19,D,0
41.39016,-7.74159,342.76,0.51,0.49,2024-09-18,1400,N,VIIRS,n,2,302.73,6.4,D,0
40.80081,-7.91768,343.43,0.49,0.49,2024-09-18,1400,N,VIIRS,n,2,303.26,4.86,D,0
40.80033,-7.92353,330.13,0.49,0.49,2024-09-18,1400,N,VIIRS,l,2,300.17,4.86,D,0
40.79939,-7.93529,348.67,0.49,0.49,2024-09-18,1400,N,VIIRS,n,2,304.84,13.8,D,0
40.76099,-8.39814,343.44,0.46,0.47,2024-09-18,1400,N,VIIRS,n,2,304.68,19.99,D,0
40.76052,-8.40371,347.88,0.46,0.47,2024-09-18,1400,N,VIIRS,n,2,304.72,19.99,D,0
40.76488,-8.40454,367,0.46,0.47,2024-09-18,1400,N,VIIRS,h,2,305.83,12.58,D,0
40.79708,-8.01918,332.56,0.48,0.48,2024-09-18,1400,N,VIIRS,l,2,305.49,10.6,D,0
40.76534,-8.3992,337.93,0.46,0.47,2024-09-18,1400,N,VIIRS,n,2,295.02,12.58,D,0
40.80488,-7.97927,355.38,0.49,0.48,2024-09-18,1400,N,VIIRS,n,2,303.87,25.48,D,0
40.80205,-8.01386,332.03,0.49,0.48,2024-09-18,1400,N,VIIRS,n,2,304.12,10.6,D,0
40.80159,-8.01946,356.16,0.48,0.48,2024-09-18,1400,N,VIIRS,n,2,311.88,10.6,D,0
40.80065,-8.03088,340.33,0.48,0.48,2024-09-18,1400,N,VIIRS,n,2,301.13,8.68,D,0
40.80653,-8.01438,367,0.49,0.48,2024-09-18,1400,N,VIIRS,h,2,306.52,14.37,D,0
40.81837,-7.86942,336.1,0.49,0.49,2024-09-18,1400,N,VIIRS,n,2,301.59,7.09,D,0
40.81794,-7.8747,352.62,0.49,0.49,2024-09-18,1400,N,VIIRS,n,2,309.03,8.81,D,0
40.81707,-7.88555,347.74,0.49,0.49,2024-09-18,1400,N,VIIRS,n,2,306.58,6.96,D,0
40.81659,-7.89149,334.64,0.49,0.49,2024-09-18,1400,N,VIIRS,l,2,304.89,6.96,D,0
40.807,-8.00871,338.68,0.49,0.48,2024-09-18,1400,N,VIIRS,n,2,303.99,7.85,D,0
40.8061,-8.01973,341.54,0.48,0.48,2024-09-18,1400,N,VIIRS,n,2,297.77,14.37,D,0
40.82377,-7.85907,347.65,0.49,0.49,2024-09-18,1400,N,VIIRS,n,2,301.98,9.92,D,0
40.82335,-7.86434,347.79,0.49,0.49,2024-09-18,1400,N,VIIRS,n,2,304.28,7.09,D,0
40.82291,-7.8697,345.51,0.49,0.49,2024-09-18,1400,N,VIIRS,n,2,302.29,7.09,D,0
40.82248,-7.87503,349.55,0.49,0.49,2024-09-18,1400,N,VIIRS,n,2,304.97,8.81,D,0
40.82204,-7.88043,337.86,0.49,0.49,2024-09-18,1400,N,VIIRS,n,2,302.98,8.81,D,0
40.82158,-7.88619,344.37,0.49,0.49,2024-09-18,1400,N,VIIRS,n,2,303.42,6.96,D,0
40.81197,-8.0034,342.66,0.49,0.48,2024-09-18,1400,N,VIIRS,n,2,299.85,7.85,D,0
40.81149,-8.00923,336.89,0.49,0.48,2024-09-18,1400,N,VIIRS,n,2,297.11,7.85,D,0
40.82748,-7.86974,356.67,0.49,0.49,2024-09-18,1400,N,VIIRS,n,2,302.39,11.74,D,0
40.82702,-7.87537,337.53,0.49,0.49,2024-09-18,1400,N,VIIRS,n,2,298.56,6.39,D,0
40.8208,-7.95133,345.86,0.49,0.48,2024-09-18,1400,N,VIIRS,n,2,287.12,10.24,D,0
40.81786,-7.9869,335.39,0.49,0.48,2024-09-18,1400,N,VIIRS,n,2,297.65,6.98,D,0
40.81741,-7.99244,357.04,0.49,0.48,2024-09-18,1400,N,VIIRS,n,2,306.5,21.22,D,0
40.81694,-7.99805,344.13,0.49,0.48,2024-09-18,1400,N,VIIRS,n,2,296.74,21.22,D,0
40.81325,-8.0427,356.33,0.48,0.48,2024-09-18,1400,N,VIIRS,n,2,314.85,16.42,D,0
40.81279,-8.04822,343.43,0.48,0.48,2024-09-18,1400,N,VIIRS,n,2,305.78,10.97,D,0
40.83417,-7.84353,354.58,0.5,0.49,2024-09-18,1400,N,VIIRS,n,2,303.52,9.49,D,0
40.82283,-7.98174,332.83,0.49,0.48,2024-09-18,1400,N,VIIRS,n,2,285.25,6.98,D,0
40.82238,-7.98715,353.47,0.49,0.48,2024-09-18,1400,N,VIIRS,n,2,294.51,6.98,D,0
40.82001,-8.01571,334.68,0.49,0.48,2024-09-18,1400,N,VIIRS,n,2,299.9,2.52,D,0
40.81775,-8.04307,346.78,0.48,0.48,2024-09-18,1400,N,VIIRS,n,2,306.94,16.42,D,0
40.78806,-8.39292,330.22,0.46,0.47,2024-09-18,1400,N,VIIRS,n,2,302.37,4.42,D,0
40.81369,-7.88698,347.09,0.49,0.49,2024-09-18,1400,N,VIIRS,n,2,304.36,9.28,D,0
40.80653,-7.9817,342.85,0.49,0.48,2024-09-18,1400,N,VIIRS,n,2,295.94,11.81,D,0
40.80391,-8.01604,355.83,0.49,0.48,2024-09-18,1400,N,VIIRS,n,2,310.01,20.25,D,0
40.8035,-8.02151,351.42,0.49,0.48,2024-09-18,1400,N,VIIRS,n,2,303.71,20.98,D,0
40.80262,-8.03295,333.83,0.48,0.48,2024-09-18,1400,N,VIIRS,n,2,297.88,3.32,D,0
40.81944,-7.87126,348.32,0.49,0.49,2024-09-18,1400,N,VIIRS,n,2,301.91,7.81,D,0
40.81904,-7.87648,353.36,0.49,0.49,2024-09-18,1400,N,VIIRS,n,2,309.16,7.81,D,0
40.8182,-7.88762,351.72,0.49,0.49,2024-09-18,1400,N,VIIRS,n,2,303.81,9.28,D,0
40.80928,-8.00512,348.52,0.49,0.48,2024-09-18,1400,N,VIIRS,n,2,304.64,13.43,D,0
40.80883,-8.01099,351.37,0.49,0.48,2024-09-18,1400,N,VIIRS,n,2,300.8,20.25,D,0
40.80841,-8.01641,340.49,0.49,0.48,2024-09-18,1400,N,VIIRS,n,2,297.18,20.25,D,0
40.82478,-7.86077,352.67,0.49,0.49,2024-09-18,1400,N,VIIRS,n,2,304.57,9.91,D,0
40.82439,-7.86608,348.35,0.49,0.49,2024-09-18,1400,N,VIIRS,n,2,305.11,9.91,D,0
40.82397,-7.87145,352.02,0.49,0.49,2024-09-18,1400,N,VIIRS,n,2,304.77,11.64,D,0
40.82357,-7.87691,346.43,0.49,0.49,2024-09-18,1400,N,VIIRS,n,2,304.13,11.64,D,0
40.82314,-7.88255,339.91,0.49,0.49,2024-09-18,1400,N,VIIRS,n,2,302.22,6.33,D,0
40.81464,-7.99422,346.12,0.49,0.48,2024-09-18,1400,N,VIIRS,n,2,300.48,21.5,D,0
40.81421,-7.99983,341.95,0.49,0.48,2024-09-18,1400,N,VIIRS,n,2,298.1,10.43,D,0
40.81077,-8.04449,340.08,0.48,0.48,2024-09-18,1400,N,VIIRS,n,2,306.87,9.71,D,0
40.81958,-7.98891,367,0.49,0.48,2024-09-18,1400,N,VIIRS,h,2,299.39,21.5,D,0
40.82,-7.98341,343.44,0.49,0.48,2024-09-18,1400,N,VIIRS,n,2,291.79,13.34,D,0
40.81915,-7.99446,353.88,0.49,0.48,2024-09-18,1400,N,VIIRS,n,2,299.1,21.5,D,0
40.81569,-8.0394,341.68,0.48,0.48,2024-09-18,1400,N,VIIRS,n,2,304.56,15.15,D,0
40.81527,-8.04477,355.36,0.48,0.48,2024-09-18,1400,N,VIIRS,n,2,309.38,9.71,D,0
40.81483,-8.05051,339.3,0.48,0.48,2024-09-18,1400,N,VIIRS,n,2,300.52,9.71,D,0
40.83557,-7.83899,335.24,0.5,0.49,2024-09-18,1400,N,VIIRS,n,2,299.19,7.21,D,0
40.83506,-7.8456,348.17,0.5,0.49,2024-09-18,1400,N,VIIRS,n,2,302.77,7.21,D,0
40.82188,-8.01796,330.17,0.49,0.48,2024-09-18,1400,N,VIIRS,n,2,299.54,5.29,D,0
40.79247,-8.39052,332.35,0.46,0.47,2024-09-18,1400,N,VIIRS,n,2,298.24,7.49,D,0
40.83615,-8.06686,340.67,0.48,0.48,2024-09-18,1400,N,VIIRS,n,2,303.58,10.29,D,0
40.84827,-7.96996,335.96,0.49,0.48,2024-09-18,1400,N,VIIRS,n,2,296.46,7.75,D,0
40.84784,-7.97548,345.57,0.49,0.48,2024-09-18,1400,N,VIIRS,n,2,300.18,7.75,D,0
40.84013,-8.07365,355.56,0.48,0.48,2024-09-18,1400,N,VIIRS,n,2,306.08,15.42,D,0
40.83899,-8.08815,345.72,0.48,0.48,2024-09-18,1400,N,VIIRS,n,2,305.63,11.22,D,0
40.83794,-8.10139,342.93,0.48,0.48,2024-09-18,1400,N,VIIRS,n,2,308.41,5.42,D,0
40.8137,-8.40236,340.52,0.46,0.47,2024-09-18,1400,N,VIIRS,n,2,295,4.48,D,0
40.84604,-8.05603,350.44,0.48,0.48,2024-09-18,1400,N,VIIRS,n,2,303.25,14.98,D,0
40.84552,-8.06267,345.52,0.48,0.48,2024-09-18,1400,N,VIIRS,n,2,305.72,9.59,D,0
40.84992,-8.0641,334.7,0.48,0.48,2024-09-18,1400,N,VIIRS,n,2,303.16,9.59,D,0
40.84793,-8.0891,330.65,0.48,0.48,2024-09-18,1400,N,VIIRS,n,2,300.63,14.66,D,0
40.84735,-8.0963,346.23,0.48,0.48,2024-09-18,1400,N,VIIRS,n,2,312.01,14.66,D,0
40.84686,-8.10257,350.62,0.48,0.48,2024-09-18,1400,N,VIIRS,n,2,313.31,15.95,D,0
40.84604,-8.11292,347.12,0.48,0.48,2024-09-18,1400,N,VIIRS,n,2,308.13,11.45,D,0
40.86454,-7.93623,340.29,0.49,0.49,2024-09-18,1400,N,VIIRS,n,2,298.29,5.14,D,0
40.86403,-7.94279,330.74,0.49,0.49,2024-09-18,1400,N,VIIRS,n,2,297.48,5.14,D,0
40.85178,-8.09734,347.68,0.48,0.48,2024-09-18,1400,N,VIIRS,n,2,307.16,51.65,D,0
40.85128,-8.10361,348.61,0.48,0.48,2024-09-18,1400,N,VIIRS,n,2,312.86,105.33,D,0
40.85085,-8.10897,338.69,0.48,0.48,2024-09-18,1400,N,VIIRS,n,2,311.27,105.33,D,0
40.85003,-8.11925,344.51,0.48,0.48,2024-09-18,1400,N,VIIRS,n,2,307.57,11.33,D,0
40.85572,-8.10452,367,0.48,0.48,2024-09-18,1400,N,VIIRS,h,2,347.03,105.33,D,0
40.85529,-8.10985,367,0.48,0.48,2024-09-18,1400,N,VIIRS,h,2,352.13,105.33,D,0
40.86902,-7.93711,341.01,0.49,0.49,2024-09-18,1400,N,VIIRS,n,2,299.23,5.14,D,0
40.85775,-8.07921,342.21,0.48,0.48,2024-09-18,1400,N,VIIRS,n,2,307.32,7.06,D,0
40.85725,-8.08536,340.04,0.48,0.48,2024-09-18,1400,N,VIIRS,n,2,303.03,7.06,D,0
40.85488,-8.11495,352.37,0.48,0.48,2024-09-18,1400,N,VIIRS,n,2,314.68,11.33,D,0
40.85447,-8.12006,337.83,0.48,0.48,2024-09-18,1400,N,VIIRS,l,2,309.22,11.33,D,0
40.85408,-8.12489,340.61,0.48,0.48,2024-09-18,1400,N,VIIRS,n,2,303.3,6.12,D,0
40.86163,-8.08698,345.31,0.48,0.48,2024-09-18,1400,N,VIIRS,n,2,305.39,19.12,D,0
40.86112,-8.09332,342.35,0.48,0.48,2024-09-18,1400,N,VIIRS,n,2,305.92,12.75,D,0
40.86065,-8.09924,341.66,0.48,0.48,2024-09-18,1400,N,VIIRS,n,2,301.56,12.75,D,0
40.85897,-8.12015,347.35,0.48,0.48,2024-09-18,1400,N,VIIRS,n,2,321.73,83.99,D,0
40.8602,-8.10483,367,0.48,0.48,2024-09-18,1400,N,VIIRS,l,2,327.33,326.81,D,0
40.85978,-8.11004,367,0.48,0.48,2024-09-18,1400,N,VIIRS,l,2,360.99,326.81,D,0
40.85938,-8.11512,367,0.48,0.48,2024-09-18,1400,N,VIIRS,l,2,332.63,83.99,D,0
40.87849,-7.93247,341.33,0.49,0.49,2024-09-18,1400,N,VIIRS,n,2,297.28,6.99,D,0
40.88058,-7.96334,332.36,0.49,0.49,2024-09-18,1400,N,VIIRS,n,2,298.05,70.87,D,0
40.88008,-7.96955,355.3,0.49,0.48,2024-09-18,1400,N,VIIRS,n,2,307.03,70.87,D,0
40.86918,-8.10532,344.94,0.48,0.48,2024-09-18,1400,N,VIIRS,n,2,299.3,26.02,D,0
40.86871,-8.11102,330.73,0.48,0.48,2024-09-18,1400,N,VIIRS,l,2,303.41,26.02,D,0
40.88698,-7.94008,367,0.49,0.49,2024-09-18,1400,N,VIIRS,h,2,308.47,34.17,D,0
40.88508,-7.96389,367,0.49,0.49,2024-09-18,1400,N,VIIRS,h,2,299.39,70.87,D,0
40.8875,-7.93359,340.52,0.49,0.49,2024-09-18,1400,N,VIIRS,n,2,295.27,11.83,D,0
40.88651,-7.94603,356.89,0.49,0.49,2024-09-18,1400,N,VIIRS,n,2,309.98,34.17,D,0
40.88605,-7.95167,342.66,0.49,0.49,2024-09-18,1400,N,VIIRS,n,2,297.53,10.3,D,0
40.88055,-8.02053,341.7,0.49,0.48,2024-09-18,1400,N,VIIRS,n,2,295.69,9.4,D,0
40.88001,-8.02713,355.5,0.49,0.48,2024-09-18,1400,N,VIIRS,n,2,300.26,9.4,D,0
40.8789,-8.04085,346.91,0.48,0.48,2024-09-18,1400,N,VIIRS,n,2,296.45,15.4,D,0
40.87838,-8.04738,345.09,0.48,0.48,2024-09-18,1400,N,VIIRS,n,2,299.39,6.5,D,0
40.88456,-7.9704,367,0.49,0.48,2024-09-18,1400,N,VIIRS,l,2,328.94,70.87,D,0
40.88443,-8.02847,367,0.49,0.48,2024-09-18,1400,N,VIIRS,h,2,306.07,35.07,D,0
40.89154,-7.94001,342.2,0.49,0.49,2024-09-18,1400,N,VIIRS,n,2,293.38,32.05,D,0
40.89106,-7.94604,356.17,0.49,0.49,2024-09-18,1400,N,VIIRS,n,2,295.74,32.05,D,0
40.88904,-7.97117,349.34,0.49,0.48,2024-09-18,1400,N,VIIRS,n,2,303.37,49.48,D,0
40.88637,-8.00437,334.75,0.49,0.48,2024-09-18,1400,N,VIIRS,n,2,294.46,61.87,D,0
40.88589,-8.01031,351.8,0.49,0.48,2024-09-18,1400,N,VIIRS,n,2,299.24,104.59,D,0
40.88544,-8.01591,356.3,0.49,0.48,2024-09-18,1400,N,VIIRS,n,2,307.66,104.59,D,0
40.88498,-8.02173,356.36,0.49,0.48,2024-09-18,1400,N,VIIRS,n,2,304.94,35.07,D,0
40.88388,-8.03528,339.78,0.49,0.48,2024-09-18,1400,N,VIIRS,n,2,297.25,38.73,D,0
40.88331,-8.0422,351.55,0.48,0.48,2024-09-18,1400,N,VIIRS,n,2,304.42,38.73,D,0
40.87459,-8.1496,330.58,0.48,0.48,2024-09-18,1400,N,VIIRS,l,2,301.29,6.32,D,0
40.89266,-7.98256,367,0.49,0.48,2024-09-18,1400,N,VIIRS,h,2,336.33,291.36,D,0
40.89143,-7.99796,367,0.49,0.48,2024-09-18,1400,N,VIIRS,h,2,306.05,61.87,D,0
40.88944,-8.0225,367,0.49,0.48,2024-09-18,1400,N,VIIRS,h,2,295.66,35.07,D,0
40.89354,-7.97173,343.95,0.49,0.48,2024-09-18,1400,N,VIIRS,n,2,292.45,49.48,D,0
40.89227,-7.98746,342.43,0.49,0.48,2024-09-18,1400,N,VIIRS,n,2,298,16.43,D,0
40.89188,-7.99239,336.62,0.49,0.48,2024-09-18,1400,N,VIIRS,n,2,292.89,16.43,D,0
40.88888,-8.02943,355.52,0.49,0.48,2024-09-18,1400,N,VIIRS,n,2,309.71,35.07,D,0
40.88833,-8.03619,341.61,0.49,0.48,2024-09-18,1400,N,VIIRS,n,2,304.47,38.73,D,0
40.87985,-8.14026,331.47,0.48,0.48,2024-09-18,1400,N,VIIRS,l,2,302.42,7.15,D,0
40.87904,-8.15029,350.99,0.48,0.48,2024-09-18,1400,N,VIIRS,n,2,305.65,6.32,D,0
40.8972,-7.98261,367,0.49,0.48,2024-09-18,1400,N,VIIRS,h,2,292.14,24.09,D,0
40.89539,-8.005,367,0.49,0.48,2024-09-18,1400,N,VIIRS,h,2,354.71,175.58,D,0
40.88309,-8.15574,367,0.48,0.48,2024-09-18,1400,N,VIIRS,h,2,304.58,14.82,D,0
40.89641,-7.99242,333.94,0.49,0.48,2024-09-18,1400,N,VIIRS,n,2,291.93,19.3,D,0
40.89595,-7.99821,352.1,0.49,0.48,2024-09-18,1400,N,VIIRS,n,2,307.13,175.58,D,0
40.89489,-8.01117,367,0.49,0.48,2024-09-18,1400,N,VIIRS,l,2,381.61,287.55,D,0
40.90049,-7.99821,352.98,0.49,0.48,2024-09-18,1400,N,VIIRS,n,2,293.35,175.58,D,0
40.89995,-8.00478,346.34,0.49,0.48,2024-09-18,1400,N,VIIRS,n,2,304.89,175.58,D,0
40.89896,-8.01693,352.52,0.49,0.48,2024-09-18,1400,N,VIIRS,n,2,295.51,287.55,D,0
40.89846,-8.02303,355.92,0.49,0.48,2024-09-18,1400,N,VIIRS,n,2,298.61,17.35,D,0
40.89794,-8.02943,335.73,0.49,0.48,2024-09-18,1400,N,VIIRS,n,2,294.62,17.35,D,0
40.89945,-8.01094,208,0.49,0.48,2024-09-18,1400,N,VIIRS,l,2,309.09,287.55,D,0
40.9045,-8.00464,333.63,0.49,0.48,2024-09-18,1400,N,VIIRS,n,2,290.22,13.27,D,0
40.90401,-8.01057,338.53,0.49,0.48,2024-09-18,1400,N,VIIRS,n,2,292.43,47.33,D,0
40.90352,-8.01667,352.74,0.49,0.48,2024-09-18,1400,N,VIIRS,n,2,302.22,47.33,D,0
40.91129,-8.14147,340.82,0.48,0.48,2024-09-18,1400,N,VIIRS,n,2,298.12,13.01,D,0
40.91085,-8.14679,337.88,0.48,0.48,2024-09-18,1400,N,VIIRS,n,2,297.84,13.01,D,0
40.90843,-8.17564,340.56,0.48,0.48,2024-09-18,1400,N,VIIRS,n,2,297.27,10.87,D,0
40.91064,-8.00198,331.29,0.49,0.48,2024-09-18,1400,N,VIIRS,n,2,280.49,8.93,D,0
40.91331,-8.14378,352.22,0.48,0.48,2024-09-18,1400,N,VIIRS,n,2,298.89,22.1,D,0
40.91063,-8.17808,348.54,0.48,0.48,2024-09-18,1400,N,VIIRS,n,2,299.03,10.22,D,0
40.92319,-8.13256,341.44,0.48,0.48,2024-09-18,1400,N,VIIRS,n,2,294.24,4.25,D,0
40.91956,-8.17889,341.99,0.48,0.48,2024-09-18,1400,N,VIIRS,n,2,298.61,9.28,D,0
40.94244,-8.00142,353.33,0.49,0.48,2024-09-18,1400,N,VIIRS,n,2,292.2,26.81,D,0
41.10917,-7.86747,351.25,0.5,0.49,2024-09-18,1400,N,VIIRS,n,2,301.54,9.1,D,0
41.10392,-7.93424,342.59,0.49,0.49,2024-09-18,1400,N,VIIRS,n,2,293.17,8.44,D,0
41.1138,-7.86694,339.99,0.5,0.49,2024-09-18,1400,N,VIIRS,n,2,297.15,9.1,D,0
41.11341,-7.87181,343.77,0.5,0.49,2024-09-18,1400,N,VIIRS,n,2,297.67,9.1,D,0
41.07567,-8.4451,341.08,0.46,0.47,2024-09-18,1400,N,VIIRS,n,2,299.22,9.08,D,0
41.13877,-8.08498,341.25,0.49,0.48,2024-09-18,1400,N,VIIRS,n,2,298.82,13.17,D,0
41.1508,-7.98737,355.53,0.49,0.49,2024-09-18,1400,N,VIIRS,n,2,299.87,16.83,D,0
41.1562,-7.97629,341.06,0.49,0.49,2024-09-18,1400,N,VIIRS,n,2,300.02,15.61,D,0
41.15572,-7.98252,355.66,0.49,0.49,2024-09-18,1400,N,VIIRS,n,2,299.63,15.61,D,0
41.16116,-7.97102,339.58,0.49,0.49,2024-09-18,1400,N,VIIRS,n,2,298.7,4.61,D,0
41.15134,-8.09797,346.54,0.48,0.48,2024-09-18,1400,N,VIIRS,n,2,295.89,9.18,D,0
41.16565,-7.97177,330.61,0.49,0.49,2024-09-18,1400,N,VIIRS,n,2,294.59,4.61,D,0
41.15425,-8.28872,340.23,0.47,0.48,2024-09-18,1400,N,VIIRS,n,2,295.55,9.74,D,0
41.18885,-7.90765,367,0.5,0.49,2024-09-18,1400,N,VIIRS,h,2,303.28,14.61,D,0
41.18841,-7.91342,367,0.5,0.49,2024-09-18,1400,N,VIIRS,h,2,307.1,14.61,D,0
41.18803,-7.91839,342.02,0.5,0.49,2024-09-18,1400,N,VIIRS,n,2,301.52,11.74,D,0
41.18105,-8.00787,330.21,0.49,0.49,2024-09-18,1400,N,VIIRS,n,2,295.41,6.73,D,0
41.15866,-8.28956,342.54,0.47,0.48,2024-09-18,1400,N,VIIRS,n,2,293.72,9.74,D,0
41.20503,-7.876,341.55,0.5,0.49,2024-09-18,1400,N,VIIRS,n,2,301.13,23.35,D,0
41.20443,-7.88362,350.71,0.5,0.49,2024-09-18,1400,N,VIIRS,n,2,305.06,23.35,D,0
41.20956,-7.87667,353.77,0.5,0.49,2024-09-18,1400,N,VIIRS,n,2,306.81,23.35,D,0
41.2141,-7.87718,356.93,0.5,0.49,2024-09-18,1400,N,VIIRS,n,2,305.29,11.43,D,0
41.21864,-7.87764,332.34,0.5,0.49,2024-09-18,1400,N,VIIRS,n,2,302.48,11.43,D,0
41.21669,-7.90233,342.17,0.5,0.49,2024-09-18,1400,N,VIIRS,n,2,305.37,22.11,D,0
41.2231,-7.87917,342.97,0.5,0.49,2024-09-18,1400,N,VIIRS,n,2,302.95,7.21,D,0
41.2286,-7.86751,339.35,0.5,0.49,2024-09-18,1400,N,VIIRS,n,2,297.5,6.85,D,0
41.22801,-7.87492,341.29,0.5,0.49,2024-09-18,1400,N,VIIRS,n,2,304.6,6.85,D,0
41.23241,-7.87713,347.25,0.5,0.49,2024-09-18,1400,N,VIIRS,n,2,304.17,10.7,D,0
41.23683,-7.87899,340.65,0.5,0.49,2024-09-18,1400,N,VIIRS,n,2,301.17,10.7,D,0
41.23639,-7.8846,356.43,0.5,0.49,2024-09-18,1400,N,VIIRS,n,2,309.23,31.96,D,0
41.23791,-7.97995,340.46,0.49,0.49,2024-09-18,1400,N,VIIRS,n,2,299.87,16.06,D,0
41.23742,-7.98596,342.34,0.49,0.49,2024-09-18,1400,N,VIIRS,n,2,302.82,12.56,D,0
41.24205,-7.98516,367,0.49,0.49,2024-09-18,1400,N,VIIRS,h,2,299.23,19.53,D,0
41.24155,-7.99125,344.56,0.49,0.49,2024-09-18,1400,N,VIIRS,n,2,302.03,19.53,D,0
41.23713,-7.88643,367,0.5,0.49,2024-09-18,1400,N,VIIRS,h,2,302,14.7,D,0
41.23753,-7.88106,343.15,0.5,0.49,2024-09-18,1400,N,VIIRS,n,2,302.55,14.7,D,0
41.23502,-7.97607,340.56,0.49,0.49,2024-09-18,1400,N,VIIRS,n,2,300.38,6.41,D,0
41.3964,-7.71981,332.21,0.51,0.49,2024-09-18,1400,N,VIIRS,n,2,300.74,6.66,D,0
41.23915,-7.9817,343.03,0.49,0.49,2024-09-18,1400,N,VIIRS,n,2,296.76,19.81,D,0
41.23871,-7.9876,348.24,0.49,0.49,2024-09-18,1400,N,VIIRS,n,2,306.02,19.81,D,0
41.24332,-7.98686,345.28,0.49,0.49,2024-09-18,1400,N,VIIRS,n,2,297.09,19.81,D,0
41.24285,-7.99305,338.97,0.49,0.49,2024-09-18,1400,N,VIIRS,n,2,294.79,10.46,D,0
41.33967,-7.56336,343.19,0.52,0.5,2024-09-18,1400,N,VIIRS,n,2,309.18,16.36,D,0
41.33923,-7.56922,338.21,0.52,0.5,2024-09-18,1400,N,VIIRS,n,2,308.45,16.36,D,0
41.34427,-7.56413,335.94,0.52,0.5,2024-09-18,1400,N,VIIRS,n,2,300.33,6.87,D,0
41.34383,-7.57007,338.35,0.52,0.5,2024-09-18,1400,N,VIIRS,n,2,298.45,6.87,D,0
40.80173,-7.90626,347.92,0.49,0.49,2024-09-18,1400,N,VIIRS,n,2,305.24,11.51,D,0
41.4004,-7.72816,342.93,0.51,0.49,2024-09-18,1400,N,VIIRS,n,2,301.01,4.92,D,0
41.4121,-7.69539,341.85,0.51,0.49,2024-09-18,1400,N,VIIRS,n,2,304.62,5.24,D,0
41.41163,-7.7017,331.61,0.51,0.49,2024-09-18,1400,N,VIIRS,l,2,304.38,5.24,D,0
41.41719,-7.68933,342.61,0.51,0.49,2024-09-18,1400,N,VIIRS,n,2,302.54,4.92,D,0
41.4167,-7.69578,330.13,0.51,0.49,2024-09-18,1400,N,VIIRS,l,2,301.84,5.24,D,0
41.41521,-7.71566,336.23,0.51,0.49,2024-09-18,1400,N,VIIRS,n,2,305.88,5.21,D,0
41.42031,-7.70946,354.11,0.51,0.49,2024-09-18,1400,N,VIIRS,n,2,308.68,50.78,D,0
41.41976,-7.71668,350.54,0.51,0.49,2024-09-18,1400,N,VIIRS,n,2,311.96,50.78,D,0
41.42488,-7.71013,346.59,0.51,0.49,2024-09-18,1400,N,VIIRS,n,2,303.59,50.78,D,0
41.42373,-7.72542,343.16,0.51,0.49,2024-09-18,1400,N,VIIRS,n,2,304.7,13.01,D,0
41.42889,-7.71834,311.26,0.51,0.49,2024-09-18,1400,N,VIIRS,l,2,323.63,178.39,D,0
41.5154,-7.91433,341.04,0.5,0.49,2024-09-18,1400,N,VIIRS,n,2,301.77,14.83,D,0
41.52487,-7.91045,339.16,0.5,0.49,2024-09-18,1400,N,VIIRS,n,2,299.59,6.54,D,0
41.52442,-7.91633,332.44,0.5,0.49,2024-09-18,1400,N,VIIRS,n,2,298.48,6.54,D,0
41.58094,-7.60214,348.44,0.52,0.5,2024-09-18,1400,N,VIIRS,n,2,302.9,16.29,D,0
41.58044,-7.60863,350.9,0.52,0.5,2024-09-18,1400,N,VIIRS,n,2,303.35,9.97,D,0
41.57999,-7.61456,341.38,0.52,0.5,2024-09-18,1400,N,VIIRS,n,2,299.93,9.97,D,0
41.59173,-7.58319,356.16,0.52,0.5,2024-09-18,1400,N,VIIRS,n,2,304.93,39.83,D,0
41.54798,-8.13632,356.34,0.49,0.48,2024-09-18,1400,N,VIIRS,n,2,304.86,23.03,D,0
40.7557,-8.40816,354.01,0.46,0.47,2024-09-18,1400,N,VIIRS,n,2,300.03,15.02,D,0
40.75618,-8.40252,342.54,0.46,0.47,2024-09-18,1400,N,VIIRS,n,2,300.52,19.99,D,0
40.78864,-8.01172,330.5,0.49,0.48,2024-09-18,1400,N,VIIRS,l,2,304.72,7.11,D,0
40.79246,-7.96466,337.37,0.49,0.48,2024-09-18,1400,N,VIIRS,n,2,300.2,5.44,D,0
40.7944,-7.94067,332.67,0.49,0.49,2024-09-18,1400,N,VIIRS,n,2,301.36,3.94,D,0
40.75135,-8.40725,354.89,0.46,0.47,2024-09-18,1400,N,VIIRS,n,2,300.57,8.81,D,0
40.75183,-8.40144,330.03,0.46,0.47,2024-09-18,1400,N,VIIRS,n,2,296.35,4.66,D,0
40.78459,-8.00573,332.28,0.49,0.48,2024-09-18,1400,N,VIIRS,l,2,306.98,12.09,D,0
41.59477,-7.60421,367,0.52,0.5,2024-09-18,1400,N,VIIRS,h,2,333.53,271.87,D,0
41.59581,-7.59076,349.24,0.52,0.5,2024-09-18,1400,N,VIIRS,n,2,312.8,39.83,D,0
41.55253,-8.13618,356.2,0.49,0.48,2024-09-18,1400,N,VIIRS,n,2,299.3,23.03,D,0
41.57907,-7.60424,356.31,0.52,0.5,2024-09-18,1400,N,VIIRS,n,2,306.76,12.4,D,0
41.57862,-7.61058,343.43,0.52,0.5,2024-09-18,1400,N,VIIRS,n,2,302.38,12.4,D,0
41.57783,-7.6219,342.76,0.52,0.5,2024-09-18,1400,N,VIIRS,n,2,301.66,5.73,D,0
41.54966,-8.13291,339.56,0.49,0.48,2024-09-18,1400,N,VIIRS,n,2,297.94,19.85,D,0
41.54922,-8.13872,335.98,0.49,0.48,2024-09-18,1400,N,VIIRS,n,2,305.05,19.85,D,0
41.59485,-7.57896,340.59,0.52,0.5,2024-09-18,1400,N,VIIRS,n,2,299.74,12.1,D,0
41.59437,-7.58575,346.78,0.52,0.5,2024-09-18,1400,N,VIIRS,n,2,300.7,12.1,D,0
41.59386,-7.59298,357.08,0.52,0.5,2024-09-18,1400,N,VIIRS,n,2,311.79,63.21,D,0
41.59338,-7.59979,350.95,0.52,0.5,2024-09-18,1400,N,VIIRS,n,2,322.74,63.21,D,0
41.55377,-8.13851,340.11,0.49,0.48,2024-09-18,1400,N,VIIRS,n,2,294.69,8.15,D,0
41.59848,-7.59365,348.56,0.52,0.5,2024-09-18,1400,N,VIIRS,n,2,302.78,63.21,D,0
41.598,-7.60043,350.25,0.52,0.5,2024-09-18,1400,N,VIIRS,n,2,300.98,63.21,D,0
41.59755,-7.60668,299.71,0.52,0.5,2024-09-18,1400,N,VIIRS,l,2,300.46,103.49,D,0
41.61599,-8.26791,341.32,0.48,0.48,2024-09-18,1400,N,VIIRS,n,2,302.57,7.6,D,0
40.95051,-8.01434,349.74,0.49,0.48,2024-09-18,1400,N,VIIRS,n,2,299.01,33.83,D,0
40.95007,-8.02001,347.35,0.49,0.48,2024-09-18,1400,N,VIIRS,n,2,297.73,27.58,D,0
40.94915,-8.03174,336.45,0.49,0.48,2024-09-18,1400,N,VIIRS,n,2,293.81,8.11,D,0
40.9487,-8.03747,342.38,0.49,0.48,2024-09-18,1400,N,VIIRS,n,2,293.57,8.11,D,0
40.95307,-8.03948,367,0.49,0.48,2024-09-18,1400,N,VIIRS,h,2,311.5,35.56,D,0
40.95494,-8.01567,335.25,0.49,0.48,2024-09-18,1400,N,VIIRS,n,2,287.34,24.68,D,0
40.95449,-8.02141,351.84,0.49,0.48,2024-09-18,1400,N,VIIRS,n,2,306.02,34.68,D,0
40.954,-8.02765,347.98,0.49,0.48,2024-09-18,1400,N,VIIRS,n,2,297.05,34.68,D,0
40.95351,-8.03381,342.22,0.49,0.48,2024-09-18,1400,N,VIIRS,n,2,298.18,35.56,D,0
40.95152,-8.05927,338.95,0.48,0.48,2024-09-18,1400,N,VIIRS,n,2,292.69,8.1,D,0
40.95112,-8.06428,333.14,0.48,0.48,2024-09-18,1400,N,VIIRS,n,2,294.91,9.42,D,0
40.95479,-8.07512,367,0.48,0.48,2024-09-18,1400,N,VIIRS,h,2,297.53,27.71,D,0
40.95887,-8.02322,355.37,0.49,0.48,2024-09-18,1400,N,VIIRS,n,2,292.02,34.68,D,0
40.95839,-8.02946,354.65,0.49,0.48,2024-09-18,1400,N,VIIRS,n,2,296.51,34.68,D,0
40.9579,-8.03556,348.15,0.49,0.48,2024-09-18,1400,N,VIIRS,n,2,296.71,35.56,D,0
40.95747,-8.04099,348.66,0.49,0.48,2024-09-18,1400,N,VIIRS,n,2,308.49,35.56,D,0
40.9544,-8.08001,353.23,0.48,0.48,2024-09-18,1400,N,VIIRS,n,2,302.31,27.71,D,0
40.96231,-8.03711,367,0.49,0.48,2024-09-18,1400,N,VIIRS,h,2,294.92,20.54,D,0
40.96191,-8.04226,345.8,0.49,0.48,2024-09-18,1400,N,VIIRS,n,2,290.34,20.54,D,0
40.96004,-8.06582,339.38,0.48,0.48,2024-09-18,1400,N,VIIRS,n,2,292.31,5.16,D,0
40.95023,-8.1889,346,0.48,0.48,2024-09-18,1400,N,VIIRS,n,2,296.51,14.93,D,0
40.94974,-8.19498,342.37,0.48,0.48,2024-09-18,1400,N,VIIRS,n,2,299.49,14.93,D,0
40.95414,-8.19618,341.18,0.48,0.48,2024-09-18,1400,N,VIIRS,n,2,292.7,14.93,D,0
40.97408,-8.00292,339.48,0.49,0.48,2024-09-18,1400,N,VIIRS,n,2,293.26,13.56,D,0
40.97367,-8.00814,344.63,0.49,0.48,2024-09-18,1400,N,VIIRS,n,2,292.39,13.56,D,0
40.96619,-8.10211,340.06,0.48,0.48,2024-09-18,1400,N,VIIRS,n,2,293.74,19.82,D,0
40.96354,-8.13519,342.24,0.48,0.48,2024-09-18,1400,N,VIIRS,n,2,299.84,7.14,D,0
40.95811,-8.20254,354.23,0.48,0.48,2024-09-18,1400,N,VIIRS,n,2,298.23,25.26,D,0
40.97054,-8.10411,346.03,0.48,0.48,2024-09-18,1400,N,VIIRS,n,2,298.95,19.82,D,0
40.97496,-8.10526,343.13,0.48,0.48,2024-09-18,1400,N,VIIRS,n,2,299.01,81.07,D,0
40.97287,-8.1313,331.5,0.48,0.48,2024-09-18,1400,N,VIIRS,n,2,292.42,9.05,D,0
40.97246,-8.1364,353.7,0.48,0.48,2024-09-18,1400,N,VIIRS,n,2,296.04,17.94,D,0
40.97203,-8.14165,336.51,0.48,0.48,2024-09-18,1400,N,VIIRS,n,2,298.86,17.94,D,0
40.9685,-8.18527,335.11,0.48,0.48,2024-09-18,1400,N,VIIRS,n,2,292.84,7.89,D,0
40.96803,-8.19118,330.95,0.48,0.48,2024-09-18,1400,N,VIIRS,n,2,292.74,7.28,D,0
40.97903,-8.11086,336.63,0.48,0.48,2024-09-18,1400,N,VIIRS,n,2,291.2,81.07,D,0
40.97822,-8.12086,354.14,0.48,0.48,2024-09-18,1400,N,VIIRS,n,2,300.48,22.88,D,0
40.97738,-8.13134,350.62,0.48,0.48,2024-09-18,1400,N,VIIRS,n,2,297.6,9.05,D,0
40.97651,-8.14207,343.66,0.48,0.48,2024-09-18,1400,N,VIIRS,n,2,296.38,17.94,D,0
40.97299,-8.18535,353.65,0.48,0.48,2024-09-18,1400,N,VIIRS,n,2,293.06,7.89,D,0
40.98227,-8.12665,367,0.48,0.48,2024-09-18,1400,N,VIIRS,h,2,306.3,31.65,D,0
40.9805,-8.14834,367,0.48,0.48,2024-09-18,1400,N,VIIRS,h,2,299.79,31.51,D,0
40.98268,-8.12145,346.46,0.48,0.48,2024-09-18,1400,N,VIIRS,n,2,297.7,21.16,D,0
40.98185,-8.13178,351.67,0.48,0.48,2024-09-18,1400,N,VIIRS,n,2,306.11,31.65,D,0
40.98098,-8.14243,355.64,0.48,0.48,2024-09-18,1400,N,VIIRS,n,2,293.46,19.21,D,0
40.98002,-8.15428,346.94,0.48,0.48,2024-09-18,1400,N,VIIRS,n,2,300.68,31.51,D,0
40.98671,-8.12748,355.66,0.48,0.48,2024-09-18,1400,N,VIIRS,n,2,291.08,31.65,D,0
40.98101,-8.19733,356.01,0.48,0.48,2024-09-18,1400,N,VIIRS,n,2,296.57,19.86,D,0
40.98049,-8.20362,335.02,0.48,0.48,2024-09-18,1400,N,VIIRS,n,2,293.9,5.4,D,0
40.98546,-8.19786,345.77,0.48,0.48,2024-09-18,1400,N,VIIRS,n,2,290.99,9.03,D,0
41.03741,-7.89426,341.92,0.5,0.49,2024-09-18,1400,N,VIIRS,n,2,300.07,9.17,D,0
41.03526,-8.05668,336.44,0.49,0.48,2024-09-18,1400,N,VIIRS,n,2,291.29,4.04,D,0
41.04263,-8.01991,349.05,0.49,0.48,2024-09-18,1400,N,VIIRS,n,2,299.52,61.34,D,0
41.05223,-8.01308,338.47,0.49,0.48,2024-09-18,1400,N,VIIRS,n,2,292.4,11.65,D,0
41.04666,-8.08478,351.37,0.48,0.48,2024-09-18,1400,N,VIIRS,n,2,302.37,43.61,D,0
40.63063,-8.31776,320.34,0.41,0.37,2024-09-19,0218,N,VIIRS,n,2,287.88,5.98,N,0
41.77721,-7.32955,298.38,0.4,0.37,2024-09-19,0218,N,VIIRS,n,2,285.4,0.52,N,0
41.76152,-8.39258,345.52,0.42,0.38,2024-09-19,0218,N,VIIRS,n,2,287.95,15.12,N,0
41.76086,-8.38756,324.22,0.42,0.38,2024-09-19,0218,N,VIIRS,n,2,284.92,8.14,N,0
41.75809,-8.39353,338.46,0.42,0.38,2024-09-19,0218,N,VIIRS,n,2,293.47,15.12,N,0
41.75743,-8.3885,351.84,0.42,0.38,2024-09-19,0218,N,VIIRS,n,2,292.27,8.14,N,0
41.75678,-8.38353,328.34,0.42,0.38,2024-09-19,0218,N,VIIRS,n,2,290.66,8.14,N,0
41.75466,-8.39447,329.21,0.42,0.38,2024-09-19,0218,N,VIIRS,n,2,287.71,4.33,N,0
41.754,-8.38944,318.63,0.42,0.38,2024-09-19,0218,N,VIIRS,n,2,288.48,2.04,N,0
41.75335,-8.38444,314.87,0.42,0.38,2024-09-19,0218,N,VIIRS,n,2,286.15,2.04,N,0
41.60093,-7.59068,310.07,0.4,0.37,2024-09-19,0218,N,VIIRS,n,2,286.75,4.94,N,0
41.60027,-7.58602,298.29,0.4,0.37,2024-09-19,0218,N,VIIRS,n,2,285.22,4.94,N,0
41.5969,-7.58681,344.14,0.4,0.37,2024-09-19,0218,N,VIIRS,n,2,292.45,4.94,N,0
41.59755,-7.59148,308.36,0.4,0.37,2024-09-19,0218,N,VIIRS,n,2,286.86,4.94,N,0
41.59558,-7.57733,300.06,0.4,0.37,2024-09-19,0218,N,VIIRS,n,2,284.34,1.17,N,0
41.59686,-7.61144,327.94,0.4,0.37,2024-09-19,0218,N,VIIRS,n,2,286.85,3,N,0
41.59353,-7.58761,296.03,0.4,0.37,2024-09-19,0218,N,VIIRS,n,2,285.33,0.87,N,0
41.57867,-7.60594,332.8,0.4,0.37,2024-09-19,0218,N,VIIRS,n,2,291.19,2.46,N,0
41.57934,-7.61077,303.2,0.4,0.37,2024-09-19,0218,N,VIIRS,n,2,286.72,1.59,N,0
41.57802,-7.60125,304.69,0.4,0.37,2024-09-19,0218,N,VIIRS,n,2,286.51,2.46,N,0
41.56643,-8.09818,330.88,0.41,0.37,2024-09-19,0218,N,VIIRS,n,2,287.99,4.9,N,0
41.56574,-8.09308,337.23,0.41,0.37,2024-09-19,0218,N,VIIRS,n,2,288.46,4.9,N,0
41.56301,-8.09897,328.58,0.41,0.37,2024-09-19,0218,N,VIIRS,n,2,286.84,3.72,N,0
41.51874,-7.90293,303.53,0.41,0.37,2024-09-19,0218,N,VIIRS,n,2,287.19,0.97,N,0
41.51669,-7.91359,306.76,0.41,0.37,2024-09-19,0218,N,VIIRS,n,2,287.07,1.19,N,0
41.51603,-7.90872,299.52,0.41,0.37,2024-09-19,0218,N,VIIRS,n,2,287.48,0.94,N,0
41.51265,-7.90965,306.02,0.41,0.37,2024-09-19,0218,N,VIIRS,n,2,287.18,0.94,N,0
41.4556,-7.62257,331.79,0.4,0.37,2024-09-19,0218,N,VIIRS,n,2,287.07,3.34,N,0
41.45495,-7.61788,295.58,0.4,0.37,2024-09-19,0218,N,VIIRS,n,2,284.48,3.34,N,0
41.45224,-7.62344,328.55,0.4,0.37,2024-09-19,0218,N,VIIRS,n,2,284.94,3.34,N,0
41.3573,-7.57044,314.49,0.4,0.37,2024-09-19,0218,N,VIIRS,n,2,285.26,1.13,N,0
41.35259,-7.56163,334.83,0.4,0.37,2024-09-19,0218,N,VIIRS,n,2,288.86,14.09,N,0
41.35192,-7.55684,326.62,0.4,0.37,2024-09-19,0218,N,VIIRS,n,2,297.7,15.64,N,0
41.35394,-7.57127,305.49,0.4,0.37,2024-09-19,0218,N,VIIRS,n,2,287.4,1.15,N,0
41.34923,-7.56247,338.15,0.4,0.37,2024-09-19,0218,N,VIIRS,n,2,291.49,14.09,N,0
41.34856,-7.5577,330.46,0.4,0.37,2024-09-19,0218,N,VIIRS,n,2,290.26,15.64,N,0
41.35058,-7.5721,308.54,0.4,0.37,2024-09-19,0218,N,VIIRS,n,2,290.35,1.15,N,0
41.34722,-7.57294,304.16,0.4,0.37,2024-09-19,0218,N,VIIRS,n,2,288.63,20.92,N,0
41.34587,-7.56331,303.54,0.4,0.37,2024-09-19,0218,N,VIIRS,n,2,288.19,2.3,N,0
41.34521,-7.55856,313.83,0.4,0.37,2024-09-19,0218,N,VIIRS,n,2,285.38,0.98,N,0
41.34455,-7.57865,342.73,0.4,0.37,2024-09-19,0218,N,VIIRS,n,2,294.8,20.92,N,0
41.34386,-7.5738,328.06,0.4,0.37,2024-09-19,0218,N,VIIRS,n,2,307.03,20.92,N,0
41.34052,-7.5747,340.11,0.4,0.37,2024-09-19,0218,N,VIIRS,n,2,289,5.8,N,0
41.34119,-7.57952,313.76,0.4,0.37,2024-09-19,0218,N,VIIRS,n,2,284.57,5.8,N,0
41.32462,-8.2466,307.14,0.41,0.37,2024-09-19,0218,N,VIIRS,n,2,286.12,1.09,N,0
41.23164,-7.86997,303.31,0.4,0.37,2024-09-19,0218,N,VIIRS,n,2,287.42,2.46,N,0
41.24419,-7.98835,341.93,0.41,0.37,2024-09-19,0218,N,VIIRS,n,2,290.84,7.41,N,0
41.24353,-7.98347,349.9,0.41,0.37,2024-09-19,0218,N,VIIRS,n,2,295.02,7.41,N,0
41.24287,-7.97858,328.93,0.41,0.37,2024-09-19,0218,N,VIIRS,n,2,288.84,2.54,N,0
41.22765,-7.86639,334.59,0.4,0.37,2024-09-19,0218,N,VIIRS,n,2,289.68,2.46,N,0
41.24409,-7.98533,347.33,0.41,0.37,2024-09-19,0218,N,VIIRS,n,2,295.07,10.18,N,0
41.24342,-7.98045,331.17,0.41,0.37,2024-09-19,0218,N,VIIRS,n,2,290.72,10.18,N,0
41.22783,-7.86819,328.72,0.4,0.37,2024-09-19,0218,N,VIIRS,n,2,289.46,3.62,N,0
41.22721,-7.8637,312.18,0.4,0.37,2024-09-19,0218,N,VIIRS,n,2,286.88,3.62,N,0
41.24066,-7.98587,334.7,0.41,0.37,2024-09-19,0218,N,VIIRS,n,2,292.03,10.18,N,0
41.23998,-7.98096,354.63,0.41,0.37,2024-09-19,0218,N,VIIRS,n,2,298.17,10.18,N,0
41.22448,-7.86921,338.75,0.4,0.37,2024-09-19,0218,N,VIIRS,n,2,290.57,3.62,N,0
41.24134,-7.99077,305.02,0.41,0.37,2024-09-19,0218,N,VIIRS,n,2,288.62,5.03,N,0
41.22113,-7.87023,326.85,0.4,0.37,2024-09-19,0218,N,VIIRS,n,2,288.33,2.54,N,0
41.23861,-7.9964,313.17,0.41,0.37,2024-09-19,0218,N,VIIRS,n,2,287.56,1.33,N,0
41.22178,-7.87486,305.68,0.4,0.37,2024-09-19,0218,N,VIIRS,n,2,288.25,1.64,N,0
41.23523,-7.99725,306.5,0.41,0.37,2024-09-19,0218,N,VIIRS,n,2,287.77,1.33,N,0
41.21437,-7.87186,346.16,0.4,0.37,2024-09-19,0218,N,VIIRS,n,2,293.98,9.81,N,0
41.21374,-7.86725,330.43,0.4,0.37,2024-09-19,0218,N,VIIRS,n,2,289.24,9.81,N,0
41.29184,-8.44025,306.01,0.42,0.37,2024-09-19,0218,N,VIIRS,n,2,288.46,0.89,N,0
41.18962,-8.02237,313.06,0.41,0.37,2024-09-19,0218,N,VIIRS,n,2,287.79,1.63,N,0
41.18624,-8.02334,310.37,0.41,0.37,2024-09-19,0218,N,VIIRS,n,2,287.36,1.67,N,0
41.16478,-7.96871,296.36,0.41,0.37,2024-09-19,0218,N,VIIRS,n,2,286.23,0.62,N,0
41.12396,-7.84904,334.23,0.4,0.37,2024-09-19,0218,N,VIIRS,n,2,291.28,5.91,N,0
41.1233,-7.84425,299.29,0.4,0.37,2024-09-19,0218,N,VIIRS,n,2,286.49,1.87,N,0
41.12056,-7.84971,346.04,0.4,0.37,2024-09-19,0218,N,VIIRS,n,2,296.69,3.56,N,0
41.12191,-7.85956,309.87,0.4,0.37,2024-09-19,0218,N,VIIRS,n,2,289.38,1.85,N,0
41.12123,-7.85462,316.55,0.4,0.37,2024-09-19,0218,N,VIIRS,n,2,292.76,3.56,N,0
41.1199,-7.84488,312.02,0.4,0.37,2024-09-19,0218,N,VIIRS,n,2,286.86,2.37,N,0
41.11919,-7.86525,329.64,0.4,0.37,2024-09-19,0218,N,VIIRS,n,2,290.41,1.85,N,0
41.11784,-7.85528,321.94,0.4,0.37,2024-09-19,0218,N,VIIRS,n,2,296,3.56,N,0
41.11652,-7.84559,320.59,0.4,0.37,2024-09-19,0218,N,VIIRS,n,2,291.92,2.37,N,0
41.11852,-7.86022,311.81,0.4,0.37,2024-09-19,0218,N,VIIRS,n,2,290.69,1.85,N,0
41.11717,-7.85039,309.85,0.4,0.37,2024-09-19,0218,N,VIIRS,n,2,291.97,3.56,N,0
41.11692,-7.84718,322.08,0.4,0.37,2024-09-19,0218,N,VIIRS,n,2,293.74,6.79,N,0
41.11969,-7.86692,318.24,0.4,0.37,2024-09-19,0218,N,VIIRS,n,2,289.09,4.36,N,0
41.11898,-7.86186,317.8,0.4,0.37,2024-09-19,0218,N,VIIRS,n,2,290.7,1.63,N,0
41.11829,-7.85691,317.51,0.4,0.37,2024-09-19,0218,N,VIIRS,n,2,293.95,1.63,N,0
41.1176,-7.85201,314.37,0.4,0.37,2024-09-19,0218,N,VIIRS,n,2,293.52,6.79,N,0
41.11629,-7.86759,341.78,0.4,0.37,2024-09-19,0218,N,VIIRS,n,2,292.73,4.36,N,0
41.1142,-7.85268,321.97,0.4,0.37,2024-09-19,0218,N,VIIRS,n,2,294.39,6.79,N,0
41.11353,-7.84786,348.13,0.4,0.37,2024-09-19,0218,N,VIIRS,n,2,303.29,6.79,N,0
41.11287,-7.84314,326.17,0.4,0.37,2024-09-19,0218,N,VIIRS,n,2,287.51,5.65,N,0
41.11558,-7.8625,303.83,0.4,0.37,2024-09-19,0218,N,VIIRS,n,2,287.68,1.63,N,0
41.11488,-7.85756,306.55,0.4,0.37,2024-09-19,0218,N,VIIRS,n,2,289.64,1.63,N,0
41.11081,-7.85338,340.12,0.4,0.37,2024-09-19,0218,N,VIIRS,n,2,291.3,10.2,N,0
41.11014,-7.84861,337.55,0.4,0.37,2024-09-19,0218,N,VIIRS,n,2,284.72,10.2,N,0
41.11361,-7.87338,319.29,0.4,0.37,2024-09-19,0218,N,VIIRS,n,2,289.49,1.46,N,0
41.11289,-7.86827,304.58,0.4,0.37,2024-09-19,0218,N,VIIRS,n,2,286.9,1.46,N,0
41.11217,-7.86315,300.01,0.4,0.37,2024-09-19,0218,N,VIIRS,n,2,286.45,1.23,N,0
41.06732,-8.01943,305.83,0.41,0.37,2024-09-19,0218,N,VIIRS,n,2,287.3,0.89,N,0
41.1192,-8.4315,298.89,0.42,0.37,2024-09-19,0218,N,VIIRS,n,2,287.11,0.63,N,0
41.0592,-8.01121,301.52,0.41,0.37,2024-09-19,0218,N,VIIRS,n,2,287.69,1.19,N,0
41.05579,-8.01182,325.42,0.41,0.37,2024-09-19,0218,N,VIIRS,n,2,289.67,2.97,N,0
41.03714,-7.90094,302.59,0.4,0.37,2024-09-19,0218,N,VIIRS,n,2,282.37,0.61,N,0
40.98739,-8.12455,340.44,0.41,0.37,2024-09-19,0218,N,VIIRS,n,2,295.1,18.83,N,0
40.98537,-8.10969,346.9,0.41,0.37,2024-09-19,0218,N,VIIRS,n,2,291.37,23.18,N,0
40.98468,-8.10464,337.56,0.41,0.37,2024-09-19,0218,N,VIIRS,n,2,300.86,23.18,N,0
40.97599,-8.04096,341.11,0.41,0.37,2024-09-19,0218,N,VIIRS,n,2,287.44,4.66,N,0
40.98197,-8.11047,345.98,0.41,0.37,2024-09-19,0218,N,VIIRS,n,2,288.85,14.51,N,0
40.98128,-8.10538,345.87,0.41,0.37,2024-09-19,0218,N,VIIRS,n,2,287.78,14.51,N,0
40.96733,-8.00328,322.89,0.41,0.37,2024-09-19,0218,N,VIIRS,n,2,284.71,2.13,N,0
40.96532,-7.98864,335.91,0.41,0.37,2024-09-19,0218,N,VIIRS,n,2,287.23,10.19,N,0
40.97995,-8.09562,305.31,0.41,0.37,2024-09-19,0218,N,VIIRS,n,2,287.34,6.8,N,0
40.97261,-8.04181,302.56,0.41,0.37,2024-09-19,0218,N,VIIRS,n,2,284.99,0.95,N,0
40.96598,-7.99346,302,0.41,0.37,2024-09-19,0218,N,VIIRS,n,2,284.54,10.19,N,0
40.98331,-8.14618,345.99,0.41,0.37,2024-09-19,0218,N,VIIRS,n,2,292.17,10.21,N,0
40.98264,-8.14128,332.08,0.41,0.37,2024-09-19,0218,N,VIIRS,n,2,290.31,3.72,N,0
40.97658,-8.09659,342.6,0.41,0.37,2024-09-19,0218,N,VIIRS,n,2,293.42,6.8,N,0
40.96396,-8.00419,339.33,0.41,0.37,2024-09-19,0218,N,VIIRS,n,2,288.48,2.13,N,0
40.96261,-7.99436,330.13,0.41,0.37,2024-09-19,0218,N,VIIRS,n,2,286.32,10.19,N,0
40.96195,-7.98957,343.85,0.41,0.37,2024-09-19,0218,N,VIIRS,n,2,300.79,10.19,N,0
40.96328,-7.99927,298.97,0.41,0.37,2024-09-19,0218,N,VIIRS,n,2,283.97,2.13,N,0
40.96129,-7.98478,301.77,0.41,0.37,2024-09-19,0218,N,VIIRS,n,2,283.5,2.71,N,0
40.97857,-8.13714,333.23,0.41,0.37,2024-09-19,0218,N,VIIRS,n,2,293.74,6.58,N,0
40.9606,-8.00518,346.11,0.41,0.37,2024-09-19,0218,N,VIIRS,n,2,291.39,3.47,N,0
40.95925,-7.99535,340.91,0.41,0.37,2024-09-19,0218,N,VIIRS,n,2,290.81,15.12,N,0
40.95859,-7.99053,345.19,0.41,0.37,2024-09-19,0218,N,VIIRS,n,2,293.57,15.12,N,0
40.9799,-8.14686,304.48,0.41,0.37,2024-09-19,0218,N,VIIRS,n,2,288.32,1.72,N,0
40.97924,-8.14203,315.23,0.41,0.37,2024-09-19,0218,N,VIIRS,n,2,289.45,6.58,N,0
40.96125,-8.00996,313.05,0.41,0.37,2024-09-19,0218,N,VIIRS,n,2,288.85,4.33,N,0
40.95993,-8.00028,296.04,0.41,0.37,2024-09-19,0218,N,VIIRS,n,2,285.51,3.47,N,0
40.97517,-8.13789,334.27,0.41,0.37,2024-09-19,0218,N,VIIRS,n,2,291.67,6.58,N,0
40.96983,-8.09849,346.47,0.41,0.37,2024-09-19,0218,N,VIIRS,n,2,293.91,8.86,N,0
40.9559,-7.9964,347.39,0.41,0.37,2024-09-19,0218,N,VIIRS,n,2,300.66,15.12,N,0
40.95523,-7.99152,333.01,0.41,0.37,2024-09-19,0218,N,VIIRS,n,2,287.58,15.12,N,0
40.9533,-7.97745,328.63,0.41,0.37,2024-09-19,0218,N,VIIRS,n,2,286.71,3.01,N,0
40.97584,-8.14281,303.13,0.41,0.37,2024-09-19,0218,N,VIIRS,n,2,287.77,6.58,N,0
40.96919,-8.09386,300.55,0.41,0.37,2024-09-19,0218,N,VIIRS,n,2,286.67,1.98,N,0
40.95724,-8.00621,308.33,0.41,0.37,2024-09-19,0218,N,VIIRS,n,2,287.22,3.47,N,0
40.95657,-8.00134,300.85,0.41,0.37,2024-09-19,0218,N,VIIRS,n,2,286.12,3.47,N,0
40.95457,-7.98673,298.58,0.41,0.37,2024-09-19,0218,N,VIIRS,n,2,285.35,1.42,N,0
40.95393,-7.98207,318.07,0.41,0.37,2024-09-19,0218,N,VIIRS,n,2,287.93,1.42,N,0
40.95266,-7.97286,314.93,0.4,0.37,2024-09-19,0218,N,VIIRS,n,2,287.28,3.01,N,0
40.96646,-8.0995,330.4,0.41,0.37,2024-09-19,0218,N,VIIRS,n,2,289.18,5.95,N,0
40.95387,-8.00716,339.58,0.41,0.37,2024-09-19,0218,N,VIIRS,n,2,291.22,5.21,N,0
40.95253,-7.99736,355.27,0.41,0.37,2024-09-19,0218,N,VIIRS,n,2,310.35,14.76,N,0
40.95187,-7.99249,329.8,0.41,0.37,2024-09-19,0218,N,VIIRS,n,2,288.08,14.76,N,0
40.94994,-7.97845,323.75,0.41,0.37,2024-09-19,0218,N,VIIRS,n,2,287.95,1.57,N,0
40.96582,-8.09482,307.5,0.41,0.37,2024-09-19,0218,N,VIIRS,n,2,285.61,2.2,N,0
40.95321,-8.00236,302.18,0.41,0.37,2024-09-19,0218,N,VIIRS,n,2,286.23,5.21,N,0
40.95057,-7.98307,308.45,0.41,0.37,2024-09-19,0218,N,VIIRS,n,2,288.6,1.2,N,0
40.9505,-8.00807,336.41,0.41,0.37,2024-09-19,0218,N,VIIRS,n,2,288.89,5.21,N,0
40.94916,-7.99827,339.5,0.41,0.37,2024-09-19,0218,N,VIIRS,n,2,300.46,14.76,N,0
40.94658,-7.97945,324.15,0.41,0.37,2024-09-19,0218,N,VIIRS,n,2,286.92,1.57,N,0
40.95573,-8.04637,302.44,0.41,0.37,2024-09-19,0218,N,VIIRS,n,2,287.17,0.37,N,0
40.94984,-8.00321,308.49,0.41,0.37,2024-09-19,0218,N,VIIRS,n,2,286.64,5.21,N,0
40.94785,-7.98871,297.18,0.41,0.37,2024-09-19,0218,N,VIIRS,n,2,286.48,1.2,N,0
40.94721,-7.98407,297.21,0.41,0.37,2024-09-19,0218,N,VIIRS,n,2,286.99,1.2,N,0
40.95646,-8.07752,322.45,0.41,0.37,2024-09-19,0218,N,VIIRS,n,2,288.54,2.38,N,0
40.95238,-8.04742,335.07,0.41,0.37,2024-09-19,0218,N,VIIRS,n,2,295.43,25.43,N,0
40.94579,-7.99916,335.37,0.41,0.37,2024-09-19,0218,N,VIIRS,n,2,285.75,7.69,N,0
40.97033,-8.17997,307.65,0.41,0.37,2024-09-19,0218,N,VIIRS,n,2,288.08,1.18,N,0
40.95306,-8.05244,304.96,0.41,0.37,2024-09-19,0218,N,VIIRS,n,2,287.47,6.48,N,0
40.94712,-8.00897,298.17,0.41,0.37,2024-09-19,0218,N,VIIRS,n,2,286.68,1.92,N,0
40.94646,-8.00408,298.1,0.41,0.37,2024-09-19,0218,N,VIIRS,n,2,285.28,1.92,N,0
40.94449,-7.98967,296.05,0.41,0.37,2024-09-19,0218,N,VIIRS,n,2,285.8,0.72,N,0
40.96692,-8.18071,307.59,0.41,0.37,2024-09-19,0218,N,VIIRS,n,2,287.65,1.18,N,0
40.9661,-8.2007,296.38,0.41,0.37,2024-09-19,0218,N,VIIRS,n,2,280.04,0.76,N,0
40.96546,-8.1959,299.28,0.41,0.37,2024-09-19,0218,N,VIIRS,n,2,286.19,1.14,N,0
40.96204,-8.19656,321.45,0.41,0.37,2024-09-19,0218,N,VIIRS,n,2,288.05,1.14,N,0
40.96268,-8.20138,307.32,0.41,0.37,2024-09-19,0218,N,VIIRS,n,2,286.17,0.76,N,0
40.96138,-8.19165,307.89,0.41,0.37,2024-09-19,0218,N,VIIRS,n,2,287.54,1.14,N,0
40.9344,-7.9926,302.13,0.41,0.37,2024-09-19,0218,N,VIIRS,n,2,288.76,1.09,N,0
40.93376,-7.98799,301.57,0.41,0.37,2024-09-19,0218,N,VIIRS,n,2,288.11,1.09,N,0
40.95927,-8.20212,343.52,0.41,0.37,2024-09-19,0218,N,VIIRS,n,2,291.67,22.25,N,0
40.95862,-8.19729,367,0.41,0.37,2024-09-19,0218,N,VIIRS,h,2,323.5,199.65,N,0
40.95797,-8.19244,329.12,0.41,0.37,2024-09-19,0218,N,VIIRS,n,2,289.64,199.65,N,0
40.93104,-7.99362,328.3,0.41,0.37,2024-09-19,0218,N,VIIRS,n,2,289.63,1.34,N,0
40.95992,-8.20693,300.89,0.41,0.37,2024-09-19,0218,N,VIIRS,n,2,287.47,22.25,N,0
40.95731,-8.18759,300.15,0.41,0.37,2024-09-19,0218,N,VIIRS,n,2,286.7,0.83,N,0
40.9304,-7.98902,297.39,0.41,0.37,2024-09-19,0218,N,VIIRS,n,2,286.7,1.34,N,0
40.95652,-8.20777,322.1,0.41,0.37,2024-09-19,0218,N,VIIRS,n,2,288.43,22.25,N,0
40.95586,-8.2029,345.33,0.41,0.37,2024-09-19,0218,N,VIIRS,n,2,300.48,22.25,N,0
40.95456,-8.19324,322.4,0.41,0.37,2024-09-19,0218,N,VIIRS,n,2,316.65,199.65,N,0
40.95392,-8.18848,302.18,0.41,0.37,2024-09-19,0218,N,VIIRS,n,2,286.51,0.83,N,0
40.92767,-7.99461,300.59,0.41,0.37,2024-09-19,0218,N,VIIRS,n,2,286.37,1.34,N,0
40.9243,-7.99558,335.63,0.41,0.37,2024-09-19,0218,N,VIIRS,n,2,289.71,2.2,N,0
40.95247,-8.20374,310.62,0.41,0.37,2024-09-19,0218,N,VIIRS,n,2,286.69,1.77,N,0
40.95182,-8.19891,318,0.41,0.37,2024-09-19,0218,N,VIIRS,n,2,287.27,1.18,N,0
40.95117,-8.19411,309.47,0.41,0.37,2024-09-19,0218,N,VIIRS,n,2,287.1,1.18,N,0
40.95053,-8.18938,298.15,0.41,0.37,2024-09-19,0218,N,VIIRS,n,2,286.44,1,N,0
40.94842,-8.19983,298.92,0.41,0.37,2024-09-19,0218,N,VIIRS,n,2,285.88,1.18,N,0
40.94778,-8.19506,298.72,0.41,0.37,2024-09-19,0218,N,VIIRS,n,2,286.65,1.18,N,0
40.92094,-7.99655,299.02,0.41,0.37,2024-09-19,0218,N,VIIRS,n,2,286.69,2.2,N,0
40.94977,-8.20192,296.12,0.41,0.37,2024-09-19,0218,N,VIIRS,n,2,285.62,0.46,N,0
40.94912,-8.19713,298.67,0.41,0.37,2024-09-19,0218,N,VIIRS,n,2,286.63,0.65,N,0
40.92172,-7.99879,308.51,0.41,0.37,2024-09-19,0218,N,VIIRS,n,2,286.6,1.24,N,0
40.93361,-8.16088,297.89,0.41,0.37,2024-09-19,0218,N,VIIRS,n,2,286.59,0.39,N,0
40.9022,-7.95892,341.7,0.4,0.37,2024-09-19,0218,N,VIIRS,n,2,291.65,9.07,N,0
40.90011,-7.96906,343.73,0.4,0.37,2024-09-19,0218,N,VIIRS,n,2,292.58,6.7,N,0
40.8988,-7.9596,348.72,0.4,0.37,2024-09-19,0218,N,VIIRS,n,2,297.99,9.07,N,0
40.89814,-7.95489,345.01,0.4,0.37,2024-09-19,0218,N,VIIRS,n,2,290.95,9.07,N,0
40.90078,-7.97388,308.68,0.4,0.37,2024-09-19,0218,N,VIIRS,n,2,289.07,2.87,N,0
40.89476,-7.95563,344.73,0.4,0.37,2024-09-19,0218,N,VIIRS,n,2,289.53,2.68,N,0
40.90018,-7.99466,319.17,0.4,0.37,2024-09-19,0218,N,VIIRS,n,2,287.21,1.2,N,0
40.8954,-7.96033,311.58,0.4,0.37,2024-09-19,0218,N,VIIRS,n,2,288.99,2.68,N,0
40.89677,-7.99535,295.69,0.4,0.37,2024-09-19,0218,N,VIIRS,n,2,285.56,1.2,N,0
40.89609,-7.99041,316.79,0.4,0.37,2024-09-19,0218,N,VIIRS,n,2,287.21,1.35,N,0
40.89539,-7.98535,308.34,0.4,0.37,2024-09-19,0218,N,VIIRS,n,2,288.13,1.35,N,0
40.89203,-7.96116,311.7,0.4,0.37,2024-09-19,0218,N,VIIRS,n,2,288.71,2.68,N,0
40.8894,-7.94215,308.98,0.4,0.37,2024-09-19,0218,N,VIIRS,n,2,286.37,1.13,N,0
40.89732,-8.02463,320.56,0.41,0.37,2024-09-19,0218,N,VIIRS,n,2,289.7,8.55,N,0
40.89667,-8.01987,328.78,0.41,0.37,2024-09-19,0218,N,VIIRS,n,2,288.79,5.66,N,0
40.89269,-7.99114,320.83,0.4,0.37,2024-09-19,0218,N,VIIRS,n,2,288.19,2.3,N,0
40.91928,-8.1844,299.72,0.41,0.37,2024-09-19,0218,N,VIIRS,n,2,285.77,0.46,N,0
40.88865,-7.962,304.58,0.4,0.37,2024-09-19,0218,N,VIIRS,n,2,287.04,0.74,N,0
40.89457,-8.03,321.04,0.41,0.37,2024-09-19,0218,N,VIIRS,n,2,288.17,8.55,N,0
40.89392,-8.02531,352.56,0.41,0.37,2024-09-19,0218,N,VIIRS,n,2,295.26,8.55,N,0
40.89327,-8.02061,323.03,0.41,0.37,2024-09-19,0218,N,VIIRS,n,2,292.83,5.66,N,0
40.91587,-8.18521,297.37,0.41,0.37,2024-09-19,0218,N,VIIRS,n,2,285.27,0.46,N,0
40.89053,-8.02604,313.79,0.41,0.37,2024-09-19,0218,N,VIIRS,n,2,287.8,2.27,N,0
40.88988,-8.02139,306.82,0.41,0.37,2024-09-19,0218,N,VIIRS,n,2,286.97,1.19,N,0
40.85723,-7.83643,306.18,0.4,0.37,2024-09-19,0218,N,VIIRS,n,2,284.8,0.91,N,0
40.84312,-7.83506,300.91,0.4,0.37,2024-09-19,0218,N,VIIRS,n,2,283.29,45.34,N,0
40.84246,-7.83033,296.85,0.4,0.37,2024-09-19,0218,N,VIIRS,n,2,283.37,45.34,N,0
40.84039,-7.84046,340.69,0.4,0.37,2024-09-19,0218,N,VIIRS,n,2,290.66,12.85,N,0
40.83973,-7.83577,355.97,0.4,0.37,2024-09-19,0218,N,VIIRS,n,2,311.41,45.34,N,0
40.88399,-8.15721,304.39,0.41,0.37,2024-09-19,0218,N,VIIRS,n,2,288.06,0.73,N,0
40.83842,-7.82638,295.44,0.4,0.37,2024-09-19,0218,N,VIIRS,n,2,283.62,0.57,N,0
40.837,-7.84112,342.94,0.4,0.37,2024-09-19,0218,N,VIIRS,n,2,290.29,9.7,N,0
40.83635,-7.83646,353.12,0.4,0.37,2024-09-19,0218,N,VIIRS,n,2,294.24,14.65,N,0
40.8357,-7.83178,349.06,0.4,0.37,2024-09-19,0218,N,VIIRS,n,2,296.19,14.65,N,0
40.83504,-7.8271,324.87,0.4,0.37,2024-09-19,0218,N,VIIRS,n,2,288.82,7.36,N,0
40.83296,-7.83715,299.33,0.4,0.37,2024-09-19,0218,N,VIIRS,n,2,286.2,14.65,N,0
40.83231,-7.83248,313.45,0.4,0.37,2024-09-19,0218,N,VIIRS,n,2,288.47,14.65,N,0
40.83023,-7.84255,324.11,0.4,0.37,2024-09-19,0218,N,VIIRS,n,2,287.62,4.56,N,0
40.82958,-7.83784,353.54,0.4,0.37,2024-09-19,0218,N,VIIRS,n,2,297.56,9.73,N,0
40.82893,-7.83318,302.27,0.4,0.37,2024-09-19,0218,N,VIIRS,n,2,286.76,9.73,N,0
40.82621,-7.83863,347.07,0.4,0.37,2024-09-19,0218,N,VIIRS,n,2,288.54,9.73,N,0
40.86439,-8.11621,301.23,0.41,0.37,2024-09-19,0218,N,VIIRS,n,2,287.56,0.83,N,0
40.86304,-8.10626,298.51,0.41,0.37,2024-09-19,0218,N,VIIRS,n,2,286.95,0.54,N,0
40.86171,-8.09648,309.49,0.41,0.37,2024-09-19,0218,N,VIIRS,n,2,285.74,1.41,N,0
40.86042,-8.0871,306.23,0.41,0.37,2024-09-19,0218,N,VIIRS,n,2,288.25,0.76,N,0
40.82687,-7.84335,300.07,0.4,0.37,2024-09-19,0218,N,VIIRS,n,2,286.4,4.56,N,0
40.86235,-8.12695,305.23,0.41,0.37,2024-09-19,0218,N,VIIRS,n,2,287.79,0.89,N,0
40.86169,-8.1221,298.63,0.41,0.37,2024-09-19,0218,N,VIIRS,n,2,287.19,0.89,N,0
40.82552,-7.85876,298.82,0.4,0.37,2024-09-19,0218,N,VIIRS,n,2,288.73,5.31,N,0
40.85304,-8.08435,335.94,0.41,0.37,2024-09-19,0218,N,VIIRS,n,2,291.21,5.74,N,0
40.82214,-7.85955,347.78,0.4,0.37,2024-09-19,0218,N,VIIRS,n,2,293.23,5.31,N,0
40.82146,-7.85466,345.3,0.4,0.37,2024-09-19,0218,N,VIIRS,n,2,294.65,5.31,N,0
40.85368,-8.08897,298.78,0.41,0.37,2024-09-19,0218,N,VIIRS,n,2,286.75,5.74,N,0
40.82417,-7.87423,298.55,0.4,0.37,2024-09-19,0218,N,VIIRS,n,2,287.89,0.64,N,0
40.82282,-7.86444,297.96,0.4,0.37,2024-09-19,0218,N,VIIRS,n,2,287.25,1.26,N,0
40.8181,-7.85549,327.59,0.4,0.37,2024-09-19,0218,N,VIIRS,n,2,285.45,2.51,N,0
40.82012,-7.8701,301.4,0.4,0.37,2024-09-19,0218,N,VIIRS,n,2,287.83,0.55,N,0
40.81877,-7.86036,307.45,0.4,0.37,2024-09-19,0218,N,VIIRS,n,2,287.42,2.51,N,0
40.8515,-8.12446,331.73,0.41,0.37,2024-09-19,0218,N,VIIRS,n,2,292.46,23.6,N,0
40.84628,-8.08612,305.84,0.41,0.37,2024-09-19,0218,N,VIIRS,n,2,287.2,1.25,N,0
40.81675,-7.87092,301.13,0.4,0.37,2024-09-19,0218,N,VIIRS,n,2,287.35,0.55,N,0
40.84745,-8.12038,324.36,0.41,0.37,2024-09-19,0218,N,VIIRS,n,2,288.6,1.91,N,0
40.84811,-8.12532,299.97,0.41,0.37,2024-09-19,0218,N,VIIRS,n,2,287.04,1.33,N,0
40.84678,-8.11547,306.71,0.41,0.37,2024-09-19,0218,N,VIIRS,n,2,287.45,1.91,N,0
40.84405,-8.12116,328.61,0.41,0.37,2024-09-19,0218,N,VIIRS,n,2,288.18,1.91,N,0
40.83825,-8.07854,333.38,0.41,0.37,2024-09-19,0218,N,VIIRS,n,2,289.63,7.51,N,0
40.84339,-8.11626,313.12,0.41,0.37,2024-09-19,0218,N,VIIRS,n,2,287.62,1.91,N,0
40.8212,-7.95391,307.58,0.4,0.37,2024-09-19,0218,N,VIIRS,n,2,290.44,1.66,N,0
40.82055,-7.94921,312.57,0.4,0.37,2024-09-19,0218,N,VIIRS,n,2,288.55,1.07,N,0
40.81201,-7.88716,311.39,0.4,0.37,2024-09-19,0218,N,VIIRS,n,2,287.56,1.26,N,0
40.83866,-8.10717,310.72,0.41,0.37,2024-09-19,0218,N,VIIRS,n,2,286.84,2.65,N,0
40.838,-8.10231,315.02,0.41,0.37,2024-09-19,0218,N,VIIRS,n,2,286.17,1.09,N,0
40.82241,-7.98821,301.09,0.4,0.37,2024-09-19,0218,N,VIIRS,n,2,287.3,1,N,0
40.82175,-7.98333,301.39,0.4,0.37,2024-09-19,0218,N,VIIRS,n,2,288.86,1,N,0
40.81847,-7.95943,302.29,0.4,0.37,2024-09-19,0218,N,VIIRS,n,2,289.68,1.31,N,0
40.81782,-7.95473,309.26,0.4,0.37,2024-09-19,0218,N,VIIRS,n,2,290.37,1.31,N,0
40.81717,-7.95,296.7,0.4,0.37,2024-09-19,0218,N,VIIRS,n,2,286.42,0.35,N,0
40.83525,-8.10787,331.75,0.41,0.37,2024-09-19,0218,N,VIIRS,n,2,288.03,2.65,N,0
40.8346,-8.10303,313.22,0.41,0.37,2024-09-19,0218,N,VIIRS,n,2,286.23,1.09,N,0
40.8177,-7.97927,297.43,0.4,0.37,2024-09-19,0218,N,VIIRS,n,2,286.91,1.21,N,0
40.81574,-7.96497,312.7,0.4,0.37,2024-09-19,0218,N,VIIRS,n,2,291.7,2.23,N,0
40.81509,-7.96026,317.99,0.4,0.37,2024-09-19,0218,N,VIIRS,n,2,291.68,1.31,N,0
40.81445,-7.95555,309.15,0.4,0.37,2024-09-19,0218,N,VIIRS,n,2,288.79,1.31,N,0
40.80659,-7.89841,298.85,0.4,0.37,2024-09-19,0218,N,VIIRS,n,2,286.04,0.52,N,0
40.81171,-7.96109,328.77,0.4,0.37,2024-09-19,0218,N,VIIRS,n,2,293.79,1.72,N,0
40.80388,-7.90409,330.71,0.4,0.37,2024-09-19,0218,N,VIIRS,n,2,288.49,3.86,N,0
40.80256,-7.89443,327.29,0.4,0.37,2024-09-19,0218,N,VIIRS,n,2,288.59,2.4,N,0
40.81237,-7.96582,307.48,0.4,0.37,2024-09-19,0218,N,VIIRS,n,2,291.15,2.26,N,0
40.80051,-7.90495,336.65,0.4,0.37,2024-09-19,0218,N,VIIRS,n,2,288.96,3.86,N,0
40.79985,-7.90015,338.45,0.4,0.37,2024-09-19,0218,N,VIIRS,n,2,289.38,3.86,N,0
40.80835,-7.96195,296.72,0.4,0.37,2024-09-19,0218,N,VIIRS,n,2,285.79,1.72,N,0
40.80117,-7.90975,315.72,0.4,0.37,2024-09-19,0218,N,VIIRS,n,2,286.64,2.73,N,0
40.79919,-7.89532,319.57,0.4,0.37,2024-09-19,0218,N,VIIRS,n,2,287.12,2.4,N,0
40.79986,-7.9022,342.75,0.4,0.37,2024-09-19,0218,N,VIIRS,n,2,289.78,4.45,N,0
40.79919,-7.89739,341.02,0.4,0.37,2024-09-19,0218,N,VIIRS,n,2,288.38,4.45,N,0
40.80121,-7.91178,308,0.4,0.37,2024-09-19,0218,N,VIIRS,n,2,286.54,1.81,N,0
40.80053,-7.90699,314.68,0.4,0.37,2024-09-19,0218,N,VIIRS,n,2,286.96,1.81,N,0
40.81246,-8.01748,338.11,0.4,0.37,2024-09-19,0218,N,VIIRS,n,2,296.65,3.2,N,0
40.81314,-8.02238,316.15,0.4,0.37,2024-09-19,0218,N,VIIRS,n,2,286.63,3.06,N,0
40.81178,-8.01255,302.37,0.4,0.37,2024-09-19,0218,N,VIIRS,n,2,288.57,3.2,N,0
40.80116,-7.93642,302.96,0.4,0.37,2024-09-19,0218,N,VIIRS,n,2,286.46,0.86,N,0
40.8005,-7.93166,298.03,0.4,0.37,2024-09-19,0218,N,VIIRS,n,2,286.78,0.54,N,0
40.80976,-8.02317,342,0.4,0.37,2024-09-19,0218,N,VIIRS,n,2,288.55,15.02,N,0
40.80907,-8.01827,344.47,0.4,0.37,2024-09-19,0218,N,VIIRS,n,2,298.8,7.68,N,0
40.79713,-7.93252,327.64,0.4,0.37,2024-09-19,0218,N,VIIRS,n,2,286.52,2,N,0
40.80839,-8.01336,299.88,0.4,0.37,2024-09-19,0218,N,VIIRS,n,2,288.94,7.68,N,0
40.8024,-7.97035,296.98,0.4,0.37,2024-09-19,0218,N,VIIRS,n,2,285.44,0.22,N,0
40.80704,-8.02877,329.82,0.41,0.37,2024-09-19,0218,N,VIIRS,n,2,288.99,15.02,N,0
40.80637,-8.02393,348.86,0.4,0.37,2024-09-19,0218,N,VIIRS,n,2,300.61,15.02,N,0
40.80569,-8.01906,306.65,0.4,0.37,2024-09-19,0218,N,VIIRS,n,2,289.98,7.68,N,0
40.80297,-8.02467,334.03,0.4,0.37,2024-09-19,0218,N,VIIRS,n,2,291.88,4.26,N,0
40.80365,-8.02952,301.6,0.41,0.37,2024-09-19,0218,N,VIIRS,n,2,286.84,4.26,N,0
40.79958,-8.0254,326.23,0.4,0.37,2024-09-19,0218,N,VIIRS,n,2,288.59,4.26,N,0
40.80091,-8.03502,303.55,0.41,0.37,2024-09-19,0218,N,VIIRS,n,2,289.36,0.95,N,0
40.78429,-7.94053,308.61,0.4,0.37,2024-09-19,0218,N,VIIRS,n,2,286.56,0.86,N,0
40.78223,-7.95078,302.97,0.4,0.37,2024-09-19,0218,N,VIIRS,n,2,286.48,0.99,N,0
40.78157,-7.94609,312.19,0.4,0.37,2024-09-19,0218,N,VIIRS,n,2,286.31,0.86,N,0
40.77951,-7.95632,320.87,0.4,0.37,2024-09-19,0218,N,VIIRS,n,2,288.03,2.46,N,0
40.77885,-7.95163,330.86,0.4,0.37,2024-09-19,0218,N,VIIRS,n,2,287.22,2.46,N,0
40.78012,-7.98585,302.5,0.4,0.37,2024-09-19,0218,N,VIIRS,n,2,288.5,1.48,N,0
40.77946,-7.9811,309.98,0.4,0.37,2024-09-19,0218,N,VIIRS,n,2,288.46,1.48,N,0
40.77879,-7.97632,314.52,0.4,0.37,2024-09-19,0218,N,VIIRS,n,2,287.4,1.63,N,0
40.77745,-7.96667,317.39,0.4,0.37,2024-09-19,0218,N,VIIRS,n,2,287.09,2.91,N,0
40.77613,-7.95717,302.75,0.4,0.37,2024-09-19,0218,N,VIIRS,n,2,286.14,2.46,N,0
40.77739,-7.9914,323.62,0.4,0.37,2024-09-19,0218,N,VIIRS,n,2,290.82,5.51,N,0
40.77675,-7.98673,353.41,0.4,0.37,2024-09-19,0218,N,VIIRS,n,2,292.51,15.83,N,0
40.77608,-7.98194,352.37,0.4,0.37,2024-09-19,0218,N,VIIRS,n,2,301.08,15.83,N,0
40.77542,-7.97714,298.37,0.4,0.37,2024-09-19,0218,N,VIIRS,n,2,285.81,2.08,N,0
40.77532,-8.00165,327.49,0.4,0.37,2024-09-19,0218,N,VIIRS,n,2,294.24,2.8,N,0
40.77467,-7.99693,336.52,0.4,0.37,2024-09-19,0218,N,VIIRS,n,2,295.08,5.51,N,0
40.77402,-7.99226,351,0.4,0.37,2024-09-19,0218,N,VIIRS,n,2,292.64,5.51,N,0
40.77664,-8.01118,298.59,0.4,0.37,2024-09-19,0218,N,VIIRS,n,2,288.21,1.17,N,0
40.77598,-8.0064,316.57,0.4,0.37,2024-09-19,0218,N,VIIRS,n,2,292.87,2.8,N,0
40.77337,-7.98758,309.2,0.4,0.37,2024-09-19,0218,N,VIIRS,n,2,285.8,15.83,N,0
40.77261,-8.00734,355.74,0.4,0.37,2024-09-19,0218,N,VIIRS,n,2,295.77,23,N,0
40.77196,-8.00259,367,0.4,0.37,2024-09-19,0218,N,VIIRS,h,2,297.66,23,N,0
40.7713,-7.99784,339.8,0.4,0.37,2024-09-19,0218,N,VIIRS,n,2,292.04,6.87,N,0
40.77065,-7.99311,297.5,0.4,0.37,2024-09-19,0218,N,VIIRS,n,2,285.43,6.87,N,0
40.82123,-8.41546,301.19,0.41,0.37,2024-09-19,0218,N,VIIRS,n,2,288.63,1.92,N,0
40.8158,-8.40131,306.73,0.41,0.37,2024-09-19,0218,N,VIIRS,n,2,286.97,0.92,N,0
40.69271,-7.63482,330.41,0.4,0.37,2024-09-19,0218,N,VIIRS,n,2,291.53,4.41,N,0
40.69206,-7.63016,354.27,0.4,0.37,2024-09-19,0218,N,VIIRS,n,2,293.85,4.41,N,0
40.6914,-7.62554,299.22,0.4,0.37,2024-09-19,0218,N,VIIRS,n,2,285.29,2.68,N,0
40.69136,-7.64976,339.24,0.4,0.37,2024-09-19,0218,N,VIIRS,n,2,291.91,6.45,N,0
40.68871,-7.63098,332.21,0.4,0.37,2024-09-19,0218,N,VIIRS,n,2,290.41,4.41,N,0
40.68805,-7.62636,335.26,0.4,0.37,2024-09-19,0218,N,VIIRS,n,2,289.29,2.68,N,0
40.79388,-8.39549,301.03,0.41,0.37,2024-09-19,0218,N,VIIRS,n,2,288.47,0.66,N,0
40.68936,-7.63563,301.54,0.4,0.37,2024-09-19,0218,N,VIIRS,n,2,288.65,4.41,N,0
40.78982,-8.39147,301.23,0.41,0.37,2024-09-19,0218,N,VIIRS,n,2,288.47,0.86,N,0
40.68866,-7.65527,299.86,0.4,0.37,2024-09-19,0218,N,VIIRS,n,2,288.29,1.07,N,0
40.68536,-7.63184,305.95,0.4,0.37,2024-09-19,0218,N,VIIRS,n,2,289.1,1.14,N,0
40.6847,-7.62723,298.96,0.4,0.37,2024-09-19,0218,N,VIIRS,n,2,285.75,1.55,N,0
40.68405,-7.62262,295.5,0.4,0.37,2024-09-19,0218,N,VIIRS,n,2,285.46,1.55,N,0
40.68071,-7.62349,325.6,0.4,0.37,2024-09-19,0218,N,VIIRS,n,2,291.33,1.55,N,0
40.68006,-7.61887,321.81,0.4,0.37,2024-09-19,0218,N,VIIRS,n,2,285.75,1.64,N,0
40.68532,-7.6561,302.62,0.4,0.37,2024-09-19,0218,N,VIIRS,n,2,288.67,1.07,N,0
40.68334,-7.64207,309.46,0.4,0.37,2024-09-19,0218,N,VIIRS,n,2,289.6,2.25,N,0
40.68202,-7.63275,302.54,0.4,0.37,2024-09-19,0218,N,VIIRS,n,2,288.24,1.14,N,0
40.68263,-7.66165,329.57,0.4,0.37,2024-09-19,0218,N,VIIRS,n,2,288.45,4.03,N,0
40.68196,-7.65697,351.03,0.4,0.37,2024-09-19,0218,N,VIIRS,n,2,292.18,3.26,N,0
40.6767,-7.61966,323.57,0.4,0.37,2024-09-19,0218,N,VIIRS,n,2,286.45,1.82,N,0
40.68131,-7.65231,308.25,0.4,0.37,2024-09-19,0218,N,VIIRS,n,2,290.07,3.26,N,0
40.68065,-7.64766,302.15,0.4,0.37,2024-09-19,0218,N,VIIRS,n,2,288.05,0.98,N,0
40.68,-7.64299,299.12,0.4,0.37,2024-09-19,0218,N,VIIRS,n,2,286.13,0.98,N,0
40.67934,-7.63831,309.68,0.4,0.37,2024-09-19,0218,N,VIIRS,n,2,288.61,0.96,N,0
40.67868,-7.63365,305.51,0.4,0.37,2024-09-19,0218,N,VIIRS,n,2,289.17,0.96,N,0
40.67796,-7.65319,301.02,0.4,0.37,2024-09-19,0218,N,VIIRS,n,2,286.7,3.26,N,0
40.67599,-7.63921,300.35,0.4,0.37,2024-09-19,0218,N,VIIRS,n,2,286.7,0.96,N,0
40.66866,-7.61174,296.22,0.4,0.37,2024-09-19,0218,N,VIIRS,n,2,286.04,0.58,N,0
40.66996,-7.64563,298.78,0.4,0.37,2024-09-19,0218,N,VIIRS,n,2,286.61,0.54,N,0
40.66863,-7.6362,310.72,0.4,0.37,2024-09-19,0218,N,VIIRS,n,2,286.17,1.16,N,0
40.76321,-8.40336,315.75,0.41,0.37,2024-09-19,0218,N,VIIRS,n,2,291.79,2.36,N,0
40.76256,-8.39848,306.79,0.41,0.37,2024-09-19,0218,N,VIIRS,n,2,288.84,1.79,N,0
40.66385,-7.67621,305.69,0.4,0.37,2024-09-19,0218,N,VIIRS,n,2,286.02,0.95,N,0
40.75916,-8.39941,325.06,0.41,0.37,2024-09-19,0218,N,VIIRS,n,2,292.8,1.79,N,0
40.7598,-8.40425,318.44,0.41,0.37,2024-09-19,0218,N,VIIRS,n,2,292.21,2.36,N,0
40.6605,-7.67698,311.39,0.4,0.37,2024-09-19,0218,N,VIIRS,n,2,285.92,0.95,N,0
40.65983,-7.67225,307.54,0.4,0.37,2024-09-19,0218,N,VIIRS,n,2,285.78,1.15,N,0
40.65917,-7.66755,306.02,0.4,0.37,2024-09-19,0218,N,VIIRS,n,2,285.97,1.15,N,0
40.76076,-8.40055,327.72,0.41,0.37,2024-09-19,0218,N,VIIRS,n,2,294.63,2.12,N,0
40.76143,-8.40543,301.64,0.41,0.37,2024-09-19,0218,N,VIIRS,n,2,289.08,2.12,N,0
40.6596,-7.67411,316.68,0.4,0.37,2024-09-19,0218,N,VIIRS,n,2,285.35,1.73,N,0
40.65892,-7.6694,307.36,0.4,0.37,2024-09-19,0218,N,VIIRS,n,2,285.66,1.08,N,0
40.75737,-8.40148,326,0.41,0.37,2024-09-19,0218,N,VIIRS,n,2,291.97,2.12,N,0
40.75802,-8.40633,304.75,0.41,0.37,2024-09-19,0218,N,VIIRS,n,2,289.01,2.12,N,0
40.75671,-8.39667,301.55,0.41,0.37,2024-09-19,0218,N,VIIRS,n,2,287.62,0.63,N,0
40.75462,-8.4072,301.21,0.41,0.37,2024-09-19,0218,N,VIIRS,n,2,288.58,0.88,N,0
40.75397,-8.40241,312.52,0.41,0.37,2024-09-19,0218,N,VIIRS,n,2,287.68,0.88,N,0
40.75121,-8.40804,300.74,0.41,0.37,2024-09-19,0218,N,VIIRS,n,2,287.59,0.88,N,0
40.60597,-7.63845,347.16,0.4,0.37,2024-09-19,0218,N,VIIRS,n,2,296.69,6.18,N,0
40.60532,-7.63381,326.82,0.4,0.37,2024-09-19,0218,N,VIIRS,n,2,290.79,2.06,N,0
40.60395,-7.64859,320.81,0.4,0.37,2024-09-19,0218,N,VIIRS,n,2,290,1.96,N,0
40.60263,-7.63927,314.68,0.4,0.37,2024-09-19,0218,N,VIIRS,n,2,289.39,6.18,N,0
40.60197,-7.63464,312.84,0.4,0.37,2024-09-19,0218,N,VIIRS,n,2,288.91,2.06,N,0
40.60059,-7.64936,304.35,0.4,0.37,2024-09-19,0218,N,VIIRS,n,2,288.61,1.42,N,0
40.59863,-7.63549,302.97,0.4,0.37,2024-09-19,0218,N,VIIRS,n,2,288.28,0.94,N,0
40.57911,-7.69372,306.34,0.4,0.37,2024-09-19,0218,N,VIIRS,n,2,285.58,0.81,N,0
40.56768,-7.71112,297.02,0.4,0.37,2024-09-19,0218,N,VIIRS,n,2,286.82,0.4,N,0
40.63932,-8.30914,307.5,0.41,0.37,2024-09-19,0218,N,VIIRS,n,2,287.04,1.12,N,0
40.64024,-8.31086,299.52,0.41,0.37,2024-09-19,0218,N,VIIRS,n,2,286.93,0.96,N,0
40.63682,-8.31159,305.64,0.41,0.37,2024-09-19,0218,N,VIIRS,n,2,287.64,0.96,N,0
40.63615,-8.30669,311.02,0.41,0.37,2024-09-19,0218,N,VIIRS,n,2,287.44,0.96,N,0
40.63406,-8.31712,349.04,0.41,0.37,2024-09-19,0218,N,VIIRS,n,2,293.64,5.98,N,0
40.63339,-8.31223,303.91,0.41,0.37,2024-09-19,0218,N,VIIRS,n,2,286.9,1.21,N,0
40.63272,-8.30735,311.02,0.41,0.37,2024-09-19,0218,N,VIIRS,n,2,286.43,1.21,N,0
40.63131,-8.32271,298.73,0.41,0.37,2024-09-19,0218,N,VIIRS,n,2,288.14,5.98,N,0
40.62789,-8.32339,300.42,0.41,0.37,2024-09-19,0218,N,VIIRS,n,2,288.65,0.93,N,0
40.62516,-8.32915,327.97,0.41,0.37,2024-09-19,0218,N,VIIRS,n,2,288.67,3.84,N,0
40.62447,-8.32413,310.2,0.41,0.37,2024-09-19,0218,N,VIIRS,n,2,287.6,0.93,N,0
40.61902,-8.33566,310.47,0.41,0.37,2024-09-19,0218,N,VIIRS,n,2,287.04,0.75,N,0
40.61628,-8.34134,334.41,0.41,0.37,2024-09-19,0218,N,VIIRS,n,2,288.43,3.65,N,0
40.4402,-8.04918,297.63,0.4,0.37,2024-09-19,0218,N,VIIRS,n,2,285.62,0.58,N,0
40.28886,-8.41951,301.14,0.41,0.37,2024-09-19,0218,N,VIIRS,n,2,288.27,0.78,N,2
38.62923,-9.07947,311.21,0.41,0.37,2024-09-19,0219,N,VIIRS,n,2,290.03,1.62,N,2
40.79847,-7.8835,335.88,0.45,0.39,2024-09-19,1341,N,VIIRS,n,2,294.22,20.4,D,0
40.96532,-7.98094,338.76,0.45,0.39,2024-09-19,1341,N,VIIRS,n,2,299.27,14.23,D,0
41.41509,-7.68142,335.73,0.47,0.39,2024-09-19,1341,N,VIIRS,n,2,298.32,10.37,D,0
41.35861,-7.55994,341.43,0.47,0.4,2024-09-19,1341,N,VIIRS,n,2,296.65,5.49,D,0
41.24283,-7.97848,331.37,0.45,0.39,2024-09-19,1341,N,VIIRS,n,2,292.79,9.09,D,0
41.23918,-7.9783,341.1,0.45,0.39,2024-09-19,1341,N,VIIRS,n,2,294.31,9.09,D,0
41.23556,-7.97791,330.04,0.45,0.39,2024-09-19,1341,N,VIIRS,n,2,300.23,37.78,D,0
41.22759,-7.85987,346.62,0.46,0.39,2024-09-19,1341,N,VIIRS,n,2,297.28,13.99,D,0
41.22335,-7.86464,352.14,0.46,0.39,2024-09-19,1341,N,VIIRS,n,2,313.05,164.41,D,0
41.22405,-7.85874,335.31,0.46,0.39,2024-09-19,1341,N,VIIRS,n,2,294.98,13.99,D,0
41.21843,-7.87519,328.12,0.46,0.39,2024-09-19,1341,N,VIIRS,l,2,299.64,4.76,D,0
41.21981,-7.86354,348.83,0.46,0.39,2024-09-19,1341,N,VIIRS,n,2,299.46,82.98,D,0
41.21623,-7.86268,335.78,0.46,0.39,2024-09-19,1341,N,VIIRS,n,2,294.51,82.98,D,0
41.2176,-7.85106,329.44,0.46,0.39,2024-09-19,1341,N,VIIRS,n,2,287.78,3.16,D,0
41.21196,-7.86773,333.5,0.46,0.39,2024-09-19,1341,N,VIIRS,n,2,298.04,3.57,D,0
41.21265,-7.8618,329.62,0.46,0.39,2024-09-19,1341,N,VIIRS,n,2,294.17,3.57,D,0
41.18477,-7.91151,333.24,0.45,0.39,2024-09-19,1341,N,VIIRS,n,2,297.23,26.11,D,0
41.11347,-7.85218,330.37,0.46,0.39,2024-09-19,1341,N,VIIRS,n,2,290.68,11.68,D,0
41.10986,-7.85162,334.81,0.46,0.39,2024-09-19,1341,N,VIIRS,n,2,294.35,11.68,D,0
41.11051,-7.84608,340.14,0.46,0.39,2024-09-19,1341,N,VIIRS,n,2,294.44,11.68,D,0
41.10626,-7.851,355.35,0.46,0.39,2024-09-19,1341,N,VIIRS,n,2,300.79,39.43,D,0
40.98756,-8.12939,345.24,0.45,0.39,2024-09-19,1341,N,VIIRS,n,2,302.09,21.87,D,0
40.98817,-8.12438,341.43,0.45,0.39,2024-09-19,1341,N,VIIRS,n,2,303.99,25.66,D,0
40.9757,-8.13732,339.21,0.44,0.39,2024-09-19,1341,N,VIIRS,n,2,298.26,10.63,D,0
40.97357,-8.09475,346.91,0.45,0.39,2024-09-19,1341,N,VIIRS,n,2,297,48.16,D,0
40.97709,-8.00467,346.14,0.45,0.39,2024-09-19,1341,N,VIIRS,n,2,299.1,22.39,D,0
40.9777,-7.99956,352.98,0.45,0.39,2024-09-19,1341,N,VIIRS,n,2,299.78,22.39,D,0
40.97351,-8.00412,344.5,0.45,0.39,2024-09-19,1341,N,VIIRS,n,2,297.68,16.61,D,0
40.97412,-7.99901,346.65,0.45,0.39,2024-09-19,1341,N,VIIRS,n,2,293.64,16.61,D,0
40.96806,-8.01921,334.55,0.45,0.39,2024-09-19,1341,N,VIIRS,n,2,295.63,3.98,D,0
40.97054,-7.99838,341.42,0.45,0.39,2024-09-19,1341,N,VIIRS,n,2,294.19,16.61,D,0
40.97178,-7.98797,351.76,0.45,0.39,2024-09-19,1341,N,VIIRS,n,2,298.42,21.89,D,0
40.96699,-7.99759,336.32,0.45,0.39,2024-09-19,1341,N,VIIRS,n,2,296.67,4.06,D,0
40.96823,-7.98717,332.93,0.45,0.39,2024-09-19,1341,N,VIIRS,n,2,296.76,6.01,D,0
40.96886,-7.98186,345.62,0.45,0.39,2024-09-19,1341,N,VIIRS,n,2,298.97,14.23,D,0
40.96469,-7.98629,340.73,0.45,0.39,2024-09-19,1341,N,VIIRS,n,2,295.72,6.01,D,0
40.79785,-7.88874,351.8,0.45,0.39,2024-09-19,1341,N,VIIRS,n,2,299.17,12.77,D,0
40.96597,-7.97552,349.03,0.45,0.39,2024-09-19,1341,N,VIIRS,n,2,300.52,14.23,D,0
40.95872,-8.00582,339.74,0.45,0.39,2024-09-19,1341,N,VIIRS,n,2,299.55,4.39,D,0
40.96115,-7.98533,343.08,0.45,0.39,2024-09-19,1341,N,VIIRS,n,2,306.32,8.81,D,0
40.96244,-7.97444,345.31,0.45,0.39,2024-09-19,1341,N,VIIRS,n,2,305.6,10.78,D,0
40.9552,-8.00474,344.84,0.45,0.39,2024-09-19,1341,N,VIIRS,n,2,302.01,4.39,D,0
40.95763,-7.98424,351.88,0.45,0.39,2024-09-19,1341,N,VIIRS,n,2,306.9,8.81,D,0
40.95827,-7.97879,331.36,0.45,0.39,2024-09-19,1341,N,VIIRS,l,2,304.38,10.78,D,0
40.95893,-7.97321,332.95,0.45,0.39,2024-09-19,1341,N,VIIRS,n,2,298.1,10.78,D,0
40.95225,-7.99883,333.48,0.45,0.39,2024-09-19,1341,N,VIIRS,n,2,302.72,4.55,D,0
40.95285,-7.99375,342.8,0.45,0.39,2024-09-19,1341,N,VIIRS,n,2,307.27,4.55,D,0
40.95477,-7.97756,332.38,0.45,0.39,2024-09-19,1341,N,VIIRS,n,2,304.38,14.6,D,0
40.95543,-7.97193,333.36,0.45,0.39,2024-09-19,1341,N,VIIRS,n,2,300.02,14.6,D,0
40.86654,-8.11858,337.37,0.44,0.39,2024-09-19,1341,N,VIIRS,n,2,296.17,5.83,D,0
40.86715,-8.11351,337.27,0.44,0.39,2024-09-19,1341,N,VIIRS,n,2,295.89,8.59,D,0
40.8527,-8.08266,333.15,0.45,0.39,2024-09-19,1341,N,VIIRS,n,2,291.52,2.36,D,0
40.87056,-7.93328,333.93,0.45,0.39,2024-09-19,1341,N,VIIRS,n,2,297.98,6.67,D,0
40.84174,-8.11348,344.42,0.44,0.39,2024-09-19,1341,N,VIIRS,n,2,297.38,10.68,D,0
40.84499,-8.08634,330.02,0.45,0.39,2024-09-19,1341,N,VIIRS,n,2,292.86,2.35,D,0
40.84259,-7.82883,355.18,0.45,0.39,2024-09-19,1341,N,VIIRS,n,2,312.69,17.94,D,0
40.839,-7.82819,334.12,0.45,0.39,2024-09-19,1341,N,VIIRS,n,2,291.6,17.94,D,0
40.8455,-7.82759,354.29,0.45,0.39,2024-09-19,1341,N,VIIRS,n,2,299.97,28.67,D,0
40.84125,-7.83242,344.68,0.45,0.39,2024-09-19,1341,N,VIIRS,n,2,292.22,10.31,D,0
40.84192,-7.82692,353.71,0.45,0.39,2024-09-19,1341,N,VIIRS,n,2,301.99,28.67,D,0
40.81512,-8.01758,343.55,0.45,0.39,2024-09-19,1341,N,VIIRS,n,2,298.76,6.58,D,0
40.81094,-8.02201,332.26,0.45,0.39,2024-09-19,1341,N,VIIRS,n,2,296.71,6.41,D,0
40.81155,-8.01692,338.87,0.45,0.39,2024-09-19,1341,N,VIIRS,n,2,301.1,6.58,D,0
40.82475,-7.87806,334.83,0.45,0.39,2024-09-19,1341,N,VIIRS,n,2,280.37,5.53,D,0
40.8182,-7.87163,334.64,0.45,0.39,2024-09-19,1341,N,VIIRS,n,2,292.47,235.33,D,0
40.814,-7.8761,367,0.45,0.39,2024-09-19,1341,N,VIIRS,l,2,325.44,235.33,D,0
40.81213,-7.89171,335.37,0.45,0.39,2024-09-19,1341,N,VIIRS,n,2,296.9,6.41,D,0
40.81277,-7.88639,340.72,0.45,0.39,2024-09-19,1341,N,VIIRS,n,2,295.31,15.86,D,0
40.81339,-7.88124,337.3,0.45,0.39,2024-09-19,1341,N,VIIRS,n,2,294.78,15.86,D,0
40.81524,-7.86579,337.76,0.45,0.39,2024-09-19,1341,N,VIIRS,n,2,279.07,8.82,D,0
40.81105,-7.87022,367,0.45,0.39,2024-09-19,1341,N,VIIRS,l,2,334.99,101.16,D,0
40.80855,-7.89102,341.32,0.45,0.39,2024-09-19,1341,N,VIIRS,n,2,303.33,17.24,D,0
40.8098,-7.88059,354.45,0.45,0.39,2024-09-19,1341,N,VIIRS,n,2,311.39,43.62,D,0
40.81167,-7.86499,336.1,0.45,0.39,2024-09-19,1341,N,VIIRS,n,2,282.78,7.24,D,0
40.81042,-7.8754,367,0.45,0.39,2024-09-19,1341,N,VIIRS,h,2,325.89,101.16,D,0
40.79991,-7.93241,330.65,0.45,0.39,2024-09-19,1341,N,VIIRS,n,2,298.22,5.1,D,0
40.80497,-7.89036,347.97,0.45,0.39,2024-09-19,1341,N,VIIRS,n,2,300,17.24,D,0
40.80559,-7.88516,343.48,0.45,0.39,2024-09-19,1341,N,VIIRS,n,2,301.81,43.62,D,0
40.80622,-7.8799,353.95,0.45,0.39,2024-09-19,1341,N,VIIRS,n,2,297.29,43.62,D,0
40.80686,-7.8746,340.61,0.45,0.39,2024-09-19,1341,N,VIIRS,n,2,308.21,101.16,D,0
40.80749,-7.86932,337.61,0.45,0.39,2024-09-19,1341,N,VIIRS,n,2,285.66,101.16,D,0
40.63521,-8.30914,330.11,0.44,0.38,2024-09-19,1341,N,VIIRS,n,2,298.9,1.74,D,0
40.77533,-7.95466,351.54,0.45,0.39,2024-09-19,1341,N,VIIRS,n,2,301.24,18.57,D,0
40.77467,-7.9601,351.77,0.45,0.39,2024-09-19,1341,N,VIIRS,n,2,303.64,62.46,D,0
40.77215,-7.98113,336.08,0.45,0.39,2024-09-19,1341,N,VIIRS,n,2,298.93,9.26,D,0
40.77087,-7.99171,347.65,0.45,0.39,2024-09-19,1341,N,VIIRS,n,2,299.74,7.23,D,0
40.77023,-7.9971,334.49,0.45,0.39,2024-09-19,1341,N,VIIRS,n,2,298.35,7.23,D,0
40.79955,-7.90509,353.16,0.45,0.39,2024-09-19,1341,N,VIIRS,n,2,304.73,21.1,D,0
40.8014,-7.88958,352.38,0.45,0.39,2024-09-19,1341,N,VIIRS,n,2,302.72,12.77,D,0
40.80203,-7.88439,350.99,0.45,0.39,2024-09-19,1341,N,VIIRS,n,2,306.31,20.4,D,0
40.80265,-7.87912,341.15,0.45,0.39,2024-09-19,1341,N,VIIRS,n,2,296.07,20.4,D,0
40.79597,-7.90435,332.76,0.45,0.39,2024-09-19,1341,N,VIIRS,n,2,295.74,21.1,D,0
40.77887,-7.95551,348.23,0.45,0.39,2024-09-19,1341,N,VIIRS,n,2,300.93,18.57,D,0
40.77822,-7.96094,344.83,0.45,0.39,2024-09-19,1341,N,VIIRS,n,2,301.93,62.46,D,0
40.77571,-7.98187,339.69,0.45,0.39,2024-09-19,1341,N,VIIRS,n,2,298.74,9.26,D,0
40.77507,-7.98711,347.13,0.45,0.39,2024-09-19,1341,N,VIIRS,n,2,303.84,9.26,D,0
40.77441,-7.99259,341.28,0.45,0.39,2024-09-19,1341,N,VIIRS,n,2,298.5,7.23,D,0
40.7966,-7.89912,354.46,0.45,0.39,2024-09-19,1341,N,VIIRS,n,2,306.06,21.1,D,0
40.79723,-7.8939,356.61,0.45,0.39,2024-09-19,1341,N,VIIRS,n,2,301.17,12.77,D,0
41.71552,-7.88018,300.25,0.41,0.45,2024-09-20,0159,N,VIIRS,n,2,283.31,1.52,N,0
41.71133,-7.88024,313.64,0.41,0.45,2024-09-20,0159,N,VIIRS,n,2,281.79,2.63,N,0
40.68,-7.65563,335.7,0.39,0.44,2024-09-20,0159,N,VIIRS,n,2,286.09,2.27,N,0
41.55635,-8.03912,296.63,0.41,0.45,2024-09-20,0159,N,VIIRS,n,2,279.26,1.17,N,0
41.56138,-8.04776,327.44,0.41,0.45,2024-09-20,0159,N,VIIRS,n,2,284.16,1.65,N,0
41.71606,-7.8858,304.98,0.41,0.45,2024-09-20,0159,N,VIIRS,n,2,280.61,1.87,N,0
41.71186,-7.88583,346.15,0.41,0.45,2024-09-20,0159,N,VIIRS,n,2,282.2,7.78,N,0
41.55721,-8.04836,298.25,0.41,0.45,2024-09-20,0159,N,VIIRS,n,2,279.91,1.65,N,0
41.55766,-8.0533,295.3,0.41,0.45,2024-09-20,0159,N,VIIRS,n,2,281.73,1.72,N,0
41.56096,-8.04315,310.97,0.41,0.45,2024-09-20,0159,N,VIIRS,n,2,277.38,1.65,N,0
40.73079,-8.49979,298.22,0.38,0.58,2024-09-21,0140,N,VIIRS,n,2,283.7,0.91,N,0
40.72532,-8.50027,300.38,0.38,0.58,2024-09-21,0140,N,VIIRS,n,2,283.9,0.91,N,0
39.68607,-8.90752,298.03,0.41,0.61,2024-09-21,0321,N,VIIRS,n,2,285.24,0.79,N,2
39.68602,-8.90867,298.42,0.48,0.48,2024-09-22,0302,N,VIIRS,n,2,286.25,0.92,N,2
38.63046,-9.07733,299.06,0.49,0.49,2024-09-22,0302,N,VIIRS,n,2,288.78,1.06,N,2
39.68482,-8.90835,304.01,0.48,0.48,2024-09-22,0302,N,VIIRS,n,2,286.74,1.5,N,2
41.25348,-8.55534,304.34,0.44,0.38,2024-09-23,0243,N,VIIRS,n,2,284.34,0.94,N,0
39.68565,-8.90556,301.95,0.44,0.39,2024-09-23,0243,N,VIIRS,n,2,286.84,1.11,N,2
38.62713,-9.07589,300.23,0.45,0.39,2024-09-23,0244,N,VIIRS,n,2,288.31,0.74,N,2
37.87812,-7.57433,354.12,0.59,0.7,2024-09-23,1225,N,VIIRS,n,2,284.53,7.59,D,0
41.83321,-8.37193,356.92,0.57,0.52,2024-09-23,1406,N,VIIRS,n,2,290.48,19.99,D,0
41.82838,-8.37145,328.83,0.57,0.52,2024-09-23,1406,N,VIIRS,n,2,291.7,3.74,D,0
38.52638,-28.40669,334.43,0.33,0.55,2024-09-23,1406,N,VIIRS,n,2,288.2,3.96,D,0
38.62055,-9.07142,297.98,0.39,0.36,2024-09-24,0225,N,VIIRS,n,2,283.73,0.57,N,0
38.6285,-9.0787,298.64,0.39,0.36,2024-09-24,0225,N,VIIRS,n,2,286.39,0.5,N,2
40.28792,-8.41784,298.19,0.52,0.41,2024-09-28,0249,N,VIIRS,n,2,282.6,0.63,N,2
38.62965,-9.07648,297.07,0.52,0.42,2024-09-28,0250,N,VIIRS,n,2,285.38,0.68,N,2
40.28814,-8.42019,302.56,0.39,0.36,2024-09-29,0230,N,VIIRS,n,2,283.87,0.81,N,2
38.62575,-9.0797,301.75,0.39,0.36,2024-09-29,0231,N,VIIRS,n,2,284.88,0.47,N,0
38.62904,-9.07883,303.62,0.39,0.36,2024-09-29,0231,N,VIIRS,n,2,287.82,0.64,N,2
39.68656,-8.90609,296.85,0.38,0.36,2024-09-29,0231,N,VIIRS,n,2,285.05,0.63,N,2
38.62926,-9.07871,301.05,0.47,0.4,2024-09-30,0212,N,VIIRS,n,2,288.16,0.83,N,2
40.28764,-8.42153,298.23,0.46,0.39,2024-09-30,0212,N,VIIRS,n,2,285.56,0.68,N,0
41.04233,-7.92019,329.84,0.41,0.37,2024-09-30,1334,N,VIIRS,n,2,296.17,1.67,D,0
39.85286,-7.43838,344.64,0.41,0.37,2024-10-01,1315,N,VIIRS,n,2,301.97,3.1,D,0
39.85228,-7.43632,344.16,0.41,0.37,2024-10-01,1315,N,VIIRS,n,2,301.56,3.41,D,0
39.85565,-7.43731,347.8,0.41,0.37,2024-10-01,1315,N,VIIRS,n,2,302.04,3.41,D,0
40.18832,-7.45365,336.62,0.41,0.37,2024-10-01,1315,N,VIIRS,n,2,286.75,4.22,D,0
39.83935,-7.43441,342.05,0.41,0.37,2024-10-01,1315,N,VIIRS,n,2,301.62,2.83,D,0
39.84273,-7.43539,353.36,0.41,0.37,2024-10-01,1315,N,VIIRS,n,2,302.25,3.78,D,0
39.84611,-7.43638,343,0.41,0.37,2024-10-01,1315,N,VIIRS,n,2,301.42,3.78,D,0
39.85368,-7.43367,343.47,0.41,0.37,2024-10-01,1315,N,VIIRS,n,2,301.12,3.1,D,0
32.70401,-17.05252,325.68,0.55,0.43,2024-10-02,0317,N,VIIRS,n,2,291.25,5.13,N,0
32.70137,-17.0525,336.73,0.41,0.45,2024-10-02,1435,N,VIIRS,n,2,298.96,2.59,D,0
32.70721,-17.04981,323.46,0.39,0.36,2024-10-03,0258,N,VIIRS,n,2,291.83,1.91,N,0
40.36126,-7.90706,339.12,0.48,0.48,2024-10-04,1359,N,VIIRS,n,2,291.66,7.08,D,0
40.36081,-7.91267,331.01,0.48,0.48,2024-10-04,1359,N,VIIRS,n,2,291.71,7.08,D,0
40.35852,-7.90614,338.73,0.48,0.48,2024-10-04,1359,N,VIIRS,n,2,291.03,8.77,D,0
40.35805,-7.91168,337.51,0.48,0.48,2024-10-04,1359,N,VIIRS,n,2,292.31,7.27,D,0
40.28884,-8.4218,298.26,0.48,0.48,2024-10-08,0301,N,VIIRS,n,2,286.01,0.66,N,2
38.62851,-9.07882,304.58,0.39,0.36,2024-10-10,0224,N,VIIRS,n,2,281.27,0.73,N,2
39.15454,-7.73471,337.67,0.5,0.41,2024-10-10,1346,N,VIIRS,n,2,296.12,15.45,D,0
39.87292,-8.9386,303.47,0.38,0.36,2024-10-15,0230,N,VIIRS,n,2,287.13,0.59,N,0
39.68738,-8.90779,298.11,0.38,0.36,2024-10-15,0230,N,VIIRS,n,2,286.83,0.67,N,0
37.95866,-8.80434,299.89,0.39,0.36,2024-10-15,0231,N,VIIRS,n,2,289.79,0.74,N,2
37.51401,-8.03635,336.05,0.39,0.36,2024-10-16,1333,N,VIIRS,n,2,298.31,4.94,D,0
37.95787,-8.8005,300.87,0.51,0.49,2024-10-17,0153,N,VIIRS,n,2,286.73,1.61,N,2
38.6294,-9.0805,300.43,0.53,0.5,2024-10-17,0153,N,VIIRS,n,2,285.24,1.34,N,2
40.28876,-8.4212,297.91,0.4,0.44,2024-10-19,0255,N,VIIRS,n,2,283.62,0.68,N,2
39.685,-8.90797,295.49,0.4,0.37,2024-10-20,0237,N,VIIRS,n,2,285.49,0.39,N,2
37.95834,-8.8025,300.65,0.42,0.37,2024-10-20,0237,N,VIIRS,n,2,288.21,1.09,N,2
40.28987,-8.42085,299,0.41,0.37,2024-10-21,0218,N,VIIRS,n,2,286.55,0.73,N,2
39.68534,-8.90534,298.03,0.42,0.38,2024-10-21,0218,N,VIIRS,n,2,287.02,0.8,N,2
38.62944,-9.07781,317.05,0.42,0.38,2024-10-21,0218,N,VIIRS,n,2,289.04,1.93,N,2
37.7748,-7.82229,342.46,0.42,0.38,2024-10-21,1339,N,VIIRS,n,2,302.96,4.97,D,0
37.84396,-7.72771,342.39,0.43,0.38,2024-10-21,1339,N,VIIRS,n,2,301,24.79,D,0
37.84333,-7.73253,351.91,0.43,0.38,2024-10-21,1339,N,VIIRS,n,2,314.31,24.79,D,0
39.81469,-7.21739,329.47,0.46,0.39,2024-10-21,1340,N,VIIRS,n,2,297.21,1.73,D,0
38.59004,-7.59,338.31,0.44,0.38,2024-10-21,1340,N,VIIRS,n,2,299.37,2.58,D,0
38.93244,-7.07,328.98,0.46,0.39,2024-10-21,1340,N,VIIRS,n,2,297.67,3.61,D,0
38.62867,-9.07982,306.74,0.44,0.46,2024-10-22,0159,N,VIIRS,n,2,287.71,0.9,N,2
37.95547,-8.79954,296.66,0.42,0.45,2024-10-22,0159,N,VIIRS,n,2,274.02,0.84,N,2
40.28801,-8.4186,296.63,0.69,0.75,2024-10-22,0339,N,VIIRS,n,2,285.68,1.36,N,2
37.14484,-8.20947,348.67,0.42,0.37,2024-10-22,1320,N,VIIRS,n,2,300.47,5.22,D,0
37.14404,-8.21412,343.69,0.42,0.37,2024-10-22,1320,N,VIIRS,n,2,300.42,5.22,D,0
41.23482,-7.43847,335.63,0.38,0.36,2024-10-22,1321,N,VIIRS,n,2,292.26,3.33,D,0
38.21507,-7.94597,329.6,0.4,0.37,2024-10-22,1321,N,VIIRS,n,2,301.33,2.28,D,0
38.60386,-7.46779,334.67,0.39,0.36,2024-10-22,1321,N,VIIRS,n,2,300.44,1.84,D,0
38.63445,-8.97968,351.64,0.42,0.38,2024-10-22,1321,N,VIIRS,n,2,296.98,4.88,D,0
38.9174,-8.45132,351.09,0.41,0.37,2024-10-22,1321,N,VIIRS,n,2,299.07,4.25,D,0
39.53637,-7.67812,344.73,0.39,0.36,2024-10-22,1321,N,VIIRS,n,2,298.47,5.24,D,0
39.53894,-7.68355,339.28,0.39,0.36,2024-10-22,1321,N,VIIRS,n,2,297.79,2.96,D,0
39.54226,-7.68446,346.97,0.39,0.36,2024-10-22,1321,N,VIIRS,n,2,297.73,2.96,D,0
39.54152,-7.68898,340.03,0.39,0.36,2024-10-22,1321,N,VIIRS,n,2,298.42,2.96,D,0
39.54631,-7.68084,342.81,0.39,0.36,2024-10-22,1321,N,VIIRS,n,2,298.57,3.15,D,0
40.1176,-8.54007,350.44,0.4,0.37,2024-10-22,1321,N,VIIRS,n,2,295.95,4.49,D,0
40.32701,-7.98441,347.42,0.39,0.36,2024-10-22,1321,N,VIIRS,n,2,295.28,11.21,D,0
40.2563,-8.47095,344.19,0.4,0.37,2024-10-22,1321,N,VIIRS,n,2,295.66,2.66,D,0
37.95703,-8.80344,301.2,0.38,0.58,2024-10-23,0140,N,VIIRS,n,2,291.01,1.12,N,2
38.71882,-9.23276,298.14,0.4,0.6,2024-10-23,0140,N,VIIRS,n,2,288.11,0.39,N,0
38.62863,-9.07694,300.31,0.39,0.6,2024-10-23,0140,N,VIIRS,n,2,288.59,0.77,N,2
37.93318,-7.75212,302.37,0.33,0.55,2024-10-23,0140,N,VIIRS,n,2,287.02,0.44,N,0
40.28974,-8.41921,303.62,0.41,0.61,2024-10-23,0320,N,VIIRS,n,2,288.78,0.57,N,2
39.6846,-8.90538,299.06,0.41,0.6,2024-10-23,0320,N,VIIRS,n,2,288.26,0.56,N,2
38.62877,-9.07575,301.1,0.42,0.61,2024-10-23,0321,N,VIIRS,n,2,288.34,0.76,N,2
38.63198,-9.07573,299.95,0.42,0.61,2024-10-23,0321,N,VIIRS,n,2,289.19,0.87,N,2
38.91809,-7.61307,329.67,0.56,0.43,2024-10-23,1302,N,VIIRS,n,2,296.2,4.12,D,0
39.34011,-8.68364,327.61,0.41,0.45,2024-10-23,1302,N,VIIRS,n,2,296.85,2.17,D,0
40.28814,-8.42128,303.68,0.48,0.48,2024-10-24,0301,N,VIIRS,n,2,287.32,0.6,N,2
38.62834,-9.07498,301.75,0.49,0.48,2024-10-24,0302,N,VIIRS,n,2,288.29,0.98,N,0
39.68601,-8.90594,296.81,0.39,0.36,2024-10-26,0224,N,VIIRS,n,2,282.87,0.8,N,2
37.95952,-8.80389,298.16,0.39,0.36,2024-10-26,0225,N,VIIRS,n,2,287.24,0.85,N,2
38.62813,-9.07799,299.56,0.55,0.43,2024-10-27,0206,N,VIIRS,n,2,284.83,0.75,N,2
37.87986,-8.17488,349.44,0.39,0.36,2024-10-27,1327,N,VIIRS,n,2,293.69,4.56,D,0
38.63073,-9.07856,301.27,0.32,0.55,2024-10-28,0147,N,VIIRS,n,2,284.41,0.4,N,2
41.19603,-7.00356,335.31,0.43,0.38,2024-10-28,1309,N,VIIRS,n,2,290.03,2.25,D,0
39.29055,-8.81147,298.54,0.52,0.41,2024-10-30,0249,N,VIIRS,n,2,280.3,0.81,N,0
38.631,-9.07865,296.62,0.47,0.4,2024-11-01,0212,N,VIIRS,n,2,285.25,0.63,N,2
39.15274,-7.58663,337.39,0.42,0.38,2024-11-02,1315,N,VIIRS,n,2,292.75,3,D,0
39.20633,-8.80513,337.09,0.46,0.39,2024-11-02,1315,N,VIIRS,n,2,293.32,5.82,D,0
39.35897,-8.65659,336.65,0.45,0.39,2024-11-02,1315,N,VIIRS,n,2,293.42,3.02,D,0
38.62788,-9.07871,295.39,0.44,0.46,2024-11-07,0159,N,VIIRS,n,2,284.33,0.51,N,2
37.76519,-8.56979,303.56,0.4,0.45,2024-11-07,0200,N,VIIRS,n,2,281.15,0.39,N,0
37.14899,-8.70731,339.33,0.43,0.38,2024-11-07,1320,N,VIIRS,n,2,290.55,4.13,D,0
37.15331,-8.70345,345.08,0.43,0.38,2024-11-07,1320,N,VIIRS,n,2,293.07,4.13,D,0
37.14986,-8.70252,339.45,0.43,0.38,2024-11-07,1320,N,VIIRS,n,2,293,4.13,D,0
37.92532,-7.51901,342.59,0.39,0.44,2024-11-08,1302,N,VIIRS,n,2,286.39,6.06,D,0
37.92441,-7.52336,341.91,0.39,0.44,2024-11-08,1302,N,VIIRS,n,2,287.02,6.06,D,0
38.62865,-9.0769,310.23,0.45,0.39,2024-11-10,0243,N,VIIRS,n,2,286.1,1.28,N,2
38.77223,-7.23499,335.93,0.6,0.53,2024-11-10,1405,N,VIIRS,n,2,289,3.57,D,0
38.62993,-9.07836,306.54,0.39,0.36,2024-11-11,0224,N,VIIRS,n,2,288.68,0.74,N,2
37.95847,-8.80394,299.59,0.39,0.36,2024-11-11,0225,N,VIIRS,n,2,288.64,0.86,N,2
41.54621,-7.41388,337.97,0.76,0.77,2024-11-11,1207,N,VIIRS,n,2,284.6,13.18,D,0
41.54362,-7.41238,352.55,0.76,0.77,2024-11-11,1207,N,VIIRS,n,2,285.88,8.65,D,0
39.72498,-8.53666,332.93,0.47,0.4,2024-11-11,1346,N,VIIRS,n,2,294.31,4.19,D,0
37.38955,-8.75578,330.51,0.44,0.38,2024-11-11,1346,N,VIIRS,n,2,296.24,4.55,D,0
38.63014,-9.08025,302.81,0.55,0.43,2024-11-12,0206,N,VIIRS,n,2,286.48,0.87,N,2
37.58118,-8.7372,332.47,0.39,0.36,2024-11-12,1327,N,VIIRS,n,2,295.58,2.91,D,0
38.75917,-7.44695,328.84,0.38,0.36,2024-11-12,1327,N,VIIRS,n,2,290.88,1.79,D,0
38.73085,-7.4081,329.49,0.38,0.36,2024-11-12,1327,N,VIIRS,n,2,289.93,2.25,D,0
38.45493,-8.61415,330.97,0.39,0.36,2024-11-12,1327,N,VIIRS,n,2,293.51,2.8,D,0
38.16092,-7.74236,341.22,0.38,0.36,2024-11-12,1327,N,VIIRS,n,2,296.66,5.24,D,0
38.15763,-7.74154,344.63,0.38,0.36,2024-11-12,1327,N,VIIRS,n,2,294.85,3.63,D,0
37.90662,-8.66159,330.9,0.39,0.36,2024-11-12,1327,N,VIIRS,n,2,296.41,3.43,D,0
37.99178,-7.71495,341.21,0.38,0.36,2024-11-12,1327,N,VIIRS,n,2,296,3.15,D,0
37.113,-7.71053,331.93,0.39,0.36,2024-11-12,1327,N,VIIRS,n,2,294.5,1.94,D,0
41.29137,-7.92863,348.28,0.39,0.36,2024-11-12,1328,N,VIIRS,n,2,285.41,6,D,0
41.42853,-7.88933,330.52,0.39,0.36,2024-11-12,1328,N,VIIRS,n,2,284.99,4.47,D,0
41.29204,-7.9241,328.65,0.39,0.36,2024-11-12,1328,N,VIIRS,n,2,282.37,3.36,D,0
41.19485,-8.38132,319.35,0.63,0.54,2024-11-13,0146,N,VIIRS,n,2,278.34,2.06,N,0
38.62859,-9.07705,306.19,0.32,0.55,2024-11-13,0147,N,VIIRS,n,2,284.29,0.59,N,2
40.29034,-8.41903,295.54,0.49,0.65,2024-11-13,0326,N,VIIRS,n,2,281.61,0.54,N,2
38.06975,-7.99234,332.85,0.52,0.41,2024-11-13,1308,N,VIIRS,n,2,292.53,4.22,D,0
37.99205,-7.84994,343.75,0.51,0.41,2024-11-13,1308,N,VIIRS,n,2,291.35,4.38,D,0
37.97304,-8.10306,335.15,0.52,0.42,2024-11-13,1308,N,VIIRS,n,2,295.58,6.97,D,0
37.9768,-8.10428,334.85,0.52,0.42,2024-11-13,1308,N,VIIRS,n,2,293.46,5.22,D,0
39.68625,-8.90291,297.1,0.56,0.52,2024-11-14,0308,N,VIIRS,n,2,280.29,0.67,N,2
38.92123,-9.00603,298.88,0.58,0.52,2024-11-14,0308,N,VIIRS,n,2,283.14,1.31,N,3
39.68557,-8.90865,299.19,0.5,0.41,2024-11-15,0249,N,VIIRS,n,2,284.6,0.85,N,2
38.62867,-9.07679,300.42,0.51,0.41,2024-11-15,0249,N,VIIRS,n,2,285.51,0.63,N,2
40.28765,-8.41963,300.19,0.51,0.41,2024-11-15,0249,N,VIIRS,n,2,284.69,0.77,N,2
39.68527,-8.9059,295.84,0.48,0.4,2024-11-17,0211,N,VIIRS,n,2,285.21,0.6,N,2
37.97665,-8.83068,308.44,0.51,0.49,2024-11-18,0153,N,VIIRS,n,2,282.62,1.38,N,0
37.97609,-8.82841,306.12,0.51,0.49,2024-11-18,0153,N,VIIRS,n,2,283,1.06,N,0
37.99881,-8.5536,330.11,0.47,0.4,2024-11-18,1314,N,VIIRS,n,2,291.36,2.81,D,0
38.30056,-8.76929,302.74,0.37,0.58,2024-11-19,0314,N,VIIRS,n,2,282.42,1.3,N,0
38.29903,-8.77205,314.43,0.37,0.58,2024-11-19,0314,N,VIIRS,n,2,282.24,1.22,N,0
39.68739,-8.90534,296.79,0.39,0.44,2024-11-20,0255,N,VIIRS,n,2,284.09,0.8,N,0
37.16608,-8.57758,344.27,0.36,0.58,2024-11-20,1417,N,VIIRS,n,2,289.71,4.09,D,0
37.16939,-8.57433,327.42,0.36,0.58,2024-11-20,1417,N,VIIRS,n,2,290.18,3.05,D,0
37.16401,-8.57374,327.85,0.36,0.58,2024-11-20,1417,N,VIIRS,n,2,288.42,2.18,D,0
37.16631,-8.57348,327.48,0.37,0.58,2024-11-20,1417,N,VIIRS,n,2,289.72,4.85,D,0
39.17634,-9.28618,296.49,0.43,0.38,2024-11-22,0218,N,VIIRS,n,2,285.12,0.33,N,0
37.66786,-8.78564,338.9,0.4,0.37,2024-11-22,1339,N,VIIRS,n,2,293.21,3.57,D,0
37.67185,-8.78186,332.89,0.4,0.37,2024-11-22,1339,N,VIIRS,n,2,293.08,3.68,D,0
40.28921,-8.41876,296.06,0.43,0.46,2024-11-23,0159,N,VIIRS,n,2,283.21,0.4,N,2
37.95784,-8.80322,297.13,0.42,0.45,2024-11-23,0159,N,VIIRS,n,2,285.52,1.07,N,2
38.49283,-7.84634,326.82,0.4,0.37,2024-11-23,1321,N,VIIRS,n,2,282.07,2.12,D,0
42.06108,-8.22418,313.35,0.38,0.59,2024-11-24,0139,N,VIIRS,n,2,274.09,1.04,N,0
42.06086,-8.22612,325.67,0.38,0.59,2024-11-24,0139,N,VIIRS,n,2,274.98,2.14,N,0
42.06134,-8.23035,301.14,0.38,0.59,2024-11-24,0139,N,VIIRS,n,2,272.46,1.22,N,0
40.28908,-8.41684,297.47,0.41,0.61,2024-11-24,0320,N,VIIRS,n,2,279,0.48,N,0
42.06319,-8.22431,295.68,0.38,0.58,2024-11-24,0320,N,VIIRS,n,2,279.64,0.9,N,0
37.1169,-8.5158,326.13,0.4,0.6,2024-11-25,1243,N,VIIRS,n,2,287.98,2.33,D,0
38.13492,-7.67487,327.46,0.34,0.56,2024-11-25,1243,N,VIIRS,n,2,289.06,1.31,D,0
40.2892,-8.42016,299.82,0.39,0.36,2024-11-27,0224,N,VIIRS,n,2,280.04,0.9,N,2
37.95887,-8.80375,298.29,0.39,0.36,2024-11-27,0225,N,VIIRS,n,2,286.67,1.34,N,2
38.3967,-8.43565,338.74,0.46,0.39,2024-11-27,1346,N,VIIRS,n,2,292.38,8.23,D,0
38.07993,-8.07458,329.15,0.47,0.4,2024-11-27,1346,N,VIIRS,n,2,290.96,2.92,D,0
38.39308,-8.435,330.74,0.46,0.39,2024-11-27,1346,N,VIIRS,n,2,289.49,2.61,D,0
37.82814,-7.41769,326,0.38,0.36,2024-11-28,1327,N,VIIRS,n,2,287.68,1.2,D,0
38.59339,-7.40454,337.67,0.38,0.36,2024-11-28,1327,N,VIIRS,n,2,290.09,3.79,D,0
41.93495,-8.66679,331.52,0.38,0.36,2024-11-28,1328,N,VIIRS,n,2,289.3,2.38,D,0
40.78436,-8.39528,331.99,0.38,0.36,2024-11-28,1328,N,VIIRS,n,2,291.78,3.24,D,0
42.0559,-8.22904,297.19,0.55,0.68,2024-11-30,0127,N,VIIRS,n,2,276.01,1.9,N,0
40.28744,-8.41857,305.73,0.39,0.36,2024-12-02,0231,N,VIIRS,n,2,283.58,0.56,N,2
39.68512,-8.90673,300.36,0.38,0.36,2024-12-02,0231,N,VIIRS,n,2,285.16,0.71,N,2
40.81574,-8.44052,332.27,0.38,0.43,2024-12-02,1353,N,VIIRS,n,2,287.36,3.34,D,0
40.28796,-8.41868,295.79,0.46,0.39,2024-12-03,0212,N,VIIRS,n,2,283.44,0.44,N,2
37.57796,-8.75123,336.7,0.38,0.36,2024-12-03,1334,N,VIIRS,n,2,290.67,2.51,D,0
38.97722,-7.98022,326.37,0.39,0.37,2024-12-03,1334,N,VIIRS,n,2,281.29,2.13,D,0
38.1165,-7.47664,337.37,0.4,0.37,2024-12-03,1334,N,VIIRS,n,2,289.31,3.15,D,0
37.58011,-8.74889,329.97,0.48,0.4,2024-12-04,1315,N,VIIRS,n,2,293.2,13.11,D,0
37.78641,-25.58911,329.02,0.39,0.36,2024-12-05,1437,N,VIIRS,n,2,286.86,2.29,D,0
40.16171,-7.20877,298.23,0.39,0.36,2024-12-08,0218,N,VIIRS,n,2,277.64,0.39,N,0
40.2883,-8.42132,296.31,0.41,0.37,2024-12-08,0218,N,VIIRS,n,2,279.75,0.41,N,2
39.0687,-7.61779,302.28,0.39,0.36,2024-12-08,0219,N,VIIRS,n,2,277.15,0.68,N,0
39.07202,-7.61699,302.98,0.39,0.36,2024-12-08,0219,N,VIIRS,n,2,277.72,0.68,N,0
38.96053,-9.30668,328.28,0.42,0.38,2024-12-09,1322,N,VIIRS,n,2,285.91,3.88,D,0
38.95862,-9.29779,330.06,0.44,0.46,2024-12-10,1303,N,VIIRS,n,2,284.09,9.77,D,0
41.23401,-7.92073,330.83,0.52,0.41,2024-12-10,1303,N,VIIRS,n,2,281.62,11.7,D,0
39.72879,-8.54317,337.75,0.39,0.44,2024-12-10,1303,N,VIIRS,n,2,288.31,4.83,D,0
38.95753,-9.30264,331.53,0.44,0.46,2024-12-10,1303,N,VIIRS,n,2,287.97,10.1,D,0
39.04027,-8.994,336.65,0.37,0.58,2024-12-11,1244,N,VIIRS,n,2,284.93,4.12,D,0
38.08168,-8.78863,336.28,0.38,0.59,2024-12-11,1244,N,VIIRS,n,2,287.53,3.59,D,0
38.08282,-8.78434,344.93,0.38,0.59,2024-12-11,1244,N,VIIRS,n,2,287.86,5.83,D,0
38.94017,-8.46152,330.05,0.35,0.57,2024-12-11,1244,N,VIIRS,n,2,285.1,1.85,D,0
37.95166,-8.7977,307.48,0.47,0.4,2024-12-12,0244,N,VIIRS,n,2,279.22,1.59,N,2
37.95238,-8.79983,296.32,0.47,0.4,2024-12-12,0244,N,VIIRS,n,2,278.63,1.92,N,2
41.72776,-7.01234,343.22,0.43,0.62,2024-12-12,1226,N,VIIRS,n,2,279.51,6.73,D,0
40.61529,-8.13542,333.05,0.52,0.67,2024-12-12,1226,N,VIIRS,n,2,278.68,3.47,D,0
40.61607,-8.13368,340.51,0.52,0.67,2024-12-12,1226,N,VIIRS,n,2,279.7,5.59,D,0
37.95169,-8.79635,303.31,0.38,0.36,2024-12-13,0225,N,VIIRS,n,2,278.96,1.44,N,2
37.95961,-8.80344,295.27,0.38,0.36,2024-12-13,0225,N,VIIRS,n,2,283.85,1.12,N,2
38.9557,-7.78189,348.39,0.5,0.41,2024-12-13,1347,N,VIIRS,n,2,286.95,8.55,D,0
41.66237,-7.78669,342.45,0.39,0.36,2024-12-14,1329,N,VIIRS,n,2,283.37,4.49,D,0
40.29024,-8.41917,295.6,0.5,0.66,2024-12-15,0327,N,VIIRS,n,2,280.01,0.64,N,2
41.92909,-8.49854,327.29,0.46,0.39,2024-12-15,1310,N,VIIRS,n,2,279.92,2.3,D,0
41.0939,-8.53166,295,0.55,0.68,2024-12-16,0128,N,VIIRS,n,2,279.13,0.64,N,0
41.95172,-8.41784,298.01,0.55,0.68,2024-12-16,0128,N,VIIRS,n,2,267.91,0.97,N,0
41.95809,-8.41555,297.55,0.55,0.68,2024-12-16,0128,N,VIIRS,n,2,271.29,0.97,N,0
40.28788,-8.42137,296.22,0.59,0.52,2024-12-16,0309,N,VIIRS,n,2,279.71,0.74,N,2
37.95818,-8.80172,296.63,0.32,0.55,2024-12-16,0309,N,VIIRS,n,2,284.29,0.88,N,2
42.06691,-8.22803,325.31,0.47,0.48,2024-12-16,1251,N,VIIRS,n,2,275.4,1.75,D,0
38.48558,-28.51747,298,0.35,0.56,2024-12-17,0431,N,VIIRS,n,2,282.1,0.49,N,0
41.22157,-6.75195,325.11,0.42,0.61,2024-12-17,1413,N,VIIRS,n,2,280.41,2.32,D,0
41.7494,-8.32479,338.41,0.35,0.57,2024-12-17,1413,N,VIIRS,n,2,285.85,3.17,D,0
38.62939,-9.07931,302.12,0.39,0.36,2024-12-18,0232,N,VIIRS,n,2,283.07,0.94,N,2
38.48587,-28.51647,298.2,0.4,0.37,2024-12-19,0354,N,VIIRS,n,2,281.94,0.48,N,0
38.5685,-8.51856,329.69,0.39,0.36,2024-12-19,1334,N,VIIRS,n,2,289.5,2.35,D,0
39.48252,-7.71827,326.09,0.4,0.37,2024-12-19,1335,N,VIIRS,n,2,285.68,1.39,D,0
38.63022,-9.07675,301.93,0.52,0.5,2024-12-20,0154,N,VIIRS,n,2,281.94,0.85,N,2
38.62832,-9.07703,301.58,0.52,0.5,2024-12-20,0154,N,VIIRS,n,2,282,1.11,N,2
38.34733,-7.35111,340.5,0.42,0.38,2024-12-20,1315,N,VIIRS,n,2,287.61,5.02,D,0
38.10249,-7.49569,341.37,0.42,0.38,2024-12-20,1315,N,VIIRS,n,2,288.72,5.06,D,0
39.11373,-8.82858,328.41,0.46,0.39,2024-12-20,1316,N,VIIRS,n,2,287.25,3.01,D,0
38.63026,-9.07527,297.22,0.41,0.45,2024-12-22,0257,N,VIIRS,n,2,279.36,0.57,N,0
38.16276,-8.67112,306.72,0.44,0.46,2024-12-22,0257,N,VIIRS,n,2,278.97,1.05,N,0
38.16334,-8.6672,311.79,0.44,0.46,2024-12-22,0257,N,VIIRS,n,2,279.07,1.34,N,0
37.95803,-8.80273,295.45,0.42,0.38,2024-12-23,0238,N,VIIRS,n,2,284.51,0.78,N,2
40.16751,-7.16994,308.88,0.39,0.36,2024-12-24,0219,N,VIIRS,n,2,277.16,0.95,N,0
37.95852,-8.80445,295.92,0.4,0.37,2024-12-24,0219,N,VIIRS,n,2,285.12,1.25,N,2
38.44717,-8.41468,330.74,0.42,0.37,2024-12-24,1341,N,VIIRS,n,2,289.85,2.74,D,0
40.69917,-7.26245,328.22,0.48,0.4,2024-12-24,1341,N,VIIRS,n,2,284.64,2.11,D,0
40.26669,-7.51119,296.11,0.56,0.43,2024-12-25,0200,N,VIIRS,n,2,276.62,0.85,N,0
41.33976,-6.7201,298.62,0.53,0.42,2024-12-25,0200,N,VIIRS,n,2,275.82,0.79,N,0
41.3359,-6.72089,296.79,0.53,0.42,2024-12-25,0200,N,VIIRS,n,2,276.08,0.9,N,0
40.98879,-8.08269,296.85,0.41,0.45,2024-12-25,0200,N,VIIRS,n,2,277.44,0.75,N,0
40.98471,-8.08382,305.81,0.41,0.45,2024-12-25,0200,N,VIIRS,n,2,278.36,0.75,N,0
40.73397,-7.45605,297.42,0.57,0.43,2024-12-25,0200,N,VIIRS,n,2,278.35,1,N,0
40.74824,-7.72451,295.46,0.39,0.44,2024-12-25,0200,N,VIIRS,n,2,278.43,0.84,N,0
40.6627,-7.56535,299.94,0.57,0.43,2024-12-25,0200,N,VIIRS,n,2,277.91,0.32,N,0
40.3382,-7.40543,301.35,0.56,0.43,2024-12-25,0200,N,VIIRS,n,2,275.64,0.93,N,0
40.31514,-7.45629,298.59,0.56,0.43,2024-12-25,0200,N,VIIRS,n,2,276.27,0.36,N,0
40.31119,-7.45715,295.82,0.56,0.43,2024-12-25,0200,N,VIIRS,n,2,276.14,0.41,N,0
40.3135,-7.45625,309.91,0.56,0.43,2024-12-25,0200,N,VIIRS,n,2,276.68,1.49,N,0
39.99813,-7.56648,298.65,0.56,0.43,2024-12-25,0200,N,VIIRS,n,2,280.51,0.9,N,0
40.00037,-7.56713,295.16,0.56,0.43,2024-12-25,0200,N,VIIRS,n,2,280.47,0.9,N,0
39.97936,-8.75375,305.17,0.43,0.46,2024-12-25,0200,N,VIIRS,n,2,278.79,0.82,N,0
39.61163,-8.60489,295.54,0.42,0.45,2024-12-25,0200,N,VIIRS,n,2,272.02,0.44,N,0
41.97503,-8.30154,295.9,0.65,0.73,2024-12-27,0121,N,VIIRS,n,2,276.46,1.25,N,0
41.97502,-8.29828,297.57,0.65,0.73,2024-12-27,0121,N,VIIRS,n,2,276.71,1.06,N,0
38.45262,-7.79375,329.92,0.33,0.55,2024-12-27,1244,N,VIIRS,n,2,287.04,1.74,D,0
41.00272,-7.98566,338.81,0.58,0.52,2024-12-27,1245,N,VIIRS,n,2,283.32,13.75,D,0
40.99602,-7.98661,336.56,0.53,0.67,2024-12-27,1426,N,VIIRS,n,2,281.82,7.2,D,0
41.52575,-8.04401,339.36,0.53,0.67,2024-12-27,1426,N,VIIRS,n,2,285.14,5.66,D,0
38.28241,-7.93059,296.29,0.51,0.41,2024-12-28,0244,N,VIIRS,n,2,277.93,0.59,N,0
38.117,-7.67836,330.48,0.5,0.41,2024-12-29,1347,N,VIIRS,n,2,291.48,4.71,D,0
38.25602,-8.60277,331.41,0.39,0.36,2024-12-30,1328,N,VIIRS,n,2,290.09,2.32,D,0
38.39591,-8.05417,326.88,0.5,0.41,2024-12-31,1309,N,VIIRS,n,2,281.94,3.21,D,0
38.39691,-8.05086,327.79,0.5,0.41,2024-12-31,1309,N,VIIRS,n,2,283.42,2.22,D,0
40.02865,-7.51465,328.51,0.45,0.39,2024-12-31,1310,N,VIIRS,n,2,285.56,4.03,D,0
40.02769,-7.51981,328.51,0.45,0.39,2024-12-31,1310,N,VIIRS,n,2,285.78,2.71,D,0
